2025-06-22 00:12:20,868 [INFO] LogOutputStream:77 - [STDOUT_REDIRECT] 
2025-06-22 00:12:25,574 [INFO] ProjectBuilder:5097 - Time for Generating toolchain IDE Files: 6119mS.
2025-06-22 00:12:25,576 [INFO] ProjectBuilder:3107 - Time for Copy CMSIS : 2mS.
2025-06-22 00:12:25,580 [INFO] ProjectBuilder:3107 - Time for Copy CMSIS : 0mS.
2025-06-22 00:12:27,711 [INFO] McuFinderGlobals:76 - Set McuFinderConnectedMode to true
2025-06-22 00:12:27,719 [INFO] ApiDb:448 - Save user favorites file C:\Users\nisha/.stm32cubeide/favorites.mcus.txt: 0 item(s)
2025-06-22 00:12:27,719 [INFO] ApiDb:452 - User favorites MCUs=[]
2025-06-22 00:12:27,723 [INFO] ApiDb:448 - Save user favorites file C:\Users\nisha/.stm32cubeide/favorites.boards.txt: 1 item(s)
2025-06-22 00:12:27,723 [INFO] ApiDb:452 - User favorites Boards=[STM32F407G-DISC1]
2025-06-22 00:29:58,523 [INFO] MainUpdater:2873 - connection check result : 10
2025-06-22 00:29:58,524 [INFO] MainUpdater:2873 - connection check result : 10
2025-06-22 00:29:59,321 [INFO] MicroXplorer:468 - Change Database Path : 
2025-06-22 00:29:59,321 [INFO] MicroXplorer:498 - Change Database Version : DB.6.0.120
2025-06-22 00:29:59,347 [ERROR] ProjectManagerView:394 - 
java.lang.NullPointerException: Cannot invoke "javax.swing.JTextField.getText()" because the return value of "java.util.List.get(int)" is null
	at com.st.microxplorer.plugins.projectmanager.gui.ProjectChoiceTab$10.caretUpdate(ProjectChoiceTab.java:2622) ~[filemanager.jar:?]
	at javax.swing.text.JTextComponent.fireCaretUpdate(JTextComponent.java:412) ~[?:?]
	at javax.swing.text.JTextComponent$MutableCaretEvent.fire(JTextComponent.java:4491) ~[?:?]
	at javax.swing.text.JTextComponent$MutableCaretEvent.stateChanged(JTextComponent.java:4513) ~[?:?]
	at javax.swing.text.DefaultCaret.fireStateChanged(DefaultCaret.java:842) ~[?:?]
	at javax.swing.text.DefaultCaret.changeCaretPosition(DefaultCaret.java:1313) ~[?:?]
	at javax.swing.text.DefaultCaret.handleSetDot(DefaultCaret.java:1212) ~[?:?]
	at javax.swing.text.DefaultCaret.setDot(DefaultCaret.java:1193) ~[?:?]
	at javax.swing.text.DefaultCaret$Handler.insertUpdate(DefaultCaret.java:1789) ~[?:?]
	at javax.swing.text.AbstractDocument.fireInsertUpdate(AbstractDocument.java:226) ~[?:?]
	at javax.swing.text.AbstractDocument.handleInsertString(AbstractDocument.java:780) ~[?:?]
	at javax.swing.text.AbstractDocument.insertString(AbstractDocument.java:739) ~[?:?]
	at javax.swing.text.PlainDocument.insertString(PlainDocument.java:131) ~[?:?]
	at javax.swing.text.AbstractDocument.replace(AbstractDocument.java:698) ~[?:?]
	at javax.swing.text.JTextComponent.setText(JTextComponent.java:1729) ~[?:?]
	at com.st.microxplorer.plugins.projectmanager.gui.ProjectChoiceTab.createHeapStackFields(ProjectChoiceTab.java:972) ~[filemanager.jar:?]
	at com.st.microxplorer.plugins.projectmanager.gui.ProjectChoiceTab.buildLinkSettingsPanel(ProjectChoiceTab.java:3597) ~[filemanager.jar:?]
	at com.st.microxplorer.plugins.projectmanager.gui.ProjectChoiceTab.defineWindowsFields(ProjectChoiceTab.java:1940) ~[filemanager.jar:?]
	at com.st.microxplorer.plugins.projectmanager.gui.ProjectChoiceTab.updateSettings(ProjectChoiceTab.java:550) ~[filemanager.jar:?]
	at com.st.microxplorer.plugins.projectmanager.gui.ProjectSettingsPanel.UpdateDialog(ProjectSettingsPanel.java:245) ~[filemanager.jar:?]
	at com.st.microxplorer.plugins.projectmanager.ProjectManagerView.propertyChange(ProjectManagerView.java:391) ~[filemanager.jar:?]
	at java.beans.PropertyChangeSupport.fire(PropertyChangeSupport.java:343) ~[?:?]
	at java.beans.PropertyChangeSupport.firePropertyChange(PropertyChangeSupport.java:335) ~[?:?]
	at java.beans.PropertyChangeSupport.firePropertyChange(PropertyChangeSupport.java:268) ~[?:?]
	at com.st.microxplorer.util.MXPropertyChangeSupport.firePropertyChange(MXPropertyChangeSupport.java:54) ~[STM32CubeMX.jar:?]
	at com.st.microxplorer.mxsystem.MxSystem.closeConfig(MxSystem.java:900) ~[STM32CubeMX.jar:?]
	at com.st.microxplorer.maingui.MainPanel.closeConfig(MainPanel.java:781) ~[STM32CubeMX.jar:?]
	at com.st.microxplorer.plugins.filemanager.engine.OpenFileManager.loadConfigurationFile(OpenFileManager.java:265) ~[filemanager.jar:?]
	at com.st.microxplorer.plugins.filemanager.engine.MainFileManager.userLoadConfig(MainFileManager.java:352) ~[filemanager.jar:?]
	at com.st.microxplorer.plugins.filemanager.engine.MainFileManager.userLoadConfig(MainFileManager.java:330) ~[filemanager.jar:?]
	at com.st.microxplorer.plugins.filemanager.FileManagerView.getSpecificTask(FileManagerView.java:246) ~[filemanager.jar:?]
	at com.st.stm32cube.common.mx.editor.CubeMxEditor.getMxTabbedPaneInstance(CubeMxEditor.java:1198) ~[com.st.stm32cube.common.mx_6.12.0.202406281431/:?]
	at com.st.stm32cube.common.mx.editor.CubeMxEditor$12$1.createSwingComponent(CubeMxEditor.java:1068) ~[com.st.stm32cube.common.mx_6.12.0.202406281431/:?]
	at com.st.stm32cube.common.mx.oss.core.awtswtbridge.EmbeddedSwingComposite.doComponentCreation(EmbeddedSwingComposite.java:492) ~[com.st.stm32cube.common.mx.oss_6.12.0.202406281431/:?]
	at com.st.stm32cube.common.mx.oss.core.awtswtbridge.EmbeddedSwingComposite$4.run(EmbeddedSwingComposite.java:291) ~[com.st.stm32cube.common.mx.oss_6.12.0.202406281431/:?]
	at com.st.stm32cube.common.mx.oss.core.awtswtbridge.AwtEnvironment$2.run(AwtEnvironment.java:166) ~[com.st.stm32cube.common.mx.oss_6.12.0.202406281431/:?]
	at java.awt.event.InvocationEvent.dispatch(InvocationEvent.java:318) ~[?:?]
	at java.awt.EventQueue.dispatchEventImpl(EventQueue.java:773) ~[?:?]
	at java.awt.EventQueue$4.run(EventQueue.java:720) ~[?:?]
	at java.awt.EventQueue$4.run(EventQueue.java:714) ~[?:?]
	at java.security.AccessController.doPrivileged(AccessController.java:399) ~[?:?]
	at java.security.ProtectionDomain$JavaSecurityAccessImpl.doIntersectionPrivilege(ProtectionDomain.java:86) ~[?:?]
	at java.awt.EventQueue.dispatchEvent(EventQueue.java:742) ~[?:?]
	at java.awt.EventDispatchThread.pumpOneEventForFilters(EventDispatchThread.java:203) ~[?:?]
	at java.awt.EventDispatchThread.pumpEventsForFilter(EventDispatchThread.java:124) ~[?:?]
	at java.awt.EventDispatchThread.pumpEventsForHierarchy(EventDispatchThread.java:113) ~[?:?]
	at java.awt.EventDispatchThread.pumpEvents(EventDispatchThread.java:109) ~[?:?]
	at java.awt.EventDispatchThread.pumpEvents(EventDispatchThread.java:101) ~[?:?]
	at java.awt.EventDispatchThread.run(EventDispatchThread.java:90) ~[?:?]
2025-06-22 00:29:59,367 [WARN] ThirdParty:871 - waiting for thirdparty lock release [close project]
2025-06-22 00:29:59,367 [INFO] ThirdParty:873 - entering critical section [close project]
2025-06-22 00:29:59,367 [INFO] ThirdParty:883 - exiting critical section [close project]
2025-06-22 00:29:59,369 [INFO] PinOutPanel:1561 - setPackage(No Configuration,No Configuration)
2025-06-22 00:29:59,393 [WARN] IpParametersView:151 - Warning: This peripheral hasn't parameters
2025-06-22 00:29:59,412 [WARN] MainPanel:284 - <html><b><center>Warning: This peripheral has no parameters to be configured<br></b></html>
2025-06-22 00:29:59,431 [INFO] UtilMem:75 - Begin LoadConfig() Used Memory: 779439224 Bytes (1073741824)
2025-06-22 00:29:59,432 [INFO] MicroXplorer:468 - Change Database Path : 
2025-06-22 00:29:59,432 [INFO] MicroXplorer:498 - Change Database Version : DB.6.0.120
2025-06-22 00:29:59,433 [INFO] OpenFileManager:332 - Change cursor
2025-06-22 00:29:59,451 [INFO] RulesReader:64 - Compatibility file has been processed (297 Rules)
2025-06-22 00:29:59,461 [INFO] Mcu:2032 - Initializing MCU STM32F407V(E-G)Tx STM32F407VGTx STM32F407VGT6
2025-06-22 00:30:01,071 [INFO] Context:742 - Trying to add GPIOservice into a context  which must be forbidden
2025-06-22 00:30:01,604 [INFO] RtosManager:555 - Registered RTOS mode: class=CMSIS, group=RTOS, mode=CMSIS_V1, owner=FREERTOS
2025-06-22 00:30:01,604 [INFO] RtosManager:555 - Registered RTOS mode: class=CMSIS, group=RTOS2, mode=CMSIS_V2, owner=FREERTOS
2025-06-22 00:30:01,604 [INFO] RtosManager:555 - Registered RTOS mode: class=RTOS, group=Core, mode=CMSIS_V1, owner=FREERTOS
2025-06-22 00:30:01,604 [INFO] RtosManager:555 - Registered RTOS mode: class=RTOS, group=Core, mode=CMSIS_V2, owner=FREERTOS
2025-06-22 00:30:01,604 [WARN] ModelIntegratedComponent:184 - Missing modes for component STMicroelectronics:FreeRTOS:0.0.1:STMicroelectronics:RTOS:FreeRTOS:Core:::10.2.0:
2025-06-22 00:30:01,624 [WARN] ModelIntegratedComponent:63 - No mode defined for component null
2025-06-22 00:30:01,624 [WARN] ModelIntegratedComponent:63 - No mode defined for component null
2025-06-22 00:30:01,624 [WARN] ModelIntegratedComponent:63 - No mode defined for component null
2025-06-22 00:30:01,624 [WARN] ModelIntegratedComponent:63 - No mode defined for component null
2025-06-22 00:30:01,624 [WARN] ModelIntegratedComponent:63 - No mode defined for component null
2025-06-22 00:30:01,624 [WARN] ModelIntegratedComponent:63 - No mode defined for component null
2025-06-22 00:30:01,624 [WARN] ModelIntegratedComponent:63 - No mode defined for component null
2025-06-22 00:30:01,624 [WARN] ModelIntegratedComponent:63 - No mode defined for component null
2025-06-22 00:30:01,624 [WARN] ModelIntegratedComponent:63 - No mode defined for component null
2025-06-22 00:30:01,625 [WARN] ModelIntegratedComponent:63 - No mode defined for component null
2025-06-22 00:30:01,625 [WARN] ModelIntegratedComponent:63 - No mode defined for component null
2025-06-22 00:30:01,625 [WARN] ModelIntegratedComponent:63 - No mode defined for component null
2025-06-22 00:30:01,625 [WARN] ModelIntegratedComponent:63 - No mode defined for component null
2025-06-22 00:30:01,625 [WARN] ModelIntegratedComponent:63 - No mode defined for component null
2025-06-22 00:30:01,625 [WARN] ModelIntegratedComponent:63 - No mode defined for component null
2025-06-22 00:30:01,625 [WARN] ModelIntegratedComponent:63 - No mode defined for component null
2025-06-22 00:30:01,625 [WARN] ModelIntegratedComponent:63 - No mode defined for component null
2025-06-22 00:30:01,625 [WARN] ModelIntegratedComponent:63 - No mode defined for component null
2025-06-22 00:30:01,625 [WARN] ModelIntegratedComponent:63 - No mode defined for component null
2025-06-22 00:30:01,625 [WARN] ModelIntegratedComponent:63 - No mode defined for component null
2025-06-22 00:30:01,625 [WARN] ModelIntegratedComponent:63 - No mode defined for component null
2025-06-22 00:30:01,625 [WARN] ModelIntegratedComponent:63 - No mode defined for component null
2025-06-22 00:30:01,626 [WARN] ModelIntegratedComponent:63 - No mode defined for component null
2025-06-22 00:30:01,626 [WARN] ModelIntegratedComponent:63 - No mode defined for component null
2025-06-22 00:30:01,626 [WARN] ModelIntegratedComponent:63 - No mode defined for component null
2025-06-22 00:30:01,626 [WARN] ModelIntegratedComponent:63 - No mode defined for component null
2025-06-22 00:30:01,626 [WARN] ModelIntegratedComponent:63 - No mode defined for component null
2025-06-22 00:30:01,626 [WARN] ModelIntegratedComponent:63 - No mode defined for component null
2025-06-22 00:30:01,626 [WARN] ModelIntegratedComponent:63 - No mode defined for component null
2025-06-22 00:30:01,626 [WARN] ModelIntegratedComponent:63 - No mode defined for component null
2025-06-22 00:30:01,627 [WARN] ModelIntegratedComponent:63 - No mode defined for component null
2025-06-22 00:30:01,627 [WARN] ModelIntegratedComponent:63 - No mode defined for component null
2025-06-22 00:30:01,627 [WARN] ModelIntegratedComponent:63 - No mode defined for component null
2025-06-22 00:30:01,627 [WARN] ModelIntegratedComponent:63 - No mode defined for component null
2025-06-22 00:30:01,627 [WARN] ModelIntegratedComponent:63 - No mode defined for component null
2025-06-22 00:30:01,627 [WARN] ModelPack:524 - Component already loaded: STMicroelectronics:HAL Drivers:0.0.0:STMicroelectronics:Device:STMicro_Driver:XSPI:HAL::0.0.1:HAL_XSPI
2025-06-22 00:30:01,984 [INFO] ThirdPartyModel:298 - Start build external matchings
2025-06-22 00:30:03,340 [INFO] ThirdPartyModel:316 - End build external matchings
2025-06-22 00:30:03,914 [INFO] UtilMem:75 - End LoadConfig() Used Memory: 864684264 Bytes (1073741824)
2025-06-22 00:30:04,028 [WARN] ThirdParty:833 - waiting for thirdparty lock release [change project]
2025-06-22 00:30:04,028 [INFO] ThirdParty:835 - entering critical section [change project]
2025-06-22 00:30:04,028 [INFO] ThirdParty:1030 - CMSIS Pack Vendor :STMicroelectronics X-CUBE-PM33A1 1.0.0
2025-06-22 00:30:04,028 [INFO] ThirdParty:1030 - CMSIS Pack Vendor :STMicroelectronics USBPD 4.1
2025-06-22 00:30:04,028 [INFO] ThirdParty:1030 - CMSIS Pack Vendor :STMicroelectronics X-CUBE-AZRTOS-H7 3.3.0
2025-06-22 00:30:04,028 [INFO] ThirdParty:1030 - CMSIS Pack Vendor :STMicroelectronics X-CUBE-NFC9 1.0.0
2025-06-22 00:30:04,028 [INFO] ThirdParty:1030 - CMSIS Pack Vendor :STMicroelectronics X-CUBE-GNSS1 6.0.0
2025-06-22 00:30:04,028 [INFO] ThirdParty:1030 - CMSIS Pack Vendor :STMicroelectronics USB_HOST 2.0.0
2025-06-22 00:30:04,028 [INFO] ThirdParty:1030 - CMSIS Pack Vendor :STMicroelectronics FP-SNS-MOTENVWB1 1.4.0
2025-06-22 00:30:04,028 [INFO] ThirdParty:1030 - CMSIS Pack Vendor :STMicroelectronics X-CUBE-AZRTOS-F4 1.1.0
2025-06-22 00:30:04,028 [INFO] ThirdParty:1030 - CMSIS Pack Vendor :STMicroelectronics LIBJPEG 8.0.0
2025-06-22 00:30:04,028 [INFO] ThirdParty:1030 - CMSIS Pack Vendor :STMicroelectronics X-CUBE-BLE1 7.1.0
2025-06-22 00:30:04,028 [INFO] ThirdParty:1030 - CMSIS Pack Vendor :STMicroelectronics X-CUBE-SMBUS 2.1.0
2025-06-22 00:30:04,028 [INFO] ThirdParty:1030 - CMSIS Pack Vendor :STMicroelectronics X-CUBE-WB05N 1.1.0
2025-06-22 00:30:04,028 [INFO] ThirdParty:1030 - CMSIS Pack Vendor :STMicroelectronics USB_DEVICE 3.0.0
2025-06-22 00:30:04,028 [INFO] ThirdParty:1030 - CMSIS Pack Vendor :STMicroelectronics X-CUBE-TCPP 4.1.0
2025-06-22 00:30:04,028 [INFO] ThirdParty:1030 - CMSIS Pack Vendor :STMicroelectronics X-CUBE-ISPU 2.1.0
2025-06-22 00:30:04,028 [INFO] ThirdParty:1030 - CMSIS Pack Vendor :STMicroelectronics X-CUBE-FREERTOS 1.2.0
2025-06-22 00:30:04,028 [INFO] ThirdParty:1030 - CMSIS Pack Vendor :STMicroelectronics X-CUBE-IPS 3.0.0
2025-06-22 00:30:04,028 [INFO] ThirdParty:1030 - CMSIS Pack Vendor :STMicroelectronics X-CUBE-AZRTOS-WB 2.0.0
2025-06-22 00:30:04,028 [INFO] ThirdParty:1030 - CMSIS Pack Vendor :STMicroelectronics X-CUBE-GNSS1 7.0.0
2025-06-22 00:30:04,028 [INFO] ThirdParty:1030 - CMSIS Pack Vendor :STMicroelectronics X-CUBE-GNSS1 7.0.1
2025-06-22 00:30:04,028 [INFO] ThirdParty:1030 - CMSIS Pack Vendor :STMicroelectronics X-CUBE-AZRTOS-F7 1.1.0
2025-06-22 00:30:04,028 [INFO] ThirdParty:1030 - CMSIS Pack Vendor :STMicroelectronics X-CUBE-AZRTOS-L5 2.0.0
2025-06-22 00:30:04,028 [INFO] ThirdParty:1030 - CMSIS Pack Vendor :STMicroelectronics X-CUBE-TOUCHGFX 4.25.0
2025-06-22 00:30:04,028 [INFO] ThirdParty:1030 - CMSIS Pack Vendor :STMicroelectronics USB_DEVICE 2.0.0
2025-06-22 00:30:04,028 [INFO] ThirdParty:1030 - CMSIS Pack Vendor :STMicroelectronics X-CUBE-NFC6 3.1.0
2025-06-22 00:30:04,028 [INFO] ThirdParty:1030 - CMSIS Pack Vendor :STMicroelectronics X-CUBE-AI 10.1.0
2025-06-22 00:30:04,028 [INFO] ThirdParty:1030 - CMSIS Pack Vendor :STMicroelectronics FP-SNS-STBOX1 2.0.0
2025-06-22 00:30:04,029 [INFO] ThirdParty:1030 - CMSIS Pack Vendor :STMicroelectronics X-CUBE-MEMS1 11.0.0
2025-06-22 00:30:04,029 [INFO] ThirdParty:1030 - CMSIS Pack Vendor :STMicroelectronics FreeRTOS 0.0.1
2025-06-22 00:30:04,029 [INFO] ThirdParty:1030 - CMSIS Pack Vendor :STMicroelectronics X-CUBE-AZRTOS-G0 1.1.0
2025-06-22 00:30:04,029 [INFO] ThirdParty:1030 - CMSIS Pack Vendor :STMicroelectronics X-CUBE-SAFEA1 1.2.2
2025-06-22 00:30:04,029 [INFO] ThirdParty:1030 - CMSIS Pack Vendor :STMicroelectronics X-CUBE-NFC4 3.0.0
2025-06-22 00:30:04,029 [INFO] ThirdParty:1030 - CMSIS Pack Vendor :STMicroelectronics X-CUBE-DPower 1.2.0
2025-06-22 00:30:04,029 [INFO] ThirdParty:1030 - CMSIS Pack Vendor :STMicroelectronics X-CUBE-SUBG2 5.0.0
2025-06-22 00:30:04,029 [INFO] ThirdParty:1030 - CMSIS Pack Vendor :STMicroelectronics X-CUBE-AZRTOS-H7RS 1.1.0
2025-06-22 00:30:04,029 [INFO] ThirdParty:1030 - CMSIS Pack Vendor :STMicroelectronics STM32_WPAN 1.0.0
2025-06-22 00:30:04,029 [INFO] ThirdParty:1030 - CMSIS Pack Vendor :EmbeddedOffice I-CUBE-FS-RTOS 1.0.1
2025-06-22 00:30:04,029 [INFO] ThirdParty:1030 - CMSIS Pack Vendor :STMicroelectronics lwIP 2.0.3
2025-06-22 00:30:04,029 [INFO] ThirdParty:1030 - CMSIS Pack Vendor :STMicroelectronics FP-SNS-FLIGHT1 5.0.2
2025-06-22 00:30:04,029 [INFO] ThirdParty:1030 - CMSIS Pack Vendor :Cesanta I-CUBE-Mongoose 7.13.0
2025-06-22 00:30:04,029 [INFO] ThirdParty:1030 - CMSIS Pack Vendor :STMicroelectronics USB_HOST 1.0.0
2025-06-22 00:30:04,029 [INFO] ThirdParty:1030 - CMSIS Pack Vendor :STMicroelectronics X-CUBE-AI 9.0.0
2025-06-22 00:30:04,029 [INFO] ThirdParty:1030 - CMSIS Pack Vendor :STMicroelectronics X-CUBE-AZRTOS-G4 2.0.0
2025-06-22 00:30:04,029 [INFO] ThirdParty:1030 - CMSIS Pack Vendor :STMicroelectronics X-CUBE-WB05N 2.0.0
2025-06-22 00:30:04,029 [INFO] ThirdParty:1030 - CMSIS Pack Vendor :STMicroelectronics PDM2PCM 3.1.0
2025-06-22 00:30:04,029 [INFO] ThirdParty:1030 - CMSIS Pack Vendor :STMicroelectronics PDM2PCM 3.3.0
2025-06-22 00:30:04,029 [INFO] ThirdParty:1030 - CMSIS Pack Vendor :STMicroelectronics X-CUBE-DISPLAY 3.0.0
2025-06-22 00:30:04,029 [INFO] ThirdParty:1030 - CMSIS Pack Vendor :STMicroelectronics X-CUBE-NFC7 2.0.0
2025-06-22 00:30:04,029 [INFO] ThirdParty:1030 - CMSIS Pack Vendor :RealThread X-CUBE-RT-Thread_Nano 4.1.1
2025-06-22 00:30:04,029 [INFO] ThirdParty:1030 - CMSIS Pack Vendor :wolfSSL I-CUBE-wolfSSL 5.7.0
2025-06-22 00:30:04,029 [INFO] ThirdParty:1030 - CMSIS Pack Vendor :STMicroelectronics X-CUBE-BLE1 7.0.0
2025-06-22 00:30:04,029 [INFO] ThirdParty:1030 - CMSIS Pack Vendor :STMicroelectronics FP-ATR-SIGFOX1 3.2.0
2025-06-22 00:30:04,029 [INFO] ThirdParty:1030 - CMSIS Pack Vendor :STMicroelectronics X-CUBE-NFC10 1.0.0
2025-06-22 00:30:04,029 [INFO] ThirdParty:1030 - CMSIS Pack Vendor :quantropi X-CUBE-qispace-sdk-base 1.9.3
2025-06-22 00:30:04,029 [INFO] ThirdParty:1030 - CMSIS Pack Vendor :STMicroelectronics X-CUBE-ISPU 2.0.0
2025-06-22 00:30:04,029 [INFO] ThirdParty:1030 - CMSIS Pack Vendor :STMicroelectronics X-CUBE-EEPRMA1 5.1.0
2025-06-22 00:30:04,029 [INFO] ThirdParty:1030 - CMSIS Pack Vendor :STMicroelectronics X-CUBE-FREERTOS 1.3.1
2025-06-22 00:30:04,029 [INFO] ThirdParty:1030 - CMSIS Pack Vendor :STMicroelectronics HAL Drivers 0.0.0
2025-06-22 00:30:04,029 [INFO] ThirdParty:1030 - CMSIS Pack Vendor :STMicroelectronics MBEDTLS 2.16.2
2025-06-22 00:30:04,029 [INFO] ThirdParty:1030 - CMSIS Pack Vendor :STMicroelectronics X-CUBE-ALS 1.0.2
2025-06-22 00:30:04,029 [INFO] ThirdParty:1030 - CMSIS Pack Vendor :emotas I-CUBE-CANOPEN 1.3.0
2025-06-22 00:30:04,029 [INFO] ThirdParty:1030 - CMSIS Pack Vendor :STMicroelectronics X-CUBE-MEMS1 10.0.0
2025-06-22 00:30:04,029 [INFO] ThirdParty:1030 - CMSIS Pack Vendor :STMicroelectronics X-CUBE-NFC7 1.0.1
2025-06-22 00:30:04,029 [INFO] ThirdParty:1030 - CMSIS Pack Vendor :STMicroelectronics MBEDTLS 2.14.1
2025-06-22 00:30:04,029 [INFO] ThirdParty:1030 - CMSIS Pack Vendor :STMicroelectronics X-CUBE-TOUCHGFX 4.24.0
2025-06-22 00:30:04,029 [INFO] ThirdParty:1030 - CMSIS Pack Vendor :ITTIA_DB I-CUBE-ITTIADB 8.9.0
2025-06-22 00:30:04,029 [INFO] ThirdParty:1030 - CMSIS Pack Vendor :wolfSSL I-CUBE-wolfTPM 3.2.0
2025-06-22 00:30:04,029 [INFO] ThirdParty:1030 - CMSIS Pack Vendor :STMicroelectronics X-CUBE-TOUCHGFX 4.24.1
2025-06-22 00:30:04,029 [INFO] ThirdParty:1030 - CMSIS Pack Vendor :portGmbH I-Cube-SoM-uGOAL 1.1.0
2025-06-22 00:30:04,029 [INFO] ThirdParty:1030 - CMSIS Pack Vendor :STMicroelectronics X-CUBE-BLEMGR 3.1.0
2025-06-22 00:30:04,029 [INFO] ThirdParty:1030 - CMSIS Pack Vendor :STMicroelectronics ThreadX 1.0.0
2025-06-22 00:30:04,029 [INFO] ThirdParty:1030 - CMSIS Pack Vendor :STMicroelectronics FP-SNS-SMARTAG2 1.2.0
2025-06-22 00:30:04,029 [INFO] ThirdParty:1030 - CMSIS Pack Vendor :STMicroelectronics X-CUBE-AZRTOS-WL 2.0.0
2025-06-22 00:30:04,029 [INFO] ThirdParty:1030 - CMSIS Pack Vendor :SEGGER I-CUBE-embOS 1.3.1
2025-06-22 00:30:04,029 [INFO] ThirdParty:1030 - CMSIS Pack Vendor :STMicroelectronics X-CUBE-ALGOBUILD 1.4.0
2025-06-22 00:30:04,029 [INFO] ThirdParty:1030 - CMSIS Pack Vendor :STMicroelectronics X-CUBE-DPower 1.3.0
2025-06-22 00:30:04,029 [INFO] ThirdParty:1030 - CMSIS Pack Vendor :STMicroelectronics X-CUBE-MEMS1 11.3.0
2025-06-22 00:30:04,029 [INFO] ThirdParty:1030 - CMSIS Pack Vendor :STMicroelectronics FP-SNS-MOTENV1 5.0.0
2025-06-22 00:30:04,029 [INFO] ThirdParty:1030 - CMSIS Pack Vendor :STMicroelectronics USB_DEVICE 1.0.0
2025-06-22 00:30:04,029 [INFO] ThirdParty:1030 - CMSIS Pack Vendor :STMicroelectronics X-CUBE-AZRTOS-H7RS 1.0.0
2025-06-22 00:30:04,029 [INFO] ThirdParty:1030 - CMSIS Pack Vendor :wolfSSL I-CUBE-wolfMQTT 1.19.0
2025-06-22 00:30:04,029 [INFO] ThirdParty:1030 - CMSIS Pack Vendor :STMicroelectronics X-CUBE-AZRTOS-L4 2.0.0
2025-06-22 00:30:04,029 [INFO] ThirdParty:1030 - CMSIS Pack Vendor :STMicroelectronics ThreadX 0.0.2
2025-06-22 00:30:04,030 [INFO] ThirdParty:1030 - CMSIS Pack Vendor :WES I-CUBE-Cesium 1.3.0
2025-06-22 00:30:04,030 [INFO] ThirdParty:1030 - CMSIS Pack Vendor :STMicroelectronics FP-ATR-ASTRA1 2.0.0
2025-06-22 00:30:04,030 [INFO] ThirdParty:1030 - CMSIS Pack Vendor :STMicroelectronics lwIP 2.1.2
2025-06-22 00:30:04,030 [INFO] ThirdParty:1030 - CMSIS Pack Vendor :STMicroelectronics X-CUBE-SFXS2LP1 4.0.0
2025-06-22 00:30:04,030 [INFO] ThirdParty:1030 - CMSIS Pack Vendor :STMicroelectronics X-CUBE-BLE2 3.3.0
2025-06-22 00:30:04,030 [INFO] ThirdParty:1030 - CMSIS Pack Vendor :STMicroelectronics X-CUBE-TOF1 3.4.2
2025-06-22 00:30:04,030 [INFO] ThirdParty:1030 - CMSIS Pack Vendor :STMicroelectronics X-CUBE-AI 9.1.0
2025-06-22 00:30:04,030 [INFO] ThirdParty:1030 - CMSIS Pack Vendor :STMicroelectronics X-CUBE-TOF1 3.4.1
2025-06-22 00:30:04,030 [INFO] ThirdParty:1030 - CMSIS Pack Vendor :STMicroelectronics X-CUBE-AZRTOS-H7 3.2.0
2025-06-22 00:30:04,030 [INFO] ThirdParty:1030 - CMSIS Pack Vendor :Infineon AIROC-Wi-Fi-Bluetooth-STM32 1.6.0
2025-06-22 00:30:04,030 [INFO] ThirdParty:1030 - CMSIS Pack Vendor :STMicroelectronics PDM2PCM 3.2.0
2025-06-22 00:30:04,030 [INFO] ThirdParty:1030 - CMSIS Pack Vendor :wolfSSL I-CUBE-wolfSSH 1.4.17
2025-06-22 00:30:04,030 [INFO] ThirdParty:841 - exiting critical section [change project]
2025-06-22 00:30:04,213 [INFO] PinOutPanel:1561 - setPackage(No Configuration,No Configuration)
2025-06-22 00:30:04,213 [INFO] PinOutPanel:1561 - setPackage(STM32F407VGTx,LQFP100)
2025-06-22 00:30:04,433 [INFO] UtilMem:75 - Before build in PCC Used Memory: 739832776 Bytes (1073741824)
2025-06-22 00:30:05,032 [INFO] UtilMem:75 - After build in PCC Used Memory: 785493888 Bytes (1073741824)
2025-06-22 00:30:05,060 [INFO] IPUIPlugin:80 - create IPUIPlugin
2025-06-22 00:30:05,060 [INFO] IPUIPlugin:80 - create IPUIPlugin
2025-06-22 00:30:05,060 [INFO] IPUIPlugin:80 - create IPUIPlugin
2025-06-22 00:30:05,060 [INFO] IPUIPlugin:80 - create IPUIPlugin
2025-06-22 00:30:05,060 [INFO] IPUIPlugin:80 - create IPUIPlugin
2025-06-22 00:30:05,061 [INFO] IPUIPlugin:80 - create IPUIPlugin
2025-06-22 00:30:05,061 [INFO] IPUIPlugin:80 - create IPUIPlugin
2025-06-22 00:30:05,061 [INFO] IPUIPlugin:80 - create IPUIPlugin
2025-06-22 00:30:05,061 [INFO] IPUIPlugin:80 - create IPUIPlugin
2025-06-22 00:30:05,061 [INFO] IPUIPlugin:80 - create IPUIPlugin
2025-06-22 00:30:05,061 [INFO] IPUIPlugin:80 - create IPUIPlugin
2025-06-22 00:30:05,062 [INFO] IPUIPlugin:80 - create IPUIPlugin
2025-06-22 00:30:05,062 [INFO] IPUIPlugin:80 - create IPUIPlugin
2025-06-22 00:30:05,062 [INFO] IPUIPlugin:80 - create IPUIPlugin
2025-06-22 00:30:05,062 [INFO] IPUIPlugin:80 - create IPUIPlugin
2025-06-22 00:30:05,063 [INFO] IPUIPlugin:80 - create IPUIPlugin
2025-06-22 00:30:05,063 [INFO] IPUIPlugin:80 - create IPUIPlugin
2025-06-22 00:30:05,063 [INFO] IPUIPlugin:80 - create IPUIPlugin
2025-06-22 00:30:05,063 [INFO] IPUIPlugin:80 - create IPUIPlugin
2025-06-22 00:30:05,063 [INFO] IPUIPlugin:80 - create IPUIPlugin
2025-06-22 00:30:05,063 [INFO] IPUIPlugin:80 - create IPUIPlugin
2025-06-22 00:30:05,064 [INFO] IPUIPlugin:80 - create IPUIPlugin
2025-06-22 00:30:05,064 [INFO] IPUIPlugin:80 - create IPUIPlugin
2025-06-22 00:30:05,064 [INFO] IPUIPlugin:80 - create IPUIPlugin
2025-06-22 00:30:05,064 [INFO] IPUIPlugin:80 - create IPUIPlugin
2025-06-22 00:30:05,064 [INFO] IPUIPlugin:80 - create IPUIPlugin
2025-06-22 00:30:05,065 [INFO] IPUIPlugin:80 - create IPUIPlugin
2025-06-22 00:30:05,065 [INFO] IPUIPlugin:80 - create IPUIPlugin
2025-06-22 00:30:05,065 [INFO] IPUIPlugin:80 - create IPUIPlugin
2025-06-22 00:30:05,065 [INFO] IPUIPlugin:80 - create IPUIPlugin
2025-06-22 00:30:05,065 [INFO] IPUIPlugin:80 - create IPUIPlugin
2025-06-22 00:30:05,066 [INFO] IPUIPlugin:80 - create IPUIPlugin
2025-06-22 00:30:05,066 [INFO] IPUIPlugin:80 - create IPUIPlugin
2025-06-22 00:30:05,066 [INFO] IPUIPlugin:80 - create IPUIPlugin
2025-06-22 00:30:05,066 [INFO] IPUIPlugin:80 - create IPUIPlugin
2025-06-22 00:30:05,066 [INFO] IPUIPlugin:80 - create IPUIPlugin
2025-06-22 00:30:05,066 [INFO] IPUIPlugin:80 - create IPUIPlugin
2025-06-22 00:30:05,067 [INFO] IPUIPlugin:80 - create IPUIPlugin
2025-06-22 00:30:05,067 [INFO] IPUIPlugin:80 - create IPUIPlugin
2025-06-22 00:30:05,067 [INFO] IPUIPlugin:80 - create IPUIPlugin
2025-06-22 00:30:05,067 [INFO] IPUIPlugin:80 - create IPUIPlugin
2025-06-22 00:30:05,068 [INFO] IPUIPlugin:80 - create IPUIPlugin
2025-06-22 00:30:05,068 [INFO] IPUIPlugin:80 - create IPUIPlugin
2025-06-22 00:30:05,068 [INFO] IPUIPlugin:80 - create IPUIPlugin
2025-06-22 00:30:05,068 [INFO] IPUIPlugin:80 - create IPUIPlugin
2025-06-22 00:30:05,069 [INFO] IPUIPlugin:80 - create IPUIPlugin
2025-06-22 00:30:05,069 [INFO] IPUIPlugin:80 - create IPUIPlugin
2025-06-22 00:30:05,069 [INFO] IPUIPlugin:80 - create IPUIPlugin
2025-06-22 00:30:05,069 [INFO] IPUIPlugin:80 - create IPUIPlugin
2025-06-22 00:30:05,069 [INFO] IPUIPlugin:80 - create IPUIPlugin
2025-06-22 00:30:05,069 [INFO] IPUIPlugin:80 - create IPUIPlugin
2025-06-22 00:30:05,069 [INFO] IPUIPlugin:80 - create IPUIPlugin
2025-06-22 00:30:05,071 [INFO] IPUIPlugin:80 - create IPUIPlugin
2025-06-22 00:30:05,071 [INFO] IPUIPlugin:80 - create IPUIPlugin
2025-06-22 00:30:05,071 [INFO] IPUIPlugin:80 - create IPUIPlugin
2025-06-22 00:30:05,072 [INFO] IPUIPlugin:80 - create IPUIPlugin
2025-06-22 00:30:05,074 [INFO] IPUIPlugin:80 - create IPUIPlugin
2025-06-22 00:30:05,074 [INFO] IPUIPlugin:80 - create IPUIPlugin
2025-06-22 00:30:05,089 [INFO] ApiDbMcu:508 - Load IP Config File for PDM2PCM
2025-06-22 00:30:05,135 [INFO] CADModel:165 - CPN selected for project levelSTM32F407VGT6
2025-06-22 00:30:05,136 [INFO] CADModel:114 - Register for checkConnection events
2025-06-22 00:30:05,274 [INFO] OpenFileManager:363 - Restore cursor
2025-06-22 00:30:05,284 [INFO] ApiDb:581 - Connected to CubeFinder SQLite database (C:\Users\nisha\.stmcufinder\plugins\mcufinder\mcu\cube-finder-db.db)
2025-06-22 00:31:37,862 [INFO] UtilMem:75 - End SaveConfig() Used Memory: 812653160 Bytes (1073741824)
2025-06-22 00:31:40,328 [INFO] UtilMem:75 - End SaveConfig() Used Memory: 837296744 Bytes (1073741824)
2025-06-22 00:31:43,557 [INFO] UtilMem:75 - End SaveConfig() Used Memory: 940056384 Bytes (1073741824)
2025-06-22 00:31:43,679 [INFO] BlockDiagram:2766 - set Specific Code input for plugin: SYS
2025-06-22 00:31:43,679 [INFO] BlockDiagram:2766 - set Specific Code input for plugin: RCC
2025-06-22 00:31:43,679 [INFO] BlockDiagram:2766 - set Specific Code input for plugin: NVIC
2025-06-22 00:31:43,679 [INFO] BlockDiagram:2766 - set Specific Code input for plugin: GPIO
2025-06-22 00:31:43,681 [INFO] CodeGenerator:807 - code generatio: config db path: C:\ST\STM32CubeIDE_1.16.0\STM32CubeIDE\plugins\com.st.stm32cube.common.mx_6.12.0.202406281431\\db\
2025-06-22 00:31:43,805 [INFO] CodeEngine:255 - oldGeneratedFile, C:\Users\nisha\OneDrive\Desktop\stm32f407\freertos\002LEDBLINK\MXTmpFiles\license.tmp_save
2025-06-22 00:31:43,909 [INFO] CodeEngine:279 - Generated code: C:\Users\nisha\OneDrive\Desktop\stm32f407\freertos\002LEDBLINK\MXTmpFiles\license.tmp
2025-06-22 00:31:43,984 [INFO] CodeEngine:255 - oldGeneratedFile, C:\Users\nisha\OneDrive\Desktop\stm32f407\freertos\002LEDBLINK\MXTmpFiles\gpio.tmp_save
2025-06-22 00:31:44,089 [INFO] CodeEngine:279 - Generated code: C:\Users\nisha\OneDrive\Desktop\stm32f407\freertos\002LEDBLINK\MXTmpFiles\gpio.tmp
2025-06-22 00:31:44,159 [INFO] CodeEngine:255 - oldGeneratedFile, C:\Users\nisha\OneDrive\Desktop\stm32f407\freertos\002LEDBLINK\Core\Src\stm32f4xx_it.c_save
2025-06-22 00:31:44,413 [INFO] CodeEngine:279 - Generated code: C:\Users\nisha\OneDrive\Desktop\stm32f407\freertos\002LEDBLINK\Core\Src\stm32f4xx_it.c
2025-06-22 00:31:44,454 [INFO] CodeEngine:255 - oldGeneratedFile, C:\Users\nisha\OneDrive\Desktop\stm32f407\freertos\002LEDBLINK\Core\Inc\stm32f4xx_it.h_save
2025-06-22 00:31:44,580 [INFO] CodeEngine:279 - Generated code: C:\Users\nisha\OneDrive\Desktop\stm32f407\freertos\002LEDBLINK\Core\Inc\stm32f4xx_it.h
2025-06-22 00:31:44,642 [INFO] CodeEngine:255 - oldGeneratedFile, C:\Users\nisha\OneDrive\Desktop\stm32f407\freertos\002LEDBLINK\Core\Src\stm32f4xx_hal_msp.c_save
2025-06-22 00:31:44,824 [INFO] CodeEngine:279 - Generated code: C:\Users\nisha\OneDrive\Desktop\stm32f407\freertos\002LEDBLINK\Core\Src\stm32f4xx_hal_msp.c
2025-06-22 00:31:44,847 [INFO] CodeEngine:255 - oldGeneratedFile, C:\Users\nisha\OneDrive\Desktop\stm32f407\freertos\002LEDBLINK\MXTmpFiles\system.tmp_save
2025-06-22 00:31:44,923 [INFO] CodeEngine:279 - Generated code: C:\Users\nisha\OneDrive\Desktop\stm32f407\freertos\002LEDBLINK\MXTmpFiles\system.tmp
2025-06-22 00:31:44,963 [INFO] CodeEngine:311 - oldGeneratedFile, C:\Users\nisha\OneDrive\Desktop\stm32f407\freertos\002LEDBLINK\Core\Inc\stm32f4xx_hal_conf.h_save
2025-06-22 00:31:45,071 [INFO] CodeEngine:335 - Generated code: C:\Users\nisha\OneDrive\Desktop\stm32f407\freertos\002LEDBLINK\Core\Inc\stm32f4xx_hal_conf.h
2025-06-22 00:31:45,129 [INFO] CodeEngine:255 - oldGeneratedFile, C:\Users\nisha\OneDrive\Desktop\stm32f407\freertos\002LEDBLINK\Core\Inc\main.h_save
2025-06-22 00:31:45,228 [INFO] CodeEngine:279 - Generated code: C:\Users\nisha\OneDrive\Desktop\stm32f407\freertos\002LEDBLINK\Core\Inc\main.h
2025-06-22 00:31:45,258 [INFO] CodeEngine:255 - oldGeneratedFile, C:\Users\nisha\OneDrive\Desktop\stm32f407\freertos\002LEDBLINK\Core\Src\main.c_save
2025-06-22 00:31:45,374 [INFO] CodeEngine:279 - Generated code: C:\Users\nisha\OneDrive\Desktop\stm32f407\freertos\002LEDBLINK\Core\Src\main.c
2025-06-22 00:31:45,694 [INFO] ProjectBuilder:3249 - Time for Copy HAL[1] : 223mS.
2025-06-22 00:31:45,698 [INFO] ProjectBuilder:4828 - Project Generator version: 4.4.0-B60
2025-06-22 00:31:45,749 [INFO] ConfigFileManager:1531 - The Die is : DIE413
2025-06-22 00:31:45,761 [INFO] ApiDbMcu:508 - Load IP Config File for FATFS
2025-06-22 00:31:45,771 [INFO] ApiDbMcu:508 - Load IP Config File for FREERTOS
2025-06-22 00:31:45,780 [INFO] ApiDbMcu:508 - Load IP Config File for LIBJPEG
2025-06-22 00:31:45,794 [INFO] ApiDbMcu:508 - Load IP Config File for LWIP
2025-06-22 00:31:45,811 [INFO] ApiDbMcu:508 - Load IP Config File for MBEDTLS
2025-06-22 00:31:45,828 [INFO] ApiDbMcu:508 - Load IP Config File for USB_DEVICE
2025-06-22 00:31:45,841 [INFO] ApiDbMcu:508 - Load IP Config File for USB_HOST
2025-06-22 00:31:48,393 [INFO] ProjectBuilder:5097 - Time for Generating toolchain IDE Files: 2695mS.
2025-06-22 00:31:48,394 [INFO] ProjectBuilder:3107 - Time for Copy CMSIS : 0mS.
2025-06-22 00:31:48,396 [INFO] ProjectBuilder:3107 - Time for Copy CMSIS : 0mS.
2025-06-22 00:52:59,268 [ERROR] LogOutputStream:75 - [STDERR_REDIRECT] 
2025-06-22 10:24:25,631 [INFO] Activator:176 - 


2025-06-22 10:24:25,631 [INFO] Activator:177 - !SESSION log4j initialized
2025-06-22 10:24:32,258 [INFO] LogOutputStream:77 - [STDOUT_REDIRECT] 
2025-06-22 10:24:35,083 [INFO] ApplicationProperties:184 - Using Application install path: C:\ST\STM32CubeIDE_1.16.0\STM32CubeIDE\plugins\com.st.stm32cube.common.mx_6.12.0.202406281431
2025-06-22 10:24:35,099 [INFO] DbMcusXml:78 - Set database path to: C:\ST\STM32CubeIDE_1.16.0\STM32CubeIDE\plugins\com.st.stm32cube.common.mx_6.12.0.202406281431\\db\/mcu/
2025-06-22 10:24:35,099 [INFO] ApiDb:274 - Set plugin database path to: C:\ST\STM32CubeIDE_1.16.0\STM32CubeIDE\plugins\com.st.stm32cube.common.mx_6.12.0.202406281431\\db\/plugins/boardmanager/
2025-06-22 10:24:35,099 [WARN] ApiDb:259 - Overriding images path with different value:  => C:\ST\STM32CubeIDE_1.16.0\STM32CubeIDE\plugins\com.st.stm32cube.common.mx_6.12.0.202406281431\\db\/plugins/mcufinder/images/
2025-06-22 10:24:35,115 [INFO] ApiDb:250 - Set database path to: C:\Users\nisha\.stmcufinder\plugins\mcufinder//mcu/
2025-06-22 10:24:35,115 [INFO] DbMcusAds:125 - Set database path to: C:\Users\nisha\.stmcufinder\plugins\mcufinder//mcu/
2025-06-22 10:24:35,115 [INFO] CrossReferenceDbSqlite:203 - Set database path to: C:\Users\nisha\.stmcufinder\plugins\mcufinder//mcu/cs/
2025-06-22 10:24:35,240 [INFO] RulesReader:64 - Compatibility file has been processed (297 Rules)
2025-06-22 10:24:35,336 [INFO] DbMcusXml:78 - Set database path to: C:\ST\STM32CubeIDE_1.16.0\STM32CubeIDE\plugins\com.st.stm32cube.common.mx_6.12.0.202406281431\\db\/mcu/
2025-06-22 10:24:35,336 [INFO] ApiDb:274 - Set plugin database path to: C:\ST\STM32CubeIDE_1.16.0\STM32CubeIDE\plugins\com.st.stm32cube.common.mx_6.12.0.202406281431\\db\/plugins/boardmanager/
2025-06-22 10:24:35,336 [INFO] ApiDb:261 - Set plugin images path to: C:\ST\STM32CubeIDE_1.16.0\STM32CubeIDE\plugins\com.st.stm32cube.common.mx_6.12.0.202406281431\\db\/plugins/mcufinder/images/
2025-06-22 10:24:35,336 [WARN] DbFile:41 - Overriding database path with different value: C:\Users\nisha\.stmcufinder\plugins\mcufinder/ => C:\Users\nisha\.stmcufinder\plugins\mcufinder
2025-06-22 10:24:35,336 [INFO] ApiDb:250 - Set database path to: C:\Users\nisha\.stmcufinder\plugins\mcufinder//mcu/
2025-06-22 10:24:35,336 [WARN] DbFile:41 - Overriding database path with different value: C:\Users\nisha\.stmcufinder\plugins\mcufinder/ => C:\Users\nisha\.stmcufinder\plugins\mcufinder
2025-06-22 10:24:35,336 [INFO] DbMcusAds:125 - Set database path to: C:\Users\nisha\.stmcufinder\plugins\mcufinder//mcu/
2025-06-22 10:24:35,336 [WARN] DbFile:41 - Overriding database path with different value: C:\Users\nisha\.stmcufinder\plugins\mcufinder/ => C:\Users\nisha\.stmcufinder\plugins\mcufinder
2025-06-22 10:24:35,336 [WARN] DbFile:41 - Overriding database path with different value: C:\Users\nisha\.stmcufinder\plugins\mcufinder/ => C:\Users\nisha\.stmcufinder\plugins\mcufinder
2025-06-22 10:24:35,336 [INFO] CrossReferenceDbSqlite:203 - Set database path to: C:\Users\nisha\.stmcufinder\plugins\mcufinder//mcu/cs/
2025-06-22 10:24:35,417 [INFO] MainPanel:268 - HeapMemory: 268435456
2025-06-22 10:24:35,542 [INFO] DbMcusXml:78 - Set database path to: C:\ST\STM32CubeIDE_1.16.0\STM32CubeIDE\plugins\com.st.stm32cube.common.mx_6.12.0.202406281431\\db\/mcu/
2025-06-22 10:24:35,542 [INFO] ApiDb:274 - Set plugin database path to: C:\ST\STM32CubeIDE_1.16.0\STM32CubeIDE\plugins\com.st.stm32cube.common.mx_6.12.0.202406281431\\db\/plugins/boardmanager/
2025-06-22 10:24:35,542 [INFO] ApiDb:261 - Set plugin images path to: C:\ST\STM32CubeIDE_1.16.0\STM32CubeIDE\plugins\com.st.stm32cube.common.mx_6.12.0.202406281431\\db\/plugins/mcufinder/images/
2025-06-22 10:24:35,542 [WARN] DbFile:41 - Overriding database path with different value: C:\Users\nisha\.stmcufinder\plugins\mcufinder/ => C:\Users\nisha\.stmcufinder\plugins\mcufinder
2025-06-22 10:24:35,542 [INFO] ApiDb:250 - Set database path to: C:\Users\nisha\.stmcufinder\plugins\mcufinder//mcu/
2025-06-22 10:24:35,542 [WARN] DbFile:41 - Overriding database path with different value: C:\Users\nisha\.stmcufinder\plugins\mcufinder/ => C:\Users\nisha\.stmcufinder\plugins\mcufinder
2025-06-22 10:24:35,542 [INFO] DbMcusAds:125 - Set database path to: C:\Users\nisha\.stmcufinder\plugins\mcufinder//mcu/
2025-06-22 10:24:35,542 [WARN] DbFile:41 - Overriding database path with different value: C:\Users\nisha\.stmcufinder\plugins\mcufinder/ => C:\Users\nisha\.stmcufinder\plugins\mcufinder
2025-06-22 10:24:35,542 [WARN] DbFile:41 - Overriding database path with different value: C:\Users\nisha\.stmcufinder\plugins\mcufinder/ => C:\Users\nisha\.stmcufinder\plugins\mcufinder
2025-06-22 10:24:35,542 [INFO] CrossReferenceDbSqlite:203 - Set database path to: C:\Users\nisha\.stmcufinder\plugins\mcufinder//mcu/cs/
2025-06-22 10:24:35,565 [INFO] ApplicationProperties:184 - Using Application install path: C:\ST\STM32CubeIDE_1.16.0\STM32CubeIDE\plugins\com.st.stm32cube.common.mx_6.12.0.202406281431
2025-06-22 10:24:35,565 [INFO] PluginManage:196 - Search for loadable plugins [exclusion list=, ]
2025-06-22 10:24:35,565 [INFO] PluginManage:310 - Check plugin analytics
2025-06-22 10:24:35,755 [INFO] AnalyticsPlugin:253 - Accepted Software Licenses: 
2025-06-22 10:24:35,755 [INFO] AnalyticsPlugin:255 - Accepted CMSIS Pack Licenses: 
2025-06-22 10:24:35,755 [INFO] AnalyticsPlugin:257 - Accepted Firmware Licenses: FW.F4.1.28.0
2025-06-22 10:24:35,765 [INFO] PluginManage:359 - Loaded plugin analytics (category:tool,tabindex:-1)
2025-06-22 10:24:35,765 [INFO] PluginManage:310 - Check plugin cadmodel
2025-06-22 10:24:35,779 [INFO] CADModel:105 - Init CAD model plugin
2025-06-22 10:24:35,779 [INFO] PluginManage:359 - Loaded plugin cadmodel (category:power,tabindex:5)
2025-06-22 10:24:35,779 [INFO] PluginManage:310 - Check plugin clock
2025-06-22 10:24:35,811 [INFO] PluginManage:359 - Loaded plugin clock (category:base,tabindex:2)
2025-06-22 10:24:35,811 [INFO] PluginManage:310 - Check plugin ddr
2025-06-22 10:24:35,811 [INFO] PluginManage:359 - Loaded plugin ddr (category:tool,tabindex:6)
2025-06-22 10:24:35,811 [INFO] PluginManage:310 - Check plugin filemanager
2025-06-22 10:24:35,970 [INFO] PluginManage:359 - Loaded plugin filemanager (category:base,tabindex:10)
2025-06-22 10:24:35,970 [INFO] PluginManage:310 - Check plugin ipmanager
2025-06-22 10:24:35,986 [INFO] PluginManage:359 - Loaded plugin ipmanager (category:base,tabindex:5)
2025-06-22 10:24:35,986 [INFO] PluginManage:310 - Check plugin lpbam
2025-06-22 10:24:36,002 [INFO] PluginManage:359 - Loaded plugin lpbam (category:base,tabindex:0)
2025-06-22 10:24:36,002 [INFO] PluginManage:310 - Check plugin memorymap
2025-06-22 10:24:36,055 [INFO] PluginManage:359 - Loaded plugin memorymap (category:base,tabindex:4)
2025-06-22 10:24:36,055 [INFO] PluginManage:310 - Check plugin pinoutandconfiguration
2025-06-22 10:24:36,085 [INFO] PluginManage:359 - Loaded plugin pinoutandconfiguration (category:base,tabindex:1)
2025-06-22 10:24:36,085 [INFO] PluginManage:310 - Check plugin pinoutconfig
2025-06-22 10:24:36,207 [WARN] SupportedApi:132 - Cannot load RTOS API schema: s4s-elt-must-match.1: The content of 'definitions' must match (annotation?, (simpleType | complexType)?, (unique | key | keyref)*)). A problem was found starting at: attribute.
2025-06-22 10:24:36,336 [INFO] PluginManage:359 - Loaded plugin pinoutconfig (category:base,tabindex:0)
2025-06-22 10:24:36,336 [INFO] PluginManage:310 - Check plugin power
2025-06-22 10:24:36,366 [INFO] PluginManage:359 - Loaded plugin power (category:power,tabindex:4)
2025-06-22 10:24:36,366 [INFO] PluginManage:310 - Check plugin projectmanager
2025-06-22 10:24:36,382 [INFO] PluginManage:359 - Loaded plugin projectmanager (category:projectmanager,tabindex:4)
2025-06-22 10:24:36,382 [INFO] PluginManage:310 - Check plugin rif
2025-06-22 10:24:36,397 [INFO] PluginManage:359 - Loaded plugin rif (category:base,tabindex:3)
2025-06-22 10:24:36,397 [INFO] PluginManage:310 - Check plugin thirdparty
2025-06-22 10:24:36,761 [WARN] IntegrityCheckThread:84 - waiting for thirdparty lock release [integrity check]
2025-06-22 10:24:36,761 [INFO] IntegrityCheckThread:86 - entering critical section [integrity check]
2025-06-22 10:24:36,761 [INFO] PluginManage:359 - Loaded plugin thirdparty (category:base,tabindex:-1)
2025-06-22 10:24:36,761 [INFO] PluginManage:310 - Check plugin tools
2025-06-22 10:24:36,761 [INFO] ThirdPartyUpdaterWithRetryManager:70 - Updater plugin not ready yet. [1/15]
2025-06-22 10:24:36,804 [INFO] PluginManage:359 - Loaded plugin tools (category:base,tabindex:7)
2025-06-22 10:24:36,804 [INFO] PluginManage:310 - Check plugin tutovideos
2025-06-22 10:24:37,073 [INFO] PluginManage:359 - Loaded plugin tutovideos (category:base,tabindex:-1)
2025-06-22 10:24:37,073 [INFO] PluginManage:310 - Check plugin updater
2025-06-22 10:24:37,078 [INFO] PluginManage:359 - Loaded plugin updater (category:base,tabindex:12)
2025-06-22 10:24:37,078 [INFO] PluginManage:310 - Check plugin userauth
2025-06-22 10:24:37,094 [INFO] UserAuth:113 - Init User Auth plugin
2025-06-22 10:24:37,094 [INFO] PluginManage:359 - Loaded plugin userauth (category:base,tabindex:14)
2025-06-22 10:24:37,094 [INFO] PluginManage:283 - PluginManage : Loaded plugins [18]
2025-06-22 10:24:37,342 [INFO] PinOutPanel:1561 - setPackage(No Configuration,No Configuration)
2025-06-22 10:24:37,449 [INFO] CADModel:165 - CPN selected for project level
2025-06-22 10:24:37,449 [INFO] CADModel:114 - Register for checkConnection events
2025-06-22 10:24:37,469 [INFO] IPUIPlugin:80 - create IPUIPlugin
2025-06-22 10:24:37,469 [INFO] PluginManager:220 - loadIPPluginJar : add adc
2025-06-22 10:24:37,518 [INFO] IPUIPlugin:80 - create IPUIPlugin
2025-06-22 10:24:37,518 [INFO] PluginManager:220 - loadIPPluginJar : add aes
2025-06-22 10:24:37,544 [INFO] IPUIPlugin:80 - create IPUIPlugin
2025-06-22 10:24:37,544 [INFO] PluginManager:220 - loadIPPluginJar : add can
2025-06-22 10:24:37,576 [INFO] IPUIPlugin:80 - create IPUIPlugin
2025-06-22 10:24:37,576 [INFO] PluginManager:220 - loadIPPluginJar : add comp
2025-06-22 10:24:37,608 [INFO] IPUIPlugin:80 - create IPUIPlugin
2025-06-22 10:24:37,608 [INFO] PluginManager:220 - loadIPPluginJar : add cryp
2025-06-22 10:24:37,624 [INFO] IPUIPlugin:80 - create IPUIPlugin
2025-06-22 10:24:37,624 [INFO] PluginManager:220 - loadIPPluginJar : add ddr_ctrl_phy
2025-06-22 10:24:37,659 [INFO] IPUIPlugin:80 - create IPUIPlugin
2025-06-22 10:24:37,659 [INFO] PluginManager:220 - loadIPPluginJar : add dfsdm
2025-06-22 10:24:37,675 [INFO] IPUIPlugin:80 - create IPUIPlugin
2025-06-22 10:24:37,675 [INFO] PluginManager:220 - loadIPPluginJar : add dma
2025-06-22 10:24:37,722 [INFO] IPUIPlugin:80 - create IPUIPlugin
2025-06-22 10:24:37,722 [INFO] PluginManager:220 - loadIPPluginJar : add dma3
2025-06-22 10:24:37,766 [INFO] IPUIPlugin:80 - create IPUIPlugin
2025-06-22 10:24:37,766 [INFO] PluginManager:220 - loadIPPluginJar : add extmemmanager
2025-06-22 10:24:37,788 [INFO] IPUIPlugin:80 - create IPUIPlugin
2025-06-22 10:24:37,788 [INFO] PluginManager:220 - loadIPPluginJar : add fatfs
2025-06-22 10:24:37,829 [INFO] IPUIPlugin:80 - create IPUIPlugin
2025-06-22 10:24:37,829 [INFO] PluginManager:220 - loadIPPluginJar : add fmc
2025-06-22 10:24:37,847 [INFO] IPUIPlugin:80 - create IPUIPlugin
2025-06-22 10:24:37,847 [INFO] PluginManager:220 - loadIPPluginJar : add freertos
2025-06-22 10:24:37,877 [INFO] IPUIPlugin:80 - create IPUIPlugin
2025-06-22 10:24:37,877 [INFO] PluginManager:220 - loadIPPluginJar : add genericplugin
2025-06-22 10:24:37,972 [INFO] IPUIPlugin:80 - create IPUIPlugin
2025-06-22 10:24:37,972 [INFO] PluginManager:220 - loadIPPluginJar : add gfxmmu
2025-06-22 10:24:38,083 [INFO] IPUIPlugin:80 - create IPUIPlugin
2025-06-22 10:24:38,083 [INFO] PluginManager:220 - loadIPPluginJar : add gic
2025-06-22 10:24:38,098 [INFO] IPUIPlugin:80 - create IPUIPlugin
2025-06-22 10:24:38,098 [INFO] PluginManager:220 - loadIPPluginJar : add gpio
2025-06-22 10:24:38,165 [INFO] IPUIPlugin:80 - create IPUIPlugin
2025-06-22 10:24:38,165 [INFO] PluginManager:220 - loadIPPluginJar : add gtzc
2025-06-22 10:24:38,193 [INFO] IPUIPlugin:80 - create IPUIPlugin
2025-06-22 10:24:38,193 [INFO] PluginManager:220 - loadIPPluginJar : add hash
2025-06-22 10:24:38,237 [INFO] IPUIPlugin:80 - create IPUIPlugin
2025-06-22 10:24:38,237 [INFO] PluginManager:220 - loadIPPluginJar : add i2c
2025-06-22 10:24:38,275 [INFO] IPUIPlugin:80 - create IPUIPlugin
2025-06-22 10:24:38,275 [INFO] PluginManager:220 - loadIPPluginJar : add i2s
2025-06-22 10:24:38,310 [INFO] IPUIPlugin:80 - create IPUIPlugin
2025-06-22 10:24:38,310 [INFO] PluginManager:220 - loadIPPluginJar : add i3c
2025-06-22 10:24:38,387 [INFO] IPUIPlugin:80 - create IPUIPlugin
2025-06-22 10:24:38,387 [INFO] PluginManager:220 - loadIPPluginJar : add ipddr
2025-06-22 10:24:38,462 [INFO] IPUIPlugin:80 - create IPUIPlugin
2025-06-22 10:24:38,462 [INFO] PluginManager:220 - loadIPPluginJar : add linkedlist
2025-06-22 10:24:38,493 [INFO] IPUIPlugin:80 - create IPUIPlugin
2025-06-22 10:24:38,493 [INFO] PluginManager:220 - loadIPPluginJar : add lorawan
2025-06-22 10:24:38,525 [INFO] IPUIPlugin:80 - create IPUIPlugin
2025-06-22 10:24:38,525 [INFO] PluginManager:220 - loadIPPluginJar : add ltdc
2025-06-22 10:24:38,541 [INFO] IPUIPlugin:80 - create IPUIPlugin
2025-06-22 10:24:38,541 [INFO] PluginManager:220 - loadIPPluginJar : add mdma
2025-06-22 10:24:38,552 [INFO] IPUIPlugin:80 - create IPUIPlugin
2025-06-22 10:24:38,552 [INFO] PluginManager:220 - loadIPPluginJar : add nvic
2025-06-22 10:24:38,589 [INFO] IPUIPlugin:80 - create IPUIPlugin
2025-06-22 10:24:38,589 [INFO] PluginManager:220 - loadIPPluginJar : add opamp
2025-06-22 10:24:38,636 [INFO] IPUIPlugin:80 - create IPUIPlugin
2025-06-22 10:24:38,636 [INFO] PluginManager:220 - loadIPPluginJar : add openamp
2025-06-22 10:24:38,684 [INFO] IPUIPlugin:80 - create IPUIPlugin
2025-06-22 10:24:38,684 [INFO] PluginManager:220 - loadIPPluginJar : add pdm2pcm
2025-06-22 10:24:38,698 [INFO] IPUIPlugin:80 - create IPUIPlugin
2025-06-22 10:24:38,698 [INFO] PluginManager:220 - loadIPPluginJar : add plateformsettings
2025-06-22 10:24:38,716 [INFO] IPUIPlugin:80 - create IPUIPlugin
2025-06-22 10:24:38,716 [INFO] PluginManager:220 - loadIPPluginJar : add quadspi
2025-06-22 10:24:38,732 [INFO] IPUIPlugin:80 - create IPUIPlugin
2025-06-22 10:24:38,743 [INFO] PluginManager:220 - loadIPPluginJar : add radio
2025-06-22 10:24:38,755 [INFO] IPUIPlugin:80 - create IPUIPlugin
2025-06-22 10:24:38,755 [INFO] PluginManager:220 - loadIPPluginJar : add resmgrutility
2025-06-22 10:24:38,791 [INFO] IPUIPlugin:80 - create IPUIPlugin
2025-06-22 10:24:38,791 [INFO] PluginManager:220 - loadIPPluginJar : add sai
2025-06-22 10:24:38,820 [INFO] IPUIPlugin:80 - create IPUIPlugin
2025-06-22 10:24:38,820 [INFO] PluginManager:220 - loadIPPluginJar : add spi
2025-06-22 10:24:38,869 [INFO] IPUIPlugin:80 - create IPUIPlugin
2025-06-22 10:24:38,869 [INFO] PluginManager:220 - loadIPPluginJar : add stm32_wpan
2025-06-22 10:24:38,890 [INFO] IPUIPlugin:80 - create IPUIPlugin
2025-06-22 10:24:38,890 [INFO] PluginManager:220 - loadIPPluginJar : add tim
2025-06-22 10:24:38,938 [INFO] IPUIPlugin:80 - create IPUIPlugin
2025-06-22 10:24:38,938 [INFO] PluginManager:220 - loadIPPluginJar : add touchsensing
2025-06-22 10:24:38,961 [INFO] IPUIPlugin:80 - create IPUIPlugin
2025-06-22 10:24:38,961 [INFO] PluginManager:220 - loadIPPluginJar : add tracer_emb
2025-06-22 10:24:38,991 [INFO] IPUIPlugin:80 - create IPUIPlugin
2025-06-22 10:24:38,991 [INFO] PluginManager:220 - loadIPPluginJar : add ts
2025-06-22 10:24:39,007 [INFO] IPUIPlugin:80 - create IPUIPlugin
2025-06-22 10:24:39,007 [INFO] PluginManager:220 - loadIPPluginJar : add tsc
2025-06-22 10:24:39,033 [INFO] IPUIPlugin:80 - create IPUIPlugin
2025-06-22 10:24:39,033 [INFO] PluginManager:220 - loadIPPluginJar : add ucpd
2025-06-22 10:24:39,069 [INFO] IPUIPlugin:80 - create IPUIPlugin
2025-06-22 10:24:39,069 [INFO] PluginManager:220 - loadIPPluginJar : add usart
2025-06-22 10:24:39,105 [INFO] IPUIPlugin:80 - create IPUIPlugin
2025-06-22 10:24:39,105 [INFO] PluginManager:220 - loadIPPluginJar : add usbx
2025-06-22 10:24:39,237 [INFO] CADModel:165 - CPN selected for project level
2025-06-22 10:24:39,237 [INFO] CADModel:114 - Register for checkConnection events
2025-06-22 10:24:39,237 [FATAL] Updater:334 - Updater called before beeing initialized
2025-06-22 10:24:39,237 [ERROR] CADModel:125 - Updater not yet initialized, retry later 
2025-06-22 10:24:39,413 [INFO] CADModel:165 - CPN selected for project level
2025-06-22 10:24:39,413 [INFO] CADModel:114 - Register for checkConnection events
2025-06-22 10:24:39,413 [FATAL] Updater:334 - Updater called before beeing initialized
2025-06-22 10:24:39,413 [ERROR] CADModel:125 - Updater not yet initialized, retry later 
2025-06-22 10:24:39,413 [FATAL] Updater:334 - Updater called before beeing initialized
2025-06-22 10:24:39,509 [FATAL] Updater:334 - Updater called before beeing initialized
2025-06-22 10:24:39,525 [INFO] DbMcusAds:53 - JSON generation date=Thu Jun 19 14:02:34 IST 2025 (1750321954384)
2025-06-22 10:24:39,525 [FATAL] Updater:334 - Updater called before beeing initialized
2025-06-22 10:24:39,557 [WARN] DetailPanel:346 - Failed to get advertising image, set to default
2025-06-22 10:24:39,668 [FATAL] Updater:334 - Updater called before beeing initialized
2025-06-22 10:24:39,668 [FATAL] Updater:334 - Updater called before beeing initialized
2025-06-22 10:24:39,668 [FATAL] Updater:334 - Updater called before beeing initialized
2025-06-22 10:24:39,668 [WARN] DetailPanel:346 - Failed to get advertising image, set to default
2025-06-22 10:24:39,668 [FATAL] Updater:334 - Updater called before beeing initialized
2025-06-22 10:24:39,744 [ERROR] Updater:1164 - MainUpdater not yet initialized. External WinMGr cannot be set.
2025-06-22 10:24:39,763 [INFO] Updater:1100 - Updater Version found : 6.12.0
2025-06-22 10:24:39,776 [INFO] ThirdPartyUpdaterWithRetryManager:70 - Updater plugin not ready yet. [2/15]
2025-06-22 10:24:39,776 [INFO] ApplicationProperties:184 - Using Application install path: C:\ST\STM32CubeIDE_1.16.0\STM32CubeIDE\plugins\com.st.stm32cube.common.mx_6.12.0.202406281431
2025-06-22 10:24:41,414 [ERROR] LogOutputStream:75 - [STDERR_REDIRECT] Jun 22, 2025 10:24:41 AM java.util.prefs.WindowsPreferences <init>
2025-06-22 10:24:41,416 [ERROR] LogOutputStream:75 - [STDERR_REDIRECT] WARNING: Could not open/create prefs root node Software\JavaSoft\Prefs at root 0xffffffff80000002. Windows RegCreateKeyEx(...) returned error code 5.
2025-06-22 10:24:41,416 [ERROR] LogOutputStream:75 - [STDERR_REDIRECT] 
2025-06-22 10:24:41,970 [INFO] MainUpdater:2873 - connection check result : 10
2025-06-22 10:24:41,970 [INFO] MainUpdater:290 - Updater Check For Update Now.
2025-06-22 10:24:41,970 [INFO] MicroXplorer:498 - Change Database Version : DB.6.0.120
2025-06-22 10:24:42,006 [INFO] McuFinderGlobals:63 - Set McuFinder mode to 2 (CubeIDE integrated)
2025-06-22 10:24:42,017 [INFO] UserAuth:417 - Internet connection configuration mode: 1
2025-06-22 10:24:42,072 [INFO] JxBrowserEngine:152 - Initiate JxBrowser Engine with user profile folder
2025-06-22 10:24:42,199 [INFO] CheckServerUpdateThread:120 - End of CheckServer Thread
2025-06-22 10:24:43,039 [WARN] PackLoader:240 - Cannot read IP mode file for STMicroelectronics.FP-SNS-MOTENVWB1.1.4.0
2025-06-22 10:24:43,054 [WARN] PackLoader:240 - Cannot read IP mode file for STMicroelectronics.X-CUBE-SMBUS.2.1.0
2025-06-22 10:24:43,070 [WARN] PackLoader:240 - Cannot read IP mode file for STMicroelectronics.X-CUBE-WB05N.1.1.0
2025-06-22 10:24:43,070 [ERROR] Engine:466 - C:\Users\nisha\.stm32cubemx\thirdparties\pdsc\STMicroelectronics.X-CUBE-ST60.1.0.0.pdsc: PDSC version is not supported
2025-06-22 10:24:43,102 [WARN] PackLoader:240 - Cannot read IP mode file for STMicroelectronics.X-CUBE-AZRTOS-F7.1.1.0
2025-06-22 10:24:43,171 [WARN] PackLoader:240 - Cannot read IP mode file for STMicroelectronics.X-CUBE-MEMS1.11.0.0
2025-06-22 10:24:43,260 [WARN] PackLoader:240 - Cannot read IP mode file for STMicroelectronics.FP-SNS-FLIGHT1.5.0.2
2025-06-22 10:24:43,286 [WARN] PackLoader:240 - Cannot read IP mode file for STMicroelectronics.X-CUBE-DISPLAY.3.0.0
2025-06-22 10:24:43,291 [WARN] PackLoader:240 - Cannot read IP mode file for STMicroelectronics.X-CUBE-BLE1.7.0.0
2025-06-22 10:24:43,307 [WARN] PackLoader:240 - Cannot read IP mode file for STMicroelectronics.X-CUBE-NFC10.1.0.0
2025-06-22 10:24:43,323 [WARN] PackLoader:240 - Cannot read IP mode file for emotas.I-CUBE-CANOPEN.1.3.0
2025-06-22 10:24:43,339 [WARN] PackLoader:240 - Cannot read IP mode file for STMicroelectronics.X-CUBE-BLEMGR.3.1.0
2025-06-22 10:24:43,355 [WARN] PackLoader:240 - Cannot read IP mode file for STMicroelectronics.FP-SNS-SMARTAG2.1.2.0
2025-06-22 10:24:43,378 [ERROR] Engine:466 - C:\Users\nisha\.stm32cubemx\thirdparties\pdsc\STMicroelectronics.FP-SNS-FLIGHT1.5.1.0.pdsc: PDSC version is not supported
2025-06-22 10:24:43,387 [INFO] LogOutputStream:77 - [STDOUT_REDIRECT] 1 : Invalid condition id : UX_CORESTACK_Condition cause : null
2025-06-22 10:24:43,387 [INFO] LogOutputStream:77 - [STDOUT_REDIRECT] 1 : Invalid condition id : UX_CORESTACK_Condition cause : null
2025-06-22 10:24:43,402 [INFO] LogOutputStream:77 - [STDOUT_REDIRECT] 1 : Invalid condition id : UX_CORESTACK_Condition cause : null
2025-06-22 10:24:43,402 [INFO] LogOutputStream:77 - [STDOUT_REDIRECT] 1 : Invalid condition id : UX_CORESTACK_Condition cause : null
2025-06-22 10:24:43,402 [INFO] LogOutputStream:77 - [STDOUT_REDIRECT] 1 : Invalid condition id : UX_CORESTACK_Condition cause : null
2025-06-22 10:24:43,402 [WARN] PackLoader:240 - Cannot read IP mode file for STMicroelectronics.X-CUBE-AZRTOS-WL.2.0.0
2025-06-22 10:24:43,418 [WARN] PackLoader:240 - Cannot read IP mode file for STMicroelectronics.FP-SNS-MOTENV1.5.0.0
2025-06-22 10:24:43,434 [WARN] PackLoader:240 - Cannot read IP mode file for wolfSSL.I-CUBE-wolfMQTT.1.19.0
2025-06-22 10:24:43,459 [WARN] PackLoader:240 - Cannot read IP mode file for WES.I-CUBE-Cesium.1.3.0
2025-06-22 10:24:43,481 [WARN] PackLoader:240 - Cannot read IP mode file for STMicroelectronics.X-CUBE-BLE2.3.3.0
2025-06-22 10:24:43,513 [WARN] PackLoader:240 - Cannot read IP mode file for STMicroelectronics.X-CUBE-NFC9.1.0.0
2025-06-22 10:24:43,528 [WARN] PackLoader:240 - Cannot read IP mode file for STMicroelectronics.X-CUBE-BLE1.7.1.0
2025-06-22 10:24:43,544 [WARN] PackLoader:240 - Cannot read IP mode file for STMicroelectronics.X-CUBE-TCPP.4.1.0
2025-06-22 10:24:43,560 [WARN] PackLoader:240 - Cannot read IP mode file for STMicroelectronics.X-CUBE-AI.10.1.0
2025-06-22 10:24:43,591 [WARN] PackLoader:240 - Cannot read IP mode file for STMicroelectronics.X-CUBE-AZRTOS-G0.1.1.0
2025-06-22 10:24:43,607 [WARN] PackLoader:240 - Cannot read IP mode file for STMicroelectronics.X-CUBE-SAFEA1.1.2.2
2025-06-22 10:24:43,622 [WARN] PackLoader:240 - Cannot read IP mode file for STMicroelectronics.X-CUBE-NFC4.3.0.0
2025-06-22 10:24:43,638 [WARN] PackLoader:240 - Cannot read IP mode file for EmbeddedOffice.I-CUBE-FS-RTOS.1.0.1
2025-06-22 10:24:43,638 [ERROR] ConditionMgr:805 - Attr not supported : Dmpu
2025-06-22 10:24:43,638 [ERROR] ConditionMgr:805 - Attr not supported : Dmpu
2025-06-22 10:24:43,638 [ERROR] ConditionMgr:805 - Attr not supported : Dmpu
2025-06-22 10:24:43,638 [ERROR] ConditionMgr:805 - Attr not supported : Dmpu
2025-06-22 10:24:43,638 [ERROR] ConditionMgr:805 - Attr not supported : Dmpu
2025-06-22 10:24:43,638 [ERROR] ConditionMgr:805 - Attr not supported : Dmpu
2025-06-22 10:24:43,638 [ERROR] ConditionMgr:805 - Attr not supported : Dmpu
2025-06-22 10:24:43,638 [ERROR] ConditionMgr:805 - Attr not supported : Dmpu
2025-06-22 10:24:43,638 [ERROR] ConditionMgr:805 - Attr not supported : Dmpu
2025-06-22 10:24:43,638 [ERROR] ConditionMgr:805 - Attr not supported : Dmpu
2025-06-22 10:24:43,638 [ERROR] ConditionMgr:805 - Attr not supported : Dmpu
2025-06-22 10:24:43,638 [ERROR] ConditionMgr:805 - Attr not supported : Dmpu
2025-06-22 10:24:43,638 [ERROR] ConditionMgr:805 - Attr not supported : Dmpu
2025-06-22 10:24:43,638 [ERROR] ConditionMgr:805 - Attr not supported : Dmpu
2025-06-22 10:24:43,638 [ERROR] ConditionMgr:805 - Attr not supported : Dmpu
2025-06-22 10:24:43,638 [ERROR] ConditionMgr:805 - Attr not supported : Dmpu
2025-06-22 10:24:43,638 [ERROR] ConditionMgr:805 - Attr not supported : Dmpu
2025-06-22 10:24:43,638 [ERROR] ConditionMgr:805 - Attr not supported : Dmpu
2025-06-22 10:24:43,638 [ERROR] ConditionMgr:805 - Attr not supported : Dmpu
2025-06-22 10:24:43,638 [ERROR] ConditionMgr:805 - Attr not supported : Dmpu
2025-06-22 10:24:43,638 [ERROR] ConditionMgr:805 - Attr not supported : Dmpu
2025-06-22 10:24:43,638 [ERROR] ConditionMgr:805 - Attr not supported : Dmpu
2025-06-22 10:24:43,638 [ERROR] ConditionMgr:805 - Attr not supported : Dmpu
2025-06-22 10:24:43,638 [ERROR] ConditionMgr:805 - Attr not supported : Dmpu
2025-06-22 10:24:43,638 [ERROR] ConditionMgr:805 - Attr not supported : Dmpu
2025-06-22 10:24:43,638 [ERROR] ConditionMgr:805 - Attr not supported : Dmpu
2025-06-22 10:24:43,638 [ERROR] ConditionMgr:805 - Attr not supported : Dmpu
2025-06-22 10:24:43,638 [ERROR] ConditionMgr:805 - Attr not supported : Dmpu
2025-06-22 10:24:43,638 [ERROR] ConditionMgr:805 - Attr not supported : Dmpu
2025-06-22 10:24:43,638 [ERROR] ConditionMgr:805 - Attr not supported : Dmpu
2025-06-22 10:24:43,638 [ERROR] ConditionMgr:805 - Attr not supported : Dmpu
2025-06-22 10:24:43,638 [ERROR] ConditionMgr:805 - Attr not supported : Dmpu
2025-06-22 10:24:43,638 [ERROR] ConditionMgr:805 - Attr not supported : Dmpu
2025-06-22 10:24:43,638 [ERROR] ConditionMgr:805 - Attr not supported : Dmpu
2025-06-22 10:24:43,638 [ERROR] ConditionMgr:805 - Attr not supported : Dmpu
2025-06-22 10:24:43,638 [ERROR] ConditionMgr:805 - Attr not supported : Dmpu
2025-06-22 10:24:43,638 [ERROR] ConditionMgr:805 - Attr not supported : Dmpu
2025-06-22 10:24:43,638 [ERROR] ConditionMgr:805 - Attr not supported : Dmpu
2025-06-22 10:24:43,638 [ERROR] ConditionMgr:805 - Attr not supported : Dmpu
2025-06-22 10:24:43,638 [ERROR] ConditionMgr:805 - Attr not supported : Dmpu
2025-06-22 10:24:43,638 [ERROR] ConditionMgr:805 - Attr not supported : Dmpu
2025-06-22 10:24:43,638 [ERROR] ConditionMgr:805 - Attr not supported : Dmpu
2025-06-22 10:24:43,638 [ERROR] ConditionMgr:805 - Attr not supported : Dmpu
2025-06-22 10:24:43,638 [ERROR] ConditionMgr:805 - Attr not supported : Dmpu
2025-06-22 10:24:43,638 [ERROR] ConditionMgr:805 - Attr not supported : Dmpu
2025-06-22 10:24:43,638 [ERROR] ConditionMgr:805 - Attr not supported : Dmpu
2025-06-22 10:24:43,638 [ERROR] ConditionMgr:805 - Attr not supported : Dmpu
2025-06-22 10:24:43,638 [ERROR] ConditionMgr:805 - Attr not supported : Dmpu
2025-06-22 10:24:43,638 [ERROR] ConditionMgr:805 - Attr not supported : Dmpu
2025-06-22 10:24:43,638 [ERROR] ConditionMgr:805 - Attr not supported : Dmpu
2025-06-22 10:24:43,638 [ERROR] ConditionMgr:805 - Attr not supported : Dmpu
2025-06-22 10:24:43,638 [ERROR] ConditionMgr:805 - Attr not supported : Dmpu
2025-06-22 10:24:43,638 [ERROR] ConditionMgr:805 - Attr not supported : Dmpu
2025-06-22 10:24:43,638 [ERROR] ConditionMgr:805 - Attr not supported : Dmpu
2025-06-22 10:24:43,638 [ERROR] ConditionMgr:805 - Attr not supported : Dmpu
2025-06-22 10:24:43,638 [ERROR] ConditionMgr:805 - Attr not supported : Dmpu
2025-06-22 10:24:43,638 [ERROR] ConditionMgr:805 - Attr not supported : Dmpu
2025-06-22 10:24:43,638 [ERROR] ConditionMgr:805 - Attr not supported : Dmpu
2025-06-22 10:24:43,638 [ERROR] ConditionMgr:805 - Attr not supported : Dmpu
2025-06-22 10:24:43,638 [ERROR] ConditionMgr:805 - Attr not supported : Dmpu
2025-06-22 10:24:43,638 [ERROR] ConditionMgr:805 - Attr not supported : Dmpu
2025-06-22 10:24:43,638 [ERROR] ConditionMgr:805 - Attr not supported : Dmpu
2025-06-22 10:24:43,638 [ERROR] ConditionMgr:805 - Attr not supported : Dmpu
2025-06-22 10:24:43,638 [ERROR] ConditionMgr:805 - Attr not supported : Dmpu
2025-06-22 10:24:43,654 [WARN] PackLoader:240 - Cannot read IP mode file for STMicroelectronics.X-CUBE-WB05N.2.0.0
2025-06-22 10:24:43,670 [ERROR] Engine:466 - C:\Users\nisha\.stm32cubemx\thirdparties\pdsc\STMicroelectronics.X-CUBE-TCPP.4.2.0.pdsc: PDSC version is not supported
2025-06-22 10:24:43,687 [WARN] PackLoader:240 - Cannot read IP mode file for RealThread.X-CUBE-RT-Thread_Nano.4.1.1
2025-06-22 10:24:43,701 [WARN] PackLoader:240 - Cannot read IP mode file for wolfSSL.I-CUBE-wolfSSL.5.7.0
2025-06-22 10:24:43,717 [WARN] PackLoader:240 - Cannot read IP mode file for STMicroelectronics.FP-ATR-SIGFOX1.3.2.0
2025-06-22 10:24:43,733 [WARN] ConditionMgr:438 - getConditionDescription Invalid condition id : Cortex-A Device cause : null
2025-06-22 10:24:43,765 [WARN] ConditionMgr:1039 - genDependencies : Invalid condition id : Cortex-A Device cause : null
2025-06-22 10:24:43,765 [WARN] ConditionMgr:1039 - genDependencies : Invalid condition id : Cortex-A Device cause : null
2025-06-22 10:24:43,765 [WARN] ConditionMgr:1039 - genDependencies : Invalid condition id : Cortex-A Device cause : null
2025-06-22 10:24:43,787 [WARN] PackLoader:240 - Cannot read IP mode file for STMicroelectronics.X-CUBE-EEPRMA1.5.1.0
2025-06-22 10:24:43,796 [WARN] PackLoader:240 - Cannot read IP mode file for ITTIA_DB.I-CUBE-ITTIADB.8.9.0
2025-06-22 10:24:43,812 [ERROR] Engine:466 - C:\Users\nisha\.stm32cubemx\thirdparties\pdsc\STMicroelectronics.X-CUBE-ST67W61.1.0.0.pdsc: PDSC version is not supported
2025-06-22 10:24:43,850 [WARN] PackLoader:240 - Cannot read IP mode file for SEGGER.I-CUBE-embOS.1.3.1
2025-06-22 10:24:43,891 [WARN] PackLoader:240 - Cannot read IP mode file for STMicroelectronics.X-CUBE-ALGOBUILD.1.4.0
2025-06-22 10:24:43,938 [WARN] PackLoader:240 - Cannot read IP mode file for STMicroelectronics.X-CUBE-MEMS1.11.3.0
2025-06-22 10:24:44,048 [WARN] PackLoader:240 - Cannot read IP mode file for STMicroelectronics.X-CUBE-AI.9.1.0
2025-06-22 10:24:44,087 [WARN] PackLoader:240 - Cannot read IP mode file for STMicroelectronics.X-CUBE-PM33A1.1.0.0
2025-06-22 10:24:44,111 [WARN] PackLoader:240 - Cannot read IP mode file for STMicroelectronics.X-CUBE-GNSS1.6.0.0
2025-06-22 10:24:44,142 [WARN] PackLoader:240 - Cannot read IP mode file for STMicroelectronics.X-CUBE-AZRTOS-F4.1.1.0
2025-06-22 10:24:44,142 [ERROR] Engine:466 - C:\Users\nisha\.stm32cubemx\thirdparties\pdsc\Avnet-IotConnect.X-CUBE-IoTC-DA16k-PMOD.1.0.0.pdsc: PDSC version is not supported
2025-06-22 10:24:44,158 [WARN] PackLoader:240 - Cannot read IP mode file for STMicroelectronics.X-CUBE-ISPU.2.1.0
2025-06-22 10:24:44,187 [WARN] PackLoader:240 - Cannot read IP mode file for STMicroelectronics.X-CUBE-FREERTOS.1.2.0
2025-06-22 10:24:44,206 [WARN] PackLoader:240 - Cannot read IP mode file for STMicroelectronics.X-CUBE-AZRTOS-L5.2.0.0
2025-06-22 10:24:44,216 [WARN] PackLoader:240 - Cannot read IP mode file for STMicroelectronics.X-CUBE-NFC6.3.1.0
2025-06-22 10:24:44,232 [WARN] PackLoader:240 - Cannot read IP mode file for STMicroelectronics.X-CUBE-DPower.1.2.0
2025-06-22 10:24:44,247 [WARN] PackLoader:240 - Cannot read IP mode file for STMicroelectronics.X-CUBE-AI.9.0.0
2025-06-22 10:24:44,263 [WARN] PackLoader:240 - Cannot read IP mode file for STMicroelectronics.X-CUBE-FREERTOS.1.3.1
2025-06-22 10:24:44,284 [WARN] PackLoader:240 - Cannot read IP mode file for STMicroelectronics.X-CUBE-NFC7.1.0.1
2025-06-22 10:24:44,294 [WARN] PackLoader:240 - Cannot read IP mode file for wolfSSL.I-CUBE-wolfTPM.3.2.0
2025-06-22 10:24:44,310 [WARN] PackLoader:240 - Cannot read IP mode file for STMicroelectronics.X-CUBE-DPower.1.3.0
2025-06-22 10:24:44,405 [WARN] ConditionMgr:438 - getConditionDescription Invalid condition id : LAN8742 Phy interface Condition cause : null
2025-06-22 10:24:44,405 [WARN] PackLoader:240 - Cannot read IP mode file for STMicroelectronics.X-CUBE-AZRTOS-L4.2.0.0
2025-06-22 10:24:44,405 [WARN] ConditionMgr:1039 - genDependencies : Invalid condition id : LAN8742 Phy interface Condition cause : null
2025-06-22 10:24:44,405 [WARN] ConditionMgr:1039 - genDependencies : Invalid condition id : LAN8742 Phy interface Condition cause : null
2025-06-22 10:24:44,411 [WARN] ConditionMgr:1039 - genDependencies : Invalid condition id : LAN8742 Phy interface Condition cause : null
2025-06-22 10:24:44,425 [WARN] PackLoader:240 - Cannot read IP mode file for STMicroelectronics.X-CUBE-SFXS2LP1.4.0.0
2025-06-22 10:24:44,454 [WARN] PackLoader:240 - Cannot read IP mode file for STMicroelectronics.X-CUBE-AZRTOS-H7.3.3.0
2025-06-22 10:24:44,468 [WARN] PackLoader:240 - Cannot read IP mode file for STMicroelectronics.X-CUBE-IPS.3.0.0
2025-06-22 10:24:44,578 [WARN] ConditionMgr:438 - getConditionDescription Invalid condition id : UX DEVICE CLASS RTOS Condition cause : null
2025-06-22 10:24:44,578 [WARN] ConditionMgr:438 - getConditionDescription Invalid condition id : UX DEVICE CLASS RTOS Condition cause : null
2025-06-22 10:24:44,578 [WARN] PackLoader:240 - Cannot read IP mode file for STMicroelectronics.X-CUBE-AZRTOS-WB.2.0.0
2025-06-22 10:24:44,578 [WARN] ConditionMgr:1039 - genDependencies : Invalid condition id : UX DEVICE CLASS RTOS Condition cause : null
2025-06-22 10:24:44,578 [WARN] ConditionMgr:1039 - genDependencies : Invalid condition id : UX DEVICE CLASS RTOS Condition cause : null
2025-06-22 10:24:44,578 [WARN] ConditionMgr:1039 - genDependencies : Invalid condition id : UX DEVICE CLASS RTOS Condition cause : null
2025-06-22 10:24:44,578 [WARN] ConditionMgr:1039 - genDependencies : Invalid condition id : UX DEVICE CLASS RTOS Condition cause : null
2025-06-22 10:24:44,578 [WARN] ConditionMgr:1039 - genDependencies : Invalid condition id : UX DEVICE CLASS RTOS Condition cause : null
2025-06-22 10:24:44,636 [WARN] PackLoader:240 - Cannot read IP mode file for STMicroelectronics.X-CUBE-GNSS1.7.0.0
2025-06-22 10:24:44,641 [WARN] PackLoader:240 - Cannot read IP mode file for STMicroelectronics.X-CUBE-GNSS1.7.0.1
2025-06-22 10:24:44,657 [WARN] PackLoader:240 - Cannot read IP mode file for STMicroelectronics.X-CUBE-TOUCHGFX.4.25.0
2025-06-22 10:24:44,689 [WARN] PackLoader:240 - Cannot read IP mode file for STMicroelectronics.FP-SNS-STBOX1.2.0.0
2025-06-22 10:24:44,705 [WARN] PackLoader:240 - Cannot read IP mode file for STMicroelectronics.X-CUBE-SUBG2.5.0.0
2025-06-22 10:24:44,736 [WARN] PackLoader:240 - Cannot read IP mode file for STMicroelectronics.X-CUBE-AZRTOS-H7RS.1.1.0
2025-06-22 10:24:44,752 [WARN] PackLoader:240 - Cannot read IP mode file for Cesanta.I-CUBE-Mongoose.7.13.0
2025-06-22 10:24:44,774 [WARN] PackLoader:240 - Cannot read IP mode file for STMicroelectronics.X-CUBE-AZRTOS-G4.2.0.0
2025-06-22 10:24:44,787 [WARN] PackLoader:240 - Cannot read IP mode file for STMicroelectronics.X-CUBE-NFC7.2.0.0
2025-06-22 10:24:44,802 [WARN] PackLoader:240 - Cannot read IP mode file for STMicroelectronics.X-CUBE-ISPU.2.0.0
2025-06-22 10:24:44,819 [ERROR] Engine:466 - C:\Users\nisha\.stm32cubemx\thirdparties\pdsc\STMicroelectronics.X-CUBE-IPS.3.1.0.pdsc: PDSC version is not supported
2025-06-22 10:24:44,850 [WARN] PackLoader:240 - Cannot read IP mode file for STMicroelectronics.X-CUBE-ALS.1.0.2
2025-06-22 10:24:44,927 [WARN] PackLoader:240 - Cannot read IP mode file for STMicroelectronics.X-CUBE-MEMS1.10.0.0
2025-06-22 10:24:45,063 [WARN] PackLoader:240 - Cannot read IP mode file for STMicroelectronics.X-CUBE-TOUCHGFX.4.24.0
2025-06-22 10:24:45,081 [WARN] PackLoader:240 - Cannot read IP mode file for STMicroelectronics.X-CUBE-TOUCHGFX.4.24.1
2025-06-22 10:24:45,097 [WARN] PackLoader:240 - Cannot read IP mode file for portGmbH.I-Cube-SoM-uGOAL.1.1.0
2025-06-22 10:24:45,112 [WARN] PackLoader:240 - Cannot read IP mode file for STMicroelectronics.X-CUBE-AZRTOS-H7RS.1.0.0
2025-06-22 10:24:45,138 [WARN] PackLoader:240 - Cannot read IP mode file for STMicroelectronics.FP-ATR-ASTRA1.2.0.0
2025-06-22 10:24:45,146 [WARN] PackLoader:240 - Cannot read IP mode file for STMicroelectronics.X-CUBE-TOF1.3.4.2
2025-06-22 10:24:45,175 [ERROR] Engine:466 - C:\Users\nisha\.stm32cubemx\thirdparties\pdsc\STMicroelectronics.X-CUBE-TOF1.3.4.3.pdsc: PDSC version is not supported
2025-06-22 10:24:45,207 [WARN] PackLoader:240 - Cannot read IP mode file for STMicroelectronics.X-CUBE-TOF1.3.4.1
2025-06-22 10:24:45,238 [WARN] PackLoader:240 - Cannot read IP mode file for STMicroelectronics.X-CUBE-AZRTOS-H7.3.2.0
2025-06-22 10:24:45,269 [WARN] PackLoader:240 - Cannot read IP mode file for Infineon.AIROC-Wi-Fi-Bluetooth-STM32.1.6.0
2025-06-22 10:24:45,269 [WARN] PackLoader:240 - Cannot read IP mode file for wolfSSL.I-CUBE-wolfSSH.1.4.17
2025-06-22 10:24:45,285 [INFO] ThirdParty:978 - Integrity check success = true
2025-06-22 10:24:45,285 [INFO] IntegrityCheckThread:100 - exiting critical section [integrity check]
2025-06-22 10:24:45,285 [INFO] IntegrityCheckThread:103 - End integrity checks thread
2025-06-22 10:24:45,713 [INFO] WebApp:167 - Instantiating new browser for Auth
2025-06-22 10:24:46,447 [INFO] WebApp:448 - Apply proxy settings
2025-06-22 10:24:46,447 [INFO] WebApp:533 - Chromium requires no authentication
2025-06-22 10:24:46,457 [INFO] WebApp:476 - Direct internet connection detected
2025-06-22 10:24:46,478 [INFO] WebApp:869 - Register for checkConnection events
2025-06-22 10:24:46,478 [INFO] WebApp:448 - Apply proxy settings
2025-06-22 10:24:46,478 [INFO] WebApp:533 - Chromium requires no authentication
2025-06-22 10:24:46,478 [INFO] WebApp:476 - Direct internet connection detected
2025-06-22 10:24:46,658 [INFO] WebApp:220 - Starting web application
2025-06-22 10:24:46,658 [INFO] WebApp:578 - Web application path used C:\ST\STM32CubeIDE_1.16.0\STM32CubeIDE\plugins\com.st.stm32cube.common.mx_6.12.0.202406281431\db\plugins\mcufinder\reactClient1\index.html
2025-06-22 10:24:46,829 [INFO] UserAuth:417 - Internet connection configuration mode: 1
2025-06-22 10:24:47,433 [INFO] WebApp:186 - Connection restablished
2025-06-22 10:44:47,194 [INFO] McuFinderGlobals:63 - Set McuFinder mode to 2 (CubeIDE integrated)
2025-06-22 10:44:47,223 [INFO] MainUpdater:2873 - connection check result : 10
2025-06-22 10:44:47,233 [INFO] MainUpdater:2873 - connection check result : 10
2025-06-22 10:44:47,476 [INFO] RulesReader:64 - Compatibility file has been processed (297 Rules)
2025-06-22 10:44:47,487 [INFO] RulesReader:64 - Compatibility file has been processed (297 Rules)
2025-06-22 10:44:47,506 [INFO] MicroXplorer:468 - Change Database Path : 
2025-06-22 10:44:47,506 [INFO] MicroXplorer:498 - Change Database Version : DB.6.0.120
2025-06-22 10:44:47,527 [WARN] ThirdParty:871 - waiting for thirdparty lock release [close project]
2025-06-22 10:44:47,527 [INFO] ThirdParty:873 - entering critical section [close project]
2025-06-22 10:44:47,528 [INFO] ThirdParty:883 - exiting critical section [close project]
2025-06-22 10:44:47,534 [INFO] PinOutPanel:1561 - setPackage(No Configuration,No Configuration)
2025-06-22 10:44:47,543 [INFO] UtilMem:75 - Begin LoadConfig() Used Memory: 785231400 Bytes (1073741824)
2025-06-22 10:44:47,547 [INFO] MicroXplorer:468 - Change Database Path : 
2025-06-22 10:44:47,547 [INFO] MicroXplorer:498 - Change Database Version : DB.6.0.120
2025-06-22 10:44:47,547 [INFO] OpenFileManager:332 - Change cursor
2025-06-22 10:44:47,628 [INFO] Mcu:2032 - Initializing MCU STM32F407V(E-G)Tx STM32F407VGTx STM32F407VGT6
2025-06-22 10:44:49,854 [INFO] Context:742 - Trying to add GPIOservice into a context  which must be forbidden
2025-06-22 10:44:50,501 [INFO] RtosManager:555 - Registered RTOS mode: class=CMSIS, group=RTOS, mode=CMSIS_V1, owner=FREERTOS
2025-06-22 10:44:50,502 [INFO] RtosManager:555 - Registered RTOS mode: class=CMSIS, group=RTOS2, mode=CMSIS_V2, owner=FREERTOS
2025-06-22 10:44:50,502 [INFO] RtosManager:555 - Registered RTOS mode: class=RTOS, group=Core, mode=CMSIS_V1, owner=FREERTOS
2025-06-22 10:44:50,502 [INFO] RtosManager:555 - Registered RTOS mode: class=RTOS, group=Core, mode=CMSIS_V2, owner=FREERTOS
2025-06-22 10:44:50,502 [WARN] ModelIntegratedComponent:184 - Missing modes for component STMicroelectronics:FreeRTOS:0.0.1:STMicroelectronics:RTOS:FreeRTOS:Core:::10.2.0:
2025-06-22 10:44:50,520 [WARN] ModelIntegratedComponent:63 - No mode defined for component null
2025-06-22 10:44:50,520 [WARN] ModelIntegratedComponent:63 - No mode defined for component null
2025-06-22 10:44:50,520 [WARN] ModelIntegratedComponent:63 - No mode defined for component null
2025-06-22 10:44:50,520 [WARN] ModelIntegratedComponent:63 - No mode defined for component null
2025-06-22 10:44:50,520 [WARN] ModelIntegratedComponent:63 - No mode defined for component null
2025-06-22 10:44:50,520 [WARN] ModelIntegratedComponent:63 - No mode defined for component null
2025-06-22 10:44:50,520 [WARN] ModelIntegratedComponent:63 - No mode defined for component null
2025-06-22 10:44:50,520 [WARN] ModelIntegratedComponent:63 - No mode defined for component null
2025-06-22 10:44:50,520 [WARN] ModelIntegratedComponent:63 - No mode defined for component null
2025-06-22 10:44:50,520 [WARN] ModelIntegratedComponent:63 - No mode defined for component null
2025-06-22 10:44:50,520 [WARN] ModelIntegratedComponent:63 - No mode defined for component null
2025-06-22 10:44:50,520 [WARN] ModelIntegratedComponent:63 - No mode defined for component null
2025-06-22 10:44:50,520 [WARN] ModelIntegratedComponent:63 - No mode defined for component null
2025-06-22 10:44:50,521 [WARN] ModelIntegratedComponent:63 - No mode defined for component null
2025-06-22 10:44:50,521 [WARN] ModelIntegratedComponent:63 - No mode defined for component null
2025-06-22 10:44:50,521 [WARN] ModelIntegratedComponent:63 - No mode defined for component null
2025-06-22 10:44:50,521 [WARN] ModelIntegratedComponent:63 - No mode defined for component null
2025-06-22 10:44:50,521 [WARN] ModelIntegratedComponent:63 - No mode defined for component null
2025-06-22 10:44:50,521 [WARN] ModelIntegratedComponent:63 - No mode defined for component null
2025-06-22 10:44:50,521 [WARN] ModelIntegratedComponent:63 - No mode defined for component null
2025-06-22 10:44:50,521 [WARN] ModelIntegratedComponent:63 - No mode defined for component null
2025-06-22 10:44:50,521 [WARN] ModelIntegratedComponent:63 - No mode defined for component null
2025-06-22 10:44:50,521 [WARN] ModelIntegratedComponent:63 - No mode defined for component null
2025-06-22 10:44:50,521 [WARN] ModelIntegratedComponent:63 - No mode defined for component null
2025-06-22 10:44:50,521 [WARN] ModelIntegratedComponent:63 - No mode defined for component null
2025-06-22 10:44:50,521 [WARN] ModelIntegratedComponent:63 - No mode defined for component null
2025-06-22 10:44:50,521 [WARN] ModelIntegratedComponent:63 - No mode defined for component null
2025-06-22 10:44:50,521 [WARN] ModelIntegratedComponent:63 - No mode defined for component null
2025-06-22 10:44:50,521 [WARN] ModelIntegratedComponent:63 - No mode defined for component null
2025-06-22 10:44:50,521 [WARN] ModelIntegratedComponent:63 - No mode defined for component null
2025-06-22 10:44:50,521 [WARN] ModelIntegratedComponent:63 - No mode defined for component null
2025-06-22 10:44:50,522 [WARN] ModelIntegratedComponent:63 - No mode defined for component null
2025-06-22 10:44:50,522 [WARN] ModelIntegratedComponent:63 - No mode defined for component null
2025-06-22 10:44:50,522 [WARN] ModelIntegratedComponent:63 - No mode defined for component null
2025-06-22 10:44:50,522 [WARN] ModelIntegratedComponent:63 - No mode defined for component null
2025-06-22 10:44:50,522 [WARN] ModelPack:524 - Component already loaded: STMicroelectronics:HAL Drivers:0.0.0:STMicroelectronics:Device:STMicro_Driver:XSPI:HAL::0.0.1:HAL_XSPI
2025-06-22 10:44:50,683 [INFO] ThirdPartyModel:298 - Start build external matchings
2025-06-22 10:44:51,173 [INFO] ThirdPartyModel:316 - End build external matchings
2025-06-22 10:44:51,639 [INFO] ApiDb:581 - Connected to CubeFinder SQLite database (C:\Users\nisha\.stmcufinder\plugins\mcufinder\mcu\cube-finder-db.db)
2025-06-22 10:44:51,747 [INFO] ApiDb:668 - CubeFinder database Data Model version=2.1
2025-06-22 10:44:51,748 [INFO] ApiDb:669 - CubeFinder database Configuration version=3.0.39
2025-06-22 10:44:51,749 [INFO] ApiDb:670 - CubeFinder database generation date=2025-06-16 (1750072209)
2025-06-22 10:44:51,749 [INFO] ApiDb:671 - CubeFinder database FW Pack versions=[FP-ATR-ASTRA1_V2.0.0, FP-SNS-FLIGHT1_V5.1.0, FP-SNS-MOTENV1_V5.0.0, FP-SNS-MOTENVWB1_V1.4.0, FP-SNS-SMARTAG2_V1.2.0, FP-SNS-STBOX1_V2.0.0, STM32Cube_FW_C0_V1.4.0, STM32Cube_FW_F4_V1.28.2, STM32Cube_FW_F7_V1.17.3, STM32Cube_FW_G0_V1.6.2, STM32Cube_FW_G4_V1.6.1, STM32Cube_FW_H5_V1.5.0, STM32Cube_FW_H7RS_V1.2.0, STM32Cube_FW_H7_V1.12.1, STM32Cube_FW_L0_V1.12.2, STM32Cube_FW_L4_V1.18.1, STM32Cube_FW_L5_V1.5.1, STM32Cube_FW_N6_V1.1.1, STM32Cube_FW_U0_V1.2.0, STM32Cube_FW_U3_V1.1.0, STM32Cube_FW_U5_V1.7.0, STM32Cube_FW_WB0_V1.2.0, STM32Cube_FW_WBA_V1.6.0, STM32Cube_FW_WB_V1.22.0, STM32Cube_FW_WL3_V1.1.0, STM32Cube_FW_WL_V1.3.1, X-CUBE-ALGOBUILD_V1.4.0, X-CUBE-ALS_V1.0.2, X-CUBE-AZRTOS-F4_V1.1.0, X-CUBE-AZRTOS-F7_V1.1.0, X-CUBE-AZRTOS-G0_V1.1.0, X-CUBE-AZRTOS-G4_V2.0.0, X-CUBE-AZRTOS-H7RS_V1.1.0, X-CUBE-AZRTOS-H7_V3.3.0, X-CUBE-AZRTOS-L4_V2.0.0, X-CUBE-AZRTOS-L5_V2.0.0, X-CUBE-AZRTOS-WB_V2.0.0, X-CUBE-AZRTOS-WL_V2.0.0, X-CUBE-BLE1_V7.1.0, X-CUBE-BLE2_V3.3.0, X-CUBE-BLEMGR_V4.0.0, X-CUBE-EEPRMA1_V5.1.0, X-CUBE-FREERTOS_V1.3.1, X-CUBE-GNSS1_V6.0.0, X-CUBE-MEMS1_V11.3.0, X-CUBE-NFC4_V3.0.0, X-CUBE-NFC7_V2.0.0, X-CUBE-SFXS2LP1_V4.0.0, X-CUBE-SUBG2_V5.0.0, X-CUBE-TOF1_V3.4.3]
2025-06-22 10:44:51,882 [INFO] DbBoardsSqlite:226 - include board P-NUCLEO-WB55-NUCLEO as a kit item of type 'Nucleo-64'
2025-06-22 10:44:51,882 [INFO] DbBoardsSqlite:226 - include board P-NUCLEO-WB55-USBDONGLE as a kit item of type 'Nucleo USB Dongle'
2025-06-22 10:44:51,883 [INFO] DbBoardsSqlite:226 - include board STEVAL-IDP005V1 as a kit item of type 'Evaluation Board'
2025-06-22 10:44:51,883 [INFO] DbBoardsSqlite:226 - include board STEVAL-IDP005V2 as a kit item of type 'Evaluation Board'
2025-06-22 10:44:52,292 [INFO] ApiDb:240 - Found 646 in-development CPN: [B-G473E-ZEST1S, B-WB1M-WPAN1, B-WL5M-SUBG1, NUCLEO-C031C6, NUCLEO-C071RB, NUCLEO-H503RB, NUCLEO-H533RE, NUCLEO-H563ZI, NUCLEO-H7S3L8, NUCLEO-U031R8, NUCLEO-U083RC, NUCLEO-U545RE-Q, NUCLEO-U5A5ZJ-Q, NUCLEO-WB05KZ, NUCLEO-WB07CC, NUCLEO-WB09KE, NUCLEO-WBA52CG, NUCLEO-WBA55CG, STEVAL-PROTEUS1, STEVAL-SMARTAG2, STEVAL-STWINBX1, STM320518-EVAL, STM32C0116-DK, STM32C011D6Y3TR, STM32C011D6Y6TR, STM32C011F4P3, STM32C011F4P6, STM32C011F4U3, STM32C011F4U6TR, STM32C011F6P3, STM32C011F6P6, STM32C011F6U3, STM32C011F6U6TR, STM32C011J4M3, STM32C011J4M6, STM32C011J6M3, STM32C011J6M6, STM32C0316-DK, STM32C031C4T3, STM32C031C4T6, STM32C031C4U3, STM32C031C4U6, STM32C031C6T3, STM32C031C6T6, STM32C031C6U3, STM32C031C6U6, STM32C031F4P3, STM32C031F4P6, STM32C031F6P3, STM32C031F6P6, STM32C031G4U3, STM32C031G4U6, STM32C031G6U3, STM32C031G6U6, STM32C031K4T3, STM32C031K4T6, STM32C031K4U3, STM32C031K4U6, STM32C031K6T3, STM32C031K6T6, STM32C031K6U3, STM32C031K6U6, STM32C071C8T6, STM32C071C8T6N, STM32C071C8U6, STM32C071C8U6N, STM32C071CBT6, STM32C071CBT6N, STM32C071CBU6, STM32C071CBU6N, STM32C071F8P6, STM32C071F8P6N, STM32C071FBP6, STM32C071FBP6N, STM32C071FBY6TR, STM32C071G8U6, STM32C071G8U6N, STM32C071GBU6, STM32C071GBU6N, STM32C071K8T6, STM32C071K8T6N, STM32C071K8U6, STM32C071K8U6N, STM32C071KBT6, STM32C071KBT6N, STM32C071KBU6, STM32C071KBU6N, STM32C071R8T6, STM32C071R8T6N, STM32C071RBI6N, STM32C071RBT6, STM32C071RBT6N, STM32G071K8TXN, STM32G071K8UXN, STM32G081GBU6N, STM32G081KBT6N, STM32G081KBUXN, STM32G0B1CCT6N, STM32G0B1KCT6, STM32G0B1NEY6TR, STM32G0B1RCT6N, STM32G0C1CCT6, STM32G0C1CCT6N, STM32G0C1CCU6N, STM32G0C1CET6N, STM32G0C1CEU6N, STM32G0C1KCT6, STM32G0C1NEY6TR, STM32G0C1RCI6N, STM32G0C1RCT6N, STM32G0C1REI6N, STM32G0C1RET6N, STM32G0C1VCI6, STM32G0C1VEI6, STM32G411C6T3, STM32G411C6T6, STM32G411C6U3, STM32G411C6U6, STM32G411C8T3, STM32G411C8T6, STM32G411C8U3, STM32G411C8U6, STM32G411CBT3, STM32G411CBT6, STM32G411CBU3, STM32G411CBU6, STM32G411K6T3, STM32G411K6T6, STM32G411K6U3, STM32G411K6U6, STM32G411K8T3, STM32G411K8T6, STM32G411K8U3, STM32G411K8U6, STM32G411KBT3, STM32G411KBT6, STM32G411KBU3, STM32G411KBU6, STM32G411M6T3, STM32G411M6T6, STM32G411M8T3, STM32G411M8T6, STM32G411MBT3, STM32G411MBT6, STM32G411R6T3, STM32G411R6T6, STM32G411R8T3, STM32G411R8T6, STM32G411RBT3, STM32G411RBT6, STM32G414CBT3, STM32G414CBT6, STM32G414CBU3, STM32G414CBU6, STM32G414CCT3, STM32G414CCT6, STM32G414CCU3, STM32G414CCU6, STM32G414MBT3, STM32G414MBT6, STM32G414MCT3, STM32G414MCT6, STM32G414RBT3, STM32G414RBT6, STM32G414RCT3, STM32G414RCT6, STM32G414VBT3, STM32G414VBT6, STM32G414VCT3, STM32G414VCT6, STM32G431CBT3Z, STM32G431RBT3Z, STM32G471CCT6, STM32G471CCU6, STM32G471CET3, STM32G471CET6, STM32G471CEU3, STM32G471CEU6, STM32G471MCT6, STM32G471MET3, STM32G471MET6, STM32G471MEY6TR, STM32G471QCT6, STM32G471QET3, STM32G471RCT6, STM32G471RET3, STM32G471RET6, STM32G471VCH6, STM32G471VCI6, STM32G471VCT6, STM32G471VEH3, STM32G471VEH6, STM32G471VEI3, STM32G471VEI6, STM32G471VET3, STM32G471VET6, STM32G473QET3Z, STM32G473RET3Z, STM32G474CCT6, STM32G491RET3Z, STM32H503CBT6, STM32H503CBU6, STM32H503EBY6TR, STM32H503KBU6, STM32H503RBT6, STM32H523CCT6, STM32H523CCU6, STM32H523CET6, STM32H523CEU6, STM32H523HEY6TR, STM32H523RCT6, STM32H523RET6, STM32H523VCI6, STM32H523VCT6, STM32H523VEI6, STM32H523VET6, STM32H523ZCJ6, STM32H523ZCT6, STM32H523ZEJ6, STM32H523ZET6, STM32H533CET6, STM32H533CEU6, STM32H533HEY6TR, STM32H533RET6, STM32H533VEI6, STM32H533VET6, STM32H533ZEJ6, STM32H533ZET6, STM32H562AGI6, STM32H562AII6, STM32H562IGK6, STM32H562IGT6, STM32H562IIK6, STM32H562IIT6, STM32H562RGT6, STM32H562RGV6, STM32H562RIT6, STM32H562RIV6, STM32H562VGT6, STM32H562VIT6, STM32H562ZGT6, STM32H562ZIT6, STM32H563AGI6, STM32H563AII3Q, STM32H563AII6, STM32H563IGK6, STM32H563IGT6, STM32H563IIK3Q, STM32H563IIK6, STM32H563IIT3Q, STM32H563IIT6, STM32H563MIY3QTR, STM32H563RGT6, STM32H563RGV6, STM32H563RIT6, STM32H563RIV6, STM32H563VGT6, STM32H563VIT3Q, STM32H563VIT6, STM32H563ZGT6, STM32H563ZIT3Q, STM32H563ZIT6, STM32H573AII3Q, STM32H573AII6, STM32H573I-DK, STM32H573IIK3Q, STM32H573IIK6, STM32H573IIT3Q, STM32H573IIT6, STM32H573MIY3QTR, STM32H573RIT6, STM32H573RIV6, STM32H573VIT3Q, STM32H573VIT6, STM32H573ZIT3Q, STM32H573ZIT6, STM32H7R3A8I6, STM32H7R3I8K6, STM32H7R3I8T6, STM32H7R3L8H6, STM32H7R3L8H6H, STM32H7R3R8V6, STM32H7R3V8H6, STM32H7R3V8T6, STM32H7R3V8Y6TR, STM32H7R3Z8J6, STM32H7R3Z8T6, STM32H7R7A8I6, STM32H7R7I8K6, STM32H7R7I8T6, STM32H7R7L8H6, STM32H7R7L8H6H, STM32H7R7Z8J6, STM32H7S3A8I6, STM32H7S3I8K6, STM32H7S3I8T6, STM32H7S3L8H6, STM32H7S3L8H6H, STM32H7S3R8V6, STM32H7S3V8H6, STM32H7S3V8T6, STM32H7S3V8Y6TR, STM32H7S3Z8J6, STM32H7S3Z8T6, STM32H7S78-DK, STM32H7S7A8I6, STM32H7S7I8K6, STM32H7S7I8T6, STM32H7S7L8H6, STM32H7S7L8H6H, STM32H7S7Z8J6, STM32L4R5QGI6STR, STM32MP131AAE3, STM32MP131AAF3, STM32MP131AAG3, STM32MP131CAE3, STM32MP131CAF3, STM32MP131CAG3, STM32MP131DAE7, STM32MP131DAF7, STM32MP131DAG7, STM32MP131FAE7, STM32MP131FAF7, STM32MP131FAG7, STM32MP133AAE3, STM32MP133AAF3, STM32MP133AAG3, STM32MP133CAE3, STM32MP133CAF3, STM32MP133CAG3, STM32MP133DAE7, STM32MP133DAF7, STM32MP133DAG7, STM32MP133FAE7, STM32MP133FAF7, STM32MP133FAG7, STM32MP135AAE3, STM32MP135AAF3, STM32MP135AAG3, STM32MP135CAE3, STM32MP135CAF3, STM32MP135CAG3, STM32MP135DAE7, STM32MP135DAF7, STM32MP135DAG7, STM32MP135F-DK, STM32MP135FAE7, STM32MP135FAF7, STM32MP135FAF7T, STM32MP135FAF7U, STM32MP135FAG7, STM32MP251AAI3, STM32MP251AAK3, STM32MP251AAL3, STM32MP251CAI3, STM32MP251CAK3, STM32MP251CAL3, STM32MP251DAI3, STM32MP251DAK3, STM32MP251DAL3, STM32MP251FAI3, STM32MP251FAK3, STM32MP251FAL3, STM32MP253AAI3, STM32MP253AAK3, STM32MP253AAL3, STM32MP253CAI3, STM32MP253CAK3, STM32MP253CAL3, STM32MP253DAI3, STM32MP253DAK3, STM32MP253DAL3, STM32MP253FAI3, STM32MP253FAK3, STM32MP253FAL3, STM32MP255AAI3, STM32MP255AAK3, STM32MP255AAL3, STM32MP255CAI3, STM32MP255CAK3, STM32MP255CAL3, STM32MP255DAI3, STM32MP255DAK3, STM32MP255DAL3, STM32MP255FAI3, STM32MP255FAK3, STM32MP255FAL3, STM32MP257AAI3, STM32MP257AAK3, STM32MP257AAL3, STM32MP257CAI3, STM32MP257CAK3, STM32MP257CAL3, STM32MP257DAI3, STM32MP257DAK3, STM32MP257DAL3, STM32MP257F-DK, STM32MP257F-EV1, STM32MP257FAI3, STM32MP257FAK3, STM32MP257FAL3, STM32U031C6T6, STM32U031C6U6, STM32U031C8T6, STM32U031C8U6, STM32U031F4P6, STM32U031F6P6, STM32U031F8P6, STM32U031G6Y6TR, STM32U031G8Y6TR, STM32U031K4U6, STM32U031K6U6, STM32U031K8U6, STM32U031R6I6, STM32U031R6T6, STM32U031R8I6, STM32U031R8T6, STM32U073C8T6, STM32U073C8U6, STM32U073CBT6, STM32U073CBU6, STM32U073CCT6, STM32U073CCU6, STM32U073H8Y6TR, STM32U073HBY6TR, STM32U073HCY6TR, STM32U073K8U6, STM32U073KBU6, STM32U073KCU6, STM32U073M8I6, STM32U073M8T6, STM32U073MBI6, STM32U073MBT6, STM32U073MCI6, STM32U073MCT6, STM32U073R8I6, STM32U073R8T6, STM32U073RBI6, STM32U073RBT6, STM32U073RCI6, STM32U073RCT6, STM32U083C-DK, STM32U083CCT6, STM32U083CCU6, STM32U083HCY6TR, STM32U083KCU6, STM32U083MCI6, STM32U083MCT6, STM32U083RCI6, STM32U083RCT6, STM32U535CBT6, STM32U535CBT6Q, STM32U535CBU6, STM32U535CBU6Q, STM32U535CCT6, STM32U535CCT6Q, STM32U535CCU6, STM32U535CCU6Q, STM32U535CET6, STM32U535CET6Q, STM32U535CEU6, STM32U535CEU6Q, STM32U535JEY6QTR, STM32U535NCY6QTR, STM32U535NEY6QTR, STM32U535RBI6, STM32U535RBI6Q, STM32U535RBT6, STM32U535RBT6Q, STM32U535RCI6, STM32U535RCI6Q, STM32U535RCT6, STM32U535RCT6Q, STM32U535REI6, STM32U535REI6Q, STM32U535RET6, STM32U535RET6Q, STM32U535VCI6, STM32U535VCI6Q, STM32U535VCT6, STM32U535VCT6Q, STM32U535VEI6, STM32U535VEI6Q, STM32U535VET6, STM32U535VET6Q, STM32U545CET6, STM32U545CET6Q, STM32U545CEU6, STM32U545CEU6Q, STM32U545JEY6QTR, STM32U545NEY6QTR, STM32U545REI6, STM32U545REI6Q, STM32U545RET6, STM32U545RET6Q, STM32U545VEI6, STM32U545VEI6Q, STM32U545VET6, STM32U545VET6Q, STM32U595AIH6, STM32U595AIH6Q, STM32U595AJH6, STM32U595AJH6Q, STM32U595QII6, STM32U595QII6Q, STM32U595QJI6, STM32U595QJI6Q, STM32U595RIT6, STM32U595RIT6Q, STM32U595RJT6, STM32U595RJT6Q, STM32U595VIT6, STM32U595VIT6Q, STM32U595VJT6, STM32U595VJT6Q, STM32U595ZIT6, STM32U595ZIT6Q, STM32U595ZIY6QTR, STM32U595ZJT6, STM32U595ZJT6Q, STM32U595ZJY6QTR, STM32U599BJY6QTR, STM32U599NIH6Q, STM32U599NJH6Q, STM32U599VIT6Q, STM32U599VJT6, STM32U599VJT6Q, STM32U599ZIT6Q, STM32U599ZIY6QTR, STM32U599ZJT6Q, STM32U599ZJY6QTR, STM32U5A5AJH6, STM32U5A5AJH6Q, STM32U5A5QII3Q , STM32U5A5QJI6, STM32U5A5QJI6Q, STM32U5A5RJT6, STM32U5A5RJT6Q, STM32U5A5VJT6, STM32U5A5VJT6Q, STM32U5A5ZJT6, STM32U5A5ZJT6Q, STM32U5A5ZJY6QTR, STM32U5A9BJY6QTR, STM32U5A9J-DK, STM32U5A9NJH6Q, STM32U5A9VJT6Q, STM32U5A9ZJT6Q, STM32U5A9ZJY6QTR, STM32U5F7VIT6, STM32U5F7VIT6Q, STM32U5F7VJT6, STM32U5F7VJT6Q, STM32U5F9BJY6QTR, STM32U5F9NJH6Q, STM32U5F9VIT6Q, STM32U5F9VJT6Q, STM32U5F9ZIJ6QTR, STM32U5F9ZIT6Q, STM32U5F9ZJJ6QTR, STM32U5F9ZJT6Q, STM32U5G7VJT6, STM32U5G7VJT6Q, STM32U5G9BJY6QTR, STM32U5G9J-DK1, STM32U5G9J-DK2, STM32U5G9NJH6Q, STM32U5G9VJT6Q, STM32U5G9ZJJ6QTR, STM32U5G9ZJT6Q, STM32WB05KZV6TR, STM32WB05KZV7TR, STM32WB05TZF6TR, STM32WB05TZF7TR, STM32WB06CCF6TR, STM32WB06CCF7TR, STM32WB06CCV6TR, STM32WB06CCV7TR, STM32WB06KCV6TR, STM32WB06KCV7TR, STM32WB07CCF6TR, STM32WB07CCF7TR, STM32WB07CCV6TR, STM32WB07CCV7TR, STM32WB07KCV6TR, STM32WB07KCV7TR, STM32WB09KEV6TR, STM32WB09KEV7TR, STM32WB09TEF6TR, STM32WB09TEF7TR, STM32WB1MMCH6, STM32WBA50KGU6, STM32WBA50KGU6TR, STM32WBA52CEU6, STM32WBA52CEU6TR, STM32WBA52CEU7, STM32WBA52CEU7TR, STM32WBA52CGU6, STM32WBA52CGU6TR, STM32WBA52CGU6U, STM32WBA52CGU7, STM32WBA52CGU7TR, STM32WBA52KEU6, STM32WBA52KEU6TR, STM32WBA52KGU6, STM32WBA52KGU6TR, STM32WBA54CEU6, STM32WBA54CEU6TR, STM32WBA54CEU7, STM32WBA54CEU7TR, STM32WBA54CGU6, STM32WBA54CGU6TR, STM32WBA54CGU7, STM32WBA54CGU7TR, STM32WBA54KEU6, STM32WBA54KEU6TR, STM32WBA54KEU7, STM32WBA54KEU7TR, STM32WBA54KGU6, STM32WBA54KGU6TR, STM32WBA54KGU7, STM32WBA54KGU7TR, STM32WBA55CEU6, STM32WBA55CEU6TR, STM32WBA55CEU7, STM32WBA55CEU7TR, STM32WBA55CGU6, STM32WBA55CGU6TR, STM32WBA55CGU6U, STM32WBA55CGU7, STM32WBA55CGU7TR, STM32WBA55G-DK1, STM32WBA55HEF6, STM32WBA55HEF7, STM32WBA55HGF6, STM32WBA55HGF7, STM32WBA55UEI6, STM32WBA55UEI6TR, STM32WBA55UEI7, STM32WBA55UEI7TR, STM32WBA55UGI6, STM32WBA55UGI6TR, STM32WBA55UGI7, STM32WBA55UGI7TR, STM32WL5MOCH6, STM32WL5MOCH6TR]
2025-06-22 10:44:52,350 [INFO] BoardInfo:889 - No configuration file found for board B-WBA5M-WPAN
2025-06-22 10:44:52,351 [INFO] DbBoards:161 - Board is not supported: B-WBA5M-WPAN
2025-06-22 10:44:52,354 [INFO] BoardInfo:889 - No configuration file found for board NUCLEO-C051C8
2025-06-22 10:44:52,354 [INFO] DbBoards:161 - Board is not supported: NUCLEO-C051C8
2025-06-22 10:44:52,356 [INFO] BoardInfo:889 - No configuration file found for board NUCLEO-C092RC
2025-06-22 10:44:52,356 [INFO] DbBoards:161 - Board is not supported: NUCLEO-C092RC
2025-06-22 10:44:52,423 [INFO] BoardInfo:889 - No configuration file found for board NUCLEO-N657X0-Q
2025-06-22 10:44:52,424 [INFO] DbBoards:161 - Board is not supported: NUCLEO-N657X0-Q
2025-06-22 10:44:52,426 [INFO] BoardInfo:889 - No configuration file found for board NUCLEO-U385RG-Q
2025-06-22 10:44:52,427 [INFO] DbBoards:161 - Board is not supported: NUCLEO-U385RG-Q
2025-06-22 10:44:52,437 [INFO] BoardInfo:889 - No configuration file found for board NUCLEO-WBA65RI
2025-06-22 10:44:52,438 [INFO] DbBoards:161 - Board is not supported: NUCLEO-WBA65RI
2025-06-22 10:44:52,438 [INFO] BoardInfo:889 - No configuration file found for board NUCLEO-WL33CC1
2025-06-22 10:44:52,439 [INFO] DbBoards:161 - Board is not supported: NUCLEO-WL33CC1
2025-06-22 10:44:52,440 [INFO] BoardInfo:889 - No configuration file found for board NUCLEO-WL33CC2
2025-06-22 10:44:52,440 [INFO] DbBoards:161 - Board is not supported: NUCLEO-WL33CC2
2025-06-22 10:44:52,445 [INFO] BoardInfo:889 - No configuration file found for board P-NUCLEO-WB55
2025-06-22 10:44:52,445 [INFO] DbBoards:161 - Kit is not supported: P-NUCLEO-WB55
2025-06-22 10:44:52,449 [INFO] BoardInfo:889 - No configuration file found for board STEVAL-BFA001V1B
2025-06-22 10:44:52,450 [INFO] DbBoards:161 - Kit is not supported: STEVAL-BFA001V1B
2025-06-22 10:44:52,450 [INFO] BoardInfo:889 - No configuration file found for board STEVAL-BFA001V2B
2025-06-22 10:44:52,451 [INFO] DbBoards:161 - Kit is not supported: STEVAL-BFA001V2B
2025-06-22 10:44:52,543 [INFO] BoardInfo:889 - No configuration file found for board STM32N6570-DK
2025-06-22 10:44:52,544 [INFO] DbBoards:161 - Board is not supported: STM32N6570-DK
2025-06-22 10:44:52,553 [INFO] BoardInfo:889 - No configuration file found for board STM32WBA65I-DK1
2025-06-22 10:44:52,553 [INFO] DbBoards:161 - Board is not supported: STM32WBA65I-DK1
2025-06-22 10:44:52,553 [INFO] DbBoards:168 - Found 211 boards, 198 are supported
2025-06-22 10:44:52,553 [INFO] DbBoards:169 - Found 211 boards, 25 of them is supported for  Bsp
2025-06-22 10:44:52,556 [INFO] ApiDb:668 - CubeFinder database Data Model version=2.1
2025-06-22 10:44:52,556 [INFO] ApiDb:669 - CubeFinder database Configuration version=3.0.39
2025-06-22 10:44:52,556 [INFO] ApiDb:670 - CubeFinder database generation date=2025-06-16 (1750072209)
2025-06-22 10:44:52,556 [INFO] ApiDb:671 - CubeFinder database FW Pack versions=[FP-ATR-ASTRA1_V2.0.0, FP-SNS-FLIGHT1_V5.1.0, FP-SNS-MOTENV1_V5.0.0, FP-SNS-MOTENVWB1_V1.4.0, FP-SNS-SMARTAG2_V1.2.0, FP-SNS-STBOX1_V2.0.0, STM32Cube_FW_C0_V1.4.0, STM32Cube_FW_F4_V1.28.2, STM32Cube_FW_F7_V1.17.3, STM32Cube_FW_G0_V1.6.2, STM32Cube_FW_G4_V1.6.1, STM32Cube_FW_H5_V1.5.0, STM32Cube_FW_H7RS_V1.2.0, STM32Cube_FW_H7_V1.12.1, STM32Cube_FW_L0_V1.12.2, STM32Cube_FW_L4_V1.18.1, STM32Cube_FW_L5_V1.5.1, STM32Cube_FW_N6_V1.1.1, STM32Cube_FW_U0_V1.2.0, STM32Cube_FW_U3_V1.1.0, STM32Cube_FW_U5_V1.7.0, STM32Cube_FW_WB0_V1.2.0, STM32Cube_FW_WBA_V1.6.0, STM32Cube_FW_WB_V1.22.0, STM32Cube_FW_WL3_V1.1.0, STM32Cube_FW_WL_V1.3.1, X-CUBE-ALGOBUILD_V1.4.0, X-CUBE-ALS_V1.0.2, X-CUBE-AZRTOS-F4_V1.1.0, X-CUBE-AZRTOS-F7_V1.1.0, X-CUBE-AZRTOS-G0_V1.1.0, X-CUBE-AZRTOS-G4_V2.0.0, X-CUBE-AZRTOS-H7RS_V1.1.0, X-CUBE-AZRTOS-H7_V3.3.0, X-CUBE-AZRTOS-L4_V2.0.0, X-CUBE-AZRTOS-L5_V2.0.0, X-CUBE-AZRTOS-WB_V2.0.0, X-CUBE-AZRTOS-WL_V2.0.0, X-CUBE-BLE1_V7.1.0, X-CUBE-BLE2_V3.3.0, X-CUBE-BLEMGR_V4.0.0, X-CUBE-EEPRMA1_V5.1.0, X-CUBE-FREERTOS_V1.3.1, X-CUBE-GNSS1_V6.0.0, X-CUBE-MEMS1_V11.3.0, X-CUBE-NFC4_V3.0.0, X-CUBE-NFC7_V2.0.0, X-CUBE-SFXS2LP1_V4.0.0, X-CUBE-SUBG2_V5.0.0, X-CUBE-TOF1_V3.4.3]
2025-06-22 10:44:54,020 [INFO] ApiDb:240 - Found 646 in-development CPN: [B-G473E-ZEST1S, B-WB1M-WPAN1, B-WL5M-SUBG1, NUCLEO-C031C6, NUCLEO-C071RB, NUCLEO-H503RB, NUCLEO-H533RE, NUCLEO-H563ZI, NUCLEO-H7S3L8, NUCLEO-U031R8, NUCLEO-U083RC, NUCLEO-U545RE-Q, NUCLEO-U5A5ZJ-Q, NUCLEO-WB05KZ, NUCLEO-WB07CC, NUCLEO-WB09KE, NUCLEO-WBA52CG, NUCLEO-WBA55CG, STEVAL-PROTEUS1, STEVAL-SMARTAG2, STEVAL-STWINBX1, STM320518-EVAL, STM32C0116-DK, STM32C011D6Y3TR, STM32C011D6Y6TR, STM32C011F4P3, STM32C011F4P6, STM32C011F4U3, STM32C011F4U6TR, STM32C011F6P3, STM32C011F6P6, STM32C011F6U3, STM32C011F6U6TR, STM32C011J4M3, STM32C011J4M6, STM32C011J6M3, STM32C011J6M6, STM32C0316-DK, STM32C031C4T3, STM32C031C4T6, STM32C031C4U3, STM32C031C4U6, STM32C031C6T3, STM32C031C6T6, STM32C031C6U3, STM32C031C6U6, STM32C031F4P3, STM32C031F4P6, STM32C031F6P3, STM32C031F6P6, STM32C031G4U3, STM32C031G4U6, STM32C031G6U3, STM32C031G6U6, STM32C031K4T3, STM32C031K4T6, STM32C031K4U3, STM32C031K4U6, STM32C031K6T3, STM32C031K6T6, STM32C031K6U3, STM32C031K6U6, STM32C071C8T6, STM32C071C8T6N, STM32C071C8U6, STM32C071C8U6N, STM32C071CBT6, STM32C071CBT6N, STM32C071CBU6, STM32C071CBU6N, STM32C071F8P6, STM32C071F8P6N, STM32C071FBP6, STM32C071FBP6N, STM32C071FBY6TR, STM32C071G8U6, STM32C071G8U6N, STM32C071GBU6, STM32C071GBU6N, STM32C071K8T6, STM32C071K8T6N, STM32C071K8U6, STM32C071K8U6N, STM32C071KBT6, STM32C071KBT6N, STM32C071KBU6, STM32C071KBU6N, STM32C071R8T6, STM32C071R8T6N, STM32C071RBI6N, STM32C071RBT6, STM32C071RBT6N, STM32G071K8TXN, STM32G071K8UXN, STM32G081GBU6N, STM32G081KBT6N, STM32G081KBUXN, STM32G0B1CCT6N, STM32G0B1KCT6, STM32G0B1NEY6TR, STM32G0B1RCT6N, STM32G0C1CCT6, STM32G0C1CCT6N, STM32G0C1CCU6N, STM32G0C1CET6N, STM32G0C1CEU6N, STM32G0C1KCT6, STM32G0C1NEY6TR, STM32G0C1RCI6N, STM32G0C1RCT6N, STM32G0C1REI6N, STM32G0C1RET6N, STM32G0C1VCI6, STM32G0C1VEI6, STM32G411C6T3, STM32G411C6T6, STM32G411C6U3, STM32G411C6U6, STM32G411C8T3, STM32G411C8T6, STM32G411C8U3, STM32G411C8U6, STM32G411CBT3, STM32G411CBT6, STM32G411CBU3, STM32G411CBU6, STM32G411K6T3, STM32G411K6T6, STM32G411K6U3, STM32G411K6U6, STM32G411K8T3, STM32G411K8T6, STM32G411K8U3, STM32G411K8U6, STM32G411KBT3, STM32G411KBT6, STM32G411KBU3, STM32G411KBU6, STM32G411M6T3, STM32G411M6T6, STM32G411M8T3, STM32G411M8T6, STM32G411MBT3, STM32G411MBT6, STM32G411R6T3, STM32G411R6T6, STM32G411R8T3, STM32G411R8T6, STM32G411RBT3, STM32G411RBT6, STM32G414CBT3, STM32G414CBT6, STM32G414CBU3, STM32G414CBU6, STM32G414CCT3, STM32G414CCT6, STM32G414CCU3, STM32G414CCU6, STM32G414MBT3, STM32G414MBT6, STM32G414MCT3, STM32G414MCT6, STM32G414RBT3, STM32G414RBT6, STM32G414RCT3, STM32G414RCT6, STM32G414VBT3, STM32G414VBT6, STM32G414VCT3, STM32G414VCT6, STM32G431CBT3Z, STM32G431RBT3Z, STM32G471CCT6, STM32G471CCU6, STM32G471CET3, STM32G471CET6, STM32G471CEU3, STM32G471CEU6, STM32G471MCT6, STM32G471MET3, STM32G471MET6, STM32G471MEY6TR, STM32G471QCT6, STM32G471QET3, STM32G471RCT6, STM32G471RET3, STM32G471RET6, STM32G471VCH6, STM32G471VCI6, STM32G471VCT6, STM32G471VEH3, STM32G471VEH6, STM32G471VEI3, STM32G471VEI6, STM32G471VET3, STM32G471VET6, STM32G473QET3Z, STM32G473RET3Z, STM32G474CCT6, STM32G491RET3Z, STM32H503CBT6, STM32H503CBU6, STM32H503EBY6TR, STM32H503KBU6, STM32H503RBT6, STM32H523CCT6, STM32H523CCU6, STM32H523CET6, STM32H523CEU6, STM32H523HEY6TR, STM32H523RCT6, STM32H523RET6, STM32H523VCI6, STM32H523VCT6, STM32H523VEI6, STM32H523VET6, STM32H523ZCJ6, STM32H523ZCT6, STM32H523ZEJ6, STM32H523ZET6, STM32H533CET6, STM32H533CEU6, STM32H533HEY6TR, STM32H533RET6, STM32H533VEI6, STM32H533VET6, STM32H533ZEJ6, STM32H533ZET6, STM32H562AGI6, STM32H562AII6, STM32H562IGK6, STM32H562IGT6, STM32H562IIK6, STM32H562IIT6, STM32H562RGT6, STM32H562RGV6, STM32H562RIT6, STM32H562RIV6, STM32H562VGT6, STM32H562VIT6, STM32H562ZGT6, STM32H562ZIT6, STM32H563AGI6, STM32H563AII3Q, STM32H563AII6, STM32H563IGK6, STM32H563IGT6, STM32H563IIK3Q, STM32H563IIK6, STM32H563IIT3Q, STM32H563IIT6, STM32H563MIY3QTR, STM32H563RGT6, STM32H563RGV6, STM32H563RIT6, STM32H563RIV6, STM32H563VGT6, STM32H563VIT3Q, STM32H563VIT6, STM32H563ZGT6, STM32H563ZIT3Q, STM32H563ZIT6, STM32H573AII3Q, STM32H573AII6, STM32H573I-DK, STM32H573IIK3Q, STM32H573IIK6, STM32H573IIT3Q, STM32H573IIT6, STM32H573MIY3QTR, STM32H573RIT6, STM32H573RIV6, STM32H573VIT3Q, STM32H573VIT6, STM32H573ZIT3Q, STM32H573ZIT6, STM32H7R3A8I6, STM32H7R3I8K6, STM32H7R3I8T6, STM32H7R3L8H6, STM32H7R3L8H6H, STM32H7R3R8V6, STM32H7R3V8H6, STM32H7R3V8T6, STM32H7R3V8Y6TR, STM32H7R3Z8J6, STM32H7R3Z8T6, STM32H7R7A8I6, STM32H7R7I8K6, STM32H7R7I8T6, STM32H7R7L8H6, STM32H7R7L8H6H, STM32H7R7Z8J6, STM32H7S3A8I6, STM32H7S3I8K6, STM32H7S3I8T6, STM32H7S3L8H6, STM32H7S3L8H6H, STM32H7S3R8V6, STM32H7S3V8H6, STM32H7S3V8T6, STM32H7S3V8Y6TR, STM32H7S3Z8J6, STM32H7S3Z8T6, STM32H7S78-DK, STM32H7S7A8I6, STM32H7S7I8K6, STM32H7S7I8T6, STM32H7S7L8H6, STM32H7S7L8H6H, STM32H7S7Z8J6, STM32L4R5QGI6STR, STM32MP131AAE3, STM32MP131AAF3, STM32MP131AAG3, STM32MP131CAE3, STM32MP131CAF3, STM32MP131CAG3, STM32MP131DAE7, STM32MP131DAF7, STM32MP131DAG7, STM32MP131FAE7, STM32MP131FAF7, STM32MP131FAG7, STM32MP133AAE3, STM32MP133AAF3, STM32MP133AAG3, STM32MP133CAE3, STM32MP133CAF3, STM32MP133CAG3, STM32MP133DAE7, STM32MP133DAF7, STM32MP133DAG7, STM32MP133FAE7, STM32MP133FAF7, STM32MP133FAG7, STM32MP135AAE3, STM32MP135AAF3, STM32MP135AAG3, STM32MP135CAE3, STM32MP135CAF3, STM32MP135CAG3, STM32MP135DAE7, STM32MP135DAF7, STM32MP135DAG7, STM32MP135F-DK, STM32MP135FAE7, STM32MP135FAF7, STM32MP135FAF7T, STM32MP135FAF7U, STM32MP135FAG7, STM32MP251AAI3, STM32MP251AAK3, STM32MP251AAL3, STM32MP251CAI3, STM32MP251CAK3, STM32MP251CAL3, STM32MP251DAI3, STM32MP251DAK3, STM32MP251DAL3, STM32MP251FAI3, STM32MP251FAK3, STM32MP251FAL3, STM32MP253AAI3, STM32MP253AAK3, STM32MP253AAL3, STM32MP253CAI3, STM32MP253CAK3, STM32MP253CAL3, STM32MP253DAI3, STM32MP253DAK3, STM32MP253DAL3, STM32MP253FAI3, STM32MP253FAK3, STM32MP253FAL3, STM32MP255AAI3, STM32MP255AAK3, STM32MP255AAL3, STM32MP255CAI3, STM32MP255CAK3, STM32MP255CAL3, STM32MP255DAI3, STM32MP255DAK3, STM32MP255DAL3, STM32MP255FAI3, STM32MP255FAK3, STM32MP255FAL3, STM32MP257AAI3, STM32MP257AAK3, STM32MP257AAL3, STM32MP257CAI3, STM32MP257CAK3, STM32MP257CAL3, STM32MP257DAI3, STM32MP257DAK3, STM32MP257DAL3, STM32MP257F-DK, STM32MP257F-EV1, STM32MP257FAI3, STM32MP257FAK3, STM32MP257FAL3, STM32U031C6T6, STM32U031C6U6, STM32U031C8T6, STM32U031C8U6, STM32U031F4P6, STM32U031F6P6, STM32U031F8P6, STM32U031G6Y6TR, STM32U031G8Y6TR, STM32U031K4U6, STM32U031K6U6, STM32U031K8U6, STM32U031R6I6, STM32U031R6T6, STM32U031R8I6, STM32U031R8T6, STM32U073C8T6, STM32U073C8U6, STM32U073CBT6, STM32U073CBU6, STM32U073CCT6, STM32U073CCU6, STM32U073H8Y6TR, STM32U073HBY6TR, STM32U073HCY6TR, STM32U073K8U6, STM32U073KBU6, STM32U073KCU6, STM32U073M8I6, STM32U073M8T6, STM32U073MBI6, STM32U073MBT6, STM32U073MCI6, STM32U073MCT6, STM32U073R8I6, STM32U073R8T6, STM32U073RBI6, STM32U073RBT6, STM32U073RCI6, STM32U073RCT6, STM32U083C-DK, STM32U083CCT6, STM32U083CCU6, STM32U083HCY6TR, STM32U083KCU6, STM32U083MCI6, STM32U083MCT6, STM32U083RCI6, STM32U083RCT6, STM32U535CBT6, STM32U535CBT6Q, STM32U535CBU6, STM32U535CBU6Q, STM32U535CCT6, STM32U535CCT6Q, STM32U535CCU6, STM32U535CCU6Q, STM32U535CET6, STM32U535CET6Q, STM32U535CEU6, STM32U535CEU6Q, STM32U535JEY6QTR, STM32U535NCY6QTR, STM32U535NEY6QTR, STM32U535RBI6, STM32U535RBI6Q, STM32U535RBT6, STM32U535RBT6Q, STM32U535RCI6, STM32U535RCI6Q, STM32U535RCT6, STM32U535RCT6Q, STM32U535REI6, STM32U535REI6Q, STM32U535RET6, STM32U535RET6Q, STM32U535VCI6, STM32U535VCI6Q, STM32U535VCT6, STM32U535VCT6Q, STM32U535VEI6, STM32U535VEI6Q, STM32U535VET6, STM32U535VET6Q, STM32U545CET6, STM32U545CET6Q, STM32U545CEU6, STM32U545CEU6Q, STM32U545JEY6QTR, STM32U545NEY6QTR, STM32U545REI6, STM32U545REI6Q, STM32U545RET6, STM32U545RET6Q, STM32U545VEI6, STM32U545VEI6Q, STM32U545VET6, STM32U545VET6Q, STM32U595AIH6, STM32U595AIH6Q, STM32U595AJH6, STM32U595AJH6Q, STM32U595QII6, STM32U595QII6Q, STM32U595QJI6, STM32U595QJI6Q, STM32U595RIT6, STM32U595RIT6Q, STM32U595RJT6, STM32U595RJT6Q, STM32U595VIT6, STM32U595VIT6Q, STM32U595VJT6, STM32U595VJT6Q, STM32U595ZIT6, STM32U595ZIT6Q, STM32U595ZIY6QTR, STM32U595ZJT6, STM32U595ZJT6Q, STM32U595ZJY6QTR, STM32U599BJY6QTR, STM32U599NIH6Q, STM32U599NJH6Q, STM32U599VIT6Q, STM32U599VJT6, STM32U599VJT6Q, STM32U599ZIT6Q, STM32U599ZIY6QTR, STM32U599ZJT6Q, STM32U599ZJY6QTR, STM32U5A5AJH6, STM32U5A5AJH6Q, STM32U5A5QII3Q , STM32U5A5QJI6, STM32U5A5QJI6Q, STM32U5A5RJT6, STM32U5A5RJT6Q, STM32U5A5VJT6, STM32U5A5VJT6Q, STM32U5A5ZJT6, STM32U5A5ZJT6Q, STM32U5A5ZJY6QTR, STM32U5A9BJY6QTR, STM32U5A9J-DK, STM32U5A9NJH6Q, STM32U5A9VJT6Q, STM32U5A9ZJT6Q, STM32U5A9ZJY6QTR, STM32U5F7VIT6, STM32U5F7VIT6Q, STM32U5F7VJT6, STM32U5F7VJT6Q, STM32U5F9BJY6QTR, STM32U5F9NJH6Q, STM32U5F9VIT6Q, STM32U5F9VJT6Q, STM32U5F9ZIJ6QTR, STM32U5F9ZIT6Q, STM32U5F9ZJJ6QTR, STM32U5F9ZJT6Q, STM32U5G7VJT6, STM32U5G7VJT6Q, STM32U5G9BJY6QTR, STM32U5G9J-DK1, STM32U5G9J-DK2, STM32U5G9NJH6Q, STM32U5G9VJT6Q, STM32U5G9ZJJ6QTR, STM32U5G9ZJT6Q, STM32WB05KZV6TR, STM32WB05KZV7TR, STM32WB05TZF6TR, STM32WB05TZF7TR, STM32WB06CCF6TR, STM32WB06CCF7TR, STM32WB06CCV6TR, STM32WB06CCV7TR, STM32WB06KCV6TR, STM32WB06KCV7TR, STM32WB07CCF6TR, STM32WB07CCF7TR, STM32WB07CCV6TR, STM32WB07CCV7TR, STM32WB07KCV6TR, STM32WB07KCV7TR, STM32WB09KEV6TR, STM32WB09KEV7TR, STM32WB09TEF6TR, STM32WB09TEF7TR, STM32WB1MMCH6, STM32WBA50KGU6, STM32WBA50KGU6TR, STM32WBA52CEU6, STM32WBA52CEU6TR, STM32WBA52CEU7, STM32WBA52CEU7TR, STM32WBA52CGU6, STM32WBA52CGU6TR, STM32WBA52CGU6U, STM32WBA52CGU7, STM32WBA52CGU7TR, STM32WBA52KEU6, STM32WBA52KEU6TR, STM32WBA52KGU6, STM32WBA52KGU6TR, STM32WBA54CEU6, STM32WBA54CEU6TR, STM32WBA54CEU7, STM32WBA54CEU7TR, STM32WBA54CGU6, STM32WBA54CGU6TR, STM32WBA54CGU7, STM32WBA54CGU7TR, STM32WBA54KEU6, STM32WBA54KEU6TR, STM32WBA54KEU7, STM32WBA54KEU7TR, STM32WBA54KGU6, STM32WBA54KGU6TR, STM32WBA54KGU7, STM32WBA54KGU7TR, STM32WBA55CEU6, STM32WBA55CEU6TR, STM32WBA55CEU7, STM32WBA55CEU7TR, STM32WBA55CGU6, STM32WBA55CGU6TR, STM32WBA55CGU6U, STM32WBA55CGU7, STM32WBA55CGU7TR, STM32WBA55G-DK1, STM32WBA55HEF6, STM32WBA55HEF7, STM32WBA55HGF6, STM32WBA55HGF7, STM32WBA55UEI6, STM32WBA55UEI6TR, STM32WBA55UEI7, STM32WBA55UEI7TR, STM32WBA55UGI6, STM32WBA55UGI6TR, STM32WBA55UGI7, STM32WBA55UGI7TR, STM32WL5MOCH6, STM32WL5MOCH6TR]
2025-06-22 10:44:54,023 [INFO] DbMcus:218 - Found 4657 MCUs, 4657 are supported
2025-06-22 10:44:54,024 [INFO] ApiDb:423 - Load user favorites file C:\Users\nisha/.stm32cubeide/favorites.mcus.txt: 0 item(s)
2025-06-22 10:44:54,024 [INFO] ApiDb:427 - User favorites MCUs=[]
2025-06-22 10:44:54,024 [INFO] DbMcus:224 - Set 0 / 0 favorites MCUs
2025-06-22 10:44:54,357 [INFO] ApiDb:423 - Load user favorites file C:\Users\nisha/.stm32cubeide/favorites.boards.txt: 1 item(s)
2025-06-22 10:44:54,357 [INFO] ApiDb:427 - User favorites Boards=[STM32F407G-DISC1]
2025-06-22 10:44:54,357 [INFO] DbBoards:198 - Set 1 / 1 favorites Boards
2025-06-22 10:44:54,441 [INFO] UtilMem:75 - End LoadConfig() Used Memory: 666636608 Bytes (1073741824)
2025-06-22 10:44:54,590 [WARN] ThirdParty:833 - waiting for thirdparty lock release [change project]
2025-06-22 10:44:54,590 [INFO] ThirdParty:835 - entering critical section [change project]
2025-06-22 10:44:54,590 [INFO] ThirdParty:1030 - CMSIS Pack Vendor :STMicroelectronics X-CUBE-PM33A1 1.0.0
2025-06-22 10:44:54,590 [INFO] ThirdParty:1030 - CMSIS Pack Vendor :STMicroelectronics USBPD 4.1
2025-06-22 10:44:54,590 [INFO] ThirdParty:1030 - CMSIS Pack Vendor :STMicroelectronics X-CUBE-AZRTOS-H7 3.3.0
2025-06-22 10:44:54,590 [INFO] ThirdParty:1030 - CMSIS Pack Vendor :STMicroelectronics X-CUBE-NFC9 1.0.0
2025-06-22 10:44:54,590 [INFO] ThirdParty:1030 - CMSIS Pack Vendor :STMicroelectronics X-CUBE-GNSS1 6.0.0
2025-06-22 10:44:54,590 [INFO] ThirdParty:1030 - CMSIS Pack Vendor :STMicroelectronics USB_HOST 2.0.0
2025-06-22 10:44:54,590 [INFO] ThirdParty:1030 - CMSIS Pack Vendor :STMicroelectronics FP-SNS-MOTENVWB1 1.4.0
2025-06-22 10:44:54,590 [INFO] ThirdParty:1030 - CMSIS Pack Vendor :STMicroelectronics X-CUBE-AZRTOS-F4 1.1.0
2025-06-22 10:44:54,590 [INFO] ThirdParty:1030 - CMSIS Pack Vendor :STMicroelectronics LIBJPEG 8.0.0
2025-06-22 10:44:54,590 [INFO] ThirdParty:1030 - CMSIS Pack Vendor :STMicroelectronics X-CUBE-BLE1 7.1.0
2025-06-22 10:44:54,590 [INFO] ThirdParty:1030 - CMSIS Pack Vendor :STMicroelectronics X-CUBE-SMBUS 2.1.0
2025-06-22 10:44:54,590 [INFO] ThirdParty:1030 - CMSIS Pack Vendor :STMicroelectronics X-CUBE-WB05N 1.1.0
2025-06-22 10:44:54,590 [INFO] ThirdParty:1030 - CMSIS Pack Vendor :STMicroelectronics USB_DEVICE 3.0.0
2025-06-22 10:44:54,590 [INFO] ThirdParty:1030 - CMSIS Pack Vendor :STMicroelectronics X-CUBE-TCPP 4.1.0
2025-06-22 10:44:54,590 [INFO] ThirdParty:1030 - CMSIS Pack Vendor :STMicroelectronics X-CUBE-ISPU 2.1.0
2025-06-22 10:44:54,590 [INFO] ThirdParty:1030 - CMSIS Pack Vendor :STMicroelectronics X-CUBE-FREERTOS 1.2.0
2025-06-22 10:44:54,590 [INFO] ThirdParty:1030 - CMSIS Pack Vendor :STMicroelectronics X-CUBE-IPS 3.0.0
2025-06-22 10:44:54,590 [INFO] ThirdParty:1030 - CMSIS Pack Vendor :STMicroelectronics X-CUBE-AZRTOS-WB 2.0.0
2025-06-22 10:44:54,590 [INFO] ThirdParty:1030 - CMSIS Pack Vendor :STMicroelectronics X-CUBE-GNSS1 7.0.0
2025-06-22 10:44:54,590 [INFO] ThirdParty:1030 - CMSIS Pack Vendor :STMicroelectronics X-CUBE-GNSS1 7.0.1
2025-06-22 10:44:54,590 [INFO] ThirdParty:1030 - CMSIS Pack Vendor :STMicroelectronics X-CUBE-AZRTOS-F7 1.1.0
2025-06-22 10:44:54,591 [INFO] ThirdParty:1030 - CMSIS Pack Vendor :STMicroelectronics X-CUBE-AZRTOS-L5 2.0.0
2025-06-22 10:44:54,591 [INFO] ThirdParty:1030 - CMSIS Pack Vendor :STMicroelectronics X-CUBE-TOUCHGFX 4.25.0
2025-06-22 10:44:54,591 [INFO] ThirdParty:1030 - CMSIS Pack Vendor :STMicroelectronics USB_DEVICE 2.0.0
2025-06-22 10:44:54,591 [INFO] ThirdParty:1030 - CMSIS Pack Vendor :STMicroelectronics X-CUBE-NFC6 3.1.0
2025-06-22 10:44:54,591 [INFO] ThirdParty:1030 - CMSIS Pack Vendor :STMicroelectronics X-CUBE-AI 10.1.0
2025-06-22 10:44:54,591 [INFO] ThirdParty:1030 - CMSIS Pack Vendor :STMicroelectronics FP-SNS-STBOX1 2.0.0
2025-06-22 10:44:54,591 [INFO] ThirdParty:1030 - CMSIS Pack Vendor :STMicroelectronics X-CUBE-MEMS1 11.0.0
2025-06-22 10:44:54,591 [INFO] ThirdParty:1030 - CMSIS Pack Vendor :STMicroelectronics FreeRTOS 0.0.1
2025-06-22 10:44:54,591 [INFO] ThirdParty:1030 - CMSIS Pack Vendor :STMicroelectronics X-CUBE-AZRTOS-G0 1.1.0
2025-06-22 10:44:54,591 [INFO] ThirdParty:1030 - CMSIS Pack Vendor :STMicroelectronics X-CUBE-SAFEA1 1.2.2
2025-06-22 10:44:54,591 [INFO] ThirdParty:1030 - CMSIS Pack Vendor :STMicroelectronics X-CUBE-NFC4 3.0.0
2025-06-22 10:44:54,591 [INFO] ThirdParty:1030 - CMSIS Pack Vendor :STMicroelectronics X-CUBE-DPower 1.2.0
2025-06-22 10:44:54,591 [INFO] ThirdParty:1030 - CMSIS Pack Vendor :STMicroelectronics X-CUBE-SUBG2 5.0.0
2025-06-22 10:44:54,591 [INFO] ThirdParty:1030 - CMSIS Pack Vendor :STMicroelectronics X-CUBE-AZRTOS-H7RS 1.1.0
2025-06-22 10:44:54,591 [INFO] ThirdParty:1030 - CMSIS Pack Vendor :STMicroelectronics STM32_WPAN 1.0.0
2025-06-22 10:44:54,591 [INFO] ThirdParty:1030 - CMSIS Pack Vendor :EmbeddedOffice I-CUBE-FS-RTOS 1.0.1
2025-06-22 10:44:54,591 [INFO] ThirdParty:1030 - CMSIS Pack Vendor :STMicroelectronics lwIP 2.0.3
2025-06-22 10:44:54,591 [INFO] ThirdParty:1030 - CMSIS Pack Vendor :STMicroelectronics FP-SNS-FLIGHT1 5.0.2
2025-06-22 10:44:54,591 [INFO] ThirdParty:1030 - CMSIS Pack Vendor :Cesanta I-CUBE-Mongoose 7.13.0
2025-06-22 10:44:54,591 [INFO] ThirdParty:1030 - CMSIS Pack Vendor :STMicroelectronics USB_HOST 1.0.0
2025-06-22 10:44:54,592 [INFO] ThirdParty:1030 - CMSIS Pack Vendor :STMicroelectronics X-CUBE-AI 9.0.0
2025-06-22 10:44:54,592 [INFO] ThirdParty:1030 - CMSIS Pack Vendor :STMicroelectronics X-CUBE-AZRTOS-G4 2.0.0
2025-06-22 10:44:54,592 [INFO] ThirdParty:1030 - CMSIS Pack Vendor :STMicroelectronics X-CUBE-WB05N 2.0.0
2025-06-22 10:44:54,592 [INFO] ThirdParty:1030 - CMSIS Pack Vendor :STMicroelectronics PDM2PCM 3.1.0
2025-06-22 10:44:54,592 [INFO] ThirdParty:1030 - CMSIS Pack Vendor :STMicroelectronics PDM2PCM 3.3.0
2025-06-22 10:44:54,592 [INFO] ThirdParty:1030 - CMSIS Pack Vendor :STMicroelectronics X-CUBE-DISPLAY 3.0.0
2025-06-22 10:44:54,592 [INFO] ThirdParty:1030 - CMSIS Pack Vendor :STMicroelectronics X-CUBE-NFC7 2.0.0
2025-06-22 10:44:54,592 [INFO] ThirdParty:1030 - CMSIS Pack Vendor :RealThread X-CUBE-RT-Thread_Nano 4.1.1
2025-06-22 10:44:54,592 [INFO] ThirdParty:1030 - CMSIS Pack Vendor :wolfSSL I-CUBE-wolfSSL 5.7.0
2025-06-22 10:44:54,592 [INFO] ThirdParty:1030 - CMSIS Pack Vendor :STMicroelectronics X-CUBE-BLE1 7.0.0
2025-06-22 10:44:54,592 [INFO] ThirdParty:1030 - CMSIS Pack Vendor :STMicroelectronics FP-ATR-SIGFOX1 3.2.0
2025-06-22 10:44:54,592 [INFO] ThirdParty:1030 - CMSIS Pack Vendor :STMicroelectronics X-CUBE-NFC10 1.0.0
2025-06-22 10:44:54,592 [INFO] ThirdParty:1030 - CMSIS Pack Vendor :quantropi X-CUBE-qispace-sdk-base 1.9.3
2025-06-22 10:44:54,592 [INFO] ThirdParty:1030 - CMSIS Pack Vendor :STMicroelectronics X-CUBE-ISPU 2.0.0
2025-06-22 10:44:54,592 [INFO] ThirdParty:1030 - CMSIS Pack Vendor :STMicroelectronics X-CUBE-EEPRMA1 5.1.0
2025-06-22 10:44:54,592 [INFO] ThirdParty:1030 - CMSIS Pack Vendor :STMicroelectronics X-CUBE-FREERTOS 1.3.1
2025-06-22 10:44:54,592 [INFO] ThirdParty:1030 - CMSIS Pack Vendor :STMicroelectronics HAL Drivers 0.0.0
2025-06-22 10:44:54,592 [INFO] ThirdParty:1030 - CMSIS Pack Vendor :STMicroelectronics MBEDTLS 2.16.2
2025-06-22 10:44:54,592 [INFO] ThirdParty:1030 - CMSIS Pack Vendor :STMicroelectronics X-CUBE-ALS 1.0.2
2025-06-22 10:44:54,592 [INFO] ThirdParty:1030 - CMSIS Pack Vendor :emotas I-CUBE-CANOPEN 1.3.0
2025-06-22 10:44:54,592 [INFO] ThirdParty:1030 - CMSIS Pack Vendor :STMicroelectronics X-CUBE-MEMS1 10.0.0
2025-06-22 10:44:54,592 [INFO] ThirdParty:1030 - CMSIS Pack Vendor :STMicroelectronics X-CUBE-NFC7 1.0.1
2025-06-22 10:44:54,593 [INFO] ThirdParty:1030 - CMSIS Pack Vendor :STMicroelectronics MBEDTLS 2.14.1
2025-06-22 10:44:54,593 [INFO] ThirdParty:1030 - CMSIS Pack Vendor :STMicroelectronics X-CUBE-TOUCHGFX 4.24.0
2025-06-22 10:44:54,593 [INFO] ThirdParty:1030 - CMSIS Pack Vendor :ITTIA_DB I-CUBE-ITTIADB 8.9.0
2025-06-22 10:44:54,593 [INFO] ThirdParty:1030 - CMSIS Pack Vendor :wolfSSL I-CUBE-wolfTPM 3.2.0
2025-06-22 10:44:54,593 [INFO] ThirdParty:1030 - CMSIS Pack Vendor :STMicroelectronics X-CUBE-TOUCHGFX 4.24.1
2025-06-22 10:44:54,593 [INFO] ThirdParty:1030 - CMSIS Pack Vendor :portGmbH I-Cube-SoM-uGOAL 1.1.0
2025-06-22 10:44:54,593 [INFO] ThirdParty:1030 - CMSIS Pack Vendor :STMicroelectronics X-CUBE-BLEMGR 3.1.0
2025-06-22 10:44:54,593 [INFO] ThirdParty:1030 - CMSIS Pack Vendor :STMicroelectronics ThreadX 1.0.0
2025-06-22 10:44:54,593 [INFO] ThirdParty:1030 - CMSIS Pack Vendor :STMicroelectronics FP-SNS-SMARTAG2 1.2.0
2025-06-22 10:44:54,593 [INFO] ThirdParty:1030 - CMSIS Pack Vendor :STMicroelectronics X-CUBE-AZRTOS-WL 2.0.0
2025-06-22 10:44:54,593 [INFO] ThirdParty:1030 - CMSIS Pack Vendor :SEGGER I-CUBE-embOS 1.3.1
2025-06-22 10:44:54,593 [INFO] ThirdParty:1030 - CMSIS Pack Vendor :STMicroelectronics X-CUBE-ALGOBUILD 1.4.0
2025-06-22 10:44:54,593 [INFO] ThirdParty:1030 - CMSIS Pack Vendor :STMicroelectronics X-CUBE-DPower 1.3.0
2025-06-22 10:44:54,593 [INFO] ThirdParty:1030 - CMSIS Pack Vendor :STMicroelectronics X-CUBE-MEMS1 11.3.0
2025-06-22 10:44:54,593 [INFO] ThirdParty:1030 - CMSIS Pack Vendor :STMicroelectronics FP-SNS-MOTENV1 5.0.0
2025-06-22 10:44:54,593 [INFO] ThirdParty:1030 - CMSIS Pack Vendor :STMicroelectronics USB_DEVICE 1.0.0
2025-06-22 10:44:54,593 [INFO] ThirdParty:1030 - CMSIS Pack Vendor :STMicroelectronics X-CUBE-AZRTOS-H7RS 1.0.0
2025-06-22 10:44:54,593 [INFO] ThirdParty:1030 - CMSIS Pack Vendor :wolfSSL I-CUBE-wolfMQTT 1.19.0
2025-06-22 10:44:54,593 [INFO] ThirdParty:1030 - CMSIS Pack Vendor :STMicroelectronics X-CUBE-AZRTOS-L4 2.0.0
2025-06-22 10:44:54,593 [INFO] ThirdParty:1030 - CMSIS Pack Vendor :STMicroelectronics ThreadX 0.0.2
2025-06-22 10:44:54,593 [INFO] ThirdParty:1030 - CMSIS Pack Vendor :WES I-CUBE-Cesium 1.3.0
2025-06-22 10:44:54,593 [INFO] ThirdParty:1030 - CMSIS Pack Vendor :STMicroelectronics FP-ATR-ASTRA1 2.0.0
2025-06-22 10:44:54,593 [INFO] ThirdParty:1030 - CMSIS Pack Vendor :STMicroelectronics lwIP 2.1.2
2025-06-22 10:44:54,593 [INFO] ThirdParty:1030 - CMSIS Pack Vendor :STMicroelectronics X-CUBE-SFXS2LP1 4.0.0
2025-06-22 10:44:54,593 [INFO] ThirdParty:1030 - CMSIS Pack Vendor :STMicroelectronics X-CUBE-BLE2 3.3.0
2025-06-22 10:44:54,593 [INFO] ThirdParty:1030 - CMSIS Pack Vendor :STMicroelectronics X-CUBE-TOF1 3.4.2
2025-06-22 10:44:54,593 [INFO] ThirdParty:1030 - CMSIS Pack Vendor :STMicroelectronics X-CUBE-AI 9.1.0
2025-06-22 10:44:54,593 [INFO] ThirdParty:1030 - CMSIS Pack Vendor :STMicroelectronics X-CUBE-TOF1 3.4.1
2025-06-22 10:44:54,593 [INFO] ThirdParty:1030 - CMSIS Pack Vendor :STMicroelectronics X-CUBE-AZRTOS-H7 3.2.0
2025-06-22 10:44:54,593 [INFO] ThirdParty:1030 - CMSIS Pack Vendor :Infineon AIROC-Wi-Fi-Bluetooth-STM32 1.6.0
2025-06-22 10:44:54,593 [INFO] ThirdParty:1030 - CMSIS Pack Vendor :STMicroelectronics PDM2PCM 3.2.0
2025-06-22 10:44:54,593 [INFO] ThirdParty:1030 - CMSIS Pack Vendor :wolfSSL I-CUBE-wolfSSH 1.4.17
2025-06-22 10:44:54,593 [INFO] ThirdParty:841 - exiting critical section [change project]
2025-06-22 10:44:54,975 [INFO] PinOutPanel:1561 - setPackage(No Configuration,No Configuration)
2025-06-22 10:44:54,977 [INFO] PinOutPanel:1561 - setPackage(STM32F407VGTx,LQFP100)
2025-06-22 10:44:55,399 [INFO] UtilMem:75 - Before build in PCC Used Memory: 679529800 Bytes (1073741824)
2025-06-22 10:44:56,756 [INFO] UtilMem:75 - After build in PCC Used Memory: 739820872 Bytes (1073741824)
2025-06-22 10:44:56,786 [INFO] IPUIPlugin:80 - create IPUIPlugin
2025-06-22 10:44:56,787 [INFO] IPUIPlugin:80 - create IPUIPlugin
2025-06-22 10:44:56,787 [INFO] IPUIPlugin:80 - create IPUIPlugin
2025-06-22 10:44:56,787 [INFO] IPUIPlugin:80 - create IPUIPlugin
2025-06-22 10:44:56,787 [INFO] IPUIPlugin:80 - create IPUIPlugin
2025-06-22 10:44:56,787 [INFO] IPUIPlugin:80 - create IPUIPlugin
2025-06-22 10:44:56,787 [INFO] IPUIPlugin:80 - create IPUIPlugin
2025-06-22 10:44:56,787 [INFO] IPUIPlugin:80 - create IPUIPlugin
2025-06-22 10:44:56,787 [INFO] IPUIPlugin:80 - create IPUIPlugin
2025-06-22 10:44:56,787 [INFO] IPUIPlugin:80 - create IPUIPlugin
2025-06-22 10:44:56,787 [INFO] IPUIPlugin:80 - create IPUIPlugin
2025-06-22 10:44:56,787 [INFO] IPUIPlugin:80 - create IPUIPlugin
2025-06-22 10:44:56,787 [INFO] IPUIPlugin:80 - create IPUIPlugin
2025-06-22 10:44:56,787 [INFO] IPUIPlugin:80 - create IPUIPlugin
2025-06-22 10:44:56,788 [INFO] IPUIPlugin:80 - create IPUIPlugin
2025-06-22 10:44:56,788 [INFO] IPUIPlugin:80 - create IPUIPlugin
2025-06-22 10:44:56,788 [INFO] IPUIPlugin:80 - create IPUIPlugin
2025-06-22 10:44:56,788 [INFO] IPUIPlugin:80 - create IPUIPlugin
2025-06-22 10:44:56,788 [INFO] IPUIPlugin:80 - create IPUIPlugin
2025-06-22 10:44:56,788 [INFO] IPUIPlugin:80 - create IPUIPlugin
2025-06-22 10:44:56,788 [INFO] IPUIPlugin:80 - create IPUIPlugin
2025-06-22 10:44:56,788 [INFO] IPUIPlugin:80 - create IPUIPlugin
2025-06-22 10:44:56,788 [INFO] IPUIPlugin:80 - create IPUIPlugin
2025-06-22 10:44:56,788 [INFO] IPUIPlugin:80 - create IPUIPlugin
2025-06-22 10:44:56,788 [INFO] IPUIPlugin:80 - create IPUIPlugin
2025-06-22 10:44:56,789 [INFO] IPUIPlugin:80 - create IPUIPlugin
2025-06-22 10:44:56,789 [INFO] IPUIPlugin:80 - create IPUIPlugin
2025-06-22 10:44:56,789 [INFO] IPUIPlugin:80 - create IPUIPlugin
2025-06-22 10:44:56,789 [INFO] IPUIPlugin:80 - create IPUIPlugin
2025-06-22 10:44:56,789 [INFO] IPUIPlugin:80 - create IPUIPlugin
2025-06-22 10:44:56,789 [INFO] IPUIPlugin:80 - create IPUIPlugin
2025-06-22 10:44:56,789 [INFO] IPUIPlugin:80 - create IPUIPlugin
2025-06-22 10:44:56,789 [INFO] IPUIPlugin:80 - create IPUIPlugin
2025-06-22 10:44:56,790 [INFO] IPUIPlugin:80 - create IPUIPlugin
2025-06-22 10:44:56,790 [INFO] IPUIPlugin:80 - create IPUIPlugin
2025-06-22 10:44:56,790 [INFO] IPUIPlugin:80 - create IPUIPlugin
2025-06-22 10:44:56,790 [INFO] IPUIPlugin:80 - create IPUIPlugin
2025-06-22 10:44:56,790 [INFO] IPUIPlugin:80 - create IPUIPlugin
2025-06-22 10:44:56,790 [INFO] IPUIPlugin:80 - create IPUIPlugin
2025-06-22 10:44:56,790 [INFO] IPUIPlugin:80 - create IPUIPlugin
2025-06-22 10:44:56,790 [INFO] IPUIPlugin:80 - create IPUIPlugin
2025-06-22 10:44:56,791 [INFO] IPUIPlugin:80 - create IPUIPlugin
2025-06-22 10:44:56,791 [INFO] IPUIPlugin:80 - create IPUIPlugin
2025-06-22 10:44:56,791 [INFO] IPUIPlugin:80 - create IPUIPlugin
2025-06-22 10:44:56,791 [INFO] IPUIPlugin:80 - create IPUIPlugin
2025-06-22 10:44:56,791 [INFO] IPUIPlugin:80 - create IPUIPlugin
2025-06-22 10:44:56,792 [INFO] IPUIPlugin:80 - create IPUIPlugin
2025-06-22 10:44:56,792 [INFO] IPUIPlugin:80 - create IPUIPlugin
2025-06-22 10:44:56,792 [INFO] IPUIPlugin:80 - create IPUIPlugin
2025-06-22 10:44:56,792 [INFO] IPUIPlugin:80 - create IPUIPlugin
2025-06-22 10:44:56,792 [INFO] IPUIPlugin:80 - create IPUIPlugin
2025-06-22 10:44:56,792 [INFO] IPUIPlugin:80 - create IPUIPlugin
2025-06-22 10:44:56,792 [INFO] IPUIPlugin:80 - create IPUIPlugin
2025-06-22 10:44:56,793 [INFO] IPUIPlugin:80 - create IPUIPlugin
2025-06-22 10:44:56,793 [INFO] IPUIPlugin:80 - create IPUIPlugin
2025-06-22 10:44:56,794 [INFO] IPUIPlugin:80 - create IPUIPlugin
2025-06-22 10:44:56,795 [INFO] IPUIPlugin:80 - create IPUIPlugin
2025-06-22 10:44:56,795 [INFO] IPUIPlugin:80 - create IPUIPlugin
2025-06-22 10:44:57,071 [INFO] ApiDbMcu:508 - Load IP Config File for PDM2PCM
2025-06-22 10:44:57,353 [INFO] CADModel:165 - CPN selected for project levelSTM32F407VGT6
2025-06-22 10:44:57,354 [INFO] CADModel:114 - Register for checkConnection events
2025-06-22 10:44:57,410 [INFO] OpenFileManager:363 - Restore cursor
2025-06-22 10:45:05,439 [INFO] Gpio:277 - dependency for GPIO []
2025-06-22 10:45:33,021 [INFO] NvicIntPanel:101 - NVIC parent = com.st.microxplorer.plugins.ip.nvic.MultiNvicIntPanel[,2,27,639x472,layout=javax.swing.BoxLayout,alignmentX=0.0,alignmentY=0.0,border=,flags=9,maximumSize=,minimumSize=,preferredSize=]
2025-06-22 11:12:23,147 [INFO] MainUpdater:2873 - connection check result : 10
2025-06-22 11:12:23,148 [INFO] MainUpdater:2873 - connection check result : 10
2025-06-22 11:12:23,341 [INFO] MicroXplorer:468 - Change Database Path : 
2025-06-22 11:12:23,341 [INFO] MicroXplorer:498 - Change Database Version : DB.6.0.120
2025-06-22 11:12:23,350 [ERROR] ProjectManagerView:394 - 
java.lang.NullPointerException: Cannot invoke "javax.swing.JTextField.getText()" because the return value of "java.util.List.get(int)" is null
	at com.st.microxplorer.plugins.projectmanager.gui.ProjectChoiceTab$10.caretUpdate(ProjectChoiceTab.java:2622) ~[filemanager.jar:?]
	at javax.swing.text.JTextComponent.fireCaretUpdate(JTextComponent.java:412) ~[?:?]
	at javax.swing.text.JTextComponent$MutableCaretEvent.fire(JTextComponent.java:4491) ~[?:?]
	at javax.swing.text.JTextComponent$MutableCaretEvent.stateChanged(JTextComponent.java:4513) ~[?:?]
	at javax.swing.text.DefaultCaret.fireStateChanged(DefaultCaret.java:842) ~[?:?]
	at javax.swing.text.DefaultCaret.changeCaretPosition(DefaultCaret.java:1313) ~[?:?]
	at javax.swing.text.DefaultCaret.handleSetDot(DefaultCaret.java:1212) ~[?:?]
	at javax.swing.text.DefaultCaret.setDot(DefaultCaret.java:1193) ~[?:?]
	at javax.swing.text.DefaultCaret$Handler.insertUpdate(DefaultCaret.java:1789) ~[?:?]
	at javax.swing.text.AbstractDocument.fireInsertUpdate(AbstractDocument.java:226) ~[?:?]
	at javax.swing.text.AbstractDocument.handleInsertString(AbstractDocument.java:780) ~[?:?]
	at javax.swing.text.AbstractDocument.insertString(AbstractDocument.java:739) ~[?:?]
	at javax.swing.text.PlainDocument.insertString(PlainDocument.java:131) ~[?:?]
	at javax.swing.text.AbstractDocument.replace(AbstractDocument.java:698) ~[?:?]
	at javax.swing.text.JTextComponent.setText(JTextComponent.java:1729) ~[?:?]
	at com.st.microxplorer.plugins.projectmanager.gui.ProjectChoiceTab.createHeapStackFields(ProjectChoiceTab.java:972) ~[filemanager.jar:?]
	at com.st.microxplorer.plugins.projectmanager.gui.ProjectChoiceTab.buildLinkSettingsPanel(ProjectChoiceTab.java:3597) ~[filemanager.jar:?]
	at com.st.microxplorer.plugins.projectmanager.gui.ProjectChoiceTab.defineWindowsFields(ProjectChoiceTab.java:1940) ~[filemanager.jar:?]
	at com.st.microxplorer.plugins.projectmanager.gui.ProjectChoiceTab.updateSettings(ProjectChoiceTab.java:550) ~[filemanager.jar:?]
	at com.st.microxplorer.plugins.projectmanager.gui.ProjectSettingsPanel.UpdateDialog(ProjectSettingsPanel.java:245) ~[filemanager.jar:?]
	at com.st.microxplorer.plugins.projectmanager.ProjectManagerView.propertyChange(ProjectManagerView.java:391) ~[filemanager.jar:?]
	at java.beans.PropertyChangeSupport.fire(PropertyChangeSupport.java:343) ~[?:?]
	at java.beans.PropertyChangeSupport.firePropertyChange(PropertyChangeSupport.java:335) ~[?:?]
	at java.beans.PropertyChangeSupport.firePropertyChange(PropertyChangeSupport.java:268) ~[?:?]
	at com.st.microxplorer.util.MXPropertyChangeSupport.firePropertyChange(MXPropertyChangeSupport.java:54) ~[STM32CubeMX.jar:?]
	at com.st.microxplorer.mxsystem.MxSystem.closeConfig(MxSystem.java:900) ~[STM32CubeMX.jar:?]
	at com.st.microxplorer.maingui.MainPanel.closeConfig(MainPanel.java:781) ~[STM32CubeMX.jar:?]
	at com.st.microxplorer.plugins.filemanager.engine.OpenFileManager.loadConfigurationFile(OpenFileManager.java:265) ~[filemanager.jar:?]
	at com.st.microxplorer.plugins.filemanager.engine.MainFileManager.userLoadConfig(MainFileManager.java:352) ~[filemanager.jar:?]
	at com.st.microxplorer.plugins.filemanager.engine.MainFileManager.userLoadConfig(MainFileManager.java:330) ~[filemanager.jar:?]
	at com.st.microxplorer.plugins.filemanager.FileManagerView.getSpecificTask(FileManagerView.java:246) ~[filemanager.jar:?]
	at com.st.stm32cube.common.mx.editor.CubeMxEditor.getMxTabbedPaneInstance(CubeMxEditor.java:1198) ~[com.st.stm32cube.common.mx_6.12.0.202406281431/:?]
	at com.st.stm32cube.common.mx.editor.CubeMxEditor$12$1.createSwingComponent(CubeMxEditor.java:1068) ~[com.st.stm32cube.common.mx_6.12.0.202406281431/:?]
	at com.st.stm32cube.common.mx.oss.core.awtswtbridge.EmbeddedSwingComposite.doComponentCreation(EmbeddedSwingComposite.java:492) ~[com.st.stm32cube.common.mx.oss_6.12.0.202406281431/:?]
	at com.st.stm32cube.common.mx.oss.core.awtswtbridge.EmbeddedSwingComposite$4.run(EmbeddedSwingComposite.java:291) ~[com.st.stm32cube.common.mx.oss_6.12.0.202406281431/:?]
	at com.st.stm32cube.common.mx.oss.core.awtswtbridge.AwtEnvironment$2.run(AwtEnvironment.java:166) ~[com.st.stm32cube.common.mx.oss_6.12.0.202406281431/:?]
	at java.awt.event.InvocationEvent.dispatch(InvocationEvent.java:318) ~[?:?]
	at java.awt.EventQueue.dispatchEventImpl(EventQueue.java:773) ~[?:?]
	at java.awt.EventQueue$4.run(EventQueue.java:720) ~[?:?]
	at java.awt.EventQueue$4.run(EventQueue.java:714) ~[?:?]
	at java.security.AccessController.doPrivileged(AccessController.java:399) ~[?:?]
	at java.security.ProtectionDomain$JavaSecurityAccessImpl.doIntersectionPrivilege(ProtectionDomain.java:86) ~[?:?]
	at java.awt.EventQueue.dispatchEvent(EventQueue.java:742) ~[?:?]
	at java.awt.EventDispatchThread.pumpOneEventForFilters(EventDispatchThread.java:203) ~[?:?]
	at java.awt.EventDispatchThread.pumpEventsForFilter(EventDispatchThread.java:124) ~[?:?]
	at java.awt.EventDispatchThread.pumpEventsForHierarchy(EventDispatchThread.java:113) ~[?:?]
	at java.awt.EventDispatchThread.pumpEvents(EventDispatchThread.java:109) ~[?:?]
	at java.awt.EventDispatchThread.pumpEvents(EventDispatchThread.java:101) ~[?:?]
	at java.awt.EventDispatchThread.run(EventDispatchThread.java:90) ~[?:?]
2025-06-22 11:12:23,359 [WARN] ThirdParty:871 - waiting for thirdparty lock release [close project]
2025-06-22 11:12:23,359 [INFO] ThirdParty:873 - entering critical section [close project]
2025-06-22 11:12:23,359 [INFO] ThirdParty:883 - exiting critical section [close project]
2025-06-22 11:12:23,360 [INFO] PinOutPanel:1561 - setPackage(No Configuration,No Configuration)
2025-06-22 11:12:23,376 [WARN] IpParametersView:151 - Warning: This peripheral hasn't parameters
2025-06-22 11:12:23,389 [WARN] MainPanel:284 - <html><b><center>Warning: This peripheral has no parameters to be configured<br></b></html>
2025-06-22 11:12:23,396 [INFO] UtilMem:75 - Begin LoadConfig() Used Memory: 743938968 Bytes (1073741824)
2025-06-22 11:12:23,397 [INFO] MicroXplorer:468 - Change Database Path : 
2025-06-22 11:12:23,397 [INFO] MicroXplorer:498 - Change Database Version : DB.6.0.120
2025-06-22 11:12:23,397 [INFO] OpenFileManager:332 - Change cursor
2025-06-22 11:12:23,406 [INFO] Mcu:2032 - Initializing MCU STM32F407V(E-G)Tx STM32F407VGTx STM32F407VGT6
2025-06-22 11:12:24,541 [INFO] Context:742 - Trying to add GPIOservice into a context  which must be forbidden
2025-06-22 11:12:24,820 [INFO] RtosManager:555 - Registered RTOS mode: class=CMSIS, group=RTOS, mode=CMSIS_V1, owner=FREERTOS
2025-06-22 11:12:24,820 [INFO] RtosManager:555 - Registered RTOS mode: class=CMSIS, group=RTOS2, mode=CMSIS_V2, owner=FREERTOS
2025-06-22 11:12:24,820 [INFO] RtosManager:555 - Registered RTOS mode: class=RTOS, group=Core, mode=CMSIS_V1, owner=FREERTOS
2025-06-22 11:12:24,820 [INFO] RtosManager:555 - Registered RTOS mode: class=RTOS, group=Core, mode=CMSIS_V2, owner=FREERTOS
2025-06-22 11:12:24,820 [WARN] ModelIntegratedComponent:184 - Missing modes for component STMicroelectronics:FreeRTOS:0.0.1:STMicroelectronics:RTOS:FreeRTOS:Core:::10.2.0:
2025-06-22 11:12:24,838 [WARN] ModelIntegratedComponent:63 - No mode defined for component null
2025-06-22 11:12:24,838 [WARN] ModelIntegratedComponent:63 - No mode defined for component null
2025-06-22 11:12:24,838 [WARN] ModelIntegratedComponent:63 - No mode defined for component null
2025-06-22 11:12:24,838 [WARN] ModelIntegratedComponent:63 - No mode defined for component null
2025-06-22 11:12:24,838 [WARN] ModelIntegratedComponent:63 - No mode defined for component null
2025-06-22 11:12:24,838 [WARN] ModelIntegratedComponent:63 - No mode defined for component null
2025-06-22 11:12:24,838 [WARN] ModelIntegratedComponent:63 - No mode defined for component null
2025-06-22 11:12:24,838 [WARN] ModelIntegratedComponent:63 - No mode defined for component null
2025-06-22 11:12:24,838 [WARN] ModelIntegratedComponent:63 - No mode defined for component null
2025-06-22 11:12:24,838 [WARN] ModelIntegratedComponent:63 - No mode defined for component null
2025-06-22 11:12:24,838 [WARN] ModelIntegratedComponent:63 - No mode defined for component null
2025-06-22 11:12:24,838 [WARN] ModelIntegratedComponent:63 - No mode defined for component null
2025-06-22 11:12:24,838 [WARN] ModelIntegratedComponent:63 - No mode defined for component null
2025-06-22 11:12:24,838 [WARN] ModelIntegratedComponent:63 - No mode defined for component null
2025-06-22 11:12:24,838 [WARN] ModelIntegratedComponent:63 - No mode defined for component null
2025-06-22 11:12:24,838 [WARN] ModelIntegratedComponent:63 - No mode defined for component null
2025-06-22 11:12:24,838 [WARN] ModelIntegratedComponent:63 - No mode defined for component null
2025-06-22 11:12:24,838 [WARN] ModelIntegratedComponent:63 - No mode defined for component null
2025-06-22 11:12:24,838 [WARN] ModelIntegratedComponent:63 - No mode defined for component null
2025-06-22 11:12:24,838 [WARN] ModelIntegratedComponent:63 - No mode defined for component null
2025-06-22 11:12:24,838 [WARN] ModelIntegratedComponent:63 - No mode defined for component null
2025-06-22 11:12:24,838 [WARN] ModelIntegratedComponent:63 - No mode defined for component null
2025-06-22 11:12:24,838 [WARN] ModelIntegratedComponent:63 - No mode defined for component null
2025-06-22 11:12:24,838 [WARN] ModelIntegratedComponent:63 - No mode defined for component null
2025-06-22 11:12:24,838 [WARN] ModelIntegratedComponent:63 - No mode defined for component null
2025-06-22 11:12:24,838 [WARN] ModelIntegratedComponent:63 - No mode defined for component null
2025-06-22 11:12:24,838 [WARN] ModelIntegratedComponent:63 - No mode defined for component null
2025-06-22 11:12:24,838 [WARN] ModelIntegratedComponent:63 - No mode defined for component null
2025-06-22 11:12:24,838 [WARN] ModelIntegratedComponent:63 - No mode defined for component null
2025-06-22 11:12:24,838 [WARN] ModelIntegratedComponent:63 - No mode defined for component null
2025-06-22 11:12:24,838 [WARN] ModelIntegratedComponent:63 - No mode defined for component null
2025-06-22 11:12:24,838 [WARN] ModelIntegratedComponent:63 - No mode defined for component null
2025-06-22 11:12:24,838 [WARN] ModelIntegratedComponent:63 - No mode defined for component null
2025-06-22 11:12:24,838 [WARN] ModelIntegratedComponent:63 - No mode defined for component null
2025-06-22 11:12:24,838 [WARN] ModelIntegratedComponent:63 - No mode defined for component null
2025-06-22 11:12:24,838 [WARN] ModelPack:524 - Component already loaded: STMicroelectronics:HAL Drivers:0.0.0:STMicroelectronics:Device:STMicro_Driver:XSPI:HAL::0.0.1:HAL_XSPI
2025-06-22 11:12:24,957 [INFO] ThirdPartyModel:298 - Start build external matchings
2025-06-22 11:12:25,480 [INFO] ThirdPartyModel:316 - End build external matchings
2025-06-22 11:12:25,720 [INFO] UtilMem:75 - End LoadConfig() Used Memory: 716354272 Bytes (1073741824)
2025-06-22 11:12:25,787 [WARN] ThirdParty:833 - waiting for thirdparty lock release [change project]
2025-06-22 11:12:25,787 [INFO] ThirdParty:835 - entering critical section [change project]
2025-06-22 11:12:25,787 [INFO] ThirdParty:1030 - CMSIS Pack Vendor :STMicroelectronics X-CUBE-PM33A1 1.0.0
2025-06-22 11:12:25,787 [INFO] ThirdParty:1030 - CMSIS Pack Vendor :STMicroelectronics USBPD 4.1
2025-06-22 11:12:25,787 [INFO] ThirdParty:1030 - CMSIS Pack Vendor :STMicroelectronics X-CUBE-AZRTOS-H7 3.3.0
2025-06-22 11:12:25,788 [INFO] ThirdParty:1030 - CMSIS Pack Vendor :STMicroelectronics X-CUBE-NFC9 1.0.0
2025-06-22 11:12:25,788 [INFO] ThirdParty:1030 - CMSIS Pack Vendor :STMicroelectronics X-CUBE-GNSS1 6.0.0
2025-06-22 11:12:25,788 [INFO] ThirdParty:1030 - CMSIS Pack Vendor :STMicroelectronics USB_HOST 2.0.0
2025-06-22 11:12:25,788 [INFO] ThirdParty:1030 - CMSIS Pack Vendor :STMicroelectronics FP-SNS-MOTENVWB1 1.4.0
2025-06-22 11:12:25,788 [INFO] ThirdParty:1030 - CMSIS Pack Vendor :STMicroelectronics X-CUBE-AZRTOS-F4 1.1.0
2025-06-22 11:12:25,788 [INFO] ThirdParty:1030 - CMSIS Pack Vendor :STMicroelectronics LIBJPEG 8.0.0
2025-06-22 11:12:25,788 [INFO] ThirdParty:1030 - CMSIS Pack Vendor :STMicroelectronics X-CUBE-BLE1 7.1.0
2025-06-22 11:12:25,788 [INFO] ThirdParty:1030 - CMSIS Pack Vendor :STMicroelectronics X-CUBE-SMBUS 2.1.0
2025-06-22 11:12:25,788 [INFO] ThirdParty:1030 - CMSIS Pack Vendor :STMicroelectronics X-CUBE-WB05N 1.1.0
2025-06-22 11:12:25,788 [INFO] ThirdParty:1030 - CMSIS Pack Vendor :STMicroelectronics USB_DEVICE 3.0.0
2025-06-22 11:12:25,788 [INFO] ThirdParty:1030 - CMSIS Pack Vendor :STMicroelectronics X-CUBE-TCPP 4.1.0
2025-06-22 11:12:25,788 [INFO] ThirdParty:1030 - CMSIS Pack Vendor :STMicroelectronics X-CUBE-ISPU 2.1.0
2025-06-22 11:12:25,788 [INFO] ThirdParty:1030 - CMSIS Pack Vendor :STMicroelectronics X-CUBE-FREERTOS 1.2.0
2025-06-22 11:12:25,788 [INFO] ThirdParty:1030 - CMSIS Pack Vendor :STMicroelectronics X-CUBE-IPS 3.0.0
2025-06-22 11:12:25,788 [INFO] ThirdParty:1030 - CMSIS Pack Vendor :STMicroelectronics X-CUBE-AZRTOS-WB 2.0.0
2025-06-22 11:12:25,788 [INFO] ThirdParty:1030 - CMSIS Pack Vendor :STMicroelectronics X-CUBE-GNSS1 7.0.0
2025-06-22 11:12:25,788 [INFO] ThirdParty:1030 - CMSIS Pack Vendor :STMicroelectronics X-CUBE-GNSS1 7.0.1
2025-06-22 11:12:25,788 [INFO] ThirdParty:1030 - CMSIS Pack Vendor :STMicroelectronics X-CUBE-AZRTOS-F7 1.1.0
2025-06-22 11:12:25,788 [INFO] ThirdParty:1030 - CMSIS Pack Vendor :STMicroelectronics X-CUBE-AZRTOS-L5 2.0.0
2025-06-22 11:12:25,788 [INFO] ThirdParty:1030 - CMSIS Pack Vendor :STMicroelectronics X-CUBE-TOUCHGFX 4.25.0
2025-06-22 11:12:25,788 [INFO] ThirdParty:1030 - CMSIS Pack Vendor :STMicroelectronics USB_DEVICE 2.0.0
2025-06-22 11:12:25,789 [INFO] ThirdParty:1030 - CMSIS Pack Vendor :STMicroelectronics X-CUBE-NFC6 3.1.0
2025-06-22 11:12:25,789 [INFO] ThirdParty:1030 - CMSIS Pack Vendor :STMicroelectronics X-CUBE-AI 10.1.0
2025-06-22 11:12:25,789 [INFO] ThirdParty:1030 - CMSIS Pack Vendor :STMicroelectronics FP-SNS-STBOX1 2.0.0
2025-06-22 11:12:25,789 [INFO] ThirdParty:1030 - CMSIS Pack Vendor :STMicroelectronics X-CUBE-MEMS1 11.0.0
2025-06-22 11:12:25,789 [INFO] ThirdParty:1030 - CMSIS Pack Vendor :STMicroelectronics FreeRTOS 0.0.1
2025-06-22 11:12:25,789 [INFO] ThirdParty:1030 - CMSIS Pack Vendor :STMicroelectronics X-CUBE-AZRTOS-G0 1.1.0
2025-06-22 11:12:25,789 [INFO] ThirdParty:1030 - CMSIS Pack Vendor :STMicroelectronics X-CUBE-SAFEA1 1.2.2
2025-06-22 11:12:25,789 [INFO] ThirdParty:1030 - CMSIS Pack Vendor :STMicroelectronics X-CUBE-NFC4 3.0.0
2025-06-22 11:12:25,789 [INFO] ThirdParty:1030 - CMSIS Pack Vendor :STMicroelectronics X-CUBE-DPower 1.2.0
2025-06-22 11:12:25,789 [INFO] ThirdParty:1030 - CMSIS Pack Vendor :STMicroelectronics X-CUBE-SUBG2 5.0.0
2025-06-22 11:12:25,789 [INFO] ThirdParty:1030 - CMSIS Pack Vendor :STMicroelectronics X-CUBE-AZRTOS-H7RS 1.1.0
2025-06-22 11:12:25,789 [INFO] ThirdParty:1030 - CMSIS Pack Vendor :STMicroelectronics STM32_WPAN 1.0.0
2025-06-22 11:12:25,789 [INFO] ThirdParty:1030 - CMSIS Pack Vendor :EmbeddedOffice I-CUBE-FS-RTOS 1.0.1
2025-06-22 11:12:25,789 [INFO] ThirdParty:1030 - CMSIS Pack Vendor :STMicroelectronics lwIP 2.0.3
2025-06-22 11:12:25,789 [INFO] ThirdParty:1030 - CMSIS Pack Vendor :STMicroelectronics FP-SNS-FLIGHT1 5.0.2
2025-06-22 11:12:25,789 [INFO] ThirdParty:1030 - CMSIS Pack Vendor :Cesanta I-CUBE-Mongoose 7.13.0
2025-06-22 11:12:25,789 [INFO] ThirdParty:1030 - CMSIS Pack Vendor :STMicroelectronics USB_HOST 1.0.0
2025-06-22 11:12:25,789 [INFO] ThirdParty:1030 - CMSIS Pack Vendor :STMicroelectronics X-CUBE-AI 9.0.0
2025-06-22 11:12:25,789 [INFO] ThirdParty:1030 - CMSIS Pack Vendor :STMicroelectronics X-CUBE-AZRTOS-G4 2.0.0
2025-06-22 11:12:25,789 [INFO] ThirdParty:1030 - CMSIS Pack Vendor :STMicroelectronics X-CUBE-WB05N 2.0.0
2025-06-22 11:12:25,789 [INFO] ThirdParty:1030 - CMSIS Pack Vendor :STMicroelectronics PDM2PCM 3.1.0
2025-06-22 11:12:25,789 [INFO] ThirdParty:1030 - CMSIS Pack Vendor :STMicroelectronics PDM2PCM 3.3.0
2025-06-22 11:12:25,789 [INFO] ThirdParty:1030 - CMSIS Pack Vendor :STMicroelectronics X-CUBE-DISPLAY 3.0.0
2025-06-22 11:12:25,789 [INFO] ThirdParty:1030 - CMSIS Pack Vendor :STMicroelectronics X-CUBE-NFC7 2.0.0
2025-06-22 11:12:25,790 [INFO] ThirdParty:1030 - CMSIS Pack Vendor :RealThread X-CUBE-RT-Thread_Nano 4.1.1
2025-06-22 11:12:25,790 [INFO] ThirdParty:1030 - CMSIS Pack Vendor :wolfSSL I-CUBE-wolfSSL 5.7.0
2025-06-22 11:12:25,790 [INFO] ThirdParty:1030 - CMSIS Pack Vendor :STMicroelectronics X-CUBE-BLE1 7.0.0
2025-06-22 11:12:25,790 [INFO] ThirdParty:1030 - CMSIS Pack Vendor :STMicroelectronics FP-ATR-SIGFOX1 3.2.0
2025-06-22 11:12:25,790 [INFO] ThirdParty:1030 - CMSIS Pack Vendor :STMicroelectronics X-CUBE-NFC10 1.0.0
2025-06-22 11:12:25,790 [INFO] ThirdParty:1030 - CMSIS Pack Vendor :quantropi X-CUBE-qispace-sdk-base 1.9.3
2025-06-22 11:12:25,790 [INFO] ThirdParty:1030 - CMSIS Pack Vendor :STMicroelectronics X-CUBE-ISPU 2.0.0
2025-06-22 11:12:25,790 [INFO] ThirdParty:1030 - CMSIS Pack Vendor :STMicroelectronics X-CUBE-EEPRMA1 5.1.0
2025-06-22 11:12:25,790 [INFO] ThirdParty:1030 - CMSIS Pack Vendor :STMicroelectronics X-CUBE-FREERTOS 1.3.1
2025-06-22 11:12:25,790 [INFO] ThirdParty:1030 - CMSIS Pack Vendor :STMicroelectronics HAL Drivers 0.0.0
2025-06-22 11:12:25,790 [INFO] ThirdParty:1030 - CMSIS Pack Vendor :STMicroelectronics MBEDTLS 2.16.2
2025-06-22 11:12:25,790 [INFO] ThirdParty:1030 - CMSIS Pack Vendor :STMicroelectronics X-CUBE-ALS 1.0.2
2025-06-22 11:12:25,790 [INFO] ThirdParty:1030 - CMSIS Pack Vendor :emotas I-CUBE-CANOPEN 1.3.0
2025-06-22 11:12:25,790 [INFO] ThirdParty:1030 - CMSIS Pack Vendor :STMicroelectronics X-CUBE-MEMS1 10.0.0
2025-06-22 11:12:25,790 [INFO] ThirdParty:1030 - CMSIS Pack Vendor :STMicroelectronics X-CUBE-NFC7 1.0.1
2025-06-22 11:12:25,790 [INFO] ThirdParty:1030 - CMSIS Pack Vendor :STMicroelectronics MBEDTLS 2.14.1
2025-06-22 11:12:25,790 [INFO] ThirdParty:1030 - CMSIS Pack Vendor :STMicroelectronics X-CUBE-TOUCHGFX 4.24.0
2025-06-22 11:12:25,790 [INFO] ThirdParty:1030 - CMSIS Pack Vendor :ITTIA_DB I-CUBE-ITTIADB 8.9.0
2025-06-22 11:12:25,790 [INFO] ThirdParty:1030 - CMSIS Pack Vendor :wolfSSL I-CUBE-wolfTPM 3.2.0
2025-06-22 11:12:25,790 [INFO] ThirdParty:1030 - CMSIS Pack Vendor :STMicroelectronics X-CUBE-TOUCHGFX 4.24.1
2025-06-22 11:12:25,790 [INFO] ThirdParty:1030 - CMSIS Pack Vendor :portGmbH I-Cube-SoM-uGOAL 1.1.0
2025-06-22 11:12:25,790 [INFO] ThirdParty:1030 - CMSIS Pack Vendor :STMicroelectronics X-CUBE-BLEMGR 3.1.0
2025-06-22 11:12:25,790 [INFO] ThirdParty:1030 - CMSIS Pack Vendor :STMicroelectronics ThreadX 1.0.0
2025-06-22 11:12:25,790 [INFO] ThirdParty:1030 - CMSIS Pack Vendor :STMicroelectronics FP-SNS-SMARTAG2 1.2.0
2025-06-22 11:12:25,790 [INFO] ThirdParty:1030 - CMSIS Pack Vendor :STMicroelectronics X-CUBE-AZRTOS-WL 2.0.0
2025-06-22 11:12:25,790 [INFO] ThirdParty:1030 - CMSIS Pack Vendor :SEGGER I-CUBE-embOS 1.3.1
2025-06-22 11:12:25,790 [INFO] ThirdParty:1030 - CMSIS Pack Vendor :STMicroelectronics X-CUBE-ALGOBUILD 1.4.0
2025-06-22 11:12:25,790 [INFO] ThirdParty:1030 - CMSIS Pack Vendor :STMicroelectronics X-CUBE-DPower 1.3.0
2025-06-22 11:12:25,790 [INFO] ThirdParty:1030 - CMSIS Pack Vendor :STMicroelectronics X-CUBE-MEMS1 11.3.0
2025-06-22 11:12:25,790 [INFO] ThirdParty:1030 - CMSIS Pack Vendor :STMicroelectronics FP-SNS-MOTENV1 5.0.0
2025-06-22 11:12:25,790 [INFO] ThirdParty:1030 - CMSIS Pack Vendor :STMicroelectronics USB_DEVICE 1.0.0
2025-06-22 11:12:25,790 [INFO] ThirdParty:1030 - CMSIS Pack Vendor :STMicroelectronics X-CUBE-AZRTOS-H7RS 1.0.0
2025-06-22 11:12:25,790 [INFO] ThirdParty:1030 - CMSIS Pack Vendor :wolfSSL I-CUBE-wolfMQTT 1.19.0
2025-06-22 11:12:25,790 [INFO] ThirdParty:1030 - CMSIS Pack Vendor :STMicroelectronics X-CUBE-AZRTOS-L4 2.0.0
2025-06-22 11:12:25,791 [INFO] ThirdParty:1030 - CMSIS Pack Vendor :STMicroelectronics ThreadX 0.0.2
2025-06-22 11:12:25,791 [INFO] ThirdParty:1030 - CMSIS Pack Vendor :WES I-CUBE-Cesium 1.3.0
2025-06-22 11:12:25,791 [INFO] ThirdParty:1030 - CMSIS Pack Vendor :STMicroelectronics FP-ATR-ASTRA1 2.0.0
2025-06-22 11:12:25,791 [INFO] ThirdParty:1030 - CMSIS Pack Vendor :STMicroelectronics lwIP 2.1.2
2025-06-22 11:12:25,791 [INFO] ThirdParty:1030 - CMSIS Pack Vendor :STMicroelectronics X-CUBE-SFXS2LP1 4.0.0
2025-06-22 11:12:25,791 [INFO] ThirdParty:1030 - CMSIS Pack Vendor :STMicroelectronics X-CUBE-BLE2 3.3.0
2025-06-22 11:12:25,791 [INFO] ThirdParty:1030 - CMSIS Pack Vendor :STMicroelectronics X-CUBE-TOF1 3.4.2
2025-06-22 11:12:25,791 [INFO] ThirdParty:1030 - CMSIS Pack Vendor :STMicroelectronics X-CUBE-AI 9.1.0
2025-06-22 11:12:25,791 [INFO] ThirdParty:1030 - CMSIS Pack Vendor :STMicroelectronics X-CUBE-TOF1 3.4.1
2025-06-22 11:12:25,791 [INFO] ThirdParty:1030 - CMSIS Pack Vendor :STMicroelectronics X-CUBE-AZRTOS-H7 3.2.0
2025-06-22 11:12:25,791 [INFO] ThirdParty:1030 - CMSIS Pack Vendor :Infineon AIROC-Wi-Fi-Bluetooth-STM32 1.6.0
2025-06-22 11:12:25,791 [INFO] ThirdParty:1030 - CMSIS Pack Vendor :STMicroelectronics PDM2PCM 3.2.0
2025-06-22 11:12:25,791 [INFO] ThirdParty:1030 - CMSIS Pack Vendor :wolfSSL I-CUBE-wolfSSH 1.4.17
2025-06-22 11:12:25,791 [INFO] ThirdParty:841 - exiting critical section [change project]
2025-06-22 11:12:25,940 [INFO] PinOutPanel:1561 - setPackage(No Configuration,No Configuration)
2025-06-22 11:12:25,941 [INFO] PinOutPanel:1561 - setPackage(STM32F407VGTx,LQFP100)
2025-06-22 11:12:26,075 [INFO] UtilMem:75 - Before build in PCC Used Memory: 725775848 Bytes (1073741824)
2025-06-22 11:12:26,316 [INFO] UtilMem:75 - After build in PCC Used Memory: 770342376 Bytes (1073741824)
2025-06-22 11:12:26,337 [INFO] IPUIPlugin:80 - create IPUIPlugin
2025-06-22 11:12:26,337 [INFO] IPUIPlugin:80 - create IPUIPlugin
2025-06-22 11:12:26,337 [INFO] IPUIPlugin:80 - create IPUIPlugin
2025-06-22 11:12:26,337 [INFO] IPUIPlugin:80 - create IPUIPlugin
2025-06-22 11:12:26,337 [INFO] IPUIPlugin:80 - create IPUIPlugin
2025-06-22 11:12:26,337 [INFO] IPUIPlugin:80 - create IPUIPlugin
2025-06-22 11:12:26,338 [INFO] IPUIPlugin:80 - create IPUIPlugin
2025-06-22 11:12:26,338 [INFO] IPUIPlugin:80 - create IPUIPlugin
2025-06-22 11:12:26,338 [INFO] IPUIPlugin:80 - create IPUIPlugin
2025-06-22 11:12:26,338 [INFO] IPUIPlugin:80 - create IPUIPlugin
2025-06-22 11:12:26,338 [INFO] IPUIPlugin:80 - create IPUIPlugin
2025-06-22 11:12:26,338 [INFO] IPUIPlugin:80 - create IPUIPlugin
2025-06-22 11:12:26,338 [INFO] IPUIPlugin:80 - create IPUIPlugin
2025-06-22 11:12:26,338 [INFO] IPUIPlugin:80 - create IPUIPlugin
2025-06-22 11:12:26,338 [INFO] IPUIPlugin:80 - create IPUIPlugin
2025-06-22 11:12:26,338 [INFO] IPUIPlugin:80 - create IPUIPlugin
2025-06-22 11:12:26,338 [INFO] IPUIPlugin:80 - create IPUIPlugin
2025-06-22 11:12:26,338 [INFO] IPUIPlugin:80 - create IPUIPlugin
2025-06-22 11:12:26,338 [INFO] IPUIPlugin:80 - create IPUIPlugin
2025-06-22 11:12:26,338 [INFO] IPUIPlugin:80 - create IPUIPlugin
2025-06-22 11:12:26,338 [INFO] IPUIPlugin:80 - create IPUIPlugin
2025-06-22 11:12:26,338 [INFO] IPUIPlugin:80 - create IPUIPlugin
2025-06-22 11:12:26,339 [INFO] IPUIPlugin:80 - create IPUIPlugin
2025-06-22 11:12:26,339 [INFO] IPUIPlugin:80 - create IPUIPlugin
2025-06-22 11:12:26,339 [INFO] IPUIPlugin:80 - create IPUIPlugin
2025-06-22 11:12:26,339 [INFO] IPUIPlugin:80 - create IPUIPlugin
2025-06-22 11:12:26,339 [INFO] IPUIPlugin:80 - create IPUIPlugin
2025-06-22 11:12:26,339 [INFO] IPUIPlugin:80 - create IPUIPlugin
2025-06-22 11:12:26,339 [INFO] IPUIPlugin:80 - create IPUIPlugin
2025-06-22 11:12:26,339 [INFO] IPUIPlugin:80 - create IPUIPlugin
2025-06-22 11:12:26,339 [INFO] IPUIPlugin:80 - create IPUIPlugin
2025-06-22 11:12:26,339 [INFO] IPUIPlugin:80 - create IPUIPlugin
2025-06-22 11:12:26,340 [INFO] IPUIPlugin:80 - create IPUIPlugin
2025-06-22 11:12:26,340 [INFO] IPUIPlugin:80 - create IPUIPlugin
2025-06-22 11:12:26,340 [INFO] IPUIPlugin:80 - create IPUIPlugin
2025-06-22 11:12:26,341 [INFO] IPUIPlugin:80 - create IPUIPlugin
2025-06-22 11:12:26,341 [INFO] IPUIPlugin:80 - create IPUIPlugin
2025-06-22 11:12:26,341 [INFO] IPUIPlugin:80 - create IPUIPlugin
2025-06-22 11:12:26,341 [INFO] IPUIPlugin:80 - create IPUIPlugin
2025-06-22 11:12:26,342 [INFO] IPUIPlugin:80 - create IPUIPlugin
2025-06-22 11:12:26,342 [INFO] IPUIPlugin:80 - create IPUIPlugin
2025-06-22 11:12:26,342 [INFO] IPUIPlugin:80 - create IPUIPlugin
2025-06-22 11:12:26,342 [INFO] IPUIPlugin:80 - create IPUIPlugin
2025-06-22 11:12:26,343 [INFO] IPUIPlugin:80 - create IPUIPlugin
2025-06-22 11:12:26,343 [INFO] IPUIPlugin:80 - create IPUIPlugin
2025-06-22 11:12:26,343 [INFO] IPUIPlugin:80 - create IPUIPlugin
2025-06-22 11:12:26,344 [INFO] IPUIPlugin:80 - create IPUIPlugin
2025-06-22 11:12:26,344 [INFO] IPUIPlugin:80 - create IPUIPlugin
2025-06-22 11:12:26,344 [INFO] IPUIPlugin:80 - create IPUIPlugin
2025-06-22 11:12:26,344 [INFO] IPUIPlugin:80 - create IPUIPlugin
2025-06-22 11:12:26,345 [INFO] IPUIPlugin:80 - create IPUIPlugin
2025-06-22 11:12:26,345 [INFO] IPUIPlugin:80 - create IPUIPlugin
2025-06-22 11:12:26,345 [INFO] IPUIPlugin:80 - create IPUIPlugin
2025-06-22 11:12:26,345 [INFO] IPUIPlugin:80 - create IPUIPlugin
2025-06-22 11:12:26,345 [INFO] IPUIPlugin:80 - create IPUIPlugin
2025-06-22 11:12:26,347 [INFO] IPUIPlugin:80 - create IPUIPlugin
2025-06-22 11:12:26,347 [INFO] IPUIPlugin:80 - create IPUIPlugin
2025-06-22 11:12:26,347 [INFO] IPUIPlugin:80 - create IPUIPlugin
2025-06-22 11:12:26,356 [INFO] ApiDbMcu:508 - Load IP Config File for PDM2PCM
2025-06-22 11:12:26,381 [INFO] CADModel:165 - CPN selected for project levelSTM32F407VGT6
2025-06-22 11:12:26,381 [INFO] CADModel:114 - Register for checkConnection events
2025-06-22 11:12:26,442 [INFO] OpenFileManager:363 - Restore cursor
2025-06-22 11:13:35,877 [INFO] UtilMem:75 - End SaveConfig() Used Memory: 711706768 Bytes (1073741824)
2025-06-22 11:13:37,710 [INFO] UtilMem:75 - End SaveConfig() Used Memory: 735824016 Bytes (1073741824)
2025-06-22 11:13:41,169 [INFO] UtilMem:75 - End SaveConfig() Used Memory: 821280912 Bytes (1073741824)
2025-06-22 11:13:41,629 [INFO] BlockDiagram:2766 - set Specific Code input for plugin: SYS
2025-06-22 11:13:41,629 [INFO] BlockDiagram:2766 - set Specific Code input for plugin: RCC
2025-06-22 11:13:41,629 [INFO] BlockDiagram:2766 - set Specific Code input for plugin: NVIC
2025-06-22 11:13:41,629 [INFO] BlockDiagram:2766 - set Specific Code input for plugin: GPIO
2025-06-22 11:13:41,632 [INFO] CodeGenerator:807 - code generatio: config db path: C:\ST\STM32CubeIDE_1.16.0\STM32CubeIDE\plugins\com.st.stm32cube.common.mx_6.12.0.202406281431\\db\
2025-06-22 11:13:41,894 [INFO] CodeEngine:255 - oldGeneratedFile, C:\Users\nisha\OneDrive\Desktop\stm32f407\freertos\002LEDBLINK\MXTmpFiles\license.tmp_save
2025-06-22 11:13:42,262 [INFO] CodeEngine:279 - Generated code: C:\Users\nisha\OneDrive\Desktop\stm32f407\freertos\002LEDBLINK\MXTmpFiles\license.tmp
2025-06-22 11:13:42,407 [INFO] CodeEngine:255 - oldGeneratedFile, C:\Users\nisha\OneDrive\Desktop\stm32f407\freertos\002LEDBLINK\MXTmpFiles\gpio.tmp_save
2025-06-22 11:13:42,638 [INFO] CodeEngine:279 - Generated code: C:\Users\nisha\OneDrive\Desktop\stm32f407\freertos\002LEDBLINK\MXTmpFiles\gpio.tmp
2025-06-22 11:13:42,755 [INFO] CodeEngine:255 - oldGeneratedFile, C:\Users\nisha\OneDrive\Desktop\stm32f407\freertos\002LEDBLINK\Core\Src\stm32f4xx_it.c_save
2025-06-22 11:13:42,912 [INFO] CodeEngine:279 - Generated code: C:\Users\nisha\OneDrive\Desktop\stm32f407\freertos\002LEDBLINK\Core\Src\stm32f4xx_it.c
2025-06-22 11:13:42,946 [INFO] CodeEngine:255 - oldGeneratedFile, C:\Users\nisha\OneDrive\Desktop\stm32f407\freertos\002LEDBLINK\Core\Inc\stm32f4xx_it.h_save
2025-06-22 11:13:43,036 [INFO] CodeEngine:279 - Generated code: C:\Users\nisha\OneDrive\Desktop\stm32f407\freertos\002LEDBLINK\Core\Inc\stm32f4xx_it.h
2025-06-22 11:13:43,075 [INFO] CodeEngine:255 - oldGeneratedFile, C:\Users\nisha\OneDrive\Desktop\stm32f407\freertos\002LEDBLINK\Core\Src\stm32f4xx_hal_msp.c_save
2025-06-22 11:13:43,182 [INFO] CodeEngine:279 - Generated code: C:\Users\nisha\OneDrive\Desktop\stm32f407\freertos\002LEDBLINK\Core\Src\stm32f4xx_hal_msp.c
2025-06-22 11:13:43,196 [INFO] CodeEngine:255 - oldGeneratedFile, C:\Users\nisha\OneDrive\Desktop\stm32f407\freertos\002LEDBLINK\MXTmpFiles\system.tmp_save
2025-06-22 11:13:43,281 [INFO] CodeEngine:279 - Generated code: C:\Users\nisha\OneDrive\Desktop\stm32f407\freertos\002LEDBLINK\MXTmpFiles\system.tmp
2025-06-22 11:13:43,305 [INFO] CodeEngine:255 - oldGeneratedFile, C:\Users\nisha\OneDrive\Desktop\stm32f407\freertos\002LEDBLINK\Core\Src\stm32f4xx_hal_timebase_tim.c_save
2025-06-22 11:13:43,428 [INFO] CodeEngine:279 - Generated code: C:\Users\nisha\OneDrive\Desktop\stm32f407\freertos\002LEDBLINK\Core\Src\stm32f4xx_hal_timebase_tim.c
2025-06-22 11:13:43,470 [INFO] CodeEngine:311 - oldGeneratedFile, C:\Users\nisha\OneDrive\Desktop\stm32f407\freertos\002LEDBLINK\Core\Inc\stm32f4xx_hal_conf.h_save
2025-06-22 11:13:43,584 [INFO] CodeEngine:335 - Generated code: C:\Users\nisha\OneDrive\Desktop\stm32f407\freertos\002LEDBLINK\Core\Inc\stm32f4xx_hal_conf.h
2025-06-22 11:13:43,684 [INFO] CodeEngine:255 - oldGeneratedFile, C:\Users\nisha\OneDrive\Desktop\stm32f407\freertos\002LEDBLINK\Core\Inc\main.h_save
2025-06-22 11:13:43,790 [INFO] CodeEngine:279 - Generated code: C:\Users\nisha\OneDrive\Desktop\stm32f407\freertos\002LEDBLINK\Core\Inc\main.h
2025-06-22 11:13:43,815 [INFO] CodeEngine:255 - oldGeneratedFile, C:\Users\nisha\OneDrive\Desktop\stm32f407\freertos\002LEDBLINK\Core\Src\main.c_save
2025-06-22 11:13:43,988 [INFO] CodeEngine:279 - Generated code: C:\Users\nisha\OneDrive\Desktop\stm32f407\freertos\002LEDBLINK\Core\Src\main.c
2025-06-22 11:13:44,540 [INFO] ProjectBuilder:3249 - Time for Copy HAL[1] : 315mS.
2025-06-22 11:13:44,545 [INFO] ProjectBuilder:4828 - Project Generator version: 4.4.0-B60
2025-06-22 11:13:44,610 [INFO] ConfigFileManager:1531 - The Die is : DIE413
2025-06-22 11:13:44,634 [INFO] ApiDbMcu:508 - Load IP Config File for FATFS
2025-06-22 11:13:44,647 [INFO] ApiDbMcu:508 - Load IP Config File for FREERTOS
2025-06-22 11:13:44,660 [INFO] ApiDbMcu:508 - Load IP Config File for LIBJPEG
2025-06-22 11:13:44,675 [INFO] ApiDbMcu:508 - Load IP Config File for LWIP
2025-06-22 11:13:44,692 [INFO] ApiDbMcu:508 - Load IP Config File for MBEDTLS
2025-06-22 11:13:44,710 [INFO] ApiDbMcu:508 - Load IP Config File for USB_DEVICE
2025-06-22 11:13:44,724 [INFO] ApiDbMcu:508 - Load IP Config File for USB_HOST
2025-06-22 11:13:45,380 [INFO] LogOutputStream:77 - [STDOUT_REDIRECT] 
2025-06-22 11:13:48,074 [INFO] ProjectBuilder:5097 - Time for Generating toolchain IDE Files: 3529mS.
2025-06-22 11:13:48,077 [INFO] ProjectBuilder:3107 - Time for Copy CMSIS : 2mS.
2025-06-22 11:13:48,080 [INFO] ProjectBuilder:3107 - Time for Copy CMSIS : 0mS.
2025-06-22 15:30:11,624 [INFO] WebApp:189 - Connection lost
2025-06-22 15:47:52,903 [INFO] WebApp:186 - Connection restablished
2025-06-22 18:27:57,475 [INFO] WebApp:189 - Connection lost
2025-06-22 23:30:01,084 [INFO] WebApp:186 - Connection restablished
2025-06-22 23:30:03,269 [INFO] WebApp:189 - Connection lost
2025-06-22 23:30:04,225 [INFO] WebApp:186 - Connection restablished
2025-06-22 23:34:19,414 [ERROR] LogOutputStream:75 - [STDERR_REDIRECT] 
2025-06-22 23:34:19,428 [ERROR] LogOutputStream:75 - [STDERR_REDIRECT] 
