2025-08-30 12:04:12,836 [INFO] Activator:176 - 


2025-08-30 12:04:12,851 [INFO] Activator:177 - !SESSION log4j initialized
2025-08-30 12:04:36,275 [INFO] LogOutputStream:77 - [STDOUT_REDIRECT] 
2025-08-30 12:05:11,220 [INFO] ApplicationProperties:184 - Using Application install path: C:\ST\STM32CubeIDE_1.16.0\STM32CubeIDE\plugins\com.st.stm32cube.common.mx_6.15.0.202507011659
2025-08-30 12:05:11,351 [INFO] DbMcusXml:78 - Set database path to: C:\ST\STM32CubeIDE_1.16.0\STM32CubeIDE\plugins\com.st.stm32cube.common.mx_6.15.0.202507011659\\db\/mcu/
2025-08-30 12:05:11,351 [INFO] ApiDb:274 - Set plugin database path to: C:\ST\STM32CubeIDE_1.16.0\STM32CubeIDE\plugins\com.st.stm32cube.common.mx_6.15.0.202507011659\\db\/plugins/boardmanager/
2025-08-30 12:05:11,351 [WARN] ApiDb:259 - Overriding images path with different value:  => C:\ST\STM32CubeIDE_1.16.0\STM32CubeIDE\plugins\com.st.stm32cube.common.mx_6.15.0.202507011659\\db\/plugins/mcufinder/images/
2025-08-30 12:05:11,376 [INFO] ApiDb:250 - Set database path to: C:\Users\nisha\.stmcufinder\plugins\mcufinder//mcu/
2025-08-30 12:05:11,376 [INFO] DbMcusAds:125 - Set database path to: C:\Users\nisha\.stmcufinder\plugins\mcufinder//mcu/
2025-08-30 12:05:11,416 [INFO] CrossReferenceDbSqlite:203 - Set database path to: C:\Users\nisha\.stmcufinder\plugins\mcufinder//mcu/cs/
2025-08-30 12:05:11,800 [INFO] RulesReader:64 - Compatibility file has been processed (317 Rules)
2025-08-30 12:05:12,103 [INFO] DbMcusXml:78 - Set database path to: C:\ST\STM32CubeIDE_1.16.0\STM32CubeIDE\plugins\com.st.stm32cube.common.mx_6.15.0.202507011659\\db\/mcu/
2025-08-30 12:05:12,103 [INFO] ApiDb:274 - Set plugin database path to: C:\ST\STM32CubeIDE_1.16.0\STM32CubeIDE\plugins\com.st.stm32cube.common.mx_6.15.0.202507011659\\db\/plugins/boardmanager/
2025-08-30 12:05:12,103 [INFO] ApiDb:261 - Set plugin images path to: C:\ST\STM32CubeIDE_1.16.0\STM32CubeIDE\plugins\com.st.stm32cube.common.mx_6.15.0.202507011659\\db\/plugins/mcufinder/images/
2025-08-30 12:05:12,103 [WARN] DbFile:41 - Overriding database path with different value: C:\Users\nisha\.stmcufinder\plugins\mcufinder/ => C:\Users\nisha\.stmcufinder\plugins\mcufinder
2025-08-30 12:05:12,103 [INFO] ApiDb:250 - Set database path to: C:\Users\nisha\.stmcufinder\plugins\mcufinder//mcu/
2025-08-30 12:05:12,103 [WARN] DbFile:41 - Overriding database path with different value: C:\Users\nisha\.stmcufinder\plugins\mcufinder/ => C:\Users\nisha\.stmcufinder\plugins\mcufinder
2025-08-30 12:05:12,103 [INFO] DbMcusAds:125 - Set database path to: C:\Users\nisha\.stmcufinder\plugins\mcufinder//mcu/
2025-08-30 12:05:12,103 [WARN] DbFile:41 - Overriding database path with different value: C:\Users\nisha\.stmcufinder\plugins\mcufinder/ => C:\Users\nisha\.stmcufinder\plugins\mcufinder
2025-08-30 12:05:12,103 [WARN] DbFile:41 - Overriding database path with different value: C:\Users\nisha\.stmcufinder\plugins\mcufinder/ => C:\Users\nisha\.stmcufinder\plugins\mcufinder
2025-08-30 12:05:12,103 [INFO] CrossReferenceDbSqlite:203 - Set database path to: C:\Users\nisha\.stmcufinder\plugins\mcufinder//mcu/cs/
2025-08-30 12:05:12,356 [INFO] MainPanel:274 - HeapMemory: 268435456
2025-08-30 12:05:12,655 [INFO] DbMcusXml:78 - Set database path to: C:\ST\STM32CubeIDE_1.16.0\STM32CubeIDE\plugins\com.st.stm32cube.common.mx_6.15.0.202507011659\\db\/mcu/
2025-08-30 12:05:12,655 [INFO] ApiDb:274 - Set plugin database path to: C:\ST\STM32CubeIDE_1.16.0\STM32CubeIDE\plugins\com.st.stm32cube.common.mx_6.15.0.202507011659\\db\/plugins/boardmanager/
2025-08-30 12:05:12,655 [INFO] ApiDb:261 - Set plugin images path to: C:\ST\STM32CubeIDE_1.16.0\STM32CubeIDE\plugins\com.st.stm32cube.common.mx_6.15.0.202507011659\\db\/plugins/mcufinder/images/
2025-08-30 12:05:12,655 [WARN] DbFile:41 - Overriding database path with different value: C:\Users\nisha\.stmcufinder\plugins\mcufinder/ => C:\Users\nisha\.stmcufinder\plugins\mcufinder
2025-08-30 12:05:12,655 [INFO] ApiDb:250 - Set database path to: C:\Users\nisha\.stmcufinder\plugins\mcufinder//mcu/
2025-08-30 12:05:12,655 [WARN] DbFile:41 - Overriding database path with different value: C:\Users\nisha\.stmcufinder\plugins\mcufinder/ => C:\Users\nisha\.stmcufinder\plugins\mcufinder
2025-08-30 12:05:12,655 [INFO] DbMcusAds:125 - Set database path to: C:\Users\nisha\.stmcufinder\plugins\mcufinder//mcu/
2025-08-30 12:05:12,655 [WARN] DbFile:41 - Overriding database path with different value: C:\Users\nisha\.stmcufinder\plugins\mcufinder/ => C:\Users\nisha\.stmcufinder\plugins\mcufinder
2025-08-30 12:05:12,655 [WARN] DbFile:41 - Overriding database path with different value: C:\Users\nisha\.stmcufinder\plugins\mcufinder/ => C:\Users\nisha\.stmcufinder\plugins\mcufinder
2025-08-30 12:05:12,655 [INFO] CrossReferenceDbSqlite:203 - Set database path to: C:\Users\nisha\.stmcufinder\plugins\mcufinder//mcu/cs/
2025-08-30 12:05:12,697 [INFO] ApplicationProperties:184 - Using Application install path: C:\ST\STM32CubeIDE_1.16.0\STM32CubeIDE\plugins\com.st.stm32cube.common.mx_6.15.0.202507011659
2025-08-30 12:05:12,701 [INFO] PluginManage:196 - Search for loadable plugins [exclusion list=, ]
2025-08-30 12:05:12,727 [INFO] PluginManage:310 - Check plugin analytics
2025-08-30 12:05:13,475 [INFO] AnalyticsPlugin:253 - Accepted Software Licenses: 
2025-08-30 12:05:13,477 [INFO] AnalyticsPlugin:255 - Accepted CMSIS Pack Licenses: 
2025-08-30 12:05:13,477 [INFO] AnalyticsPlugin:257 - Accepted Firmware Licenses: FW.F4.1.28.0
2025-08-30 12:05:13,485 [INFO] PluginManage:359 - Loaded plugin analytics (category:tool,tabindex:-1)
2025-08-30 12:05:13,485 [INFO] PluginManage:310 - Check plugin cadmodel
2025-08-30 12:05:13,519 [INFO] CADModel:105 - Init CAD model plugin
2025-08-30 12:05:13,519 [INFO] PluginManage:359 - Loaded plugin cadmodel (category:power,tabindex:5)
2025-08-30 12:05:13,519 [INFO] PluginManage:310 - Check plugin clock
2025-08-30 12:05:13,558 [INFO] PluginManage:359 - Loaded plugin clock (category:base,tabindex:2)
2025-08-30 12:05:13,558 [INFO] PluginManage:310 - Check plugin ddr
2025-08-30 12:05:13,566 [INFO] PluginManage:359 - Loaded plugin ddr (category:tool,tabindex:6)
2025-08-30 12:05:13,566 [INFO] PluginManage:310 - Check plugin filemanager
2025-08-30 12:05:13,853 [INFO] PluginManage:359 - Loaded plugin filemanager (category:base,tabindex:10)
2025-08-30 12:05:13,853 [INFO] PluginManage:310 - Check plugin ipmanager
2025-08-30 12:05:13,874 [INFO] PluginManage:359 - Loaded plugin ipmanager (category:base,tabindex:5)
2025-08-30 12:05:13,874 [INFO] PluginManage:310 - Check plugin lpbam
2025-08-30 12:05:13,902 [INFO] PluginManage:359 - Loaded plugin lpbam (category:base,tabindex:0)
2025-08-30 12:05:13,902 [INFO] PluginManage:310 - Check plugin memorymap
2025-08-30 12:05:13,951 [INFO] PluginManage:359 - Loaded plugin memorymap (category:base,tabindex:4)
2025-08-30 12:05:13,951 [INFO] PluginManage:310 - Check plugin pinoutandconfiguration
2025-08-30 12:05:13,987 [INFO] PluginManage:359 - Loaded plugin pinoutandconfiguration (category:base,tabindex:1)
2025-08-30 12:05:13,987 [INFO] PluginManage:310 - Check plugin pinoutconfig
2025-08-30 12:05:14,185 [WARN] SupportedApi:132 - Cannot load RTOS API schema: s4s-elt-must-match.1: The content of 'definitions' must match (annotation?, (simpleType | complexType)?, (unique | key | keyref)*)). A problem was found starting at: attribute.
2025-08-30 12:05:14,437 [INFO] PluginManage:359 - Loaded plugin pinoutconfig (category:base,tabindex:0)
2025-08-30 12:05:14,437 [INFO] PluginManage:310 - Check plugin power
2025-08-30 12:05:14,561 [INFO] PluginManage:359 - Loaded plugin power (category:power,tabindex:4)
2025-08-30 12:05:14,561 [INFO] PluginManage:310 - Check plugin projectmanager
2025-08-30 12:05:14,607 [INFO] PluginManage:359 - Loaded plugin projectmanager (category:projectmanager,tabindex:4)
2025-08-30 12:05:14,607 [INFO] PluginManage:310 - Check plugin rif
2025-08-30 12:05:14,644 [INFO] PluginManage:359 - Loaded plugin rif (category:base,tabindex:3)
2025-08-30 12:05:14,644 [INFO] PluginManage:310 - Check plugin thirdparty
2025-08-30 12:05:15,301 [INFO] PluginManage:359 - Loaded plugin thirdparty (category:base,tabindex:-1)
2025-08-30 12:05:15,301 [WARN] IntegrityCheckThread:84 - waiting for thirdparty lock release [integrity check]
2025-08-30 12:05:15,301 [INFO] IntegrityCheckThread:86 - entering critical section [integrity check]
2025-08-30 12:05:15,301 [INFO] ThirdPartyUpdaterWithRetryManager:70 - Updater plugin not ready yet. [1/15]
2025-08-30 12:05:15,301 [INFO] PluginManage:310 - Check plugin tools
2025-08-30 12:05:15,380 [INFO] PluginManage:359 - Loaded plugin tools (category:base,tabindex:7)
2025-08-30 12:05:15,380 [INFO] PluginManage:310 - Check plugin tutovideos
2025-08-30 12:05:15,853 [INFO] PluginManage:359 - Loaded plugin tutovideos (category:base,tabindex:-1)
2025-08-30 12:05:15,853 [INFO] PluginManage:310 - Check plugin updater
2025-08-30 12:05:15,895 [INFO] PluginManage:359 - Loaded plugin updater (category:base,tabindex:12)
2025-08-30 12:05:15,895 [INFO] PluginManage:310 - Check plugin userauth
2025-08-30 12:05:15,900 [INFO] UserAuth:118 - Init User Auth plugin
2025-08-30 12:05:15,909 [INFO] PluginManage:359 - Loaded plugin userauth (category:base,tabindex:14)
2025-08-30 12:05:15,909 [INFO] PluginManage:283 - PluginManage : Loaded plugins [18]
2025-08-30 12:05:16,356 [INFO] PinOutPanel:1589 - setPackage(No Configuration,No Configuration)
2025-08-30 12:05:16,665 [INFO] CADModel:165 - CPN selected for project level
2025-08-30 12:05:16,665 [INFO] CADModel:114 - Register for checkConnection events
2025-08-30 12:05:16,709 [INFO] IPUIPlugin:80 - create IPUIPlugin
2025-08-30 12:05:16,709 [INFO] PluginManager:220 - loadIPPluginJar : add adc
2025-08-30 12:05:16,786 [INFO] IPUIPlugin:80 - create IPUIPlugin
2025-08-30 12:05:16,786 [INFO] PluginManager:220 - loadIPPluginJar : add aes
2025-08-30 12:05:16,855 [INFO] IPUIPlugin:80 - create IPUIPlugin
2025-08-30 12:05:16,855 [INFO] PluginManager:220 - loadIPPluginJar : add can
2025-08-30 12:05:16,885 [INFO] IPUIPlugin:80 - create IPUIPlugin
2025-08-30 12:05:16,885 [INFO] PluginManager:220 - loadIPPluginJar : add comp
2025-08-30 12:05:16,962 [INFO] IPUIPlugin:80 - create IPUIPlugin
2025-08-30 12:05:16,963 [INFO] PluginManager:220 - loadIPPluginJar : add cryp
2025-08-30 12:05:16,980 [INFO] IPUIPlugin:80 - create IPUIPlugin
2025-08-30 12:05:16,980 [INFO] PluginManager:220 - loadIPPluginJar : add ddr_ctrl_phy
2025-08-30 12:05:17,047 [INFO] IPUIPlugin:80 - create IPUIPlugin
2025-08-30 12:05:17,047 [INFO] PluginManager:220 - loadIPPluginJar : add dfsdm
2025-08-30 12:05:17,071 [INFO] IPUIPlugin:80 - create IPUIPlugin
2025-08-30 12:05:17,071 [INFO] PluginManager:220 - loadIPPluginJar : add dma
2025-08-30 12:05:17,161 [INFO] IPUIPlugin:80 - create IPUIPlugin
2025-08-30 12:05:17,161 [INFO] PluginManager:220 - loadIPPluginJar : add dma3
2025-08-30 12:05:17,255 [INFO] IPUIPlugin:80 - create IPUIPlugin
2025-08-30 12:05:17,255 [INFO] PluginManager:220 - loadIPPluginJar : add extmemmanager
2025-08-30 12:05:17,302 [INFO] IPUIPlugin:80 - create IPUIPlugin
2025-08-30 12:05:17,302 [INFO] PluginManager:220 - loadIPPluginJar : add fatfs
2025-08-30 12:05:17,351 [INFO] IPUIPlugin:80 - create IPUIPlugin
2025-08-30 12:05:17,351 [INFO] PluginManager:220 - loadIPPluginJar : add fmc
2025-08-30 12:05:17,388 [INFO] IPUIPlugin:80 - create IPUIPlugin
2025-08-30 12:05:17,388 [INFO] PluginManager:220 - loadIPPluginJar : add freertos
2025-08-30 12:05:17,414 [INFO] IPUIPlugin:80 - create IPUIPlugin
2025-08-30 12:05:17,414 [INFO] PluginManager:220 - loadIPPluginJar : add genericplugin
2025-08-30 12:05:17,600 [INFO] IPUIPlugin:80 - create IPUIPlugin
2025-08-30 12:05:17,600 [INFO] PluginManager:220 - loadIPPluginJar : add gfxmmu
2025-08-30 12:05:17,870 [INFO] IPUIPlugin:80 - create IPUIPlugin
2025-08-30 12:05:17,870 [INFO] PluginManager:220 - loadIPPluginJar : add gic
2025-08-30 12:05:17,888 [INFO] IPUIPlugin:80 - create IPUIPlugin
2025-08-30 12:05:17,888 [INFO] PluginManager:220 - loadIPPluginJar : add gpio
2025-08-30 12:05:18,037 [INFO] IPUIPlugin:80 - create IPUIPlugin
2025-08-30 12:05:18,037 [INFO] PluginManager:220 - loadIPPluginJar : add gtzc
2025-08-30 12:05:18,109 [INFO] IPUIPlugin:80 - create IPUIPlugin
2025-08-30 12:05:18,109 [INFO] PluginManager:220 - loadIPPluginJar : add hash
2025-08-30 12:05:18,227 [INFO] IPUIPlugin:80 - create IPUIPlugin
2025-08-30 12:05:18,227 [INFO] PluginManager:220 - loadIPPluginJar : add i2c
2025-08-30 12:05:18,289 [INFO] IPUIPlugin:80 - create IPUIPlugin
2025-08-30 12:05:18,289 [INFO] PluginManager:220 - loadIPPluginJar : add i2s
2025-08-30 12:05:18,310 [INFO] ThirdPartyUpdaterWithRetryManager:70 - Updater plugin not ready yet. [2/15]
2025-08-30 12:05:18,377 [INFO] IPUIPlugin:80 - create IPUIPlugin
2025-08-30 12:05:18,377 [INFO] PluginManager:220 - loadIPPluginJar : add i3c
2025-08-30 12:05:18,540 [INFO] IPUIPlugin:80 - create IPUIPlugin
2025-08-30 12:05:18,542 [INFO] PluginManager:220 - loadIPPluginJar : add ipddr
2025-08-30 12:05:18,732 [INFO] IPUIPlugin:80 - create IPUIPlugin
2025-08-30 12:05:18,732 [INFO] PluginManager:220 - loadIPPluginJar : add linkedlist
2025-08-30 12:05:18,774 [INFO] IPUIPlugin:80 - create IPUIPlugin
2025-08-30 12:05:18,774 [INFO] PluginManager:220 - loadIPPluginJar : add lorawan
2025-08-30 12:05:18,857 [INFO] IPUIPlugin:80 - create IPUIPlugin
2025-08-30 12:05:18,857 [INFO] PluginManager:220 - loadIPPluginJar : add ltdc
2025-08-30 12:05:18,888 [INFO] IPUIPlugin:80 - create IPUIPlugin
2025-08-30 12:05:18,888 [INFO] PluginManager:220 - loadIPPluginJar : add mdma
2025-08-30 12:05:18,915 [INFO] IPUIPlugin:80 - create IPUIPlugin
2025-08-30 12:05:18,915 [INFO] PluginManager:220 - loadIPPluginJar : add nvic
2025-08-30 12:05:18,998 [INFO] IPUIPlugin:80 - create IPUIPlugin
2025-08-30 12:05:19,000 [INFO] PluginManager:220 - loadIPPluginJar : add opamp
2025-08-30 12:05:19,147 [INFO] IPUIPlugin:80 - create IPUIPlugin
2025-08-30 12:05:19,147 [INFO] PluginManager:220 - loadIPPluginJar : add openamp
2025-08-30 12:05:19,221 [INFO] IPUIPlugin:80 - create IPUIPlugin
2025-08-30 12:05:19,221 [INFO] PluginManager:220 - loadIPPluginJar : add pdm2pcm
2025-08-30 12:05:19,283 [INFO] IPUIPlugin:80 - create IPUIPlugin
2025-08-30 12:05:19,287 [INFO] PluginManager:220 - loadIPPluginJar : add plateformsettings
2025-08-30 12:05:19,310 [INFO] IPUIPlugin:80 - create IPUIPlugin
2025-08-30 12:05:19,310 [INFO] PluginManager:220 - loadIPPluginJar : add quadspi
2025-08-30 12:05:19,385 [INFO] IPUIPlugin:80 - create IPUIPlugin
2025-08-30 12:05:19,386 [INFO] PluginManager:220 - loadIPPluginJar : add radio
2025-08-30 12:05:19,414 [INFO] IPUIPlugin:80 - create IPUIPlugin
2025-08-30 12:05:19,414 [INFO] PluginManager:220 - loadIPPluginJar : add resmgrutility
2025-08-30 12:05:19,514 [INFO] IPUIPlugin:80 - create IPUIPlugin
2025-08-30 12:05:19,516 [INFO] PluginManager:220 - loadIPPluginJar : add sai
2025-08-30 12:05:19,597 [INFO] IPUIPlugin:80 - create IPUIPlugin
2025-08-30 12:05:19,597 [INFO] PluginManager:220 - loadIPPluginJar : add spi
2025-08-30 12:05:19,723 [INFO] IPUIPlugin:80 - create IPUIPlugin
2025-08-30 12:05:19,723 [INFO] PluginManager:220 - loadIPPluginJar : add stm32_wpan
2025-08-30 12:05:19,781 [INFO] IPUIPlugin:80 - create IPUIPlugin
2025-08-30 12:05:19,783 [INFO] PluginManager:220 - loadIPPluginJar : add tim
2025-08-30 12:05:19,875 [INFO] IPUIPlugin:80 - create IPUIPlugin
2025-08-30 12:05:19,875 [INFO] PluginManager:220 - loadIPPluginJar : add touchsensing
2025-08-30 12:05:19,927 [INFO] IPUIPlugin:80 - create IPUIPlugin
2025-08-30 12:05:19,927 [INFO] PluginManager:220 - loadIPPluginJar : add tracer_emb
2025-08-30 12:05:19,978 [INFO] IPUIPlugin:80 - create IPUIPlugin
2025-08-30 12:05:19,980 [INFO] PluginManager:220 - loadIPPluginJar : add ts
2025-08-30 12:05:20,030 [INFO] IPUIPlugin:80 - create IPUIPlugin
2025-08-30 12:05:20,030 [INFO] PluginManager:220 - loadIPPluginJar : add tsc
2025-08-30 12:05:20,079 [INFO] IPUIPlugin:80 - create IPUIPlugin
2025-08-30 12:05:20,079 [INFO] PluginManager:220 - loadIPPluginJar : add ucpd
2025-08-30 12:05:20,175 [INFO] IPUIPlugin:80 - create IPUIPlugin
2025-08-30 12:05:20,175 [INFO] PluginManager:220 - loadIPPluginJar : add usart
2025-08-30 12:05:20,270 [INFO] IPUIPlugin:80 - create IPUIPlugin
2025-08-30 12:05:20,270 [INFO] PluginManager:220 - loadIPPluginJar : add usbx
2025-08-30 12:05:20,467 [FATAL] Updater:351 - Updater called before beeing initialized
2025-08-30 12:05:20,523 [INFO] RulesReader:64 - Compatibility file has been processed (317 Rules)
2025-08-30 12:05:20,652 [INFO] RulesReader:64 - Compatibility file has been processed (317 Rules)
2025-08-30 12:05:20,704 [INFO] CADModel:165 - CPN selected for project level
2025-08-30 12:05:20,704 [INFO] CADModel:114 - Register for checkConnection events
2025-08-30 12:05:20,704 [FATAL] Updater:351 - Updater called before beeing initialized
2025-08-30 12:05:20,704 [ERROR] CADModel:125 - Updater not yet initialized, retry later 
2025-08-30 12:05:21,317 [INFO] ThirdPartyUpdaterWithRetryManager:70 - Updater plugin not ready yet. [3/15]
2025-08-30 12:05:21,493 [FATAL] Updater:351 - Updater called before beeing initialized
2025-08-30 12:05:21,497 [INFO] CADModel:165 - CPN selected for project level
2025-08-30 12:05:21,497 [INFO] CADModel:114 - Register for checkConnection events
2025-08-30 12:05:21,497 [FATAL] Updater:351 - Updater called before beeing initialized
2025-08-30 12:05:21,497 [ERROR] CADModel:125 - Updater not yet initialized, retry later 
2025-08-30 12:05:21,503 [FATAL] Updater:351 - Updater called before beeing initialized
2025-08-30 12:05:22,014 [FATAL] Updater:351 - Updater called before beeing initialized
2025-08-30 12:05:22,034 [INFO] DbMcusAds:53 - JSON generation date=Tue Jul 08 13:44:23 IST 2025 (1751962463582)
2025-08-30 12:05:22,034 [FATAL] Updater:351 - Updater called before beeing initialized
2025-08-30 12:05:22,123 [WARN] DetailPanel:346 - Failed to get advertising image, set to default
2025-08-30 12:05:22,321 [FATAL] Updater:351 - Updater called before beeing initialized
2025-08-30 12:05:22,323 [FATAL] Updater:351 - Updater called before beeing initialized
2025-08-30 12:05:22,324 [FATAL] Updater:351 - Updater called before beeing initialized
2025-08-30 12:05:22,324 [WARN] DetailPanel:346 - Failed to get advertising image, set to default
2025-08-30 12:05:22,324 [FATAL] Updater:351 - Updater called before beeing initialized
2025-08-30 12:05:22,433 [ERROR] Updater:1198 - MainUpdater not yet initialized. External WinMGr cannot be set.
2025-08-30 12:05:22,458 [INFO] Updater:1134 - Updater Version found : 6.15.0
2025-08-30 12:05:22,491 [INFO] ApplicationProperties:184 - Using Application install path: C:\ST\STM32CubeIDE_1.16.0\STM32CubeIDE\plugins\com.st.stm32cube.common.mx_6.15.0.202507011659
2025-08-30 12:05:24,118 [ERROR] LogOutputStream:75 - [STDERR_REDIRECT] Aug 30, 2025 12:05:24 PM java.util.prefs.WindowsPreferences <init>
2025-08-30 12:05:24,120 [ERROR] LogOutputStream:75 - [STDERR_REDIRECT] WARNING: Could not open/create prefs root node Software\JavaSoft\Prefs at root 0xffffffff80000002. Windows RegCreateKeyEx(...) returned error code 5.
2025-08-30 12:05:24,120 [ERROR] LogOutputStream:75 - [STDERR_REDIRECT] 
2025-08-30 12:05:24,320 [FATAL] Updater:351 - Updater called before beeing initialized
2025-08-30 12:05:24,320 [ERROR] IntegrityCheckThread:130 - Cannot retrieve database content from updater: error 21
2025-08-30 12:05:24,320 [INFO] ThirdParty:978 - Integrity check success = false
2025-08-30 12:05:24,320 [INFO] IntegrityCheckThread:100 - exiting critical section [integrity check]
2025-08-30 12:05:24,320 [INFO] IntegrityCheckThread:103 - End integrity checks thread
2025-08-30 12:05:25,519 [INFO] MainUpdater:2872 - connection check result : 10
2025-08-30 12:05:25,521 [INFO] MainUpdater:289 - Updater Check For Update Now.
2025-08-30 12:05:25,521 [INFO] MicroXplorer:498 - Change Database Version : DB.6.0.150
2025-08-30 12:05:25,563 [INFO] McuFinderGlobals:63 - Set McuFinder mode to 2 (CubeIDE integrated)
2025-08-30 12:05:25,597 [INFO] UserAuth:487 - Internet connection configuration mode: 1
2025-08-30 12:05:25,702 [INFO] JxBrowserEngine:152 - Initiate JxBrowser Engine with user profile folder
2025-08-30 12:05:25,934 [INFO] CheckServerUpdateThread:120 - End of CheckServer Thread
2025-08-30 12:05:28,471 [INFO] WebApp:169 - Instantiating new browser for Auth
2025-08-30 12:05:32,939 [INFO] WebApp:463 - Apply proxy settings
2025-08-30 12:05:32,947 [INFO] WebApp:548 - Chromium requires no authentication
2025-08-30 12:05:32,977 [INFO] WebApp:491 - Direct internet connection detected
2025-08-30 12:05:33,123 [INFO] WebApp:900 - Register for checkConnection events
2025-08-30 12:05:33,123 [INFO] WebApp:463 - Apply proxy settings
2025-08-30 12:05:33,123 [INFO] WebApp:548 - Chromium requires no authentication
2025-08-30 12:05:33,125 [INFO] WebApp:491 - Direct internet connection detected
2025-08-30 12:05:33,900 [INFO] WebApp:225 - Starting web application
2025-08-30 12:05:33,900 [INFO] WebApp:593 - Web application path used C:\ST\STM32CubeIDE_1.16.0\STM32CubeIDE\plugins\com.st.stm32cube.common.mx_6.15.0.202507011659\db\plugins\mcufinder\reactClient1\index.html
2025-08-30 12:05:34,296 [INFO] UserAuth:487 - Internet connection configuration mode: 1
2025-08-30 12:05:34,361 [INFO] WebApp:191 - Connection restablished
2025-08-30 13:30:50,676 [INFO] WebApp:194 - Connection lost
2025-08-30 15:11:36,112 [INFO] WebApp:191 - Connection restablished
2025-08-30 15:11:38,962 [INFO] WebApp:194 - Connection lost
2025-08-30 15:11:39,348 [INFO] WebApp:191 - Connection restablished
2025-08-30 15:13:19,617 [INFO] McuFinderGlobals:63 - Set McuFinder mode to 2 (CubeIDE integrated)
2025-08-30 15:13:19,677 [INFO] MainUpdater:2872 - connection check result : 10
2025-08-30 15:13:19,692 [INFO] MainUpdater:2872 - connection check result : 10
2025-08-30 15:13:19,989 [INFO] MicroXplorer:468 - Change Database Path : 
2025-08-30 15:13:19,990 [INFO] MicroXplorer:498 - Change Database Version : DB.6.0.150
2025-08-30 15:13:20,003 [WARN] ThirdParty:871 - waiting for thirdparty lock release [close project]
2025-08-30 15:13:20,003 [INFO] ThirdParty:873 - entering critical section [close project]
2025-08-30 15:13:20,040 [INFO] ThirdParty:883 - exiting critical section [close project]
2025-08-30 15:13:20,048 [INFO] PinOutPanel:1589 - setPackage(No Configuration,No Configuration)
2025-08-30 15:13:20,078 [INFO] UtilMem:75 - Begin LoadConfig() Used Memory: 449173560 Bytes (563085312)
2025-08-30 15:13:20,208 [INFO] MicroXplorer:468 - Change Database Path : C:/Users/nisha/.stm32cubemx/databases/DB.6.0.141/db/
2025-08-30 15:13:20,208 [INFO] MicroXplorer:498 - Change Database Version : DB.6.0.141
2025-08-30 15:13:25,000 [INFO] OpenFileManager:355 - Change cursor
2025-08-30 15:13:25,103 [WARN] IntegrityCheckThread:84 - waiting for thirdparty lock release [integrity check]
2025-08-30 15:13:25,103 [INFO] IntegrityCheckThread:86 - entering critical section [integrity check]
2025-08-30 15:13:25,823 [WARN] PackLoader:240 - Cannot read IP mode file for STMicroelectronics.FP-SNS-MOTENVWB1.1.4.0
2025-08-30 15:13:25,904 [WARN] PackLoader:240 - Cannot read IP mode file for STMicroelectronics.X-CUBE-SMBUS.2.1.0
2025-08-30 15:13:25,956 [WARN] PackLoader:240 - Cannot read IP mode file for STMicroelectronics.X-CUBE-WB05N.1.1.0
2025-08-30 15:13:25,987 [WARN] PackLoader:240 - Cannot read IP mode file for STMicroelectronics.X-CUBE-ST60.1.0.0
2025-08-30 15:13:26,140 [WARN] PackLoader:240 - Cannot read IP mode file for STMicroelectronics.X-CUBE-AZRTOS-F7.1.1.0
2025-08-30 15:13:26,251 [WARN] PackLoader:240 - Cannot read IP mode file for STMicroelectronics.X-CUBE-MEMS1.11.0.0
2025-08-30 15:13:26,417 [WARN] PackLoader:240 - Cannot read IP mode file for STMicroelectronics.FP-SNS-FLIGHT1.5.0.2
2025-08-30 15:13:26,468 [WARN] PackLoader:240 - Cannot read IP mode file for STMicroelectronics.X-CUBE-AZRTOS-H7.3.4.0
2025-08-30 15:13:26,500 [WARN] PackLoader:240 - Cannot read IP mode file for STMicroelectronics.X-CUBE-DISPLAY.3.0.0
2025-08-30 15:13:26,527 [WARN] PackLoader:240 - Cannot read IP mode file for STMicroelectronics.X-CUBE-BLE1.7.0.0
2025-08-30 15:13:26,554 [WARN] PackLoader:240 - Cannot read IP mode file for STMicroelectronics.X-CUBE-NFC10.1.0.0
2025-08-30 15:13:26,587 [WARN] PackLoader:240 - Cannot read IP mode file for STMicroelectronics.X-CUBE-BLEMGR.4.0.0
2025-08-30 15:13:26,620 [WARN] PackLoader:240 - Cannot read IP mode file for emotas.I-CUBE-CANOPEN.1.3.0
2025-08-30 15:13:26,653 [WARN] PackLoader:240 - Cannot read IP mode file for STMicroelectronics.X-CUBE-BLEMGR.3.1.0
2025-08-30 15:13:26,685 [WARN] PackLoader:240 - Cannot read IP mode file for STMicroelectronics.FP-SNS-STBOX1.2.1.0
2025-08-30 15:13:26,717 [WARN] PackLoader:240 - Cannot read IP mode file for STMicroelectronics.FP-SNS-SMARTAG2.1.2.0
2025-08-30 15:13:26,742 [WARN] PackLoader:240 - Cannot read IP mode file for STMicroelectronics.FP-SNS-FLIGHT1.5.1.0
2025-08-30 15:13:26,786 [INFO] LogOutputStream:77 - [STDOUT_REDIRECT] 1 : Invalid condition id : UX_CORESTACK_Condition cause : null
2025-08-30 15:13:26,791 [INFO] LogOutputStream:77 - [STDOUT_REDIRECT] 1 : Invalid condition id : UX_CORESTACK_Condition cause : null
2025-08-30 15:13:26,797 [INFO] LogOutputStream:77 - [STDOUT_REDIRECT] 1 : Invalid condition id : UX_CORESTACK_Condition cause : null
2025-08-30 15:13:26,806 [INFO] LogOutputStream:77 - [STDOUT_REDIRECT] 1 : Invalid condition id : UX_CORESTACK_Condition cause : null
2025-08-30 15:13:26,819 [INFO] LogOutputStream:77 - [STDOUT_REDIRECT] 1 : Invalid condition id : UX_CORESTACK_Condition cause : null
2025-08-30 15:13:26,823 [WARN] PackLoader:240 - Cannot read IP mode file for STMicroelectronics.X-CUBE-AZRTOS-WL.2.0.0
2025-08-30 15:13:26,866 [WARN] PackLoader:240 - Cannot read IP mode file for STMicroelectronics.FP-SNS-MOTENV1.5.0.0
2025-08-30 15:13:26,905 [WARN] PackLoader:240 - Cannot read IP mode file for wolfSSL.I-CUBE-wolfMQTT.1.19.0
2025-08-30 15:13:26,951 [WARN] PackLoader:240 - Cannot read IP mode file for WES.I-CUBE-Cesium.1.3.0
2025-08-30 15:13:26,979 [WARN] PackLoader:240 - Cannot read IP mode file for STMicroelectronics.X-CUBE-BLE2.3.3.0
2025-08-30 15:13:27,007 [WARN] PackLoader:240 - Cannot read IP mode file for STMicroelectronics.X-CUBE-NFC9.1.0.0
2025-08-30 15:13:27,031 [WARN] PackLoader:240 - Cannot read IP mode file for STMicroelectronics.X-CUBE-BLE1.7.1.0
2025-08-30 15:13:27,058 [WARN] PackLoader:240 - Cannot read IP mode file for STMicroelectronics.X-CUBE-TCPP.4.1.0
2025-08-30 15:13:27,085 [WARN] PackLoader:240 - Cannot read IP mode file for STMicroelectronics.X-CUBE-EEPRMA1.5.2.0
2025-08-30 15:13:27,108 [WARN] PackLoader:240 - Cannot read IP mode file for STMicroelectronics.X-CUBE-AI.10.1.0
2025-08-30 15:13:27,147 [WARN] PackLoader:240 - Cannot read IP mode file for STMicroelectronics.X-CUBE-AZRTOS-G0.1.1.0
2025-08-30 15:13:27,173 [WARN] PackLoader:240 - Cannot read IP mode file for STMicroelectronics.X-CUBE-SAFEA1.1.2.2
2025-08-30 15:13:27,208 [WARN] PackLoader:240 - Cannot read IP mode file for STMicroelectronics.X-CUBE-NFC4.3.0.0
2025-08-30 15:13:27,243 [WARN] PackLoader:240 - Cannot read IP mode file for EmbeddedOffice.I-CUBE-FS-RTOS.1.0.1
2025-08-30 15:13:27,271 [WARN] PackLoader:240 - Cannot read IP mode file for STMicroelectronics.X-CUBE-WB05N.2.0.0
2025-08-30 15:13:27,303 [WARN] PackLoader:240 - Cannot read IP mode file for STMicroelectronics.X-CUBE-TCPP.4.2.0
2025-08-30 15:13:27,334 [WARN] PackLoader:240 - Cannot read IP mode file for RealThread.X-CUBE-RT-Thread_Nano.4.1.1
2025-08-30 15:13:27,371 [WARN] PackLoader:240 - Cannot read IP mode file for wolfSSL.I-CUBE-wolfSSL.5.7.0
2025-08-30 15:13:27,401 [WARN] PackLoader:240 - Cannot read IP mode file for STMicroelectronics.FP-ATR-SIGFOX1.3.2.0
2025-08-30 15:13:27,425 [WARN] ConditionMgr:438 - getConditionDescription Invalid condition id : Cortex-A Device cause : null
2025-08-30 15:13:27,475 [WARN] ConditionMgr:1044 - genDependencies : Invalid condition id : Cortex-A Device cause : null
2025-08-30 15:13:27,476 [WARN] ConditionMgr:1044 - genDependencies : Invalid condition id : Cortex-A Device cause : null
2025-08-30 15:13:27,476 [WARN] ConditionMgr:1044 - genDependencies : Invalid condition id : Cortex-A Device cause : null
2025-08-30 15:13:27,506 [WARN] PackLoader:240 - Cannot read IP mode file for STMicroelectronics.X-CUBE-EEPRMA1.5.1.0
2025-08-30 15:13:27,529 [WARN] PackLoader:240 - Cannot read IP mode file for ITTIA_DB.I-CUBE-ITTIADB.8.9.0
2025-08-30 15:13:27,553 [WARN] PackLoader:240 - Cannot read IP mode file for STMicroelectronics.X-CUBE-ST67W61.1.0.0
2025-08-30 15:13:27,571 [WARN] PackLoader:240 - Cannot read IP mode file for STMicroelectronics.X-CUBE-AI.10.2.0
2025-08-30 15:13:27,609 [WARN] PackLoader:240 - Cannot read IP mode file for SEGGER.I-CUBE-embOS.1.3.1
2025-08-30 15:13:27,666 [WARN] PackLoader:240 - Cannot read IP mode file for STMicroelectronics.X-CUBE-ALGOBUILD.1.4.0
2025-08-30 15:13:27,729 [WARN] PackLoader:240 - Cannot read IP mode file for STMicroelectronics.X-CUBE-MEMS1.11.3.0
2025-08-30 15:13:27,870 [WARN] PackLoader:240 - Cannot read IP mode file for STMicroelectronics.X-CUBE-AI.9.1.0
2025-08-30 15:13:27,893 [WARN] PackLoader:240 - Cannot read IP mode file for STMicroelectronics.X-CUBE-PM33A1.1.0.0
2025-08-30 15:13:27,910 [WARN] PackLoader:240 - Cannot read IP mode file for STMicroelectronics.X-CUBE-GNSS1.6.0.0
2025-08-30 15:13:27,943 [WARN] PackLoader:240 - Cannot read IP mode file for STMicroelectronics.X-CUBE-AZRTOS-F4.1.1.0
2025-08-30 15:13:27,969 [WARN] PackLoader:240 - Cannot read IP mode file for Avnet-IotConnect.X-CUBE-IoTC-DA16k-PMOD.1.0.0
2025-08-30 15:13:27,990 [WARN] PackLoader:240 - Cannot read IP mode file for STMicroelectronics.X-CUBE-ISPU.2.1.0
2025-08-30 15:13:28,016 [WARN] PackLoader:240 - Cannot read IP mode file for STMicroelectronics.X-CUBE-FREERTOS.1.2.0
2025-08-30 15:13:28,041 [WARN] PackLoader:240 - Cannot read IP mode file for STMicroelectronics.X-CUBE-NFC12.1.0.0
2025-08-30 15:13:28,082 [WARN] PackLoader:240 - Cannot read IP mode file for STMicroelectronics.X-CUBE-AZRTOS-L5.2.0.0
2025-08-30 15:13:28,109 [WARN] PackLoader:240 - Cannot read IP mode file for STMicroelectronics.X-CUBE-NFC6.3.1.0
2025-08-30 15:13:28,140 [WARN] PackLoader:240 - Cannot read IP mode file for STMicroelectronics.X-CUBE-DPower.1.2.0
2025-08-30 15:13:28,174 [WARN] PackLoader:240 - Cannot read IP mode file for STMicroelectronics.X-CUBE-AI.9.0.0
2025-08-30 15:13:28,199 [WARN] PackLoader:240 - Cannot read IP mode file for STMicroelectronics.X-CUBE-FREERTOS.1.3.1
2025-08-30 15:13:28,224 [WARN] PackLoader:240 - Cannot read IP mode file for STMicroelectronics.X-CUBE-NFC7.1.0.1
2025-08-30 15:13:28,248 [WARN] PackLoader:240 - Cannot read IP mode file for wolfSSL.I-CUBE-wolfTPM.3.2.0
2025-08-30 15:13:28,270 [WARN] PackLoader:240 - Cannot read IP mode file for STMicroelectronics.FP-SNS-STAIOTCFT.1.0.0
2025-08-30 15:13:28,290 [WARN] PackLoader:240 - Cannot read IP mode file for STMicroelectronics.X-CUBE-DPower.1.3.0
2025-08-30 15:13:28,327 [WARN] ConditionMgr:438 - getConditionDescription Invalid condition id : LAN8742 Phy interface Condition cause : null
2025-08-30 15:13:28,327 [WARN] PackLoader:240 - Cannot read IP mode file for STMicroelectronics.X-CUBE-AZRTOS-L4.2.0.0
2025-08-30 15:13:28,330 [WARN] ConditionMgr:1044 - genDependencies : Invalid condition id : LAN8742 Phy interface Condition cause : null
2025-08-30 15:13:28,330 [WARN] ConditionMgr:1044 - genDependencies : Invalid condition id : LAN8742 Phy interface Condition cause : null
2025-08-30 15:13:28,330 [WARN] ConditionMgr:1044 - genDependencies : Invalid condition id : LAN8742 Phy interface Condition cause : null
2025-08-30 15:13:28,354 [WARN] PackLoader:240 - Cannot read IP mode file for STMicroelectronics.X-CUBE-SFXS2LP1.4.0.0
2025-08-30 15:13:28,393 [WARN] PackLoader:240 - Cannot read IP mode file for STMicroelectronics.X-CUBE-AZRTOS-H7.3.3.0
2025-08-30 15:13:28,422 [WARN] PackLoader:240 - Cannot read IP mode file for STMicroelectronics.X-CUBE-BLEMGR.4.1.0
2025-08-30 15:13:28,467 [WARN] PackLoader:240 - Cannot read IP mode file for STMicroelectronics.X-CUBE-IPS.3.0.0
2025-08-30 15:13:28,517 [WARN] ConditionMgr:438 - getConditionDescription Invalid condition id : UX DEVICE CLASS RTOS Condition cause : null
2025-08-30 15:13:28,517 [WARN] ConditionMgr:438 - getConditionDescription Invalid condition id : UX DEVICE CLASS RTOS Condition cause : null
2025-08-30 15:13:28,518 [WARN] PackLoader:240 - Cannot read IP mode file for STMicroelectronics.X-CUBE-AZRTOS-WB.2.0.0
2025-08-30 15:13:28,519 [WARN] ConditionMgr:1044 - genDependencies : Invalid condition id : UX DEVICE CLASS RTOS Condition cause : null
2025-08-30 15:13:28,519 [WARN] ConditionMgr:1044 - genDependencies : Invalid condition id : UX DEVICE CLASS RTOS Condition cause : null
2025-08-30 15:13:28,519 [WARN] ConditionMgr:1044 - genDependencies : Invalid condition id : UX DEVICE CLASS RTOS Condition cause : null
2025-08-30 15:13:28,520 [WARN] ConditionMgr:1044 - genDependencies : Invalid condition id : UX DEVICE CLASS RTOS Condition cause : null
2025-08-30 15:13:28,520 [WARN] ConditionMgr:1044 - genDependencies : Invalid condition id : UX DEVICE CLASS RTOS Condition cause : null
2025-08-30 15:13:28,538 [WARN] PackLoader:240 - Cannot read IP mode file for STMicroelectronics.X-CUBE-GNSS1.7.0.0
2025-08-30 15:13:28,557 [WARN] PackLoader:240 - Cannot read IP mode file for STMicroelectronics.X-CUBE-GNSS1.7.0.1
2025-08-30 15:13:28,575 [WARN] PackLoader:240 - Cannot read IP mode file for STMicroelectronics.X-CUBE-TOUCHGFX.4.25.0
2025-08-30 15:13:28,593 [WARN] PackLoader:240 - Cannot read IP mode file for STMicroelectronics.FP-SNS-STBOX1.2.0.0
2025-08-30 15:13:28,616 [WARN] PackLoader:240 - Cannot read IP mode file for STMicroelectronics.X-CUBE-SUBG2.5.0.0
2025-08-30 15:13:28,649 [WARN] PackLoader:240 - Cannot read IP mode file for STMicroelectronics.X-CUBE-AZRTOS-H7RS.1.1.0
2025-08-30 15:13:28,666 [WARN] PackLoader:240 - Cannot read IP mode file for Cesanta.I-CUBE-Mongoose.7.13.0
2025-08-30 15:13:28,689 [WARN] PackLoader:240 - Cannot read IP mode file for STMicroelectronics.X-CUBE-AZRTOS-G4.2.0.0
2025-08-30 15:13:28,707 [WARN] PackLoader:240 - Cannot read IP mode file for STMicroelectronics.X-CUBE-NFC7.2.0.0
2025-08-30 15:13:28,722 [WARN] PackLoader:240 - Cannot read IP mode file for STMicroelectronics.X-CUBE-ISPU.2.0.0
2025-08-30 15:13:28,740 [WARN] PackLoader:240 - Cannot read IP mode file for STMicroelectronics.X-CUBE-IPS.3.1.0
2025-08-30 15:13:28,761 [WARN] PackLoader:240 - Cannot read IP mode file for STMicroelectronics.X-CUBE-ALS.1.0.2
2025-08-30 15:13:28,800 [WARN] PackLoader:240 - Cannot read IP mode file for STMicroelectronics.X-CUBE-MEMS1.10.0.0
2025-08-30 15:13:28,866 [WARN] PackLoader:240 - Cannot read IP mode file for STMicroelectronics.X-CUBE-TOUCHGFX.4.24.0
2025-08-30 15:13:28,886 [WARN] PackLoader:240 - Cannot read IP mode file for STMicroelectronics.X-CUBE-TOUCHGFX.4.24.1
2025-08-30 15:13:28,905 [WARN] PackLoader:240 - Cannot read IP mode file for portGmbH.I-Cube-SoM-uGOAL.1.1.0
2025-08-30 15:13:28,933 [WARN] PackLoader:240 - Cannot read IP mode file for STMicroelectronics.X-CUBE-AZRTOS-H7RS.1.0.0
2025-08-30 15:13:28,952 [WARN] PackLoader:240 - Cannot read IP mode file for STMicroelectronics.FP-ATR-ASTRA1.2.0.0
2025-08-30 15:13:28,976 [WARN] PackLoader:240 - Cannot read IP mode file for STMicroelectronics.X-CUBE-TOF1.3.4.2
2025-08-30 15:13:29,052 [WARN] PackLoader:240 - Cannot read IP mode file for STMicroelectronics.X-CUBE-TOF1.3.4.3
2025-08-30 15:13:29,153 [WARN] PackLoader:240 - Cannot read IP mode file for STMicroelectronics.X-CUBE-TOF1.3.4.1
2025-08-30 15:13:29,191 [WARN] PackLoader:240 - Cannot read IP mode file for STMicroelectronics.X-CUBE-AZRTOS-H7.3.2.0
2025-08-30 15:13:29,218 [WARN] PackLoader:240 - Cannot read IP mode file for Infineon.AIROC-Wi-Fi-Bluetooth-STM32.1.6.0
2025-08-30 15:13:29,239 [WARN] PackLoader:240 - Cannot read IP mode file for wolfSSL.I-CUBE-wolfSSH.1.4.17
2025-08-30 15:13:29,239 [INFO] ThirdParty:978 - Integrity check success = true
2025-08-30 15:13:29,239 [INFO] IntegrityCheckThread:100 - exiting critical section [integrity check]
2025-08-30 15:13:29,240 [INFO] IntegrityCheckThread:103 - End integrity checks thread
2025-08-30 15:13:29,352 [INFO] Mcu:2029 - Initializing MCU STM32F407V(E-G)Tx STM32F407VGTx STM32F407VGT6
2025-08-30 15:13:32,283 [INFO] Context:786 - Trying to add GPIOservice into a context  which must be forbidden
2025-08-30 15:13:33,086 [INFO] ImportTextPane:234 - (OptionalMessage_ERROR) Pin37 (VP_RIF_VS_RIF1) cannot be retrieved for this MCU
2025-08-30 15:13:33,602 [INFO] RtosManager:558 - Registered RTOS mode: class=CMSIS, group=RTOS, mode=CMSIS_V1, owner=FREERTOS
2025-08-30 15:13:33,602 [INFO] RtosManager:558 - Registered RTOS mode: class=CMSIS, group=RTOS2, mode=CMSIS_V2, owner=FREERTOS
2025-08-30 15:13:33,602 [INFO] RtosManager:558 - Registered RTOS mode: class=RTOS, group=Core, mode=CMSIS_V1, owner=FREERTOS
2025-08-30 15:13:33,602 [INFO] RtosManager:558 - Registered RTOS mode: class=RTOS, group=Core, mode=CMSIS_V2, owner=FREERTOS
2025-08-30 15:13:33,603 [WARN] ModelIntegratedComponent:184 - Missing modes for component STMicroelectronics:FreeRTOS:0.0.1:STMicroelectronics:RTOS:FreeRTOS:Core:::10.2.0:
2025-08-30 15:13:33,625 [WARN] ModelIntegratedComponent:63 - No mode defined for component null
2025-08-30 15:13:33,625 [WARN] ModelIntegratedComponent:63 - No mode defined for component null
2025-08-30 15:13:33,625 [WARN] ModelIntegratedComponent:63 - No mode defined for component null
2025-08-30 15:13:33,625 [WARN] ModelIntegratedComponent:63 - No mode defined for component null
2025-08-30 15:13:33,625 [WARN] ModelIntegratedComponent:63 - No mode defined for component null
2025-08-30 15:13:33,625 [WARN] ModelIntegratedComponent:63 - No mode defined for component null
2025-08-30 15:13:33,625 [WARN] ModelIntegratedComponent:63 - No mode defined for component null
2025-08-30 15:13:33,625 [WARN] ModelIntegratedComponent:63 - No mode defined for component null
2025-08-30 15:13:33,625 [WARN] ModelIntegratedComponent:63 - No mode defined for component null
2025-08-30 15:13:33,625 [WARN] ModelIntegratedComponent:63 - No mode defined for component null
2025-08-30 15:13:33,625 [WARN] ModelIntegratedComponent:63 - No mode defined for component null
2025-08-30 15:13:33,625 [WARN] ModelIntegratedComponent:63 - No mode defined for component null
2025-08-30 15:13:33,625 [WARN] ModelIntegratedComponent:63 - No mode defined for component null
2025-08-30 15:13:33,625 [WARN] ModelIntegratedComponent:63 - No mode defined for component null
2025-08-30 15:13:33,626 [WARN] ModelIntegratedComponent:63 - No mode defined for component null
2025-08-30 15:13:33,626 [WARN] ModelIntegratedComponent:63 - No mode defined for component null
2025-08-30 15:13:33,626 [WARN] ModelIntegratedComponent:63 - No mode defined for component null
2025-08-30 15:13:33,626 [WARN] ModelIntegratedComponent:63 - No mode defined for component null
2025-08-30 15:13:33,626 [WARN] ModelIntegratedComponent:63 - No mode defined for component null
2025-08-30 15:13:33,626 [WARN] ModelIntegratedComponent:63 - No mode defined for component null
2025-08-30 15:13:33,626 [WARN] ModelIntegratedComponent:63 - No mode defined for component null
2025-08-30 15:13:33,626 [WARN] ModelIntegratedComponent:63 - No mode defined for component null
2025-08-30 15:13:33,626 [WARN] ModelIntegratedComponent:63 - No mode defined for component null
2025-08-30 15:13:33,627 [WARN] ModelIntegratedComponent:63 - No mode defined for component null
2025-08-30 15:13:33,627 [WARN] ModelIntegratedComponent:63 - No mode defined for component null
2025-08-30 15:13:33,627 [WARN] ModelIntegratedComponent:63 - No mode defined for component null
2025-08-30 15:13:33,627 [WARN] ModelIntegratedComponent:63 - No mode defined for component null
2025-08-30 15:13:33,627 [WARN] ModelIntegratedComponent:63 - No mode defined for component null
2025-08-30 15:13:33,627 [WARN] ModelIntegratedComponent:63 - No mode defined for component null
2025-08-30 15:13:33,627 [WARN] ModelIntegratedComponent:63 - No mode defined for component null
2025-08-30 15:13:33,627 [WARN] ModelIntegratedComponent:63 - No mode defined for component null
2025-08-30 15:13:33,627 [WARN] ModelIntegratedComponent:63 - No mode defined for component null
2025-08-30 15:13:33,627 [WARN] ModelIntegratedComponent:63 - No mode defined for component null
2025-08-30 15:13:33,627 [WARN] ModelIntegratedComponent:63 - No mode defined for component null
2025-08-30 15:13:33,627 [WARN] ModelIntegratedComponent:63 - No mode defined for component null
2025-08-30 15:13:33,628 [WARN] ModelPack:524 - Component already loaded: STMicroelectronics:HAL Drivers:0.0.0:STMicroelectronics:Device:STMicro_Driver:XSPI:HAL::0.0.1:HAL_XSPI
2025-08-30 15:13:33,987 [INFO] ThirdPartyModel:298 - Start build external matchings
2025-08-30 15:13:35,307 [INFO] ThirdPartyModel:316 - End build external matchings
2025-08-30 15:13:36,400 [INFO] ApiDb:581 - Connected to CubeFinder SQLite database (C:\Users\nisha\.stmcufinder\plugins\mcufinder\mcu\cube-finder-db.db)
2025-08-30 15:13:36,605 [INFO] ApiDb:668 - CubeFinder database Data Model version=2.1
2025-08-30 15:13:36,606 [INFO] ApiDb:669 - CubeFinder database Configuration version=3.0.39
2025-08-30 15:13:36,609 [INFO] ApiDb:670 - CubeFinder database generation date=2025-07-24 (1753349077)
2025-08-30 15:13:36,609 [INFO] ApiDb:671 - CubeFinder database FW Pack versions=[FP-ATR-ASTRA1_V2.0.0, FP-SNS-FLIGHT1_V5.1.0, FP-SNS-MOTENV1_V5.0.0, FP-SNS-MOTENVWB1_V1.4.0, FP-SNS-SMARTAG2_V1.2.0, FP-SNS-STBOX1_V2.0.0, STM32Cube_FW_C0_V1.4.0, STM32Cube_FW_F4_V1.28.2, STM32Cube_FW_F7_V1.17.3, STM32Cube_FW_G0_V1.6.2, STM32Cube_FW_G4_V1.6.1, STM32Cube_FW_H5_V1.5.0, STM32Cube_FW_H7RS_V1.2.0, STM32Cube_FW_H7_V1.12.1, STM32Cube_FW_L0_V1.12.2, STM32Cube_FW_L4_V1.18.1, STM32Cube_FW_L5_V1.5.1, STM32Cube_FW_N6_V1.2.0, STM32Cube_FW_U0_V1.3.0, STM32Cube_FW_U3_V1.2.0, STM32Cube_FW_U5_V1.8.0, STM32Cube_FW_WB0_V1.3.0, STM32Cube_FW_WBA_V1.7.0, STM32Cube_FW_WB_V1.23.0, STM32Cube_FW_WL3_V1.2.0, STM32Cube_FW_WL_V1.3.1, X-CUBE-ALGOBUILD_V1.4.0, X-CUBE-ALS_V1.0.2, X-CUBE-AZRTOS-F4_V1.1.0, X-CUBE-AZRTOS-F7_V1.1.0, X-CUBE-AZRTOS-G0_V1.1.0, X-CUBE-AZRTOS-G4_V2.0.0, X-CUBE-AZRTOS-H7RS_V1.1.0, X-CUBE-AZRTOS-H7_V3.4.0, X-CUBE-AZRTOS-L4_V2.0.0, X-CUBE-AZRTOS-L5_V2.0.0, X-CUBE-AZRTOS-WB_V2.0.0, X-CUBE-AZRTOS-WL_V2.0.0, X-CUBE-BLE1_V7.1.0, X-CUBE-BLE2_V3.3.0, X-CUBE-BLEMGR_V4.1.0, X-CUBE-EEPRMA1_V5.2.0, X-CUBE-FREERTOS_V1.3.1, X-CUBE-GNSS1_V6.0.0, X-CUBE-MEMS1_V11.3.0, X-CUBE-NFC4_V3.0.0, X-CUBE-NFC7_V2.0.0, X-CUBE-SFXS2LP1_V4.0.0, X-CUBE-ST67W61_V1.0.0, X-CUBE-SUBG2_V5.0.0, X-CUBE-TOF1_V3.4.3]
2025-08-30 15:13:36,880 [INFO] DbBoardsSqlite:226 - include board P-NUCLEO-WB55-NUCLEO as a kit item of type 'Nucleo-64'
2025-08-30 15:13:36,882 [INFO] DbBoardsSqlite:226 - include board P-NUCLEO-WB55-USBDONGLE as a kit item of type 'Nucleo USB Dongle'
2025-08-30 15:13:36,885 [INFO] DbBoardsSqlite:226 - include board STEVAL-IDP005V1 as a kit item of type 'Evaluation Board'
2025-08-30 15:13:36,886 [INFO] DbBoardsSqlite:226 - include board STEVAL-IDP005V2 as a kit item of type 'Evaluation Board'
2025-08-30 15:13:38,337 [INFO] ApiDb:240 - Found 880 in-development CPN: [B-G473E-ZEST1S, B-WB1M-WPAN1, B-WBA5M-WPAN, B-WL5M-SUBG1, NUCLEO-C031C6, NUCLEO-C051C8, NUCLEO-C071RB, NUCLEO-C092RC, NUCLEO-H503RB, NUCLEO-H533RE, NUCLEO-H563ZI, NUCLEO-H7S3L8, NUCLEO-N657X0-Q, NUCLEO-U031R8, NUCLEO-U083RC, NUCLEO-U385RG-Q, NUCLEO-U545RE-Q, NUCLEO-U5A5ZJ-Q, NUCLEO-WB05KZ, NUCLEO-WB07CC, NUCLEO-WB09KE, NUCLEO-WBA52CG, NUCLEO-WBA55CG, NUCLEO-WL33CC1, NUCLEO-WL33CC2, STEVAL-PROTEUS1, STEVAL-SMARTAG2, STEVAL-STWINBX1, STM320518-EVAL, STM32C0116-DK, STM32C011D6Y3TR, STM32C011D6Y6TR, STM32C011F4P3, STM32C011F4P6, STM32C011F4U3, STM32C011F4U6TR, STM32C011F6P3, STM32C011F6P6, STM32C011F6U3, STM32C011F6U6TR, STM32C011J4M3, STM32C011J4M6, STM32C011J6M3, STM32C011J6M6, STM32C0316-DK, STM32C031C4T3, STM32C031C4T6, STM32C031C4U3, STM32C031C4U6, STM32C031C6T3, STM32C031C6T6, STM32C031C6U3, STM32C031C6U6, STM32C031F4P3, STM32C031F4P6, STM32C031F6P3, STM32C031F6P6, STM32C031G4U3, STM32C031G4U6, STM32C031G6U3, STM32C031G6U6, STM32C031K4T3, STM32C031K4T6, STM32C031K4U3, STM32C031K4U6, STM32C031K6T3, STM32C031K6T6, STM32C031K6U3, STM32C031K6U6, STM32C051C6T6, STM32C051C6U6, STM32C051C8T6, STM32C051C8U6, STM32C051D8Y6TR, STM32C051F6P6, STM32C051F8P6, STM32C051G6U6, STM32C051G8U6, STM32C051K6T6, STM32C051K6U6, STM32C051K8T6, STM32C071C8T6, STM32C071C8T6N, STM32C071C8U6, STM32C071C8U6N, STM32C071CBT6, STM32C071CBT6N, STM32C071CBU6, STM32C071CBU6N, STM32C071F8P6, STM32C071F8P6N, STM32C071FBP6, STM32C071FBP6N, STM32C071FBY6TR, STM32C071G8U6, STM32C071G8U6N, STM32C071GBU6, STM32C071GBU6N, STM32C071K8T6, STM32C071K8T6N, STM32C071K8U6, STM32C071K8U6N, STM32C071KBT6, STM32C071KBT6N, STM32C071KBU6, STM32C071KBU6N, STM32C071R8T6, STM32C071R8T6N, STM32C071RBI6N, STM32C071RBT6, STM32C071RBT6N, STM32C091CBT6, STM32C091CBU6, STM32C091CCT6, STM32C091CCU6, STM32C091ECY6TR, STM32C091FBP6, STM32C091FCP6, STM32C091GBU6, STM32C091GCU6, STM32C091KBT6, STM32C091KBU6, STM32C091KCT6, STM32C091KCU6, STM32C091RBT6, STM32C091RCI6, STM32C091RCT6, STM32C092CBT6, STM32C092CBU6, STM32C092CCT6, STM32C092CCU6, STM32C092ECY6TR, STM32C092FBP6, STM32C092FCP6, STM32C092GBU6, STM32C092GCU6, STM32C092KBT6, STM32C092KBU6, STM32C092KCT6, STM32C092KCU6, STM32C092RBT6, STM32C092RCI6, STM32C092RCT6, STM32G071K8TXN, STM32G071K8UXN, STM32G081GBU6N, STM32G081KBT6N, STM32G081KBUXN, STM32G0B1CCT6N, STM32G0B1KCT6, STM32G0B1NEY6TR, STM32G0B1RCT6N, STM32G0C1CCT6, STM32G0C1CCT6N, STM32G0C1CCU6N, STM32G0C1CET6N, STM32G0C1CEU6N, STM32G0C1KCT6, STM32G0C1NEY6TR, STM32G0C1RCI6N, STM32G0C1RCT6N, STM32G0C1REI6N, STM32G0C1RET6N, STM32G0C1VCI6, STM32G0C1VEI6, STM32G411C6T3, STM32G411C6T6, STM32G411C6U3, STM32G411C6U6, STM32G411C8T3, STM32G411C8T6, STM32G411C8U3, STM32G411C8U6, STM32G411CBT3, STM32G411CBT6, STM32G411CBU3, STM32G411CBU6, STM32G411K6T3, STM32G411K6T6, STM32G411K6U3, STM32G411K6U6, STM32G411K8T3, STM32G411K8T6, STM32G411K8U3, STM32G411K8U6, STM32G411KBT3, STM32G411KBT6, STM32G411KBU3, STM32G411KBU6, STM32G411M6T3, STM32G411M6T6, STM32G411M8T3, STM32G411M8T6, STM32G411MBT3, STM32G411MBT6, STM32G411R6T3, STM32G411R6T6, STM32G411R8T3, STM32G411R8T6, STM32G411RBT3, STM32G411RBT6, STM32G414CBT3, STM32G414CBT6, STM32G414CBU3, STM32G414CBU6, STM32G414CCT3, STM32G414CCT6, STM32G414CCU3, STM32G414CCU6, STM32G414MBT3, STM32G414MBT6, STM32G414MCT3, STM32G414MCT6, STM32G414RBT3, STM32G414RBT6, STM32G414RCT3, STM32G414RCT6, STM32G414VBT3, STM32G414VBT6, STM32G414VCT3, STM32G414VCT6, STM32G431CBT3Z, STM32G431RBT3Z, STM32G471CCT6, STM32G471CCU6, STM32G471CET3, STM32G471CET6, STM32G471CEU3, STM32G471CEU6, STM32G471MCT6, STM32G471MET3, STM32G471MET6, STM32G471MEY6TR, STM32G471QCT6, STM32G471QET3, STM32G471RCT6, STM32G471RET3, STM32G471RET6, STM32G471VCH6, STM32G471VCI6, STM32G471VCT6, STM32G471VEH3, STM32G471VEH6, STM32G471VEI3, STM32G471VEI6, STM32G471VET3, STM32G471VET6, STM32G473QET3Z, STM32G473RET3Z, STM32G474CCT6, STM32G491RET3Z, STM32H503CBT6, STM32H503CBU6, STM32H503EBY6TR, STM32H503KBU6, STM32H503RBT6, STM32H523CCT6, STM32H523CCU6, STM32H523CET6, STM32H523CEU6, STM32H523HEY6TR, STM32H523RCT6, STM32H523RET6, STM32H523VCI6, STM32H523VCT6, STM32H523VEI6, STM32H523VET6, STM32H523ZCJ6, STM32H523ZCT6, STM32H523ZEJ6, STM32H523ZET6, STM32H533CET6, STM32H533CEU6, STM32H533HEY6TR, STM32H533RET6, STM32H533VEI6, STM32H533VET6, STM32H533ZEJ6, STM32H533ZET6, STM32H562AGI6, STM32H562AII6, STM32H562IGK6, STM32H562IGT6, STM32H562IIK6, STM32H562IIT6, STM32H562RGT6, STM32H562RGV6, STM32H562RIT6, STM32H562RIV6, STM32H562VGT6, STM32H562VIT6, STM32H562ZGT6, STM32H562ZIT6, STM32H563AGI6, STM32H563AII3Q, STM32H563AII6, STM32H563IGK6, STM32H563IGT6, STM32H563IIK3Q, STM32H563IIK6, STM32H563IIT3Q, STM32H563IIT6, STM32H563MIY3QTR, STM32H563RGT6, STM32H563RGV6, STM32H563RIT6, STM32H563RIV6, STM32H563VGT6, STM32H563VIT3Q, STM32H563VIT6, STM32H563ZGT6, STM32H563ZIT3Q, STM32H563ZIT6, STM32H573AII3Q, STM32H573AII6, STM32H573I-DK, STM32H573IIK3Q, STM32H573IIK6, STM32H573IIT3Q, STM32H573IIT6, STM32H573MIY3QTR, STM32H573RIT6, STM32H573RIV6, STM32H573VIT3Q, STM32H573VIT6, STM32H573ZIT3Q, STM32H573ZIT6, STM32H7R3A8I6, STM32H7R3I8K6, STM32H7R3I8T6, STM32H7R3L8H6, STM32H7R3L8H6H, STM32H7R3R8V6, STM32H7R3V8H6, STM32H7R3V8T6, STM32H7R3V8Y6TR, STM32H7R3Z8J6, STM32H7R3Z8T6, STM32H7R7A8I6, STM32H7R7I8K6, STM32H7R7I8T6, STM32H7R7L8H6, STM32H7R7L8H6H, STM32H7R7Z8J6, STM32H7S3A8I6, STM32H7S3I8K6, STM32H7S3I8T6, STM32H7S3L8H6, STM32H7S3L8H6H, STM32H7S3R8V6, STM32H7S3V8H6, STM32H7S3V8T6, STM32H7S3V8Y6TR, STM32H7S3Z8J6, STM32H7S3Z8T6, STM32H7S78-DK, STM32H7S7A8I6, STM32H7S7I8K6, STM32H7S7I8T6, STM32H7S7L8H6, STM32H7S7L8H6H, STM32H7S7Z8J6, STM32L4R5QGI6STR, STM32MP131AAE3, STM32MP131AAF3, STM32MP131AAG3, STM32MP131CAE3, STM32MP131CAF3, STM32MP131CAG3, STM32MP131DAE7, STM32MP131DAF7, STM32MP131DAG7, STM32MP131FAE7, STM32MP131FAF7, STM32MP131FAG7, STM32MP133AAE3, STM32MP133AAF3, STM32MP133AAG3, STM32MP133CAE3, STM32MP133CAF3, STM32MP133CAG3, STM32MP133DAE7, STM32MP133DAF7, STM32MP133DAG7, STM32MP133FAE7, STM32MP133FAF7, STM32MP133FAG7, STM32MP135AAE3, STM32MP135AAF3, STM32MP135AAG3, STM32MP135CAE3, STM32MP135CAF3, STM32MP135CAG3, STM32MP135DAE7, STM32MP135DAF7, STM32MP135DAG7, STM32MP135F-DK, STM32MP135FAE7, STM32MP135FAF7, STM32MP135FAF7T, STM32MP135FAF7U, STM32MP135FAG7, STM32MP211AAL3, STM32MP211AAM3, STM32MP211AAN3, STM32MP211AAO3, STM32MP211CAL3, STM32MP211CAM3, STM32MP211CAN3, STM32MP211CAO3, STM32MP211DAL3, STM32MP211DAM3, STM32MP211DAN3, STM32MP211DAO3, STM32MP211FAL3, STM32MP211FAM3, STM32MP211FAN3, STM32MP211FAO3, STM32MP213AAL3, STM32MP213AAM3, STM32MP213AAN3, STM32MP213AAO3, STM32MP213CAL3, STM32MP213CAM3, STM32MP213CAN3, STM32MP213CAO3, STM32MP213DAL3, STM32MP213DAM3, STM32MP213DAN3, STM32MP213DAO3, STM32MP213FAL3, STM32MP213FAM3, STM32MP213FAN3, STM32MP213FAO3, STM32MP215AAL3, STM32MP215AAM3, STM32MP215AAN3, STM32MP215AAO3, STM32MP215CAL3, STM32MP215CAM3, STM32MP215CAN3, STM32MP215CAO3, STM32MP215DAL3, STM32MP215DAM3, STM32MP215DAN3, STM32MP215DAO3, STM32MP215F-DK, STM32MP215FAL3, STM32MP215FAM3, STM32MP215FAN3, STM32MP215FAO3, STM32MP231AAJ3, STM32MP231AAK3, STM32MP231AAL3, STM32MP231CAJ3, STM32MP231CAK3, STM32MP231CAL3, STM32MP231DAJ3, STM32MP231DAK3, STM32MP231DAL3, STM32MP231FAJ3, STM32MP231FAK3, STM32MP231FAL3, STM32MP233AAJ3, STM32MP233AAK3, STM32MP233AAL3, STM32MP233CAJ3, STM32MP233CAK3, STM32MP233CAL3, STM32MP233DAJ3, STM32MP233DAK3, STM32MP233DAL3, STM32MP233FAJ3, STM32MP233FAK3, STM32MP233FAL3, STM32MP235AAJ3, STM32MP235AAK3, STM32MP235AAL3, STM32MP235CAJ3, STM32MP235CAK3, STM32MP235CAL3, STM32MP235DAJ3, STM32MP235DAK3, STM32MP235DAL3, STM32MP235FAJ3, STM32MP235FAK3, STM32MP235FAL3, STM32MP251AAI3, STM32MP251AAK3, STM32MP251AAL3, STM32MP251CAI3, STM32MP251CAK3, STM32MP251CAL3, STM32MP251DAI3, STM32MP251DAK3, STM32MP251DAL3, STM32MP251FAI3, STM32MP251FAK3, STM32MP251FAL3, STM32MP253AAI3, STM32MP253AAK3, STM32MP253AAL3, STM32MP253CAI3, STM32MP253CAK3, STM32MP253CAL3, STM32MP253DAI3, STM32MP253DAK3, STM32MP253DAL3, STM32MP253FAI3, STM32MP253FAK3, STM32MP253FAL3, STM32MP255AAI3, STM32MP255AAK3, STM32MP255AAL3, STM32MP255CAI3, STM32MP255CAK3, STM32MP255CAL3, STM32MP255DAI3, STM32MP255DAK3, STM32MP255DAL3, STM32MP255FAI3, STM32MP255FAK3, STM32MP255FAL3, STM32MP257AAI3, STM32MP257AAK3, STM32MP257AAL3, STM32MP257CAI3, STM32MP257CAK3, STM32MP257CAL3, STM32MP257DAI3, STM32MP257DAK3, STM32MP257DAL3, STM32MP257F-DK, STM32MP257F-EV1, STM32MP257FAI3, STM32MP257FAK3, STM32MP257FAL3, STM32N645A0H3Q, STM32N645B0H3Q, STM32N645I0H3Q, STM32N645L0H3Q, STM32N645X0H3Q, STM32N645Z0H3Q, STM32N647A0H3Q, STM32N647B0H3Q, STM32N647I0H3Q, STM32N647L0H3Q, STM32N647X0H3Q, STM32N647Z0H3Q, STM32N655A0H3Q, STM32N655B0H3Q, STM32N655I0H3Q, STM32N655L0H3Q, STM32N655X0H3Q, STM32N655Z0H3Q, STM32N6570-DK, STM32N657A0H3Q, STM32N657B0H3Q, STM32N657I0H3Q, STM32N657L0H3Q, STM32N657X0H3Q, STM32N657Z0H3Q, STM32U031C6T6, STM32U031C6U6, STM32U031C8T6, STM32U031C8U6, STM32U031F4P6, STM32U031F6P6, STM32U031F8P6, STM32U031G6Y6TR, STM32U031G8Y6TR, STM32U031K4U6, STM32U031K6U6, STM32U031K8U6, STM32U031R6I6, STM32U031R6T6, STM32U031R8I6, STM32U031R8T6, STM32U073C8T6, STM32U073C8U6, STM32U073CBT6, STM32U073CBU6, STM32U073CCT6, STM32U073CCU6, STM32U073H8Y6TR, STM32U073HBY6TR, STM32U073HCY6TR, STM32U073K8U6, STM32U073KBU6, STM32U073KCU6, STM32U073M8I6, STM32U073M8T6, STM32U073MBI6, STM32U073MBT6, STM32U073MCI6, STM32U073MCT6, STM32U073R8I6, STM32U073R8T6, STM32U073RBI6, STM32U073RBT6, STM32U073RCI6, STM32U073RCT6, STM32U083C-DK, STM32U083CCT6, STM32U083CCU6, STM32U083HCY6TR, STM32U083KCU6, STM32U083MCI6, STM32U083MCT6, STM32U083RCI6, STM32U083RCT6, STM32U375CET6, STM32U375CET6Q, STM32U375CEU6, STM32U375CEU6Q, STM32U375CEY6QTR, STM32U375CGT6, STM32U375CGT6Q, STM32U375CGU6, STM32U375CGU6Q, STM32U375CGY6QTR, STM32U375KEU6, STM32U375KGU6, STM32U375REI6, STM32U375REI6Q, STM32U375RET6, STM32U375RET6Q, STM32U375REY6GTR, STM32U375REY6QTR, STM32U375RGI6, STM32U375RGI6Q, STM32U375RGT6, STM32U375RGT6Q, STM32U375RGY6GTR, STM32U375RGY6QTR, STM32U375VEI6, STM32U375VEI6Q, STM32U375VET6, STM32U375VET6Q, STM32U375VGI6, STM32U375VGI6Q, STM32U375VGT6, STM32U375VGT6Q, STM32U385CGT6, STM32U385CGT6Q, STM32U385CGU6, STM32U385CGU6Q, STM32U385CGY6QTR, STM32U385KGU6, STM32U385RGI6, STM32U385RGI6Q, STM32U385RGT6, STM32U385RGT6Q, STM32U385RGY6GTR, STM32U385RGY6QTR, STM32U385VGI6, STM32U385VGI6Q, STM32U385VGT6, STM32U385VGT6Q, STM32U535CBT6, STM32U535CBT6Q, STM32U535CBU6, STM32U535CBU6Q, STM32U535CCT6, STM32U535CCT6Q, STM32U535CCU6, STM32U535CCU6Q, STM32U535CET6, STM32U535CET6Q, STM32U535CEU6, STM32U535CEU6Q, STM32U535JEY6QTR, STM32U535NCY6QTR, STM32U535NEY6QTR, STM32U535RBI6, STM32U535RBI6Q, STM32U535RBT6, STM32U535RBT6Q, STM32U535RCI6, STM32U535RCI6Q, STM32U535RCT6, STM32U535RCT6Q, STM32U535REI6, STM32U535REI6Q, STM32U535RET6, STM32U535RET6Q, STM32U535VCI6, STM32U535VCI6Q, STM32U535VCT6, STM32U535VCT6Q, STM32U535VEI6, STM32U535VEI6Q, STM32U535VET6, STM32U535VET6Q, STM32U545CET6, STM32U545CET6Q, STM32U545CEU6, STM32U545CEU6Q, STM32U545JEY6QTR, STM32U545NEY6QTR, STM32U545REI6, STM32U545REI6Q, STM32U545RET6, STM32U545RET6Q, STM32U545VEI6, STM32U545VEI6Q, STM32U545VET6, STM32U545VET6Q, STM32U595AIH6, STM32U595AIH6Q, STM32U595AJH6, STM32U595AJH6Q, STM32U595QII6, STM32U595QII6Q, STM32U595QJI6, STM32U595QJI6Q, STM32U595RIT6, STM32U595RIT6Q, STM32U595RJT6, STM32U595RJT6Q, STM32U595VIT6, STM32U595VIT6Q, STM32U595VJT6, STM32U595VJT6Q, STM32U595ZIT6, STM32U595ZIT6Q, STM32U595ZIY6QTR, STM32U595ZJT6, STM32U595ZJT6Q, STM32U595ZJY6QTR, STM32U599BJY6QTR, STM32U599NIH6Q, STM32U599NJH6Q, STM32U599VIT6Q, STM32U599VJT6, STM32U599VJT6Q, STM32U599ZIT6Q, STM32U599ZIY6QTR, STM32U599ZJT6Q, STM32U599ZJY6QTR, STM32U5A5AJH6, STM32U5A5AJH6Q, STM32U5A5QII3Q , STM32U5A5QJI6, STM32U5A5QJI6Q, STM32U5A5RJT6, STM32U5A5RJT6Q, STM32U5A5VJT6, STM32U5A5VJT6Q, STM32U5A5ZJT6, STM32U5A5ZJT6Q, STM32U5A5ZJY6QTR, STM32U5A9BJY6QTR, STM32U5A9J-DK, STM32U5A9NJH6Q, STM32U5A9VJT6Q, STM32U5A9ZJT6Q, STM32U5A9ZJY6QTR, STM32U5F7VIT6, STM32U5F7VIT6Q, STM32U5F7VJT6, STM32U5F7VJT6Q, STM32U5F9BJY6QTR, STM32U5F9NJH6Q, STM32U5F9VIT6Q, STM32U5F9VJT6Q, STM32U5F9ZIJ6QTR, STM32U5F9ZIT6Q, STM32U5F9ZJJ6QTR, STM32U5F9ZJT6Q, STM32U5G7VJT6, STM32U5G7VJT6Q, STM32U5G9BJY6QTR, STM32U5G9J-DK1, STM32U5G9J-DK2, STM32U5G9NJH6Q, STM32U5G9VJT6Q, STM32U5G9ZJJ6QTR, STM32U5G9ZJT6Q, STM32WB05KZV6TR, STM32WB05KZV7TR, STM32WB05TZF6TR, STM32WB05TZF7TR, STM32WB06CCF6TR, STM32WB06CCF7TR, STM32WB06CCV6TR, STM32WB06CCV7TR, STM32WB06KCV6TR, STM32WB06KCV7TR, STM32WB07CCF6TR, STM32WB07CCF7TR, STM32WB07CCV6TR, STM32WB07CCV7TR, STM32WB07KCV6TR, STM32WB07KCV7TR, STM32WB09KEV6TR, STM32WB09KEV7TR, STM32WB09TEF6TR, STM32WB09TEF7TR, STM32WB1MMCH6, STM32WBA50KGU6, STM32WBA50KGU6TR, STM32WBA52CEU6, STM32WBA52CEU6TR, STM32WBA52CEU7, STM32WBA52CEU7TR, STM32WBA52CGU6, STM32WBA52CGU6TR, STM32WBA52CGU6U, STM32WBA52CGU7, STM32WBA52CGU7TR, STM32WBA52KEU6, STM32WBA52KEU6TR, STM32WBA52KGU6, STM32WBA52KGU6TR, STM32WBA54CEU6, STM32WBA54CEU6TR, STM32WBA54CEU7, STM32WBA54CEU7TR, STM32WBA54CGU6, STM32WBA54CGU6TR, STM32WBA54CGU7, STM32WBA54CGU7TR, STM32WBA54KEU6, STM32WBA54KEU6TR, STM32WBA54KEU7, STM32WBA54KEU7TR, STM32WBA54KGU6, STM32WBA54KGU6TR, STM32WBA54KGU7, STM32WBA54KGU7TR, STM32WBA55CEU6, STM32WBA55CEU6TR, STM32WBA55CEU7, STM32WBA55CEU7TR, STM32WBA55CGU6, STM32WBA55CGU6TR, STM32WBA55CGU6U, STM32WBA55CGU7, STM32WBA55CGU7TR, STM32WBA55G-DK1, STM32WBA55HEF6, STM32WBA55HEF7, STM32WBA55HGF6, STM32WBA55HGF7, STM32WBA55UEI6, STM32WBA55UEI6TR, STM32WBA55UEI7, STM32WBA55UEI7TR, STM32WBA55UGI6, STM32WBA55UGI6TR, STM32WBA55UGI7, STM32WBA55UGI7TR, STM32WBA5MMGH6TR, STM32WBA62MGF6, STM32WBA62MIF6, STM32WBA65MGF7, STM32WBA65MIF6, STM32WBA65MIF7, STM32WL30K8V6, STM32WL30KBV6, STM32WL31C8V6, STM32WL31CBV6, STM32WL31K8V6, STM32WL31KBV6, STM32WL33C8V6, STM32WL33C8V6X, STM32WL33CBV6, STM32WL33CBV6X, STM32WL33CCV6, STM32WL33CCV6A, STM32WL33CCV6X, STM32WL33K8V7, STM32WL33K8V7X, STM32WL33KBV7 , STM32WL33KBV7X, STM32WL33KCV7, STM32WL33KCV7X, STM32WL5MOCH6, STM32WL5MOCH6TR]
2025-08-30 15:13:38,699 [INFO] BoardInfo:889 - No configuration file found for board P-NUCLEO-WB55
2025-08-30 15:13:38,700 [INFO] DbBoards:161 - Kit is not supported: P-NUCLEO-WB55
2025-08-30 15:13:38,707 [INFO] BoardInfo:889 - No configuration file found for board STEVAL-BFA001V1B
2025-08-30 15:13:38,709 [INFO] DbBoards:161 - Kit is not supported: STEVAL-BFA001V1B
2025-08-30 15:13:38,710 [INFO] BoardInfo:889 - No configuration file found for board STEVAL-BFA001V2B
2025-08-30 15:13:38,712 [INFO] DbBoards:161 - Kit is not supported: STEVAL-BFA001V2B
2025-08-30 15:13:39,125 [INFO] DbBoards:168 - Found 212 boards, 209 are supported
2025-08-30 15:13:39,125 [INFO] DbBoards:169 - Found 212 boards, 43 of them is supported for  Bsp
2025-08-30 15:13:39,130 [INFO] ApiDb:668 - CubeFinder database Data Model version=2.1
2025-08-30 15:13:39,130 [INFO] ApiDb:669 - CubeFinder database Configuration version=3.0.39
2025-08-30 15:13:39,130 [INFO] ApiDb:670 - CubeFinder database generation date=2025-07-24 (1753349077)
2025-08-30 15:13:39,130 [INFO] ApiDb:671 - CubeFinder database FW Pack versions=[FP-ATR-ASTRA1_V2.0.0, FP-SNS-FLIGHT1_V5.1.0, FP-SNS-MOTENV1_V5.0.0, FP-SNS-MOTENVWB1_V1.4.0, FP-SNS-SMARTAG2_V1.2.0, FP-SNS-STBOX1_V2.0.0, STM32Cube_FW_C0_V1.4.0, STM32Cube_FW_F4_V1.28.2, STM32Cube_FW_F7_V1.17.3, STM32Cube_FW_G0_V1.6.2, STM32Cube_FW_G4_V1.6.1, STM32Cube_FW_H5_V1.5.0, STM32Cube_FW_H7RS_V1.2.0, STM32Cube_FW_H7_V1.12.1, STM32Cube_FW_L0_V1.12.2, STM32Cube_FW_L4_V1.18.1, STM32Cube_FW_L5_V1.5.1, STM32Cube_FW_N6_V1.2.0, STM32Cube_FW_U0_V1.3.0, STM32Cube_FW_U3_V1.2.0, STM32Cube_FW_U5_V1.8.0, STM32Cube_FW_WB0_V1.3.0, STM32Cube_FW_WBA_V1.7.0, STM32Cube_FW_WB_V1.23.0, STM32Cube_FW_WL3_V1.2.0, STM32Cube_FW_WL_V1.3.1, X-CUBE-ALGOBUILD_V1.4.0, X-CUBE-ALS_V1.0.2, X-CUBE-AZRTOS-F4_V1.1.0, X-CUBE-AZRTOS-F7_V1.1.0, X-CUBE-AZRTOS-G0_V1.1.0, X-CUBE-AZRTOS-G4_V2.0.0, X-CUBE-AZRTOS-H7RS_V1.1.0, X-CUBE-AZRTOS-H7_V3.4.0, X-CUBE-AZRTOS-L4_V2.0.0, X-CUBE-AZRTOS-L5_V2.0.0, X-CUBE-AZRTOS-WB_V2.0.0, X-CUBE-AZRTOS-WL_V2.0.0, X-CUBE-BLE1_V7.1.0, X-CUBE-BLE2_V3.3.0, X-CUBE-BLEMGR_V4.1.0, X-CUBE-EEPRMA1_V5.2.0, X-CUBE-FREERTOS_V1.3.1, X-CUBE-GNSS1_V6.0.0, X-CUBE-MEMS1_V11.3.0, X-CUBE-NFC4_V3.0.0, X-CUBE-NFC7_V2.0.0, X-CUBE-SFXS2LP1_V4.0.0, X-CUBE-ST67W61_V1.0.0, X-CUBE-SUBG2_V5.0.0, X-CUBE-TOF1_V3.4.3]
2025-08-30 15:13:41,656 [INFO] ApiDb:240 - Found 880 in-development CPN: [B-G473E-ZEST1S, B-WB1M-WPAN1, B-WBA5M-WPAN, B-WL5M-SUBG1, NUCLEO-C031C6, NUCLEO-C051C8, NUCLEO-C071RB, NUCLEO-C092RC, NUCLEO-H503RB, NUCLEO-H533RE, NUCLEO-H563ZI, NUCLEO-H7S3L8, NUCLEO-N657X0-Q, NUCLEO-U031R8, NUCLEO-U083RC, NUCLEO-U385RG-Q, NUCLEO-U545RE-Q, NUCLEO-U5A5ZJ-Q, NUCLEO-WB05KZ, NUCLEO-WB07CC, NUCLEO-WB09KE, NUCLEO-WBA52CG, NUCLEO-WBA55CG, NUCLEO-WL33CC1, NUCLEO-WL33CC2, STEVAL-PROTEUS1, STEVAL-SMARTAG2, STEVAL-STWINBX1, STM320518-EVAL, STM32C0116-DK, STM32C011D6Y3TR, STM32C011D6Y6TR, STM32C011F4P3, STM32C011F4P6, STM32C011F4U3, STM32C011F4U6TR, STM32C011F6P3, STM32C011F6P6, STM32C011F6U3, STM32C011F6U6TR, STM32C011J4M3, STM32C011J4M6, STM32C011J6M3, STM32C011J6M6, STM32C0316-DK, STM32C031C4T3, STM32C031C4T6, STM32C031C4U3, STM32C031C4U6, STM32C031C6T3, STM32C031C6T6, STM32C031C6U3, STM32C031C6U6, STM32C031F4P3, STM32C031F4P6, STM32C031F6P3, STM32C031F6P6, STM32C031G4U3, STM32C031G4U6, STM32C031G6U3, STM32C031G6U6, STM32C031K4T3, STM32C031K4T6, STM32C031K4U3, STM32C031K4U6, STM32C031K6T3, STM32C031K6T6, STM32C031K6U3, STM32C031K6U6, STM32C051C6T6, STM32C051C6U6, STM32C051C8T6, STM32C051C8U6, STM32C051D8Y6TR, STM32C051F6P6, STM32C051F8P6, STM32C051G6U6, STM32C051G8U6, STM32C051K6T6, STM32C051K6U6, STM32C051K8T6, STM32C071C8T6, STM32C071C8T6N, STM32C071C8U6, STM32C071C8U6N, STM32C071CBT6, STM32C071CBT6N, STM32C071CBU6, STM32C071CBU6N, STM32C071F8P6, STM32C071F8P6N, STM32C071FBP6, STM32C071FBP6N, STM32C071FBY6TR, STM32C071G8U6, STM32C071G8U6N, STM32C071GBU6, STM32C071GBU6N, STM32C071K8T6, STM32C071K8T6N, STM32C071K8U6, STM32C071K8U6N, STM32C071KBT6, STM32C071KBT6N, STM32C071KBU6, STM32C071KBU6N, STM32C071R8T6, STM32C071R8T6N, STM32C071RBI6N, STM32C071RBT6, STM32C071RBT6N, STM32C091CBT6, STM32C091CBU6, STM32C091CCT6, STM32C091CCU6, STM32C091ECY6TR, STM32C091FBP6, STM32C091FCP6, STM32C091GBU6, STM32C091GCU6, STM32C091KBT6, STM32C091KBU6, STM32C091KCT6, STM32C091KCU6, STM32C091RBT6, STM32C091RCI6, STM32C091RCT6, STM32C092CBT6, STM32C092CBU6, STM32C092CCT6, STM32C092CCU6, STM32C092ECY6TR, STM32C092FBP6, STM32C092FCP6, STM32C092GBU6, STM32C092GCU6, STM32C092KBT6, STM32C092KBU6, STM32C092KCT6, STM32C092KCU6, STM32C092RBT6, STM32C092RCI6, STM32C092RCT6, STM32G071K8TXN, STM32G071K8UXN, STM32G081GBU6N, STM32G081KBT6N, STM32G081KBUXN, STM32G0B1CCT6N, STM32G0B1KCT6, STM32G0B1NEY6TR, STM32G0B1RCT6N, STM32G0C1CCT6, STM32G0C1CCT6N, STM32G0C1CCU6N, STM32G0C1CET6N, STM32G0C1CEU6N, STM32G0C1KCT6, STM32G0C1NEY6TR, STM32G0C1RCI6N, STM32G0C1RCT6N, STM32G0C1REI6N, STM32G0C1RET6N, STM32G0C1VCI6, STM32G0C1VEI6, STM32G411C6T3, STM32G411C6T6, STM32G411C6U3, STM32G411C6U6, STM32G411C8T3, STM32G411C8T6, STM32G411C8U3, STM32G411C8U6, STM32G411CBT3, STM32G411CBT6, STM32G411CBU3, STM32G411CBU6, STM32G411K6T3, STM32G411K6T6, STM32G411K6U3, STM32G411K6U6, STM32G411K8T3, STM32G411K8T6, STM32G411K8U3, STM32G411K8U6, STM32G411KBT3, STM32G411KBT6, STM32G411KBU3, STM32G411KBU6, STM32G411M6T3, STM32G411M6T6, STM32G411M8T3, STM32G411M8T6, STM32G411MBT3, STM32G411MBT6, STM32G411R6T3, STM32G411R6T6, STM32G411R8T3, STM32G411R8T6, STM32G411RBT3, STM32G411RBT6, STM32G414CBT3, STM32G414CBT6, STM32G414CBU3, STM32G414CBU6, STM32G414CCT3, STM32G414CCT6, STM32G414CCU3, STM32G414CCU6, STM32G414MBT3, STM32G414MBT6, STM32G414MCT3, STM32G414MCT6, STM32G414RBT3, STM32G414RBT6, STM32G414RCT3, STM32G414RCT6, STM32G414VBT3, STM32G414VBT6, STM32G414VCT3, STM32G414VCT6, STM32G431CBT3Z, STM32G431RBT3Z, STM32G471CCT6, STM32G471CCU6, STM32G471CET3, STM32G471CET6, STM32G471CEU3, STM32G471CEU6, STM32G471MCT6, STM32G471MET3, STM32G471MET6, STM32G471MEY6TR, STM32G471QCT6, STM32G471QET3, STM32G471RCT6, STM32G471RET3, STM32G471RET6, STM32G471VCH6, STM32G471VCI6, STM32G471VCT6, STM32G471VEH3, STM32G471VEH6, STM32G471VEI3, STM32G471VEI6, STM32G471VET3, STM32G471VET6, STM32G473QET3Z, STM32G473RET3Z, STM32G474CCT6, STM32G491RET3Z, STM32H503CBT6, STM32H503CBU6, STM32H503EBY6TR, STM32H503KBU6, STM32H503RBT6, STM32H523CCT6, STM32H523CCU6, STM32H523CET6, STM32H523CEU6, STM32H523HEY6TR, STM32H523RCT6, STM32H523RET6, STM32H523VCI6, STM32H523VCT6, STM32H523VEI6, STM32H523VET6, STM32H523ZCJ6, STM32H523ZCT6, STM32H523ZEJ6, STM32H523ZET6, STM32H533CET6, STM32H533CEU6, STM32H533HEY6TR, STM32H533RET6, STM32H533VEI6, STM32H533VET6, STM32H533ZEJ6, STM32H533ZET6, STM32H562AGI6, STM32H562AII6, STM32H562IGK6, STM32H562IGT6, STM32H562IIK6, STM32H562IIT6, STM32H562RGT6, STM32H562RGV6, STM32H562RIT6, STM32H562RIV6, STM32H562VGT6, STM32H562VIT6, STM32H562ZGT6, STM32H562ZIT6, STM32H563AGI6, STM32H563AII3Q, STM32H563AII6, STM32H563IGK6, STM32H563IGT6, STM32H563IIK3Q, STM32H563IIK6, STM32H563IIT3Q, STM32H563IIT6, STM32H563MIY3QTR, STM32H563RGT6, STM32H563RGV6, STM32H563RIT6, STM32H563RIV6, STM32H563VGT6, STM32H563VIT3Q, STM32H563VIT6, STM32H563ZGT6, STM32H563ZIT3Q, STM32H563ZIT6, STM32H573AII3Q, STM32H573AII6, STM32H573I-DK, STM32H573IIK3Q, STM32H573IIK6, STM32H573IIT3Q, STM32H573IIT6, STM32H573MIY3QTR, STM32H573RIT6, STM32H573RIV6, STM32H573VIT3Q, STM32H573VIT6, STM32H573ZIT3Q, STM32H573ZIT6, STM32H7R3A8I6, STM32H7R3I8K6, STM32H7R3I8T6, STM32H7R3L8H6, STM32H7R3L8H6H, STM32H7R3R8V6, STM32H7R3V8H6, STM32H7R3V8T6, STM32H7R3V8Y6TR, STM32H7R3Z8J6, STM32H7R3Z8T6, STM32H7R7A8I6, STM32H7R7I8K6, STM32H7R7I8T6, STM32H7R7L8H6, STM32H7R7L8H6H, STM32H7R7Z8J6, STM32H7S3A8I6, STM32H7S3I8K6, STM32H7S3I8T6, STM32H7S3L8H6, STM32H7S3L8H6H, STM32H7S3R8V6, STM32H7S3V8H6, STM32H7S3V8T6, STM32H7S3V8Y6TR, STM32H7S3Z8J6, STM32H7S3Z8T6, STM32H7S78-DK, STM32H7S7A8I6, STM32H7S7I8K6, STM32H7S7I8T6, STM32H7S7L8H6, STM32H7S7L8H6H, STM32H7S7Z8J6, STM32L4R5QGI6STR, STM32MP131AAE3, STM32MP131AAF3, STM32MP131AAG3, STM32MP131CAE3, STM32MP131CAF3, STM32MP131CAG3, STM32MP131DAE7, STM32MP131DAF7, STM32MP131DAG7, STM32MP131FAE7, STM32MP131FAF7, STM32MP131FAG7, STM32MP133AAE3, STM32MP133AAF3, STM32MP133AAG3, STM32MP133CAE3, STM32MP133CAF3, STM32MP133CAG3, STM32MP133DAE7, STM32MP133DAF7, STM32MP133DAG7, STM32MP133FAE7, STM32MP133FAF7, STM32MP133FAG7, STM32MP135AAE3, STM32MP135AAF3, STM32MP135AAG3, STM32MP135CAE3, STM32MP135CAF3, STM32MP135CAG3, STM32MP135DAE7, STM32MP135DAF7, STM32MP135DAG7, STM32MP135F-DK, STM32MP135FAE7, STM32MP135FAF7, STM32MP135FAF7T, STM32MP135FAF7U, STM32MP135FAG7, STM32MP211AAL3, STM32MP211AAM3, STM32MP211AAN3, STM32MP211AAO3, STM32MP211CAL3, STM32MP211CAM3, STM32MP211CAN3, STM32MP211CAO3, STM32MP211DAL3, STM32MP211DAM3, STM32MP211DAN3, STM32MP211DAO3, STM32MP211FAL3, STM32MP211FAM3, STM32MP211FAN3, STM32MP211FAO3, STM32MP213AAL3, STM32MP213AAM3, STM32MP213AAN3, STM32MP213AAO3, STM32MP213CAL3, STM32MP213CAM3, STM32MP213CAN3, STM32MP213CAO3, STM32MP213DAL3, STM32MP213DAM3, STM32MP213DAN3, STM32MP213DAO3, STM32MP213FAL3, STM32MP213FAM3, STM32MP213FAN3, STM32MP213FAO3, STM32MP215AAL3, STM32MP215AAM3, STM32MP215AAN3, STM32MP215AAO3, STM32MP215CAL3, STM32MP215CAM3, STM32MP215CAN3, STM32MP215CAO3, STM32MP215DAL3, STM32MP215DAM3, STM32MP215DAN3, STM32MP215DAO3, STM32MP215F-DK, STM32MP215FAL3, STM32MP215FAM3, STM32MP215FAN3, STM32MP215FAO3, STM32MP231AAJ3, STM32MP231AAK3, STM32MP231AAL3, STM32MP231CAJ3, STM32MP231CAK3, STM32MP231CAL3, STM32MP231DAJ3, STM32MP231DAK3, STM32MP231DAL3, STM32MP231FAJ3, STM32MP231FAK3, STM32MP231FAL3, STM32MP233AAJ3, STM32MP233AAK3, STM32MP233AAL3, STM32MP233CAJ3, STM32MP233CAK3, STM32MP233CAL3, STM32MP233DAJ3, STM32MP233DAK3, STM32MP233DAL3, STM32MP233FAJ3, STM32MP233FAK3, STM32MP233FAL3, STM32MP235AAJ3, STM32MP235AAK3, STM32MP235AAL3, STM32MP235CAJ3, STM32MP235CAK3, STM32MP235CAL3, STM32MP235DAJ3, STM32MP235DAK3, STM32MP235DAL3, STM32MP235FAJ3, STM32MP235FAK3, STM32MP235FAL3, STM32MP251AAI3, STM32MP251AAK3, STM32MP251AAL3, STM32MP251CAI3, STM32MP251CAK3, STM32MP251CAL3, STM32MP251DAI3, STM32MP251DAK3, STM32MP251DAL3, STM32MP251FAI3, STM32MP251FAK3, STM32MP251FAL3, STM32MP253AAI3, STM32MP253AAK3, STM32MP253AAL3, STM32MP253CAI3, STM32MP253CAK3, STM32MP253CAL3, STM32MP253DAI3, STM32MP253DAK3, STM32MP253DAL3, STM32MP253FAI3, STM32MP253FAK3, STM32MP253FAL3, STM32MP255AAI3, STM32MP255AAK3, STM32MP255AAL3, STM32MP255CAI3, STM32MP255CAK3, STM32MP255CAL3, STM32MP255DAI3, STM32MP255DAK3, STM32MP255DAL3, STM32MP255FAI3, STM32MP255FAK3, STM32MP255FAL3, STM32MP257AAI3, STM32MP257AAK3, STM32MP257AAL3, STM32MP257CAI3, STM32MP257CAK3, STM32MP257CAL3, STM32MP257DAI3, STM32MP257DAK3, STM32MP257DAL3, STM32MP257F-DK, STM32MP257F-EV1, STM32MP257FAI3, STM32MP257FAK3, STM32MP257FAL3, STM32N645A0H3Q, STM32N645B0H3Q, STM32N645I0H3Q, STM32N645L0H3Q, STM32N645X0H3Q, STM32N645Z0H3Q, STM32N647A0H3Q, STM32N647B0H3Q, STM32N647I0H3Q, STM32N647L0H3Q, STM32N647X0H3Q, STM32N647Z0H3Q, STM32N655A0H3Q, STM32N655B0H3Q, STM32N655I0H3Q, STM32N655L0H3Q, STM32N655X0H3Q, STM32N655Z0H3Q, STM32N6570-DK, STM32N657A0H3Q, STM32N657B0H3Q, STM32N657I0H3Q, STM32N657L0H3Q, STM32N657X0H3Q, STM32N657Z0H3Q, STM32U031C6T6, STM32U031C6U6, STM32U031C8T6, STM32U031C8U6, STM32U031F4P6, STM32U031F6P6, STM32U031F8P6, STM32U031G6Y6TR, STM32U031G8Y6TR, STM32U031K4U6, STM32U031K6U6, STM32U031K8U6, STM32U031R6I6, STM32U031R6T6, STM32U031R8I6, STM32U031R8T6, STM32U073C8T6, STM32U073C8U6, STM32U073CBT6, STM32U073CBU6, STM32U073CCT6, STM32U073CCU6, STM32U073H8Y6TR, STM32U073HBY6TR, STM32U073HCY6TR, STM32U073K8U6, STM32U073KBU6, STM32U073KCU6, STM32U073M8I6, STM32U073M8T6, STM32U073MBI6, STM32U073MBT6, STM32U073MCI6, STM32U073MCT6, STM32U073R8I6, STM32U073R8T6, STM32U073RBI6, STM32U073RBT6, STM32U073RCI6, STM32U073RCT6, STM32U083C-DK, STM32U083CCT6, STM32U083CCU6, STM32U083HCY6TR, STM32U083KCU6, STM32U083MCI6, STM32U083MCT6, STM32U083RCI6, STM32U083RCT6, STM32U375CET6, STM32U375CET6Q, STM32U375CEU6, STM32U375CEU6Q, STM32U375CEY6QTR, STM32U375CGT6, STM32U375CGT6Q, STM32U375CGU6, STM32U375CGU6Q, STM32U375CGY6QTR, STM32U375KEU6, STM32U375KGU6, STM32U375REI6, STM32U375REI6Q, STM32U375RET6, STM32U375RET6Q, STM32U375REY6GTR, STM32U375REY6QTR, STM32U375RGI6, STM32U375RGI6Q, STM32U375RGT6, STM32U375RGT6Q, STM32U375RGY6GTR, STM32U375RGY6QTR, STM32U375VEI6, STM32U375VEI6Q, STM32U375VET6, STM32U375VET6Q, STM32U375VGI6, STM32U375VGI6Q, STM32U375VGT6, STM32U375VGT6Q, STM32U385CGT6, STM32U385CGT6Q, STM32U385CGU6, STM32U385CGU6Q, STM32U385CGY6QTR, STM32U385KGU6, STM32U385RGI6, STM32U385RGI6Q, STM32U385RGT6, STM32U385RGT6Q, STM32U385RGY6GTR, STM32U385RGY6QTR, STM32U385VGI6, STM32U385VGI6Q, STM32U385VGT6, STM32U385VGT6Q, STM32U535CBT6, STM32U535CBT6Q, STM32U535CBU6, STM32U535CBU6Q, STM32U535CCT6, STM32U535CCT6Q, STM32U535CCU6, STM32U535CCU6Q, STM32U535CET6, STM32U535CET6Q, STM32U535CEU6, STM32U535CEU6Q, STM32U535JEY6QTR, STM32U535NCY6QTR, STM32U535NEY6QTR, STM32U535RBI6, STM32U535RBI6Q, STM32U535RBT6, STM32U535RBT6Q, STM32U535RCI6, STM32U535RCI6Q, STM32U535RCT6, STM32U535RCT6Q, STM32U535REI6, STM32U535REI6Q, STM32U535RET6, STM32U535RET6Q, STM32U535VCI6, STM32U535VCI6Q, STM32U535VCT6, STM32U535VCT6Q, STM32U535VEI6, STM32U535VEI6Q, STM32U535VET6, STM32U535VET6Q, STM32U545CET6, STM32U545CET6Q, STM32U545CEU6, STM32U545CEU6Q, STM32U545JEY6QTR, STM32U545NEY6QTR, STM32U545REI6, STM32U545REI6Q, STM32U545RET6, STM32U545RET6Q, STM32U545VEI6, STM32U545VEI6Q, STM32U545VET6, STM32U545VET6Q, STM32U595AIH6, STM32U595AIH6Q, STM32U595AJH6, STM32U595AJH6Q, STM32U595QII6, STM32U595QII6Q, STM32U595QJI6, STM32U595QJI6Q, STM32U595RIT6, STM32U595RIT6Q, STM32U595RJT6, STM32U595RJT6Q, STM32U595VIT6, STM32U595VIT6Q, STM32U595VJT6, STM32U595VJT6Q, STM32U595ZIT6, STM32U595ZIT6Q, STM32U595ZIY6QTR, STM32U595ZJT6, STM32U595ZJT6Q, STM32U595ZJY6QTR, STM32U599BJY6QTR, STM32U599NIH6Q, STM32U599NJH6Q, STM32U599VIT6Q, STM32U599VJT6, STM32U599VJT6Q, STM32U599ZIT6Q, STM32U599ZIY6QTR, STM32U599ZJT6Q, STM32U599ZJY6QTR, STM32U5A5AJH6, STM32U5A5AJH6Q, STM32U5A5QII3Q , STM32U5A5QJI6, STM32U5A5QJI6Q, STM32U5A5RJT6, STM32U5A5RJT6Q, STM32U5A5VJT6, STM32U5A5VJT6Q, STM32U5A5ZJT6, STM32U5A5ZJT6Q, STM32U5A5ZJY6QTR, STM32U5A9BJY6QTR, STM32U5A9J-DK, STM32U5A9NJH6Q, STM32U5A9VJT6Q, STM32U5A9ZJT6Q, STM32U5A9ZJY6QTR, STM32U5F7VIT6, STM32U5F7VIT6Q, STM32U5F7VJT6, STM32U5F7VJT6Q, STM32U5F9BJY6QTR, STM32U5F9NJH6Q, STM32U5F9VIT6Q, STM32U5F9VJT6Q, STM32U5F9ZIJ6QTR, STM32U5F9ZIT6Q, STM32U5F9ZJJ6QTR, STM32U5F9ZJT6Q, STM32U5G7VJT6, STM32U5G7VJT6Q, STM32U5G9BJY6QTR, STM32U5G9J-DK1, STM32U5G9J-DK2, STM32U5G9NJH6Q, STM32U5G9VJT6Q, STM32U5G9ZJJ6QTR, STM32U5G9ZJT6Q, STM32WB05KZV6TR, STM32WB05KZV7TR, STM32WB05TZF6TR, STM32WB05TZF7TR, STM32WB06CCF6TR, STM32WB06CCF7TR, STM32WB06CCV6TR, STM32WB06CCV7TR, STM32WB06KCV6TR, STM32WB06KCV7TR, STM32WB07CCF6TR, STM32WB07CCF7TR, STM32WB07CCV6TR, STM32WB07CCV7TR, STM32WB07KCV6TR, STM32WB07KCV7TR, STM32WB09KEV6TR, STM32WB09KEV7TR, STM32WB09TEF6TR, STM32WB09TEF7TR, STM32WB1MMCH6, STM32WBA50KGU6, STM32WBA50KGU6TR, STM32WBA52CEU6, STM32WBA52CEU6TR, STM32WBA52CEU7, STM32WBA52CEU7TR, STM32WBA52CGU6, STM32WBA52CGU6TR, STM32WBA52CGU6U, STM32WBA52CGU7, STM32WBA52CGU7TR, STM32WBA52KEU6, STM32WBA52KEU6TR, STM32WBA52KGU6, STM32WBA52KGU6TR, STM32WBA54CEU6, STM32WBA54CEU6TR, STM32WBA54CEU7, STM32WBA54CEU7TR, STM32WBA54CGU6, STM32WBA54CGU6TR, STM32WBA54CGU7, STM32WBA54CGU7TR, STM32WBA54KEU6, STM32WBA54KEU6TR, STM32WBA54KEU7, STM32WBA54KEU7TR, STM32WBA54KGU6, STM32WBA54KGU6TR, STM32WBA54KGU7, STM32WBA54KGU7TR, STM32WBA55CEU6, STM32WBA55CEU6TR, STM32WBA55CEU7, STM32WBA55CEU7TR, STM32WBA55CGU6, STM32WBA55CGU6TR, STM32WBA55CGU6U, STM32WBA55CGU7, STM32WBA55CGU7TR, STM32WBA55G-DK1, STM32WBA55HEF6, STM32WBA55HEF7, STM32WBA55HGF6, STM32WBA55HGF7, STM32WBA55UEI6, STM32WBA55UEI6TR, STM32WBA55UEI7, STM32WBA55UEI7TR, STM32WBA55UGI6, STM32WBA55UGI6TR, STM32WBA55UGI7, STM32WBA55UGI7TR, STM32WBA5MMGH6TR, STM32WBA62MGF6, STM32WBA62MIF6, STM32WBA65MGF7, STM32WBA65MIF6, STM32WBA65MIF7, STM32WL30K8V6, STM32WL30KBV6, STM32WL31C8V6, STM32WL31CBV6, STM32WL31K8V6, STM32WL31KBV6, STM32WL33C8V6, STM32WL33C8V6X, STM32WL33CBV6, STM32WL33CBV6X, STM32WL33CCV6, STM32WL33CCV6A, STM32WL33CCV6X, STM32WL33K8V7, STM32WL33K8V7X, STM32WL33KBV7 , STM32WL33KBV7X, STM32WL33KCV7, STM32WL33KCV7X, STM32WL5MOCH6, STM32WL5MOCH6TR]
2025-08-30 15:13:41,660 [INFO] DbMcus:218 - Found 4801 MCUs, 4801 are supported
2025-08-30 15:13:41,664 [INFO] ApiDb:423 - Load user favorites file C:\Users\nisha/.stm32cubeide/favorites.mcus.txt: 0 item(s)
2025-08-30 15:13:41,664 [INFO] ApiDb:427 - User favorites MCUs=[]
2025-08-30 15:13:41,664 [INFO] DbMcus:224 - Set 0 / 0 favorites MCUs
2025-08-30 15:13:42,175 [INFO] ApiDb:423 - Load user favorites file C:\Users\nisha/.stm32cubeide/favorites.boards.txt: 1 item(s)
2025-08-30 15:13:42,175 [INFO] ApiDb:427 - User favorites Boards=[STM32F407G-DISC1]
2025-08-30 15:13:42,175 [INFO] DbBoards:198 - Set 1 / 1 favorites Boards
2025-08-30 15:13:42,226 [INFO] UtilMem:75 - End LoadConfig() Used Memory: 429370216 Bytes (569376768)
2025-08-30 15:13:42,470 [WARN] ThirdParty:833 - waiting for thirdparty lock release [change project]
2025-08-30 15:13:42,470 [INFO] ThirdParty:835 - entering critical section [change project]
2025-08-30 15:13:42,470 [INFO] ThirdParty:1030 - CMSIS Pack Vendor :STMicroelectronics X-CUBE-PM33A1 1.0.0
2025-08-30 15:13:42,470 [INFO] ThirdParty:1030 - CMSIS Pack Vendor :STMicroelectronics USBPD 4.1
2025-08-30 15:13:42,470 [INFO] ThirdParty:1030 - CMSIS Pack Vendor :STMicroelectronics X-CUBE-GNSS1 6.0.0
2025-08-30 15:13:42,470 [INFO] ThirdParty:1030 - CMSIS Pack Vendor :STMicroelectronics USB_HOST 2.0.0
2025-08-30 15:13:42,470 [INFO] ThirdParty:1030 - CMSIS Pack Vendor :STMicroelectronics FP-SNS-MOTENVWB1 1.4.0
2025-08-30 15:13:42,470 [INFO] ThirdParty:1030 - CMSIS Pack Vendor :STMicroelectronics X-CUBE-AZRTOS-F4 1.1.0
2025-08-30 15:13:42,470 [INFO] ThirdParty:1030 - CMSIS Pack Vendor :STMicroelectronics LIBJPEG 8.0.0
2025-08-30 15:13:42,470 [INFO] ThirdParty:1030 - CMSIS Pack Vendor :Avnet-IotConnect X-CUBE-IoTC-DA16k-PMOD 1.0.0
2025-08-30 15:13:42,470 [INFO] ThirdParty:1030 - CMSIS Pack Vendor :STMicroelectronics X-CUBE-SMBUS 2.1.0
2025-08-30 15:13:42,470 [INFO] ThirdParty:1030 - CMSIS Pack Vendor :STMicroelectronics X-CUBE-WB05N 1.1.0
2025-08-30 15:13:42,470 [INFO] ThirdParty:1030 - CMSIS Pack Vendor :STMicroelectronics X-CUBE-ISPU 2.1.0
2025-08-30 15:13:42,470 [INFO] ThirdParty:1030 - CMSIS Pack Vendor :STMicroelectronics X-CUBE-FREERTOS 1.2.0
2025-08-30 15:13:42,470 [INFO] ThirdParty:1030 - CMSIS Pack Vendor :STMicroelectronics X-CUBE-ST60 1.0.0
2025-08-30 15:13:42,470 [INFO] ThirdParty:1030 - CMSIS Pack Vendor :STMicroelectronics X-CUBE-NFC12 1.0.0
2025-08-30 15:13:42,470 [INFO] ThirdParty:1030 - CMSIS Pack Vendor :STMicroelectronics X-CUBE-AZRTOS-F7 1.1.0
2025-08-30 15:13:42,470 [INFO] ThirdParty:1030 - CMSIS Pack Vendor :STMicroelectronics X-CUBE-AZRTOS-L5 2.0.0
2025-08-30 15:13:42,470 [INFO] ThirdParty:1030 - CMSIS Pack Vendor :STMicroelectronics USB_DEVICE 2.0.0
2025-08-30 15:13:42,470 [INFO] ThirdParty:1030 - CMSIS Pack Vendor :STMicroelectronics X-CUBE-NFC6 3.1.0
2025-08-30 15:13:42,471 [INFO] ThirdParty:1030 - CMSIS Pack Vendor :STMicroelectronics X-CUBE-MEMS1 11.0.0
2025-08-30 15:13:42,471 [INFO] ThirdParty:1030 - CMSIS Pack Vendor :STMicroelectronics FreeRTOS 0.0.1
2025-08-30 15:13:42,471 [INFO] ThirdParty:1030 - CMSIS Pack Vendor :STMicroelectronics X-CUBE-DPower 1.2.0
2025-08-30 15:13:42,471 [INFO] ThirdParty:1030 - CMSIS Pack Vendor :STMicroelectronics FP-SNS-FLIGHT1 5.0.2
2025-08-30 15:13:42,471 [INFO] ThirdParty:1030 - CMSIS Pack Vendor :STMicroelectronics X-CUBE-AI 9.0.0
2025-08-30 15:13:42,471 [INFO] ThirdParty:1030 - CMSIS Pack Vendor :STMicroelectronics PDM2PCM 3.3.0
2025-08-30 15:13:42,471 [INFO] ThirdParty:1030 - CMSIS Pack Vendor :STMicroelectronics X-CUBE-AZRTOS-H7 3.4.0
2025-08-30 15:13:42,471 [INFO] ThirdParty:1030 - CMSIS Pack Vendor :STMicroelectronics X-CUBE-DISPLAY 3.0.0
2025-08-30 15:13:42,471 [INFO] ThirdParty:1030 - CMSIS Pack Vendor :STMicroelectronics X-CUBE-BLE1 7.0.0
2025-08-30 15:13:42,471 [INFO] ThirdParty:1030 - CMSIS Pack Vendor :STMicroelectronics X-CUBE-NFC10 1.0.0
2025-08-30 15:13:42,471 [INFO] ThirdParty:1030 - CMSIS Pack Vendor :STMicroelectronics X-CUBE-BLEMGR 4.0.0
2025-08-30 15:13:42,471 [INFO] ThirdParty:1030 - CMSIS Pack Vendor :STMicroelectronics X-CUBE-FREERTOS 1.3.1
2025-08-30 15:13:42,471 [INFO] ThirdParty:1030 - CMSIS Pack Vendor :STMicroelectronics HAL Drivers 0.0.0
2025-08-30 15:13:42,471 [INFO] ThirdParty:1030 - CMSIS Pack Vendor :emotas I-CUBE-CANOPEN 1.3.0
2025-08-30 15:13:42,471 [INFO] ThirdParty:1030 - CMSIS Pack Vendor :STMicroelectronics X-CUBE-NFC7 1.0.1
2025-08-30 15:13:42,471 [INFO] ThirdParty:1030 - CMSIS Pack Vendor :STMicroelectronics MBEDTLS 2.14.1
2025-08-30 15:13:42,471 [INFO] ThirdParty:1030 - CMSIS Pack Vendor :wolfSSL I-CUBE-wolfTPM 3.2.0
2025-08-30 15:13:42,471 [INFO] ThirdParty:1030 - CMSIS Pack Vendor :STMicroelectronics X-CUBE-BLEMGR 3.1.0
2025-08-30 15:13:42,471 [INFO] ThirdParty:1030 - CMSIS Pack Vendor :STMicroelectronics FP-SNS-STBOX1 2.1.0
2025-08-30 15:13:42,471 [INFO] ThirdParty:1030 - CMSIS Pack Vendor :STMicroelectronics FP-SNS-STAIOTCFT 1.0.0
2025-08-30 15:13:42,471 [INFO] ThirdParty:1030 - CMSIS Pack Vendor :STMicroelectronics FP-SNS-SMARTAG2 1.2.0
2025-08-30 15:13:42,471 [INFO] ThirdParty:1030 - CMSIS Pack Vendor :STMicroelectronics FP-SNS-FLIGHT1 5.1.0
2025-08-30 15:13:42,471 [INFO] ThirdParty:1030 - CMSIS Pack Vendor :STMicroelectronics X-CUBE-AZRTOS-WL 2.0.0
2025-08-30 15:13:42,471 [INFO] ThirdParty:1030 - CMSIS Pack Vendor :STMicroelectronics X-CUBE-DPower 1.3.0
2025-08-30 15:13:42,471 [INFO] ThirdParty:1030 - CMSIS Pack Vendor :STMicroelectronics FP-SNS-MOTENV1 5.0.0
2025-08-30 15:13:42,471 [INFO] ThirdParty:1030 - CMSIS Pack Vendor :STMicroelectronics USB_DEVICE 1.0.0
2025-08-30 15:13:42,471 [INFO] ThirdParty:1030 - CMSIS Pack Vendor :wolfSSL I-CUBE-wolfMQTT 1.19.0
2025-08-30 15:13:42,471 [INFO] ThirdParty:1030 - CMSIS Pack Vendor :STMicroelectronics X-CUBE-AZRTOS-L4 2.0.0
2025-08-30 15:13:42,471 [INFO] ThirdParty:1030 - CMSIS Pack Vendor :STMicroelectronics ThreadX 0.0.2
2025-08-30 15:13:42,471 [INFO] ThirdParty:1030 - CMSIS Pack Vendor :WES I-CUBE-Cesium 1.3.0
2025-08-30 15:13:42,471 [INFO] ThirdParty:1030 - CMSIS Pack Vendor :STMicroelectronics lwIP 2.1.2
2025-08-30 15:13:42,471 [INFO] ThirdParty:1030 - CMSIS Pack Vendor :STMicroelectronics X-CUBE-SFXS2LP1 4.0.0
2025-08-30 15:13:42,471 [INFO] ThirdParty:1030 - CMSIS Pack Vendor :STMicroelectronics X-CUBE-BLE2 3.3.0
2025-08-30 15:13:42,472 [INFO] ThirdParty:1030 - CMSIS Pack Vendor :STMicroelectronics PDM2PCM 3.2.0
2025-08-30 15:13:42,472 [INFO] ThirdParty:1030 - CMSIS Pack Vendor :STMicroelectronics X-CUBE-AZRTOS-H7 3.3.0
2025-08-30 15:13:42,472 [INFO] ThirdParty:1030 - CMSIS Pack Vendor :STMicroelectronics X-CUBE-NFC9 1.0.0
2025-08-30 15:13:42,472 [INFO] ThirdParty:1030 - CMSIS Pack Vendor :STMicroelectronics X-CUBE-BLE1 7.1.0
2025-08-30 15:13:42,472 [INFO] ThirdParty:1030 - CMSIS Pack Vendor :STMicroelectronics USB_DEVICE 3.0.0
2025-08-30 15:13:42,472 [INFO] ThirdParty:1030 - CMSIS Pack Vendor :STMicroelectronics X-CUBE-TCPP 4.1.0
2025-08-30 15:13:42,472 [INFO] ThirdParty:1030 - CMSIS Pack Vendor :STMicroelectronics X-CUBE-EEPRMA1 5.2.0
2025-08-30 15:13:42,472 [INFO] ThirdParty:1030 - CMSIS Pack Vendor :STMicroelectronics X-CUBE-BLEMGR 4.1.0
2025-08-30 15:13:42,472 [INFO] ThirdParty:1030 - CMSIS Pack Vendor :STMicroelectronics X-CUBE-IPS 3.0.0
2025-08-30 15:13:42,472 [INFO] ThirdParty:1030 - CMSIS Pack Vendor :STMicroelectronics X-CUBE-AZRTOS-WB 2.0.0
2025-08-30 15:13:42,472 [INFO] ThirdParty:1030 - CMSIS Pack Vendor :STMicroelectronics X-CUBE-GNSS1 7.0.0
2025-08-30 15:13:42,472 [INFO] ThirdParty:1030 - CMSIS Pack Vendor :STMicroelectronics X-CUBE-GNSS1 7.0.1
2025-08-30 15:13:42,472 [INFO] ThirdParty:1030 - CMSIS Pack Vendor :STMicroelectronics X-CUBE-TOUCHGFX 4.25.0
2025-08-30 15:13:42,472 [INFO] ThirdParty:1030 - CMSIS Pack Vendor :STMicroelectronics X-CUBE-AI 10.1.0
2025-08-30 15:13:42,472 [INFO] ThirdParty:1030 - CMSIS Pack Vendor :STMicroelectronics FP-SNS-STBOX1 2.0.0
2025-08-30 15:13:42,472 [INFO] ThirdParty:1030 - CMSIS Pack Vendor :STMicroelectronics X-CUBE-AZRTOS-G0 1.1.0
2025-08-30 15:13:42,472 [INFO] ThirdParty:1030 - CMSIS Pack Vendor :STMicroelectronics X-CUBE-SAFEA1 1.2.2
2025-08-30 15:13:42,472 [INFO] ThirdParty:1030 - CMSIS Pack Vendor :STMicroelectronics X-CUBE-NFC4 3.0.0
2025-08-30 15:13:42,472 [INFO] ThirdParty:1030 - CMSIS Pack Vendor :STMicroelectronics X-CUBE-SUBG2 5.0.0
2025-08-30 15:13:42,472 [INFO] ThirdParty:1030 - CMSIS Pack Vendor :STMicroelectronics X-CUBE-AZRTOS-H7RS 1.1.0
2025-08-30 15:13:42,472 [INFO] ThirdParty:1030 - CMSIS Pack Vendor :STMicroelectronics STM32_WPAN 1.0.0
2025-08-30 15:13:42,472 [INFO] ThirdParty:1030 - CMSIS Pack Vendor :EmbeddedOffice I-CUBE-FS-RTOS 1.0.1
2025-08-30 15:13:42,472 [INFO] ThirdParty:1030 - CMSIS Pack Vendor :STMicroelectronics lwIP 2.0.3
2025-08-30 15:13:42,472 [INFO] ThirdParty:1030 - CMSIS Pack Vendor :Cesanta I-CUBE-Mongoose 7.13.0
2025-08-30 15:13:42,472 [INFO] ThirdParty:1030 - CMSIS Pack Vendor :STMicroelectronics USB_HOST 1.0.0
2025-08-30 15:13:42,472 [INFO] ThirdParty:1030 - CMSIS Pack Vendor :STMicroelectronics X-CUBE-AZRTOS-G4 2.0.0
2025-08-30 15:13:42,472 [INFO] ThirdParty:1030 - CMSIS Pack Vendor :STMicroelectronics X-CUBE-WB05N 2.0.0
2025-08-30 15:13:42,472 [INFO] ThirdParty:1030 - CMSIS Pack Vendor :STMicroelectronics PDM2PCM 3.1.0
2025-08-30 15:13:42,472 [INFO] ThirdParty:1030 - CMSIS Pack Vendor :STMicroelectronics X-CUBE-NFC7 2.0.0
2025-08-30 15:13:42,473 [INFO] ThirdParty:1030 - CMSIS Pack Vendor :STMicroelectronics X-CUBE-TCPP 4.2.0
2025-08-30 15:13:42,473 [INFO] ThirdParty:1030 - CMSIS Pack Vendor :RealThread X-CUBE-RT-Thread_Nano 4.1.1
2025-08-30 15:13:42,473 [INFO] ThirdParty:1030 - CMSIS Pack Vendor :wolfSSL I-CUBE-wolfSSL 5.7.0
2025-08-30 15:13:42,473 [INFO] ThirdParty:1030 - CMSIS Pack Vendor :STMicroelectronics FP-ATR-SIGFOX1 3.2.0
2025-08-30 15:13:42,473 [INFO] ThirdParty:1030 - CMSIS Pack Vendor :quantropi X-CUBE-qispace-sdk-base 1.9.3
2025-08-30 15:13:42,473 [INFO] ThirdParty:1030 - CMSIS Pack Vendor :STMicroelectronics X-CUBE-ISPU 2.0.0
2025-08-30 15:13:42,473 [INFO] ThirdParty:1030 - CMSIS Pack Vendor :STMicroelectronics X-CUBE-EEPRMA1 5.1.0
2025-08-30 15:13:42,473 [INFO] ThirdParty:1030 - CMSIS Pack Vendor :STMicroelectronics MBEDTLS 2.16.2
2025-08-30 15:13:42,473 [INFO] ThirdParty:1030 - CMSIS Pack Vendor :STMicroelectronics X-CUBE-IPS 3.1.0
2025-08-30 15:13:42,473 [INFO] ThirdParty:1030 - CMSIS Pack Vendor :STMicroelectronics X-CUBE-ALS 1.0.2
2025-08-30 15:13:42,473 [INFO] ThirdParty:1030 - CMSIS Pack Vendor :STMicroelectronics X-CUBE-MEMS1 10.0.0
2025-08-30 15:13:42,473 [INFO] ThirdParty:1030 - CMSIS Pack Vendor :STMicroelectronics X-CUBE-TOUCHGFX 4.24.0
2025-08-30 15:13:42,473 [INFO] ThirdParty:1030 - CMSIS Pack Vendor :ITTIA_DB I-CUBE-ITTIADB 8.9.0
2025-08-30 15:13:42,474 [INFO] ThirdParty:1030 - CMSIS Pack Vendor :STMicroelectronics X-CUBE-TOUCHGFX 4.24.1
2025-08-30 15:13:42,474 [INFO] ThirdParty:1030 - CMSIS Pack Vendor :portGmbH I-Cube-SoM-uGOAL 1.1.0
2025-08-30 15:13:42,474 [INFO] ThirdParty:1030 - CMSIS Pack Vendor :STMicroelectronics X-CUBE-ST67W61 1.0.0
2025-08-30 15:13:42,474 [INFO] ThirdParty:1030 - CMSIS Pack Vendor :STMicroelectronics X-CUBE-AI 10.2.0
2025-08-30 15:13:42,474 [INFO] ThirdParty:1030 - CMSIS Pack Vendor :STMicroelectronics ThreadX 1.0.0
2025-08-30 15:13:42,474 [INFO] ThirdParty:1030 - CMSIS Pack Vendor :SEGGER I-CUBE-embOS 1.3.1
2025-08-30 15:13:42,474 [INFO] ThirdParty:1030 - CMSIS Pack Vendor :STMicroelectronics X-CUBE-ALGOBUILD 1.4.0
2025-08-30 15:13:42,474 [INFO] ThirdParty:1030 - CMSIS Pack Vendor :STMicroelectronics X-CUBE-MEMS1 11.3.0
2025-08-30 15:13:42,474 [INFO] ThirdParty:1030 - CMSIS Pack Vendor :STMicroelectronics X-CUBE-AZRTOS-H7RS 1.0.0
2025-08-30 15:13:42,474 [INFO] ThirdParty:1030 - CMSIS Pack Vendor :STMicroelectronics FP-ATR-ASTRA1 2.0.0
2025-08-30 15:13:42,474 [INFO] ThirdParty:1030 - CMSIS Pack Vendor :STMicroelectronics X-CUBE-TOF1 3.4.2
2025-08-30 15:13:42,475 [INFO] ThirdParty:1030 - CMSIS Pack Vendor :STMicroelectronics X-CUBE-TOF1 3.4.3
2025-08-30 15:13:42,475 [INFO] ThirdParty:1030 - CMSIS Pack Vendor :STMicroelectronics X-CUBE-AI 9.1.0
2025-08-30 15:13:42,475 [INFO] ThirdParty:1030 - CMSIS Pack Vendor :STMicroelectronics X-CUBE-TOF1 3.4.1
2025-08-30 15:13:42,475 [INFO] ThirdParty:1030 - CMSIS Pack Vendor :STMicroelectronics X-CUBE-AZRTOS-H7 3.2.0
2025-08-30 15:13:42,475 [INFO] ThirdParty:1030 - CMSIS Pack Vendor :Infineon AIROC-Wi-Fi-Bluetooth-STM32 1.6.0
2025-08-30 15:13:42,477 [INFO] ThirdParty:1030 - CMSIS Pack Vendor :wolfSSL I-CUBE-wolfSSH 1.4.17
2025-08-30 15:13:42,477 [INFO] ThirdParty:841 - exiting critical section [change project]
2025-08-30 15:13:43,418 [INFO] PinOutPanel:1589 - setPackage(No Configuration,No Configuration)
2025-08-30 15:13:43,429 [INFO] PinOutPanel:1589 - setPackage(STM32F407VGTx,LQFP100)
2025-08-30 15:13:44,347 [INFO] UtilMem:75 - Before build in PCC Used Memory: 361215736 Bytes (569376768)
2025-08-30 15:13:46,525 [INFO] UtilMem:75 - After build in PCC Used Memory: 422559480 Bytes (569376768)
2025-08-30 15:13:46,590 [INFO] IPUIPlugin:80 - create IPUIPlugin
2025-08-30 15:13:46,590 [INFO] IPUIPlugin:80 - create IPUIPlugin
2025-08-30 15:13:46,590 [INFO] IPUIPlugin:80 - create IPUIPlugin
2025-08-30 15:13:46,590 [INFO] IPUIPlugin:80 - create IPUIPlugin
2025-08-30 15:13:46,590 [INFO] IPUIPlugin:80 - create IPUIPlugin
2025-08-30 15:13:46,590 [INFO] IPUIPlugin:80 - create IPUIPlugin
2025-08-30 15:13:46,592 [INFO] IPUIPlugin:80 - create IPUIPlugin
2025-08-30 15:13:46,592 [INFO] IPUIPlugin:80 - create IPUIPlugin
2025-08-30 15:13:46,592 [INFO] IPUIPlugin:80 - create IPUIPlugin
2025-08-30 15:13:46,592 [INFO] IPUIPlugin:80 - create IPUIPlugin
2025-08-30 15:13:46,592 [INFO] IPUIPlugin:80 - create IPUIPlugin
2025-08-30 15:13:46,592 [INFO] IPUIPlugin:80 - create IPUIPlugin
2025-08-30 15:13:46,593 [INFO] IPUIPlugin:80 - create IPUIPlugin
2025-08-30 15:13:46,593 [INFO] IPUIPlugin:80 - create IPUIPlugin
2025-08-30 15:13:46,593 [INFO] IPUIPlugin:80 - create IPUIPlugin
2025-08-30 15:13:46,593 [INFO] IPUIPlugin:80 - create IPUIPlugin
2025-08-30 15:13:46,594 [INFO] IPUIPlugin:80 - create IPUIPlugin
2025-08-30 15:13:46,594 [INFO] IPUIPlugin:80 - create IPUIPlugin
2025-08-30 15:13:46,595 [INFO] IPUIPlugin:80 - create IPUIPlugin
2025-08-30 15:13:46,595 [INFO] IPUIPlugin:80 - create IPUIPlugin
2025-08-30 15:13:46,595 [INFO] IPUIPlugin:80 - create IPUIPlugin
2025-08-30 15:13:46,595 [INFO] IPUIPlugin:80 - create IPUIPlugin
2025-08-30 15:13:46,596 [INFO] IPUIPlugin:80 - create IPUIPlugin
2025-08-30 15:13:46,596 [INFO] IPUIPlugin:80 - create IPUIPlugin
2025-08-30 15:13:46,596 [INFO] IPUIPlugin:80 - create IPUIPlugin
2025-08-30 15:13:46,596 [INFO] IPUIPlugin:80 - create IPUIPlugin
2025-08-30 15:13:46,596 [INFO] IPUIPlugin:80 - create IPUIPlugin
2025-08-30 15:13:46,596 [INFO] IPUIPlugin:80 - create IPUIPlugin
2025-08-30 15:13:46,598 [INFO] IPUIPlugin:80 - create IPUIPlugin
2025-08-30 15:13:46,598 [INFO] IPUIPlugin:80 - create IPUIPlugin
2025-08-30 15:13:46,598 [INFO] IPUIPlugin:80 - create IPUIPlugin
2025-08-30 15:13:46,598 [INFO] IPUIPlugin:80 - create IPUIPlugin
2025-08-30 15:13:46,598 [INFO] IPUIPlugin:80 - create IPUIPlugin
2025-08-30 15:13:46,598 [INFO] IPUIPlugin:80 - create IPUIPlugin
2025-08-30 15:13:46,599 [INFO] IPUIPlugin:80 - create IPUIPlugin
2025-08-30 15:13:46,599 [INFO] IPUIPlugin:80 - create IPUIPlugin
2025-08-30 15:13:46,599 [INFO] IPUIPlugin:80 - create IPUIPlugin
2025-08-30 15:13:46,599 [INFO] IPUIPlugin:80 - create IPUIPlugin
2025-08-30 15:13:46,599 [INFO] IPUIPlugin:80 - create IPUIPlugin
2025-08-30 15:13:46,599 [INFO] IPUIPlugin:80 - create IPUIPlugin
2025-08-30 15:13:46,600 [INFO] IPUIPlugin:80 - create IPUIPlugin
2025-08-30 15:13:46,600 [INFO] IPUIPlugin:80 - create IPUIPlugin
2025-08-30 15:13:46,600 [INFO] IPUIPlugin:80 - create IPUIPlugin
2025-08-30 15:13:46,600 [INFO] IPUIPlugin:80 - create IPUIPlugin
2025-08-30 15:13:46,600 [INFO] IPUIPlugin:80 - create IPUIPlugin
2025-08-30 15:13:46,601 [INFO] IPUIPlugin:80 - create IPUIPlugin
2025-08-30 15:13:46,601 [INFO] IPUIPlugin:80 - create IPUIPlugin
2025-08-30 15:13:46,601 [INFO] IPUIPlugin:80 - create IPUIPlugin
2025-08-30 15:13:46,601 [INFO] IPUIPlugin:80 - create IPUIPlugin
2025-08-30 15:13:46,602 [INFO] IPUIPlugin:80 - create IPUIPlugin
2025-08-30 15:13:46,602 [INFO] IPUIPlugin:80 - create IPUIPlugin
2025-08-30 15:13:46,603 [INFO] IPUIPlugin:80 - create IPUIPlugin
2025-08-30 15:13:46,603 [INFO] IPUIPlugin:80 - create IPUIPlugin
2025-08-30 15:13:46,603 [INFO] IPUIPlugin:80 - create IPUIPlugin
2025-08-30 15:13:46,604 [INFO] IPUIPlugin:80 - create IPUIPlugin
2025-08-30 15:13:46,604 [INFO] IPUIPlugin:80 - create IPUIPlugin
2025-08-30 15:13:46,604 [INFO] IPUIPlugin:80 - create IPUIPlugin
2025-08-30 15:13:46,604 [INFO] IPUIPlugin:80 - create IPUIPlugin
2025-08-30 15:13:46,846 [INFO] ApiDbMcu:532 - Load IP Config File for PDM2PCM
2025-08-30 15:13:47,293 [INFO] CADModel:165 - CPN selected for project levelSTM32F407VGT6
2025-08-30 15:13:47,294 [INFO] CADModel:114 - Register for checkConnection events
2025-08-30 15:13:47,368 [INFO] OpenFileManager:386 - Restore cursor
2025-08-30 15:14:41,821 [INFO] MainUpdater:2872 - connection check result : 10
2025-08-30 15:14:41,821 [INFO] MainUpdater:2872 - connection check result : 10
2025-08-30 15:14:41,847 [INFO] MicroXplorer:468 - Change Database Path : 
2025-08-30 15:14:41,847 [INFO] MicroXplorer:498 - Change Database Version : DB.6.0.150
2025-08-30 15:14:41,884 [ERROR] ProjectManagerView:395 - 
java.lang.NullPointerException: Cannot invoke "javax.swing.JTextField.getText()" because the return value of "java.util.List.get(int)" is null
	at com.st.microxplorer.plugins.projectmanager.gui.ProjectChoiceTab$9.caretUpdate(ProjectChoiceTab.java:2706) ~[filemanager.jar:?]
	at javax.swing.text.JTextComponent.fireCaretUpdate(JTextComponent.java:408) ~[?:?]
	at javax.swing.text.JTextComponent$MutableCaretEvent.fire(JTextComponent.java:4484) ~[?:?]
	at javax.swing.text.JTextComponent$MutableCaretEvent.stateChanged(JTextComponent.java:4506) ~[?:?]
	at javax.swing.text.DefaultCaret.fireStateChanged(DefaultCaret.java:857) ~[?:?]
	at javax.swing.text.DefaultCaret.changeCaretPosition(DefaultCaret.java:1343) ~[?:?]
	at javax.swing.text.DefaultCaret.handleSetDot(DefaultCaret.java:1242) ~[?:?]
	at javax.swing.text.DefaultCaret.setDot(DefaultCaret.java:1223) ~[?:?]
	at javax.swing.text.DefaultCaret$Handler.insertUpdate(DefaultCaret.java:1819) ~[?:?]
	at javax.swing.text.AbstractDocument.fireInsertUpdate(AbstractDocument.java:227) ~[?:?]
	at javax.swing.text.AbstractDocument.handleInsertString(AbstractDocument.java:781) ~[?:?]
	at javax.swing.text.AbstractDocument.insertString(AbstractDocument.java:740) ~[?:?]
	at javax.swing.text.PlainDocument.insertString(PlainDocument.java:131) ~[?:?]
	at javax.swing.text.AbstractDocument.replace(AbstractDocument.java:699) ~[?:?]
	at javax.swing.text.JTextComponent.setText(JTextComponent.java:1725) ~[?:?]
	at com.st.microxplorer.plugins.projectmanager.gui.ProjectChoiceTab.createHeapStackFields(ProjectChoiceTab.java:993) ~[filemanager.jar:?]
	at com.st.microxplorer.plugins.projectmanager.gui.ProjectChoiceTab.buildLinkSettingsPanel(ProjectChoiceTab.java:3813) ~[filemanager.jar:?]
	at com.st.microxplorer.plugins.projectmanager.gui.ProjectChoiceTab.defineWindowsFields(ProjectChoiceTab.java:1987) ~[filemanager.jar:?]
	at com.st.microxplorer.plugins.projectmanager.gui.ProjectChoiceTab.updateSettings(ProjectChoiceTab.java:558) ~[filemanager.jar:?]
	at com.st.microxplorer.plugins.projectmanager.gui.ProjectSettingsPanel.UpdateDialog(ProjectSettingsPanel.java:247) ~[filemanager.jar:?]
	at com.st.microxplorer.plugins.projectmanager.ProjectManagerView.propertyChange(ProjectManagerView.java:392) ~[filemanager.jar:?]
	at java.beans.PropertyChangeSupport.fire(PropertyChangeSupport.java:343) ~[?:?]
	at java.beans.PropertyChangeSupport.firePropertyChange(PropertyChangeSupport.java:335) ~[?:?]
	at java.beans.PropertyChangeSupport.firePropertyChange(PropertyChangeSupport.java:268) ~[?:?]
	at com.st.microxplorer.util.MXPropertyChangeSupport.firePropertyChange(MXPropertyChangeSupport.java:54) ~[STM32CubeMX.jar:?]
	at com.st.microxplorer.mxsystem.MxSystem.closeConfig(MxSystem.java:899) ~[STM32CubeMX.jar:?]
	at com.st.microxplorer.maingui.MainPanel.closeConfig(MainPanel.java:792) ~[STM32CubeMX.jar:?]
	at com.st.microxplorer.plugins.filemanager.engine.OpenFileManager.loadConfigurationFile(OpenFileManager.java:288) ~[filemanager.jar:?]
	at com.st.microxplorer.plugins.filemanager.engine.MainFileManager.userLoadConfig(MainFileManager.java:364) ~[filemanager.jar:?]
	at com.st.microxplorer.plugins.filemanager.engine.MainFileManager.userLoadConfig(MainFileManager.java:342) ~[filemanager.jar:?]
	at com.st.microxplorer.plugins.filemanager.FileManagerView.getSpecificTask(FileManagerView.java:264) ~[filemanager.jar:?]
	at com.st.stm32cube.common.mx.editor.CubeMxEditor.getMxTabbedPaneInstance(CubeMxEditor.java:1198) ~[com.st.stm32cube.common.mx_6.15.0.202507011659/:?]
	at com.st.stm32cube.common.mx.editor.CubeMxEditor$12$1.createSwingComponent(CubeMxEditor.java:1068) ~[com.st.stm32cube.common.mx_6.15.0.202507011659/:?]
	at com.st.stm32cube.common.mx.oss.core.awtswtbridge.EmbeddedSwingComposite.doComponentCreation(EmbeddedSwingComposite.java:492) ~[com.st.stm32cube.common.mx.oss_6.15.0.202507011659/:?]
	at com.st.stm32cube.common.mx.oss.core.awtswtbridge.EmbeddedSwingComposite$4.run(EmbeddedSwingComposite.java:291) ~[com.st.stm32cube.common.mx.oss_6.15.0.202507011659/:?]
	at com.st.stm32cube.common.mx.oss.core.awtswtbridge.AwtEnvironment$2.run(AwtEnvironment.java:166) ~[com.st.stm32cube.common.mx.oss_6.15.0.202507011659/:?]
	at java.awt.event.InvocationEvent.dispatch(InvocationEvent.java:318) ~[?:?]
	at java.awt.EventQueue.dispatchEventImpl(EventQueue.java:773) ~[?:?]
	at java.awt.EventQueue$4.run(EventQueue.java:720) ~[?:?]
	at java.awt.EventQueue$4.run(EventQueue.java:714) ~[?:?]
	at java.security.AccessController.doPrivileged(AccessController.java:400) ~[?:?]
	at java.security.ProtectionDomain$JavaSecurityAccessImpl.doIntersectionPrivilege(ProtectionDomain.java:87) ~[?:?]
	at java.awt.EventQueue.dispatchEvent(EventQueue.java:742) ~[?:?]
	at java.awt.EventDispatchThread.pumpOneEventForFilters(EventDispatchThread.java:203) ~[?:?]
	at java.awt.EventDispatchThread.pumpEventsForFilter(EventDispatchThread.java:124) ~[?:?]
	at java.awt.EventDispatchThread.pumpEventsForHierarchy(EventDispatchThread.java:113) ~[?:?]
	at java.awt.EventDispatchThread.pumpEvents(EventDispatchThread.java:109) ~[?:?]
	at java.awt.EventDispatchThread.pumpEvents(EventDispatchThread.java:101) ~[?:?]
	at java.awt.EventDispatchThread.run(EventDispatchThread.java:90) ~[?:?]
2025-08-30 15:14:41,897 [WARN] ThirdParty:871 - waiting for thirdparty lock release [close project]
2025-08-30 15:14:41,897 [INFO] ThirdParty:873 - entering critical section [close project]
2025-08-30 15:14:41,897 [INFO] ThirdParty:883 - exiting critical section [close project]
2025-08-30 15:14:41,899 [INFO] PinOutPanel:1589 - setPackage(No Configuration,No Configuration)
2025-08-30 15:14:41,914 [WARN] IpParametersView:155 - Warning: This peripheral hasn't parameters
2025-08-30 15:14:41,923 [WARN] MainPanel:289 - <html><b><center>Warning: This peripheral has no parameters to be configured<br></b></html>
2025-08-30 15:14:41,933 [INFO] UtilMem:75 - Begin LoadConfig() Used Memory: 509067864 Bytes (569376768)
2025-08-30 15:14:41,934 [INFO] MicroXplorer:468 - Change Database Path : 
2025-08-30 15:14:41,934 [INFO] MicroXplorer:498 - Change Database Version : DB.6.0.150
2025-08-30 15:14:41,934 [INFO] OpenFileManager:355 - Change cursor
2025-08-30 15:14:41,987 [INFO] Mcu:2029 - Initializing MCU STM32F407V(E-G)Tx STM32F407VGTx STM32F407VGT6
2025-08-30 15:14:44,332 [INFO] Context:786 - Trying to add GPIOservice into a context  which must be forbidden
2025-08-30 15:14:44,932 [INFO] ImportTextPane:234 - (OptionalMessage_ERROR) Pin34 (VP_RIF_VS_RIF1) cannot be retrieved for this MCU
2025-08-30 15:14:45,140 [INFO] RtosManager:558 - Registered RTOS mode: class=CMSIS, group=RTOS, mode=CMSIS_V1, owner=FREERTOS
2025-08-30 15:14:45,141 [INFO] RtosManager:558 - Registered RTOS mode: class=CMSIS, group=RTOS2, mode=CMSIS_V2, owner=FREERTOS
2025-08-30 15:14:45,143 [INFO] RtosManager:558 - Registered RTOS mode: class=RTOS, group=Core, mode=CMSIS_V1, owner=FREERTOS
2025-08-30 15:14:45,143 [INFO] RtosManager:558 - Registered RTOS mode: class=RTOS, group=Core, mode=CMSIS_V2, owner=FREERTOS
2025-08-30 15:14:45,143 [WARN] ModelIntegratedComponent:184 - Missing modes for component STMicroelectronics:FreeRTOS:0.0.1:STMicroelectronics:RTOS:FreeRTOS:Core:::10.2.0:
2025-08-30 15:14:45,154 [WARN] ModelIntegratedComponent:63 - No mode defined for component null
2025-08-30 15:14:45,154 [WARN] ModelIntegratedComponent:63 - No mode defined for component null
2025-08-30 15:14:45,154 [WARN] ModelIntegratedComponent:63 - No mode defined for component null
2025-08-30 15:14:45,154 [WARN] ModelIntegratedComponent:63 - No mode defined for component null
2025-08-30 15:14:45,154 [WARN] ModelIntegratedComponent:63 - No mode defined for component null
2025-08-30 15:14:45,154 [WARN] ModelIntegratedComponent:63 - No mode defined for component null
2025-08-30 15:14:45,154 [WARN] ModelIntegratedComponent:63 - No mode defined for component null
2025-08-30 15:14:45,154 [WARN] ModelIntegratedComponent:63 - No mode defined for component null
2025-08-30 15:14:45,154 [WARN] ModelIntegratedComponent:63 - No mode defined for component null
2025-08-30 15:14:45,155 [WARN] ModelIntegratedComponent:63 - No mode defined for component null
2025-08-30 15:14:45,155 [WARN] ModelIntegratedComponent:63 - No mode defined for component null
2025-08-30 15:14:45,155 [WARN] ModelIntegratedComponent:63 - No mode defined for component null
2025-08-30 15:14:45,155 [WARN] ModelIntegratedComponent:63 - No mode defined for component null
2025-08-30 15:14:45,155 [WARN] ModelIntegratedComponent:63 - No mode defined for component null
2025-08-30 15:14:45,155 [WARN] ModelIntegratedComponent:63 - No mode defined for component null
2025-08-30 15:14:45,155 [WARN] ModelIntegratedComponent:63 - No mode defined for component null
2025-08-30 15:14:45,155 [WARN] ModelIntegratedComponent:63 - No mode defined for component null
2025-08-30 15:14:45,155 [WARN] ModelIntegratedComponent:63 - No mode defined for component null
2025-08-30 15:14:45,155 [WARN] ModelIntegratedComponent:63 - No mode defined for component null
2025-08-30 15:14:45,155 [WARN] ModelIntegratedComponent:63 - No mode defined for component null
2025-08-30 15:14:45,155 [WARN] ModelIntegratedComponent:63 - No mode defined for component null
2025-08-30 15:14:45,155 [WARN] ModelIntegratedComponent:63 - No mode defined for component null
2025-08-30 15:14:45,155 [WARN] ModelIntegratedComponent:63 - No mode defined for component null
2025-08-30 15:14:45,155 [WARN] ModelIntegratedComponent:63 - No mode defined for component null
2025-08-30 15:14:45,155 [WARN] ModelIntegratedComponent:63 - No mode defined for component null
2025-08-30 15:14:45,155 [WARN] ModelIntegratedComponent:63 - No mode defined for component null
2025-08-30 15:14:45,155 [WARN] ModelIntegratedComponent:63 - No mode defined for component null
2025-08-30 15:14:45,155 [WARN] ModelIntegratedComponent:63 - No mode defined for component null
2025-08-30 15:14:45,155 [WARN] ModelIntegratedComponent:63 - No mode defined for component null
2025-08-30 15:14:45,156 [WARN] ModelIntegratedComponent:63 - No mode defined for component null
2025-08-30 15:14:45,156 [WARN] ModelIntegratedComponent:63 - No mode defined for component null
2025-08-30 15:14:45,156 [WARN] ModelIntegratedComponent:63 - No mode defined for component null
2025-08-30 15:14:45,156 [WARN] ModelIntegratedComponent:63 - No mode defined for component null
2025-08-30 15:14:45,156 [WARN] ModelIntegratedComponent:63 - No mode defined for component null
2025-08-30 15:14:45,156 [WARN] ModelIntegratedComponent:63 - No mode defined for component null
2025-08-30 15:14:45,156 [WARN] ModelPack:524 - Component already loaded: STMicroelectronics:HAL Drivers:0.0.0:STMicroelectronics:Device:STMicro_Driver:XSPI:HAL::0.0.1:HAL_XSPI
2025-08-30 15:14:45,384 [INFO] ThirdPartyModel:298 - Start build external matchings
2025-08-30 15:14:46,418 [INFO] ThirdPartyModel:316 - End build external matchings
2025-08-30 15:14:46,810 [INFO] UtilMem:75 - End LoadConfig() Used Memory: 403171104 Bytes (569376768)
2025-08-30 15:14:46,879 [WARN] ThirdParty:833 - waiting for thirdparty lock release [change project]
2025-08-30 15:14:46,880 [INFO] ThirdParty:835 - entering critical section [change project]
2025-08-30 15:14:46,880 [INFO] ThirdParty:1030 - CMSIS Pack Vendor :STMicroelectronics X-CUBE-PM33A1 1.0.0
2025-08-30 15:14:46,880 [INFO] ThirdParty:1030 - CMSIS Pack Vendor :STMicroelectronics USBPD 4.1
2025-08-30 15:14:46,880 [INFO] ThirdParty:1030 - CMSIS Pack Vendor :STMicroelectronics X-CUBE-GNSS1 6.0.0
2025-08-30 15:14:46,880 [INFO] ThirdParty:1030 - CMSIS Pack Vendor :STMicroelectronics USB_HOST 2.0.0
2025-08-30 15:14:46,880 [INFO] ThirdParty:1030 - CMSIS Pack Vendor :STMicroelectronics FP-SNS-MOTENVWB1 1.4.0
2025-08-30 15:14:46,880 [INFO] ThirdParty:1030 - CMSIS Pack Vendor :STMicroelectronics X-CUBE-AZRTOS-F4 1.1.0
2025-08-30 15:14:46,880 [INFO] ThirdParty:1030 - CMSIS Pack Vendor :STMicroelectronics LIBJPEG 8.0.0
2025-08-30 15:14:46,880 [INFO] ThirdParty:1030 - CMSIS Pack Vendor :Avnet-IotConnect X-CUBE-IoTC-DA16k-PMOD 1.0.0
2025-08-30 15:14:46,880 [INFO] ThirdParty:1030 - CMSIS Pack Vendor :STMicroelectronics X-CUBE-SMBUS 2.1.0
2025-08-30 15:14:46,880 [INFO] ThirdParty:1030 - CMSIS Pack Vendor :STMicroelectronics X-CUBE-WB05N 1.1.0
2025-08-30 15:14:46,880 [INFO] ThirdParty:1030 - CMSIS Pack Vendor :STMicroelectronics X-CUBE-ISPU 2.1.0
2025-08-30 15:14:46,880 [INFO] ThirdParty:1030 - CMSIS Pack Vendor :STMicroelectronics X-CUBE-FREERTOS 1.2.0
2025-08-30 15:14:46,880 [INFO] ThirdParty:1030 - CMSIS Pack Vendor :STMicroelectronics X-CUBE-ST60 1.0.0
2025-08-30 15:14:46,880 [INFO] ThirdParty:1030 - CMSIS Pack Vendor :STMicroelectronics X-CUBE-NFC12 1.0.0
2025-08-30 15:14:46,880 [INFO] ThirdParty:1030 - CMSIS Pack Vendor :STMicroelectronics X-CUBE-AZRTOS-F7 1.1.0
2025-08-30 15:14:46,880 [INFO] ThirdParty:1030 - CMSIS Pack Vendor :STMicroelectronics X-CUBE-AZRTOS-L5 2.0.0
2025-08-30 15:14:46,880 [INFO] ThirdParty:1030 - CMSIS Pack Vendor :STMicroelectronics USB_DEVICE 2.0.0
2025-08-30 15:14:46,880 [INFO] ThirdParty:1030 - CMSIS Pack Vendor :STMicroelectronics X-CUBE-NFC6 3.1.0
2025-08-30 15:14:46,880 [INFO] ThirdParty:1030 - CMSIS Pack Vendor :STMicroelectronics X-CUBE-MEMS1 11.0.0
2025-08-30 15:14:46,880 [INFO] ThirdParty:1030 - CMSIS Pack Vendor :STMicroelectronics FreeRTOS 0.0.1
2025-08-30 15:14:46,880 [INFO] ThirdParty:1030 - CMSIS Pack Vendor :STMicroelectronics X-CUBE-DPower 1.2.0
2025-08-30 15:14:46,880 [INFO] ThirdParty:1030 - CMSIS Pack Vendor :STMicroelectronics FP-SNS-FLIGHT1 5.0.2
2025-08-30 15:14:46,881 [INFO] ThirdParty:1030 - CMSIS Pack Vendor :STMicroelectronics X-CUBE-AI 9.0.0
2025-08-30 15:14:46,881 [INFO] ThirdParty:1030 - CMSIS Pack Vendor :STMicroelectronics PDM2PCM 3.3.0
2025-08-30 15:14:46,881 [INFO] ThirdParty:1030 - CMSIS Pack Vendor :STMicroelectronics X-CUBE-AZRTOS-H7 3.4.0
2025-08-30 15:14:46,881 [INFO] ThirdParty:1030 - CMSIS Pack Vendor :STMicroelectronics X-CUBE-DISPLAY 3.0.0
2025-08-30 15:14:46,881 [INFO] ThirdParty:1030 - CMSIS Pack Vendor :STMicroelectronics X-CUBE-BLE1 7.0.0
2025-08-30 15:14:46,881 [INFO] ThirdParty:1030 - CMSIS Pack Vendor :STMicroelectronics X-CUBE-NFC10 1.0.0
2025-08-30 15:14:46,881 [INFO] ThirdParty:1030 - CMSIS Pack Vendor :STMicroelectronics X-CUBE-BLEMGR 4.0.0
2025-08-30 15:14:46,881 [INFO] ThirdParty:1030 - CMSIS Pack Vendor :STMicroelectronics X-CUBE-FREERTOS 1.3.1
2025-08-30 15:14:46,881 [INFO] ThirdParty:1030 - CMSIS Pack Vendor :STMicroelectronics HAL Drivers 0.0.0
2025-08-30 15:14:46,881 [INFO] ThirdParty:1030 - CMSIS Pack Vendor :emotas I-CUBE-CANOPEN 1.3.0
2025-08-30 15:14:46,881 [INFO] ThirdParty:1030 - CMSIS Pack Vendor :STMicroelectronics X-CUBE-NFC7 1.0.1
2025-08-30 15:14:46,881 [INFO] ThirdParty:1030 - CMSIS Pack Vendor :STMicroelectronics MBEDTLS 2.14.1
2025-08-30 15:14:46,881 [INFO] ThirdParty:1030 - CMSIS Pack Vendor :wolfSSL I-CUBE-wolfTPM 3.2.0
2025-08-30 15:14:46,881 [INFO] ThirdParty:1030 - CMSIS Pack Vendor :STMicroelectronics X-CUBE-BLEMGR 3.1.0
2025-08-30 15:14:46,881 [INFO] ThirdParty:1030 - CMSIS Pack Vendor :STMicroelectronics FP-SNS-STBOX1 2.1.0
2025-08-30 15:14:46,881 [INFO] ThirdParty:1030 - CMSIS Pack Vendor :STMicroelectronics FP-SNS-STAIOTCFT 1.0.0
2025-08-30 15:14:46,881 [INFO] ThirdParty:1030 - CMSIS Pack Vendor :STMicroelectronics FP-SNS-SMARTAG2 1.2.0
2025-08-30 15:14:46,881 [INFO] ThirdParty:1030 - CMSIS Pack Vendor :STMicroelectronics FP-SNS-FLIGHT1 5.1.0
2025-08-30 15:14:46,881 [INFO] ThirdParty:1030 - CMSIS Pack Vendor :STMicroelectronics X-CUBE-AZRTOS-WL 2.0.0
2025-08-30 15:14:46,881 [INFO] ThirdParty:1030 - CMSIS Pack Vendor :STMicroelectronics X-CUBE-DPower 1.3.0
2025-08-30 15:14:46,881 [INFO] ThirdParty:1030 - CMSIS Pack Vendor :STMicroelectronics FP-SNS-MOTENV1 5.0.0
2025-08-30 15:14:46,881 [INFO] ThirdParty:1030 - CMSIS Pack Vendor :STMicroelectronics USB_DEVICE 1.0.0
2025-08-30 15:14:46,881 [INFO] ThirdParty:1030 - CMSIS Pack Vendor :wolfSSL I-CUBE-wolfMQTT 1.19.0
2025-08-30 15:14:46,881 [INFO] ThirdParty:1030 - CMSIS Pack Vendor :STMicroelectronics X-CUBE-AZRTOS-L4 2.0.0
2025-08-30 15:14:46,881 [INFO] ThirdParty:1030 - CMSIS Pack Vendor :STMicroelectronics ThreadX 0.0.2
2025-08-30 15:14:46,881 [INFO] ThirdParty:1030 - CMSIS Pack Vendor :WES I-CUBE-Cesium 1.3.0
2025-08-30 15:14:46,881 [INFO] ThirdParty:1030 - CMSIS Pack Vendor :STMicroelectronics lwIP 2.1.2
2025-08-30 15:14:46,881 [INFO] ThirdParty:1030 - CMSIS Pack Vendor :STMicroelectronics X-CUBE-SFXS2LP1 4.0.0
2025-08-30 15:14:46,881 [INFO] ThirdParty:1030 - CMSIS Pack Vendor :STMicroelectronics X-CUBE-BLE2 3.3.0
2025-08-30 15:14:46,881 [INFO] ThirdParty:1030 - CMSIS Pack Vendor :STMicroelectronics PDM2PCM 3.2.0
2025-08-30 15:14:46,881 [INFO] ThirdParty:1030 - CMSIS Pack Vendor :STMicroelectronics X-CUBE-AZRTOS-H7 3.3.0
2025-08-30 15:14:46,881 [INFO] ThirdParty:1030 - CMSIS Pack Vendor :STMicroelectronics X-CUBE-NFC9 1.0.0
2025-08-30 15:14:46,881 [INFO] ThirdParty:1030 - CMSIS Pack Vendor :STMicroelectronics X-CUBE-BLE1 7.1.0
2025-08-30 15:14:46,881 [INFO] ThirdParty:1030 - CMSIS Pack Vendor :STMicroelectronics USB_DEVICE 3.0.0
2025-08-30 15:14:46,881 [INFO] ThirdParty:1030 - CMSIS Pack Vendor :STMicroelectronics X-CUBE-TCPP 4.1.0
2025-08-30 15:14:46,881 [INFO] ThirdParty:1030 - CMSIS Pack Vendor :STMicroelectronics X-CUBE-EEPRMA1 5.2.0
2025-08-30 15:14:46,881 [INFO] ThirdParty:1030 - CMSIS Pack Vendor :STMicroelectronics X-CUBE-BLEMGR 4.1.0
2025-08-30 15:14:46,881 [INFO] ThirdParty:1030 - CMSIS Pack Vendor :STMicroelectronics X-CUBE-IPS 3.0.0
2025-08-30 15:14:46,881 [INFO] ThirdParty:1030 - CMSIS Pack Vendor :STMicroelectronics X-CUBE-AZRTOS-WB 2.0.0
2025-08-30 15:14:46,881 [INFO] ThirdParty:1030 - CMSIS Pack Vendor :STMicroelectronics X-CUBE-GNSS1 7.0.0
2025-08-30 15:14:46,881 [INFO] ThirdParty:1030 - CMSIS Pack Vendor :STMicroelectronics X-CUBE-GNSS1 7.0.1
2025-08-30 15:14:46,881 [INFO] ThirdParty:1030 - CMSIS Pack Vendor :STMicroelectronics X-CUBE-TOUCHGFX 4.25.0
2025-08-30 15:14:46,881 [INFO] ThirdParty:1030 - CMSIS Pack Vendor :STMicroelectronics X-CUBE-AI 10.1.0
2025-08-30 15:14:46,881 [INFO] ThirdParty:1030 - CMSIS Pack Vendor :STMicroelectronics FP-SNS-STBOX1 2.0.0
2025-08-30 15:14:46,881 [INFO] ThirdParty:1030 - CMSIS Pack Vendor :STMicroelectronics X-CUBE-AZRTOS-G0 1.1.0
2025-08-30 15:14:46,881 [INFO] ThirdParty:1030 - CMSIS Pack Vendor :STMicroelectronics X-CUBE-SAFEA1 1.2.2
2025-08-30 15:14:46,881 [INFO] ThirdParty:1030 - CMSIS Pack Vendor :STMicroelectronics X-CUBE-NFC4 3.0.0
2025-08-30 15:14:46,881 [INFO] ThirdParty:1030 - CMSIS Pack Vendor :STMicroelectronics X-CUBE-SUBG2 5.0.0
2025-08-30 15:14:46,881 [INFO] ThirdParty:1030 - CMSIS Pack Vendor :STMicroelectronics X-CUBE-AZRTOS-H7RS 1.1.0
2025-08-30 15:14:46,881 [INFO] ThirdParty:1030 - CMSIS Pack Vendor :STMicroelectronics STM32_WPAN 1.0.0
2025-08-30 15:14:46,881 [INFO] ThirdParty:1030 - CMSIS Pack Vendor :EmbeddedOffice I-CUBE-FS-RTOS 1.0.1
2025-08-30 15:14:46,881 [INFO] ThirdParty:1030 - CMSIS Pack Vendor :STMicroelectronics lwIP 2.0.3
2025-08-30 15:14:46,881 [INFO] ThirdParty:1030 - CMSIS Pack Vendor :Cesanta I-CUBE-Mongoose 7.13.0
2025-08-30 15:14:46,881 [INFO] ThirdParty:1030 - CMSIS Pack Vendor :STMicroelectronics USB_HOST 1.0.0
2025-08-30 15:14:46,881 [INFO] ThirdParty:1030 - CMSIS Pack Vendor :STMicroelectronics X-CUBE-AZRTOS-G4 2.0.0
2025-08-30 15:14:46,881 [INFO] ThirdParty:1030 - CMSIS Pack Vendor :STMicroelectronics X-CUBE-WB05N 2.0.0
2025-08-30 15:14:46,881 [INFO] ThirdParty:1030 - CMSIS Pack Vendor :STMicroelectronics PDM2PCM 3.1.0
2025-08-30 15:14:46,881 [INFO] ThirdParty:1030 - CMSIS Pack Vendor :STMicroelectronics X-CUBE-NFC7 2.0.0
2025-08-30 15:14:46,881 [INFO] ThirdParty:1030 - CMSIS Pack Vendor :STMicroelectronics X-CUBE-TCPP 4.2.0
2025-08-30 15:14:46,881 [INFO] ThirdParty:1030 - CMSIS Pack Vendor :RealThread X-CUBE-RT-Thread_Nano 4.1.1
2025-08-30 15:14:46,881 [INFO] ThirdParty:1030 - CMSIS Pack Vendor :wolfSSL I-CUBE-wolfSSL 5.7.0
2025-08-30 15:14:46,881 [INFO] ThirdParty:1030 - CMSIS Pack Vendor :STMicroelectronics FP-ATR-SIGFOX1 3.2.0
2025-08-30 15:14:46,881 [INFO] ThirdParty:1030 - CMSIS Pack Vendor :quantropi X-CUBE-qispace-sdk-base 1.9.3
2025-08-30 15:14:46,881 [INFO] ThirdParty:1030 - CMSIS Pack Vendor :STMicroelectronics X-CUBE-ISPU 2.0.0
2025-08-30 15:14:46,881 [INFO] ThirdParty:1030 - CMSIS Pack Vendor :STMicroelectronics X-CUBE-EEPRMA1 5.1.0
2025-08-30 15:14:46,881 [INFO] ThirdParty:1030 - CMSIS Pack Vendor :STMicroelectronics MBEDTLS 2.16.2
2025-08-30 15:14:46,881 [INFO] ThirdParty:1030 - CMSIS Pack Vendor :STMicroelectronics X-CUBE-IPS 3.1.0
2025-08-30 15:14:46,881 [INFO] ThirdParty:1030 - CMSIS Pack Vendor :STMicroelectronics X-CUBE-ALS 1.0.2
2025-08-30 15:14:46,881 [INFO] ThirdParty:1030 - CMSIS Pack Vendor :STMicroelectronics X-CUBE-MEMS1 10.0.0
2025-08-30 15:14:46,882 [INFO] ThirdParty:1030 - CMSIS Pack Vendor :STMicroelectronics X-CUBE-TOUCHGFX 4.24.0
2025-08-30 15:14:46,882 [INFO] ThirdParty:1030 - CMSIS Pack Vendor :ITTIA_DB I-CUBE-ITTIADB 8.9.0
2025-08-30 15:14:46,882 [INFO] ThirdParty:1030 - CMSIS Pack Vendor :STMicroelectronics X-CUBE-TOUCHGFX 4.24.1
2025-08-30 15:14:46,882 [INFO] ThirdParty:1030 - CMSIS Pack Vendor :portGmbH I-Cube-SoM-uGOAL 1.1.0
2025-08-30 15:14:46,882 [INFO] ThirdParty:1030 - CMSIS Pack Vendor :STMicroelectronics X-CUBE-ST67W61 1.0.0
2025-08-30 15:14:46,882 [INFO] ThirdParty:1030 - CMSIS Pack Vendor :STMicroelectronics X-CUBE-AI 10.2.0
2025-08-30 15:14:46,882 [INFO] ThirdParty:1030 - CMSIS Pack Vendor :STMicroelectronics ThreadX 1.0.0
2025-08-30 15:14:46,882 [INFO] ThirdParty:1030 - CMSIS Pack Vendor :SEGGER I-CUBE-embOS 1.3.1
2025-08-30 15:14:46,882 [INFO] ThirdParty:1030 - CMSIS Pack Vendor :STMicroelectronics X-CUBE-ALGOBUILD 1.4.0
2025-08-30 15:14:46,882 [INFO] ThirdParty:1030 - CMSIS Pack Vendor :STMicroelectronics X-CUBE-MEMS1 11.3.0
2025-08-30 15:14:46,882 [INFO] ThirdParty:1030 - CMSIS Pack Vendor :STMicroelectronics X-CUBE-AZRTOS-H7RS 1.0.0
2025-08-30 15:14:46,882 [INFO] ThirdParty:1030 - CMSIS Pack Vendor :STMicroelectronics FP-ATR-ASTRA1 2.0.0
2025-08-30 15:14:46,882 [INFO] ThirdParty:1030 - CMSIS Pack Vendor :STMicroelectronics X-CUBE-TOF1 3.4.2
2025-08-30 15:14:46,882 [INFO] ThirdParty:1030 - CMSIS Pack Vendor :STMicroelectronics X-CUBE-TOF1 3.4.3
2025-08-30 15:14:46,882 [INFO] ThirdParty:1030 - CMSIS Pack Vendor :STMicroelectronics X-CUBE-AI 9.1.0
2025-08-30 15:14:46,882 [INFO] ThirdParty:1030 - CMSIS Pack Vendor :STMicroelectronics X-CUBE-TOF1 3.4.1
2025-08-30 15:14:46,882 [INFO] ThirdParty:1030 - CMSIS Pack Vendor :STMicroelectronics X-CUBE-AZRTOS-H7 3.2.0
2025-08-30 15:14:46,882 [INFO] ThirdParty:1030 - CMSIS Pack Vendor :Infineon AIROC-Wi-Fi-Bluetooth-STM32 1.6.0
2025-08-30 15:14:46,882 [INFO] ThirdParty:1030 - CMSIS Pack Vendor :wolfSSL I-CUBE-wolfSSH 1.4.17
2025-08-30 15:14:46,882 [INFO] ThirdParty:841 - exiting critical section [change project]
2025-08-30 15:14:47,120 [INFO] PinOutPanel:1589 - setPackage(No Configuration,No Configuration)
2025-08-30 15:14:47,121 [INFO] PinOutPanel:1589 - setPackage(STM32F407VGTx,LQFP100)
2025-08-30 15:14:47,401 [INFO] UtilMem:75 - Before build in PCC Used Memory: 357787056 Bytes (569376768)
2025-08-30 15:14:47,780 [INFO] UtilMem:75 - After build in PCC Used Memory: 404450736 Bytes (569376768)
2025-08-30 15:14:47,817 [INFO] IPUIPlugin:80 - create IPUIPlugin
2025-08-30 15:14:47,817 [INFO] IPUIPlugin:80 - create IPUIPlugin
2025-08-30 15:14:47,817 [INFO] IPUIPlugin:80 - create IPUIPlugin
2025-08-30 15:14:47,817 [INFO] IPUIPlugin:80 - create IPUIPlugin
2025-08-30 15:14:47,817 [INFO] IPUIPlugin:80 - create IPUIPlugin
2025-08-30 15:14:47,817 [INFO] IPUIPlugin:80 - create IPUIPlugin
2025-08-30 15:14:47,817 [INFO] IPUIPlugin:80 - create IPUIPlugin
2025-08-30 15:14:47,817 [INFO] IPUIPlugin:80 - create IPUIPlugin
2025-08-30 15:14:47,817 [INFO] IPUIPlugin:80 - create IPUIPlugin
2025-08-30 15:14:47,817 [INFO] IPUIPlugin:80 - create IPUIPlugin
2025-08-30 15:14:47,817 [INFO] IPUIPlugin:80 - create IPUIPlugin
2025-08-30 15:14:47,817 [INFO] IPUIPlugin:80 - create IPUIPlugin
2025-08-30 15:14:47,817 [INFO] IPUIPlugin:80 - create IPUIPlugin
2025-08-30 15:14:47,817 [INFO] IPUIPlugin:80 - create IPUIPlugin
2025-08-30 15:14:47,817 [INFO] IPUIPlugin:80 - create IPUIPlugin
2025-08-30 15:14:47,817 [INFO] IPUIPlugin:80 - create IPUIPlugin
2025-08-30 15:14:47,817 [INFO] IPUIPlugin:80 - create IPUIPlugin
2025-08-30 15:14:47,817 [INFO] IPUIPlugin:80 - create IPUIPlugin
2025-08-30 15:14:47,817 [INFO] IPUIPlugin:80 - create IPUIPlugin
2025-08-30 15:14:47,817 [INFO] IPUIPlugin:80 - create IPUIPlugin
2025-08-30 15:14:47,818 [INFO] IPUIPlugin:80 - create IPUIPlugin
2025-08-30 15:14:47,818 [INFO] IPUIPlugin:80 - create IPUIPlugin
2025-08-30 15:14:47,818 [INFO] IPUIPlugin:80 - create IPUIPlugin
2025-08-30 15:14:47,818 [INFO] IPUIPlugin:80 - create IPUIPlugin
2025-08-30 15:14:47,818 [INFO] IPUIPlugin:80 - create IPUIPlugin
2025-08-30 15:14:47,818 [INFO] IPUIPlugin:80 - create IPUIPlugin
2025-08-30 15:14:47,818 [INFO] IPUIPlugin:80 - create IPUIPlugin
2025-08-30 15:14:47,818 [INFO] IPUIPlugin:80 - create IPUIPlugin
2025-08-30 15:14:47,818 [INFO] IPUIPlugin:80 - create IPUIPlugin
2025-08-30 15:14:47,818 [INFO] IPUIPlugin:80 - create IPUIPlugin
2025-08-30 15:14:47,818 [INFO] IPUIPlugin:80 - create IPUIPlugin
2025-08-30 15:14:47,819 [INFO] IPUIPlugin:80 - create IPUIPlugin
2025-08-30 15:14:47,819 [INFO] IPUIPlugin:80 - create IPUIPlugin
2025-08-30 15:14:47,819 [INFO] IPUIPlugin:80 - create IPUIPlugin
2025-08-30 15:14:47,819 [INFO] IPUIPlugin:80 - create IPUIPlugin
2025-08-30 15:14:47,819 [INFO] IPUIPlugin:80 - create IPUIPlugin
2025-08-30 15:14:47,819 [INFO] IPUIPlugin:80 - create IPUIPlugin
2025-08-30 15:14:47,819 [INFO] IPUIPlugin:80 - create IPUIPlugin
2025-08-30 15:14:47,819 [INFO] IPUIPlugin:80 - create IPUIPlugin
2025-08-30 15:14:47,819 [INFO] IPUIPlugin:80 - create IPUIPlugin
2025-08-30 15:14:47,819 [INFO] IPUIPlugin:80 - create IPUIPlugin
2025-08-30 15:14:47,820 [INFO] IPUIPlugin:80 - create IPUIPlugin
2025-08-30 15:14:47,820 [INFO] IPUIPlugin:80 - create IPUIPlugin
2025-08-30 15:14:47,820 [INFO] IPUIPlugin:80 - create IPUIPlugin
2025-08-30 15:14:47,820 [INFO] IPUIPlugin:80 - create IPUIPlugin
2025-08-30 15:14:47,820 [INFO] IPUIPlugin:80 - create IPUIPlugin
2025-08-30 15:14:47,820 [INFO] IPUIPlugin:80 - create IPUIPlugin
2025-08-30 15:14:47,820 [INFO] IPUIPlugin:80 - create IPUIPlugin
2025-08-30 15:14:47,821 [INFO] IPUIPlugin:80 - create IPUIPlugin
2025-08-30 15:14:47,821 [INFO] IPUIPlugin:80 - create IPUIPlugin
2025-08-30 15:14:47,821 [INFO] IPUIPlugin:80 - create IPUIPlugin
2025-08-30 15:14:47,821 [INFO] IPUIPlugin:80 - create IPUIPlugin
2025-08-30 15:14:47,822 [INFO] IPUIPlugin:80 - create IPUIPlugin
2025-08-30 15:14:47,822 [INFO] IPUIPlugin:80 - create IPUIPlugin
2025-08-30 15:14:47,822 [INFO] IPUIPlugin:80 - create IPUIPlugin
2025-08-30 15:14:47,823 [INFO] IPUIPlugin:80 - create IPUIPlugin
2025-08-30 15:14:47,823 [INFO] IPUIPlugin:80 - create IPUIPlugin
2025-08-30 15:14:47,824 [INFO] IPUIPlugin:80 - create IPUIPlugin
2025-08-30 15:14:47,849 [INFO] ApiDbMcu:532 - Load IP Config File for PDM2PCM
2025-08-30 15:14:47,892 [INFO] CADModel:165 - CPN selected for project levelSTM32F407VGT6
2025-08-30 15:14:47,892 [INFO] CADModel:114 - Register for checkConnection events
2025-08-30 15:14:48,015 [INFO] OpenFileManager:386 - Restore cursor
2025-08-30 15:15:15,137 [INFO] UtilMem:75 - End SaveConfig() Used Memory: 316249296 Bytes (569376768)
2025-08-30 15:15:17,316 [INFO] UtilMem:75 - End SaveConfig() Used Memory: 338704384 Bytes (569376768)
2025-08-30 15:15:19,425 [INFO] UtilMem:75 - End SaveConfig() Used Memory: 447234048 Bytes (569376768)
2025-08-30 15:15:20,615 [INFO] BlockDiagram:2775 - set Specific Code input for plugin: SYS
2025-08-30 15:15:20,615 [INFO] BlockDiagram:2775 - set Specific Code input for plugin: RCC
2025-08-30 15:15:20,615 [INFO] BlockDiagram:2775 - set Specific Code input for plugin: NVIC
2025-08-30 15:15:20,615 [INFO] BlockDiagram:2775 - set Specific Code input for plugin: USART
2025-08-30 15:15:20,617 [INFO] BlockDiagram:2775 - set Specific Code input for plugin: GPIO
2025-08-30 15:15:20,621 [INFO] CodeGenerator:892 - code generatio: config db path: C:\ST\STM32CubeIDE_1.16.0\STM32CubeIDE\plugins\com.st.stm32cube.common.mx_6.15.0.202507011659\\db\
2025-08-30 15:15:20,997 [INFO] CodeEngine:265 - oldGeneratedFile, C:\Users\nisha\OneDrive\Desktop\stm32f407\freertos\semph__\MXTmpFiles\license.tmp_save
2025-08-30 15:15:22,485 [INFO] CodeEngine:289 - Generated code: C:\Users\nisha\OneDrive\Desktop\stm32f407\freertos\semph__\MXTmpFiles\license.tmp
2025-08-30 15:15:22,740 [INFO] CodeEngine:265 - oldGeneratedFile, C:\Users\nisha\OneDrive\Desktop\stm32f407\freertos\semph__\MXTmpFiles\gpio.tmp_save
2025-08-30 15:15:23,148 [INFO] CodeEngine:289 - Generated code: C:\Users\nisha\OneDrive\Desktop\stm32f407\freertos\semph__\MXTmpFiles\gpio.tmp
2025-08-30 15:15:23,547 [INFO] CodeEngine:265 - oldGeneratedFile, C:\Users\nisha\OneDrive\Desktop\stm32f407\freertos\semph__\Core\Src\stm32f4xx_it.c_save
2025-08-30 15:15:23,865 [INFO] CodeEngine:289 - Generated code: C:\Users\nisha\OneDrive\Desktop\stm32f407\freertos\semph__\Core\Src\stm32f4xx_it.c
2025-08-30 15:15:23,886 [INFO] CodeEngine:265 - oldGeneratedFile, C:\Users\nisha\OneDrive\Desktop\stm32f407\freertos\semph__\Core\Inc\stm32f4xx_it.h_save
2025-08-30 15:15:24,131 [INFO] CodeEngine:289 - Generated code: C:\Users\nisha\OneDrive\Desktop\stm32f407\freertos\semph__\Core\Inc\stm32f4xx_it.h
2025-08-30 15:15:24,198 [INFO] CodeEngine:265 - oldGeneratedFile, C:\Users\nisha\OneDrive\Desktop\stm32f407\freertos\semph__\Core\Src\stm32f4xx_hal_msp.c_save
2025-08-30 15:15:24,571 [INFO] CodeEngine:289 - Generated code: C:\Users\nisha\OneDrive\Desktop\stm32f407\freertos\semph__\Core\Src\stm32f4xx_hal_msp.c
2025-08-30 15:15:24,590 [INFO] CodeEngine:265 - oldGeneratedFile, C:\Users\nisha\OneDrive\Desktop\stm32f407\freertos\semph__\MXTmpFiles\system.tmp_save
2025-08-30 15:15:24,736 [INFO] CodeEngine:289 - Generated code: C:\Users\nisha\OneDrive\Desktop\stm32f407\freertos\semph__\MXTmpFiles\system.tmp
2025-08-30 15:15:24,770 [INFO] CodeEngine:265 - oldGeneratedFile, C:\Users\nisha\OneDrive\Desktop\stm32f407\freertos\semph__\Core\Src\stm32f4xx_hal_timebase_tim.c_save
2025-08-30 15:15:24,951 [INFO] CodeEngine:289 - Generated code: C:\Users\nisha\OneDrive\Desktop\stm32f407\freertos\semph__\Core\Src\stm32f4xx_hal_timebase_tim.c
2025-08-30 15:15:24,984 [INFO] CodeEngine:321 - oldGeneratedFile, C:\Users\nisha\OneDrive\Desktop\stm32f407\freertos\semph__\Core\Inc\stm32f4xx_hal_conf.h_save
2025-08-30 15:15:25,166 [INFO] CodeEngine:345 - Generated code: C:\Users\nisha\OneDrive\Desktop\stm32f407\freertos\semph__\Core\Inc\stm32f4xx_hal_conf.h
2025-08-30 15:15:25,274 [INFO] ApiDbMcu:532 - Load IP Config File for USART2
2025-08-30 15:15:25,294 [INFO] ApiDbMcu:532 - Load IP Config File for RCC
2025-08-30 15:15:25,338 [INFO] CodeEngine:265 - oldGeneratedFile, C:\Users\nisha\OneDrive\Desktop\stm32f407\freertos\semph__\Core\Inc\main.h_save
2025-08-30 15:15:25,565 [INFO] CodeEngine:289 - Generated code: C:\Users\nisha\OneDrive\Desktop\stm32f407\freertos\semph__\Core\Inc\main.h
2025-08-30 15:15:25,578 [INFO] CodeEngine:265 - oldGeneratedFile, C:\Users\nisha\OneDrive\Desktop\stm32f407\freertos\semph__\Core\Src\main.c_save
2025-08-30 15:15:25,850 [INFO] CodeEngine:289 - Generated code: C:\Users\nisha\OneDrive\Desktop\stm32f407\freertos\semph__\Core\Src\main.c
2025-08-30 15:15:26,729 [INFO] ProjectBuilder:3606 - Time for Copy HAL[1] : 500mS.
2025-08-30 15:15:26,743 [INFO] ProjectBuilder:5216 - Project Generator version: 4.7.0-B52
2025-08-30 15:15:26,852 [INFO] ConfigFileManager:1595 - The Die is : DIE413
2025-08-30 15:15:26,881 [INFO] ApiDbMcu:532 - Load IP Config File for FATFS
2025-08-30 15:15:26,901 [INFO] ApiDbMcu:532 - Load IP Config File for FREERTOS
2025-08-30 15:15:26,920 [INFO] ApiDbMcu:532 - Load IP Config File for LIBJPEG
2025-08-30 15:15:26,946 [INFO] ApiDbMcu:532 - Load IP Config File for LWIP
2025-08-30 15:15:26,974 [INFO] ApiDbMcu:532 - Load IP Config File for MBEDTLS
2025-08-30 15:15:27,000 [INFO] ApiDbMcu:532 - Load IP Config File for USB_DEVICE
2025-08-30 15:15:27,022 [INFO] ApiDbMcu:532 - Load IP Config File for USB_HOST
2025-08-30 15:15:28,290 [INFO] LogOutputStream:77 - [STDOUT_REDIRECT] 
2025-08-30 15:15:32,783 [INFO] ProjectBuilder:5496 - Time for Generating toolchain IDE Files: 6036mS.
2025-08-30 15:15:32,785 [INFO] ProjectBuilder:3463 - Time for Copy CMSIS : 1mS.
2025-08-30 15:15:32,793 [INFO] ProjectBuilder:3463 - Time for Copy CMSIS : 0mS.
2025-08-30 17:48:27,316 [INFO] WebApp:194 - Connection lost
2025-08-30 18:57:28,126 [ERROR] LogOutputStream:75 - [STDERR_REDIRECT] 
2025-08-30 18:57:28,131 [ERROR] LogOutputStream:75 - [STDERR_REDIRECT] 
