2025-06-25 00:27:26,980 [ERROR] LogOutputStream:75 - [STDERR_REDIRECT] 
2025-06-25 09:43:31,301 [INFO] Activator:176 - 


2025-06-25 09:43:31,301 [INFO] Activator:177 - !SESSION log4j initialized
2025-06-25 09:43:40,074 [INFO] LogOutputStream:77 - [STDOUT_REDIRECT] 
2025-06-25 09:43:40,760 [ERROR] ConfigurationRetriever:142 - IOException on connection: sw-center.st.com
2025-06-25 09:43:40,761 [ERROR] ConfigurationRetriever:142 - IOException on connection: sw-center.st.com
2025-06-25 09:43:40,762 [ERROR] ConfigurationRetriever:142 - IOException on connection: sw-center.st.com
2025-06-25 09:43:40,766 [ERROR] ConfigurationRetriever:142 - IOException on connection: sw-center.st.com
2025-06-25 09:43:40,767 [ERROR] ConfigurationRetriever:142 - IOException on connection: sw-center.st.com
2025-06-25 09:43:40,767 [ERROR] ConfigurationRetriever:142 - IOException on connection: sw-center.st.com
2025-06-25 09:43:44,337 [ERROR] ConfigurationRetriever:142 - IOException on connection: sw-center.st.com
2025-06-25 09:43:44,337 [ERROR] ConfigurationRetriever:142 - IOException on connection: sw-center.st.com
2025-06-25 09:43:44,337 [ERROR] ConfigurationRetriever:142 - IOException on connection: sw-center.st.com
2025-06-25 09:43:45,006 [INFO] ApplicationProperties:184 - Using Application install path: C:\ST\STM32CubeIDE_1.16.0\STM32CubeIDE\plugins\com.st.stm32cube.common.mx_6.12.0.202406281431
2025-06-25 09:43:45,037 [INFO] DbMcusXml:78 - Set database path to: C:\ST\STM32CubeIDE_1.16.0\STM32CubeIDE\plugins\com.st.stm32cube.common.mx_6.12.0.202406281431\\db\/mcu/
2025-06-25 09:43:45,037 [INFO] ApiDb:274 - Set plugin database path to: C:\ST\STM32CubeIDE_1.16.0\STM32CubeIDE\plugins\com.st.stm32cube.common.mx_6.12.0.202406281431\\db\/plugins/boardmanager/
2025-06-25 09:43:45,037 [WARN] ApiDb:259 - Overriding images path with different value:  => C:\ST\STM32CubeIDE_1.16.0\STM32CubeIDE\plugins\com.st.stm32cube.common.mx_6.12.0.202406281431\\db\/plugins/mcufinder/images/
2025-06-25 09:43:45,053 [INFO] ApiDb:250 - Set database path to: C:\Users\nisha\.stmcufinder\plugins\mcufinder//mcu/
2025-06-25 09:43:45,053 [INFO] DbMcusAds:125 - Set database path to: C:\Users\nisha\.stmcufinder\plugins\mcufinder//mcu/
2025-06-25 09:43:45,053 [INFO] CrossReferenceDbSqlite:203 - Set database path to: C:\Users\nisha\.stmcufinder\plugins\mcufinder//mcu/cs/
2025-06-25 09:43:45,212 [INFO] RulesReader:64 - Compatibility file has been processed (297 Rules)
2025-06-25 09:43:45,322 [INFO] DbMcusXml:78 - Set database path to: C:\ST\STM32CubeIDE_1.16.0\STM32CubeIDE\plugins\com.st.stm32cube.common.mx_6.12.0.202406281431\\db\/mcu/
2025-06-25 09:43:45,322 [INFO] ApiDb:274 - Set plugin database path to: C:\ST\STM32CubeIDE_1.16.0\STM32CubeIDE\plugins\com.st.stm32cube.common.mx_6.12.0.202406281431\\db\/plugins/boardmanager/
2025-06-25 09:43:45,322 [INFO] ApiDb:261 - Set plugin images path to: C:\ST\STM32CubeIDE_1.16.0\STM32CubeIDE\plugins\com.st.stm32cube.common.mx_6.12.0.202406281431\\db\/plugins/mcufinder/images/
2025-06-25 09:43:45,322 [WARN] DbFile:41 - Overriding database path with different value: C:\Users\nisha\.stmcufinder\plugins\mcufinder/ => C:\Users\nisha\.stmcufinder\plugins\mcufinder
2025-06-25 09:43:45,322 [INFO] ApiDb:250 - Set database path to: C:\Users\nisha\.stmcufinder\plugins\mcufinder//mcu/
2025-06-25 09:43:45,322 [WARN] DbFile:41 - Overriding database path with different value: C:\Users\nisha\.stmcufinder\plugins\mcufinder/ => C:\Users\nisha\.stmcufinder\plugins\mcufinder
2025-06-25 09:43:45,322 [INFO] DbMcusAds:125 - Set database path to: C:\Users\nisha\.stmcufinder\plugins\mcufinder//mcu/
2025-06-25 09:43:45,322 [WARN] DbFile:41 - Overriding database path with different value: C:\Users\nisha\.stmcufinder\plugins\mcufinder/ => C:\Users\nisha\.stmcufinder\plugins\mcufinder
2025-06-25 09:43:45,322 [WARN] DbFile:41 - Overriding database path with different value: C:\Users\nisha\.stmcufinder\plugins\mcufinder/ => C:\Users\nisha\.stmcufinder\plugins\mcufinder
2025-06-25 09:43:45,322 [INFO] CrossReferenceDbSqlite:203 - Set database path to: C:\Users\nisha\.stmcufinder\plugins\mcufinder//mcu/cs/
2025-06-25 09:43:45,449 [INFO] MainPanel:268 - HeapMemory: 268435456
2025-06-25 09:43:45,620 [INFO] DbMcusXml:78 - Set database path to: C:\ST\STM32CubeIDE_1.16.0\STM32CubeIDE\plugins\com.st.stm32cube.common.mx_6.12.0.202406281431\\db\/mcu/
2025-06-25 09:43:45,620 [INFO] ApiDb:274 - Set plugin database path to: C:\ST\STM32CubeIDE_1.16.0\STM32CubeIDE\plugins\com.st.stm32cube.common.mx_6.12.0.202406281431\\db\/plugins/boardmanager/
2025-06-25 09:43:45,620 [INFO] ApiDb:261 - Set plugin images path to: C:\ST\STM32CubeIDE_1.16.0\STM32CubeIDE\plugins\com.st.stm32cube.common.mx_6.12.0.202406281431\\db\/plugins/mcufinder/images/
2025-06-25 09:43:45,620 [WARN] DbFile:41 - Overriding database path with different value: C:\Users\nisha\.stmcufinder\plugins\mcufinder/ => C:\Users\nisha\.stmcufinder\plugins\mcufinder
2025-06-25 09:43:45,620 [INFO] ApiDb:250 - Set database path to: C:\Users\nisha\.stmcufinder\plugins\mcufinder//mcu/
2025-06-25 09:43:45,620 [WARN] DbFile:41 - Overriding database path with different value: C:\Users\nisha\.stmcufinder\plugins\mcufinder/ => C:\Users\nisha\.stmcufinder\plugins\mcufinder
2025-06-25 09:43:45,620 [INFO] DbMcusAds:125 - Set database path to: C:\Users\nisha\.stmcufinder\plugins\mcufinder//mcu/
2025-06-25 09:43:45,636 [WARN] DbFile:41 - Overriding database path with different value: C:\Users\nisha\.stmcufinder\plugins\mcufinder/ => C:\Users\nisha\.stmcufinder\plugins\mcufinder
2025-06-25 09:43:45,636 [WARN] DbFile:41 - Overriding database path with different value: C:\Users\nisha\.stmcufinder\plugins\mcufinder/ => C:\Users\nisha\.stmcufinder\plugins\mcufinder
2025-06-25 09:43:45,636 [INFO] CrossReferenceDbSqlite:203 - Set database path to: C:\Users\nisha\.stmcufinder\plugins\mcufinder//mcu/cs/
2025-06-25 09:43:45,652 [INFO] ApplicationProperties:184 - Using Application install path: C:\ST\STM32CubeIDE_1.16.0\STM32CubeIDE\plugins\com.st.stm32cube.common.mx_6.12.0.202406281431
2025-06-25 09:43:45,652 [INFO] PluginManage:196 - Search for loadable plugins [exclusion list=, ]
2025-06-25 09:43:45,652 [INFO] PluginManage:310 - Check plugin analytics
2025-06-25 09:43:45,967 [INFO] AnalyticsPlugin:253 - Accepted Software Licenses: 
2025-06-25 09:43:45,983 [INFO] AnalyticsPlugin:255 - Accepted CMSIS Pack Licenses: 
2025-06-25 09:43:45,983 [INFO] AnalyticsPlugin:257 - Accepted Firmware Licenses: FW.F4.1.28.0
2025-06-25 09:43:45,983 [INFO] PluginManage:359 - Loaded plugin analytics (category:tool,tabindex:-1)
2025-06-25 09:43:45,983 [INFO] PluginManage:310 - Check plugin cadmodel
2025-06-25 09:43:45,983 [ERROR] ConfigurationRetriever:142 - IOException on connection: sw-center.st.com
2025-06-25 09:43:45,983 [ERROR] ConfigurationRetriever:142 - IOException on connection: sw-center.st.com
2025-06-25 09:43:45,983 [ERROR] ConfigurationRetriever:142 - IOException on connection: sw-center.st.com
2025-06-25 09:43:46,015 [INFO] CADModel:105 - Init CAD model plugin
2025-06-25 09:43:46,015 [INFO] PluginManage:359 - Loaded plugin cadmodel (category:power,tabindex:5)
2025-06-25 09:43:46,015 [INFO] PluginManage:310 - Check plugin clock
2025-06-25 09:43:46,046 [INFO] PluginManage:359 - Loaded plugin clock (category:base,tabindex:2)
2025-06-25 09:43:46,046 [INFO] PluginManage:310 - Check plugin ddr
2025-06-25 09:43:46,046 [INFO] PluginManage:359 - Loaded plugin ddr (category:tool,tabindex:6)
2025-06-25 09:43:46,046 [INFO] PluginManage:310 - Check plugin filemanager
2025-06-25 09:43:46,229 [INFO] PluginManage:359 - Loaded plugin filemanager (category:base,tabindex:10)
2025-06-25 09:43:46,229 [INFO] PluginManage:310 - Check plugin ipmanager
2025-06-25 09:43:46,243 [INFO] PluginManage:359 - Loaded plugin ipmanager (category:base,tabindex:5)
2025-06-25 09:43:46,243 [INFO] PluginManage:310 - Check plugin lpbam
2025-06-25 09:43:46,259 [INFO] PluginManage:359 - Loaded plugin lpbam (category:base,tabindex:0)
2025-06-25 09:43:46,259 [INFO] PluginManage:310 - Check plugin memorymap
2025-06-25 09:43:46,291 [INFO] PluginManage:359 - Loaded plugin memorymap (category:base,tabindex:4)
2025-06-25 09:43:46,291 [INFO] PluginManage:310 - Check plugin pinoutandconfiguration
2025-06-25 09:43:46,322 [INFO] PluginManage:359 - Loaded plugin pinoutandconfiguration (category:base,tabindex:1)
2025-06-25 09:43:46,322 [INFO] PluginManage:310 - Check plugin pinoutconfig
2025-06-25 09:43:46,449 [WARN] SupportedApi:132 - Cannot load RTOS API schema: s4s-elt-must-match.1: The content of 'definitions' must match (annotation?, (simpleType | complexType)?, (unique | key | keyref)*)). A problem was found starting at: attribute.
2025-06-25 09:43:46,608 [INFO] PluginManage:359 - Loaded plugin pinoutconfig (category:base,tabindex:0)
2025-06-25 09:43:46,608 [INFO] PluginManage:310 - Check plugin power
2025-06-25 09:43:46,624 [INFO] PluginManage:359 - Loaded plugin power (category:power,tabindex:4)
2025-06-25 09:43:46,624 [INFO] PluginManage:310 - Check plugin projectmanager
2025-06-25 09:43:46,640 [INFO] PluginManage:359 - Loaded plugin projectmanager (category:projectmanager,tabindex:4)
2025-06-25 09:43:46,640 [INFO] PluginManage:310 - Check plugin rif
2025-06-25 09:43:46,656 [INFO] PluginManage:359 - Loaded plugin rif (category:base,tabindex:3)
2025-06-25 09:43:46,656 [INFO] PluginManage:310 - Check plugin thirdparty
2025-06-25 09:43:46,990 [INFO] PluginManage:359 - Loaded plugin thirdparty (category:base,tabindex:-1)
2025-06-25 09:43:47,003 [INFO] PluginManage:310 - Check plugin tools
2025-06-25 09:43:46,990 [WARN] IntegrityCheckThread:84 - waiting for thirdparty lock release [integrity check]
2025-06-25 09:43:47,003 [INFO] IntegrityCheckThread:86 - entering critical section [integrity check]
2025-06-25 09:43:47,003 [INFO] ThirdPartyUpdaterWithRetryManager:70 - Updater plugin not ready yet. [1/15]
2025-06-25 09:43:47,035 [INFO] PluginManage:359 - Loaded plugin tools (category:base,tabindex:7)
2025-06-25 09:43:47,035 [INFO] PluginManage:310 - Check plugin tutovideos
2025-06-25 09:43:47,242 [INFO] PluginManage:359 - Loaded plugin tutovideos (category:base,tabindex:-1)
2025-06-25 09:43:47,242 [INFO] PluginManage:310 - Check plugin updater
2025-06-25 09:43:47,263 [INFO] PluginManage:359 - Loaded plugin updater (category:base,tabindex:12)
2025-06-25 09:43:47,263 [INFO] PluginManage:310 - Check plugin userauth
2025-06-25 09:43:47,279 [INFO] UserAuth:113 - Init User Auth plugin
2025-06-25 09:43:47,279 [INFO] PluginManage:359 - Loaded plugin userauth (category:base,tabindex:14)
2025-06-25 09:43:47,279 [INFO] PluginManage:283 - PluginManage : Loaded plugins [18]
2025-06-25 09:43:47,515 [INFO] PinOutPanel:1561 - setPackage(No Configuration,No Configuration)
2025-06-25 09:43:47,626 [INFO] CADModel:165 - CPN selected for project level
2025-06-25 09:43:47,626 [INFO] CADModel:114 - Register for checkConnection events
2025-06-25 09:43:47,673 [INFO] IPUIPlugin:80 - create IPUIPlugin
2025-06-25 09:43:47,673 [INFO] PluginManager:220 - loadIPPluginJar : add adc
2025-06-25 09:43:47,721 [INFO] IPUIPlugin:80 - create IPUIPlugin
2025-06-25 09:43:47,721 [INFO] PluginManager:220 - loadIPPluginJar : add aes
2025-06-25 09:43:47,784 [INFO] IPUIPlugin:80 - create IPUIPlugin
2025-06-25 09:43:47,784 [INFO] PluginManager:220 - loadIPPluginJar : add can
2025-06-25 09:43:47,816 [INFO] IPUIPlugin:80 - create IPUIPlugin
2025-06-25 09:43:47,816 [INFO] PluginManager:220 - loadIPPluginJar : add comp
2025-06-25 09:43:47,863 [INFO] IPUIPlugin:80 - create IPUIPlugin
2025-06-25 09:43:47,863 [INFO] PluginManager:220 - loadIPPluginJar : add cryp
2025-06-25 09:43:47,879 [INFO] IPUIPlugin:80 - create IPUIPlugin
2025-06-25 09:43:47,879 [INFO] PluginManager:220 - loadIPPluginJar : add ddr_ctrl_phy
2025-06-25 09:43:47,911 [INFO] IPUIPlugin:80 - create IPUIPlugin
2025-06-25 09:43:47,911 [INFO] PluginManager:220 - loadIPPluginJar : add dfsdm
2025-06-25 09:43:47,926 [INFO] IPUIPlugin:80 - create IPUIPlugin
2025-06-25 09:43:47,926 [INFO] PluginManager:220 - loadIPPluginJar : add dma
2025-06-25 09:43:47,974 [INFO] IPUIPlugin:80 - create IPUIPlugin
2025-06-25 09:43:47,974 [INFO] PluginManager:220 - loadIPPluginJar : add dma3
2025-06-25 09:43:48,037 [INFO] IPUIPlugin:80 - create IPUIPlugin
2025-06-25 09:43:48,037 [INFO] PluginManager:220 - loadIPPluginJar : add extmemmanager
2025-06-25 09:43:48,069 [INFO] IPUIPlugin:80 - create IPUIPlugin
2025-06-25 09:43:48,069 [INFO] PluginManager:220 - loadIPPluginJar : add fatfs
2025-06-25 09:43:48,132 [INFO] IPUIPlugin:80 - create IPUIPlugin
2025-06-25 09:43:48,132 [INFO] PluginManager:220 - loadIPPluginJar : add fmc
2025-06-25 09:43:48,148 [INFO] IPUIPlugin:80 - create IPUIPlugin
2025-06-25 09:43:48,148 [INFO] PluginManager:220 - loadIPPluginJar : add freertos
2025-06-25 09:43:48,180 [INFO] IPUIPlugin:80 - create IPUIPlugin
2025-06-25 09:43:48,180 [INFO] PluginManager:220 - loadIPPluginJar : add genericplugin
2025-06-25 09:43:48,307 [INFO] IPUIPlugin:80 - create IPUIPlugin
2025-06-25 09:43:48,307 [INFO] PluginManager:220 - loadIPPluginJar : add gfxmmu
2025-06-25 09:43:48,480 [INFO] IPUIPlugin:80 - create IPUIPlugin
2025-06-25 09:43:48,480 [INFO] PluginManager:220 - loadIPPluginJar : add gic
2025-06-25 09:43:48,496 [INFO] IPUIPlugin:80 - create IPUIPlugin
2025-06-25 09:43:48,496 [INFO] PluginManager:220 - loadIPPluginJar : add gpio
2025-06-25 09:43:48,575 [INFO] IPUIPlugin:80 - create IPUIPlugin
2025-06-25 09:43:48,575 [INFO] PluginManager:220 - loadIPPluginJar : add gtzc
2025-06-25 09:43:48,622 [INFO] IPUIPlugin:80 - create IPUIPlugin
2025-06-25 09:43:48,622 [INFO] PluginManager:220 - loadIPPluginJar : add hash
2025-06-25 09:43:48,685 [INFO] IPUIPlugin:80 - create IPUIPlugin
2025-06-25 09:43:48,685 [INFO] PluginManager:220 - loadIPPluginJar : add i2c
2025-06-25 09:43:48,733 [INFO] IPUIPlugin:80 - create IPUIPlugin
2025-06-25 09:43:48,733 [INFO] PluginManager:220 - loadIPPluginJar : add i2s
2025-06-25 09:43:48,780 [INFO] IPUIPlugin:80 - create IPUIPlugin
2025-06-25 09:43:48,780 [INFO] PluginManager:220 - loadIPPluginJar : add i3c
2025-06-25 09:43:48,891 [INFO] IPUIPlugin:80 - create IPUIPlugin
2025-06-25 09:43:48,891 [INFO] PluginManager:220 - loadIPPluginJar : add ipddr
2025-06-25 09:43:48,985 [INFO] IPUIPlugin:80 - create IPUIPlugin
2025-06-25 09:43:48,985 [INFO] PluginManager:220 - loadIPPluginJar : add linkedlist
2025-06-25 09:43:49,033 [INFO] IPUIPlugin:80 - create IPUIPlugin
2025-06-25 09:43:49,033 [INFO] PluginManager:220 - loadIPPluginJar : add lorawan
2025-06-25 09:43:49,080 [INFO] IPUIPlugin:80 - create IPUIPlugin
2025-06-25 09:43:49,080 [INFO] PluginManager:220 - loadIPPluginJar : add ltdc
2025-06-25 09:43:49,095 [INFO] IPUIPlugin:80 - create IPUIPlugin
2025-06-25 09:43:49,095 [INFO] PluginManager:220 - loadIPPluginJar : add mdma
2025-06-25 09:43:49,111 [INFO] IPUIPlugin:80 - create IPUIPlugin
2025-06-25 09:43:49,111 [INFO] PluginManager:220 - loadIPPluginJar : add nvic
2025-06-25 09:43:49,143 [INFO] IPUIPlugin:80 - create IPUIPlugin
2025-06-25 09:43:49,143 [INFO] PluginManager:220 - loadIPPluginJar : add opamp
2025-06-25 09:43:49,206 [INFO] IPUIPlugin:80 - create IPUIPlugin
2025-06-25 09:43:49,222 [INFO] PluginManager:220 - loadIPPluginJar : add openamp
2025-06-25 09:43:49,269 [INFO] IPUIPlugin:80 - create IPUIPlugin
2025-06-25 09:43:49,269 [INFO] PluginManager:220 - loadIPPluginJar : add pdm2pcm
2025-06-25 09:43:49,269 [INFO] IPUIPlugin:80 - create IPUIPlugin
2025-06-25 09:43:49,285 [INFO] PluginManager:220 - loadIPPluginJar : add plateformsettings
2025-06-25 09:43:49,317 [INFO] IPUIPlugin:80 - create IPUIPlugin
2025-06-25 09:43:49,317 [INFO] PluginManager:220 - loadIPPluginJar : add quadspi
2025-06-25 09:43:49,333 [INFO] IPUIPlugin:80 - create IPUIPlugin
2025-06-25 09:43:49,333 [INFO] PluginManager:220 - loadIPPluginJar : add radio
2025-06-25 09:43:49,348 [INFO] IPUIPlugin:80 - create IPUIPlugin
2025-06-25 09:43:49,348 [INFO] PluginManager:220 - loadIPPluginJar : add resmgrutility
2025-06-25 09:43:49,412 [INFO] IPUIPlugin:80 - create IPUIPlugin
2025-06-25 09:43:49,412 [INFO] PluginManager:220 - loadIPPluginJar : add sai
2025-06-25 09:43:49,460 [INFO] IPUIPlugin:80 - create IPUIPlugin
2025-06-25 09:43:49,460 [INFO] PluginManager:220 - loadIPPluginJar : add spi
2025-06-25 09:43:49,523 [INFO] IPUIPlugin:80 - create IPUIPlugin
2025-06-25 09:43:49,523 [INFO] PluginManager:220 - loadIPPluginJar : add stm32_wpan
2025-06-25 09:43:49,554 [INFO] IPUIPlugin:80 - create IPUIPlugin
2025-06-25 09:43:49,554 [INFO] PluginManager:220 - loadIPPluginJar : add tim
2025-06-25 09:43:49,633 [INFO] IPUIPlugin:80 - create IPUIPlugin
2025-06-25 09:43:49,633 [INFO] PluginManager:220 - loadIPPluginJar : add touchsensing
2025-06-25 09:43:49,649 [INFO] IPUIPlugin:80 - create IPUIPlugin
2025-06-25 09:43:49,649 [INFO] PluginManager:220 - loadIPPluginJar : add tracer_emb
2025-06-25 09:43:49,681 [INFO] IPUIPlugin:80 - create IPUIPlugin
2025-06-25 09:43:49,681 [INFO] PluginManager:220 - loadIPPluginJar : add ts
2025-06-25 09:43:49,713 [INFO] IPUIPlugin:80 - create IPUIPlugin
2025-06-25 09:43:49,713 [INFO] PluginManager:220 - loadIPPluginJar : add tsc
2025-06-25 09:43:49,729 [INFO] IPUIPlugin:80 - create IPUIPlugin
2025-06-25 09:43:49,729 [INFO] PluginManager:220 - loadIPPluginJar : add ucpd
2025-06-25 09:43:49,776 [INFO] IPUIPlugin:80 - create IPUIPlugin
2025-06-25 09:43:49,776 [INFO] PluginManager:220 - loadIPPluginJar : add usart
2025-06-25 09:43:49,823 [INFO] IPUIPlugin:80 - create IPUIPlugin
2025-06-25 09:43:49,823 [INFO] PluginManager:220 - loadIPPluginJar : add usbx
2025-06-25 09:43:49,963 [INFO] CADModel:165 - CPN selected for project level
2025-06-25 09:43:49,963 [INFO] CADModel:114 - Register for checkConnection events
2025-06-25 09:43:49,963 [FATAL] Updater:334 - Updater called before beeing initialized
2025-06-25 09:43:49,963 [ERROR] CADModel:125 - Updater not yet initialized, retry later 
2025-06-25 09:43:50,008 [INFO] ThirdPartyUpdaterWithRetryManager:70 - Updater plugin not ready yet. [2/15]
2025-06-25 09:43:50,151 [INFO] CADModel:165 - CPN selected for project level
2025-06-25 09:43:50,151 [INFO] CADModel:114 - Register for checkConnection events
2025-06-25 09:43:50,151 [FATAL] Updater:334 - Updater called before beeing initialized
2025-06-25 09:43:50,151 [ERROR] CADModel:125 - Updater not yet initialized, retry later 
2025-06-25 09:43:50,155 [FATAL] Updater:334 - Updater called before beeing initialized
2025-06-25 09:43:50,294 [FATAL] Updater:334 - Updater called before beeing initialized
2025-06-25 09:43:50,310 [INFO] DbMcusAds:53 - JSON generation date=Thu Jun 19 14:02:34 IST 2025 (1750321954384)
2025-06-25 09:43:50,310 [FATAL] Updater:334 - Updater called before beeing initialized
2025-06-25 09:43:50,367 [WARN] DetailPanel:346 - Failed to get advertising image, set to default
2025-06-25 09:43:50,511 [FATAL] Updater:334 - Updater called before beeing initialized
2025-06-25 09:43:50,516 [FATAL] Updater:334 - Updater called before beeing initialized
2025-06-25 09:43:50,516 [FATAL] Updater:334 - Updater called before beeing initialized
2025-06-25 09:43:50,516 [WARN] DetailPanel:346 - Failed to get advertising image, set to default
2025-06-25 09:43:50,516 [FATAL] Updater:334 - Updater called before beeing initialized
2025-06-25 09:43:50,583 [ERROR] Updater:1164 - MainUpdater not yet initialized. External WinMGr cannot be set.
2025-06-25 09:43:50,583 [INFO] Updater:1100 - Updater Version found : 6.12.0
2025-06-25 09:43:50,613 [INFO] ApplicationProperties:184 - Using Application install path: C:\ST\STM32CubeIDE_1.16.0\STM32CubeIDE\plugins\com.st.stm32cube.common.mx_6.12.0.202406281431
2025-06-25 09:43:52,252 [ERROR] LogOutputStream:75 - [STDERR_REDIRECT] Jun 25, 2025 9:43:52 AM java.util.prefs.WindowsPreferences <init>
2025-06-25 09:43:52,254 [ERROR] LogOutputStream:75 - [STDERR_REDIRECT] WARNING: Could not open/create prefs root node Software\JavaSoft\Prefs at root 0xffffffff80000002. Windows RegCreateKeyEx(...) returned error code 5.
2025-06-25 09:43:52,254 [ERROR] LogOutputStream:75 - [STDERR_REDIRECT] 
2025-06-25 09:43:52,607 [INFO] MainUpdater:2873 - connection check result : 22
2025-06-25 09:43:52,607 [INFO] MainUpdater:290 - Updater Check For Update Now.
2025-06-25 09:43:52,607 [INFO] MicroXplorer:498 - Change Database Version : DB.6.0.120
2025-06-25 09:43:52,655 [INFO] McuFinderGlobals:63 - Set McuFinder mode to 2 (CubeIDE integrated)
2025-06-25 09:43:52,667 [INFO] UserAuth:417 - Internet connection configuration mode: 2
2025-06-25 09:43:52,672 [INFO] UserAuth:417 - Internet connection configuration mode: 2
2025-06-25 09:43:52,928 [INFO] CheckServerUpdateThread:120 - End of CheckServer Thread
2025-06-25 09:43:53,392 [WARN] PackLoader:240 - Cannot read IP mode file for STMicroelectronics.FP-SNS-MOTENVWB1.1.4.0
2025-06-25 09:43:53,414 [WARN] PackLoader:240 - Cannot read IP mode file for STMicroelectronics.X-CUBE-SMBUS.2.1.0
2025-06-25 09:43:53,434 [WARN] PackLoader:240 - Cannot read IP mode file for STMicroelectronics.X-CUBE-WB05N.1.1.0
2025-06-25 09:43:53,448 [ERROR] Engine:466 - C:\Users\nisha\.stm32cubemx\thirdparties\pdsc\STMicroelectronics.X-CUBE-ST60.1.0.0.pdsc: PDSC version is not supported
2025-06-25 09:43:53,495 [WARN] PackLoader:240 - Cannot read IP mode file for STMicroelectronics.X-CUBE-AZRTOS-F7.1.1.0
2025-06-25 09:43:53,585 [WARN] PackLoader:240 - Cannot read IP mode file for STMicroelectronics.X-CUBE-MEMS1.11.0.0
2025-06-25 09:43:53,779 [WARN] PackLoader:240 - Cannot read IP mode file for STMicroelectronics.FP-SNS-FLIGHT1.5.0.2
2025-06-25 09:43:53,806 [WARN] PackLoader:240 - Cannot read IP mode file for STMicroelectronics.X-CUBE-DISPLAY.3.0.0
2025-06-25 09:43:53,834 [WARN] PackLoader:240 - Cannot read IP mode file for STMicroelectronics.X-CUBE-BLE1.7.0.0
2025-06-25 09:43:53,863 [WARN] PackLoader:240 - Cannot read IP mode file for STMicroelectronics.X-CUBE-NFC10.1.0.0
2025-06-25 09:43:53,892 [WARN] PackLoader:240 - Cannot read IP mode file for emotas.I-CUBE-CANOPEN.1.3.0
2025-06-25 09:43:53,922 [WARN] PackLoader:240 - Cannot read IP mode file for STMicroelectronics.X-CUBE-BLEMGR.3.1.0
2025-06-25 09:43:53,951 [WARN] PackLoader:240 - Cannot read IP mode file for STMicroelectronics.FP-SNS-SMARTAG2.1.2.0
2025-06-25 09:43:53,971 [ERROR] Engine:466 - C:\Users\nisha\.stm32cubemx\thirdparties\pdsc\STMicroelectronics.FP-SNS-FLIGHT1.5.1.0.pdsc: PDSC version is not supported
2025-06-25 09:43:54,016 [INFO] LogOutputStream:77 - [STDOUT_REDIRECT] 1 : Invalid condition id : UX_CORESTACK_Condition cause : null
2025-06-25 09:43:54,018 [INFO] LogOutputStream:77 - [STDOUT_REDIRECT] 1 : Invalid condition id : UX_CORESTACK_Condition cause : null
2025-06-25 09:43:54,020 [INFO] LogOutputStream:77 - [STDOUT_REDIRECT] 1 : Invalid condition id : UX_CORESTACK_Condition cause : null
2025-06-25 09:43:54,023 [INFO] LogOutputStream:77 - [STDOUT_REDIRECT] 1 : Invalid condition id : UX_CORESTACK_Condition cause : null
2025-06-25 09:43:54,024 [INFO] LogOutputStream:77 - [STDOUT_REDIRECT] 1 : Invalid condition id : UX_CORESTACK_Condition cause : null
2025-06-25 09:43:54,027 [WARN] PackLoader:240 - Cannot read IP mode file for STMicroelectronics.X-CUBE-AZRTOS-WL.2.0.0
2025-06-25 09:43:54,054 [WARN] PackLoader:240 - Cannot read IP mode file for STMicroelectronics.FP-SNS-MOTENV1.5.0.0
2025-06-25 09:43:54,089 [WARN] PackLoader:240 - Cannot read IP mode file for wolfSSL.I-CUBE-wolfMQTT.1.19.0
2025-06-25 09:43:54,121 [WARN] PackLoader:240 - Cannot read IP mode file for WES.I-CUBE-Cesium.1.3.0
2025-06-25 09:43:54,152 [WARN] PackLoader:240 - Cannot read IP mode file for STMicroelectronics.X-CUBE-BLE2.3.3.0
2025-06-25 09:43:54,180 [WARN] PackLoader:240 - Cannot read IP mode file for STMicroelectronics.X-CUBE-NFC9.1.0.0
2025-06-25 09:43:54,218 [WARN] PackLoader:240 - Cannot read IP mode file for STMicroelectronics.X-CUBE-BLE1.7.1.0
2025-06-25 09:43:54,248 [WARN] PackLoader:240 - Cannot read IP mode file for STMicroelectronics.X-CUBE-TCPP.4.1.0
2025-06-25 09:43:54,310 [WARN] PackLoader:240 - Cannot read IP mode file for STMicroelectronics.X-CUBE-AI.10.1.0
2025-06-25 09:43:54,354 [WARN] PackLoader:240 - Cannot read IP mode file for STMicroelectronics.X-CUBE-AZRTOS-G0.1.1.0
2025-06-25 09:43:54,379 [WARN] PackLoader:240 - Cannot read IP mode file for STMicroelectronics.X-CUBE-SAFEA1.1.2.2
2025-06-25 09:43:54,403 [WARN] PackLoader:240 - Cannot read IP mode file for STMicroelectronics.X-CUBE-NFC4.3.0.0
2025-06-25 09:43:54,434 [WARN] PackLoader:240 - Cannot read IP mode file for EmbeddedOffice.I-CUBE-FS-RTOS.1.0.1
2025-06-25 09:43:54,434 [ERROR] ConditionMgr:805 - Attr not supported : Dmpu
2025-06-25 09:43:54,434 [ERROR] ConditionMgr:805 - Attr not supported : Dmpu
2025-06-25 09:43:54,435 [ERROR] ConditionMgr:805 - Attr not supported : Dmpu
2025-06-25 09:43:54,435 [ERROR] ConditionMgr:805 - Attr not supported : Dmpu
2025-06-25 09:43:54,435 [ERROR] ConditionMgr:805 - Attr not supported : Dmpu
2025-06-25 09:43:54,435 [ERROR] ConditionMgr:805 - Attr not supported : Dmpu
2025-06-25 09:43:54,436 [ERROR] ConditionMgr:805 - Attr not supported : Dmpu
2025-06-25 09:43:54,436 [ERROR] ConditionMgr:805 - Attr not supported : Dmpu
2025-06-25 09:43:54,436 [ERROR] ConditionMgr:805 - Attr not supported : Dmpu
2025-06-25 09:43:54,436 [ERROR] ConditionMgr:805 - Attr not supported : Dmpu
2025-06-25 09:43:54,436 [ERROR] ConditionMgr:805 - Attr not supported : Dmpu
2025-06-25 09:43:54,436 [ERROR] ConditionMgr:805 - Attr not supported : Dmpu
2025-06-25 09:43:54,437 [ERROR] ConditionMgr:805 - Attr not supported : Dmpu
2025-06-25 09:43:54,437 [ERROR] ConditionMgr:805 - Attr not supported : Dmpu
2025-06-25 09:43:54,437 [ERROR] ConditionMgr:805 - Attr not supported : Dmpu
2025-06-25 09:43:54,437 [ERROR] ConditionMgr:805 - Attr not supported : Dmpu
2025-06-25 09:43:54,437 [ERROR] ConditionMgr:805 - Attr not supported : Dmpu
2025-06-25 09:43:54,437 [ERROR] ConditionMgr:805 - Attr not supported : Dmpu
2025-06-25 09:43:54,437 [ERROR] ConditionMgr:805 - Attr not supported : Dmpu
2025-06-25 09:43:54,437 [ERROR] ConditionMgr:805 - Attr not supported : Dmpu
2025-06-25 09:43:54,437 [ERROR] ConditionMgr:805 - Attr not supported : Dmpu
2025-06-25 09:43:54,437 [ERROR] ConditionMgr:805 - Attr not supported : Dmpu
2025-06-25 09:43:54,437 [ERROR] ConditionMgr:805 - Attr not supported : Dmpu
2025-06-25 09:43:54,437 [ERROR] ConditionMgr:805 - Attr not supported : Dmpu
2025-06-25 09:43:54,437 [ERROR] ConditionMgr:805 - Attr not supported : Dmpu
2025-06-25 09:43:54,437 [ERROR] ConditionMgr:805 - Attr not supported : Dmpu
2025-06-25 09:43:54,437 [ERROR] ConditionMgr:805 - Attr not supported : Dmpu
2025-06-25 09:43:54,438 [ERROR] ConditionMgr:805 - Attr not supported : Dmpu
2025-06-25 09:43:54,438 [ERROR] ConditionMgr:805 - Attr not supported : Dmpu
2025-06-25 09:43:54,438 [ERROR] ConditionMgr:805 - Attr not supported : Dmpu
2025-06-25 09:43:54,438 [ERROR] ConditionMgr:805 - Attr not supported : Dmpu
2025-06-25 09:43:54,438 [ERROR] ConditionMgr:805 - Attr not supported : Dmpu
2025-06-25 09:43:54,438 [ERROR] ConditionMgr:805 - Attr not supported : Dmpu
2025-06-25 09:43:54,438 [ERROR] ConditionMgr:805 - Attr not supported : Dmpu
2025-06-25 09:43:54,438 [ERROR] ConditionMgr:805 - Attr not supported : Dmpu
2025-06-25 09:43:54,438 [ERROR] ConditionMgr:805 - Attr not supported : Dmpu
2025-06-25 09:43:54,438 [ERROR] ConditionMgr:805 - Attr not supported : Dmpu
2025-06-25 09:43:54,438 [ERROR] ConditionMgr:805 - Attr not supported : Dmpu
2025-06-25 09:43:54,438 [ERROR] ConditionMgr:805 - Attr not supported : Dmpu
2025-06-25 09:43:54,439 [ERROR] ConditionMgr:805 - Attr not supported : Dmpu
2025-06-25 09:43:54,439 [ERROR] ConditionMgr:805 - Attr not supported : Dmpu
2025-06-25 09:43:54,439 [ERROR] ConditionMgr:805 - Attr not supported : Dmpu
2025-06-25 09:43:54,439 [ERROR] ConditionMgr:805 - Attr not supported : Dmpu
2025-06-25 09:43:54,439 [ERROR] ConditionMgr:805 - Attr not supported : Dmpu
2025-06-25 09:43:54,439 [ERROR] ConditionMgr:805 - Attr not supported : Dmpu
2025-06-25 09:43:54,439 [ERROR] ConditionMgr:805 - Attr not supported : Dmpu
2025-06-25 09:43:54,439 [ERROR] ConditionMgr:805 - Attr not supported : Dmpu
2025-06-25 09:43:54,439 [ERROR] ConditionMgr:805 - Attr not supported : Dmpu
2025-06-25 09:43:54,439 [ERROR] ConditionMgr:805 - Attr not supported : Dmpu
2025-06-25 09:43:54,440 [ERROR] ConditionMgr:805 - Attr not supported : Dmpu
2025-06-25 09:43:54,440 [ERROR] ConditionMgr:805 - Attr not supported : Dmpu
2025-06-25 09:43:54,440 [ERROR] ConditionMgr:805 - Attr not supported : Dmpu
2025-06-25 09:43:54,440 [ERROR] ConditionMgr:805 - Attr not supported : Dmpu
2025-06-25 09:43:54,440 [ERROR] ConditionMgr:805 - Attr not supported : Dmpu
2025-06-25 09:43:54,440 [ERROR] ConditionMgr:805 - Attr not supported : Dmpu
2025-06-25 09:43:54,440 [ERROR] ConditionMgr:805 - Attr not supported : Dmpu
2025-06-25 09:43:54,440 [ERROR] ConditionMgr:805 - Attr not supported : Dmpu
2025-06-25 09:43:54,440 [ERROR] ConditionMgr:805 - Attr not supported : Dmpu
2025-06-25 09:43:54,440 [ERROR] ConditionMgr:805 - Attr not supported : Dmpu
2025-06-25 09:43:54,440 [ERROR] ConditionMgr:805 - Attr not supported : Dmpu
2025-06-25 09:43:54,441 [ERROR] ConditionMgr:805 - Attr not supported : Dmpu
2025-06-25 09:43:54,441 [ERROR] ConditionMgr:805 - Attr not supported : Dmpu
2025-06-25 09:43:54,441 [ERROR] ConditionMgr:805 - Attr not supported : Dmpu
2025-06-25 09:43:54,441 [ERROR] ConditionMgr:805 - Attr not supported : Dmpu
2025-06-25 09:43:54,462 [WARN] PackLoader:240 - Cannot read IP mode file for STMicroelectronics.X-CUBE-WB05N.2.0.0
2025-06-25 09:43:54,485 [ERROR] Engine:466 - C:\Users\nisha\.stm32cubemx\thirdparties\pdsc\STMicroelectronics.X-CUBE-TCPP.4.2.0.pdsc: PDSC version is not supported
2025-06-25 09:43:54,518 [WARN] PackLoader:240 - Cannot read IP mode file for RealThread.X-CUBE-RT-Thread_Nano.4.1.1
2025-06-25 09:43:54,540 [WARN] PackLoader:240 - Cannot read IP mode file for wolfSSL.I-CUBE-wolfSSL.5.7.0
2025-06-25 09:43:54,559 [WARN] PackLoader:240 - Cannot read IP mode file for STMicroelectronics.FP-ATR-SIGFOX1.3.2.0
2025-06-25 09:43:54,582 [WARN] ConditionMgr:438 - getConditionDescription Invalid condition id : Cortex-A Device cause : null
2025-06-25 09:43:54,621 [WARN] ConditionMgr:1039 - genDependencies : Invalid condition id : Cortex-A Device cause : null
2025-06-25 09:43:54,621 [WARN] ConditionMgr:1039 - genDependencies : Invalid condition id : Cortex-A Device cause : null
2025-06-25 09:43:54,622 [WARN] ConditionMgr:1039 - genDependencies : Invalid condition id : Cortex-A Device cause : null
2025-06-25 09:43:54,642 [WARN] PackLoader:240 - Cannot read IP mode file for STMicroelectronics.X-CUBE-EEPRMA1.5.1.0
2025-06-25 09:43:54,665 [WARN] PackLoader:240 - Cannot read IP mode file for ITTIA_DB.I-CUBE-ITTIADB.8.9.0
2025-06-25 09:43:54,685 [ERROR] Engine:466 - C:\Users\nisha\.stm32cubemx\thirdparties\pdsc\STMicroelectronics.X-CUBE-ST67W61.1.0.0.pdsc: PDSC version is not supported
2025-06-25 09:43:54,742 [WARN] PackLoader:240 - Cannot read IP mode file for SEGGER.I-CUBE-embOS.1.3.1
2025-06-25 09:43:54,826 [WARN] PackLoader:240 - Cannot read IP mode file for STMicroelectronics.X-CUBE-ALGOBUILD.1.4.0
2025-06-25 09:43:54,903 [WARN] PackLoader:240 - Cannot read IP mode file for STMicroelectronics.X-CUBE-MEMS1.11.3.0
2025-06-25 09:43:55,034 [WARN] PackLoader:240 - Cannot read IP mode file for STMicroelectronics.X-CUBE-AI.9.1.0
2025-06-25 09:43:55,057 [WARN] PackLoader:240 - Cannot read IP mode file for STMicroelectronics.X-CUBE-PM33A1.1.0.0
2025-06-25 09:43:55,085 [WARN] PackLoader:240 - Cannot read IP mode file for STMicroelectronics.X-CUBE-GNSS1.6.0.0
2025-06-25 09:43:55,126 [WARN] PackLoader:240 - Cannot read IP mode file for STMicroelectronics.X-CUBE-AZRTOS-F4.1.1.0
2025-06-25 09:43:55,148 [ERROR] Engine:466 - C:\Users\nisha\.stm32cubemx\thirdparties\pdsc\Avnet-IotConnect.X-CUBE-IoTC-DA16k-PMOD.1.0.0.pdsc: PDSC version is not supported
2025-06-25 09:43:55,168 [WARN] PackLoader:240 - Cannot read IP mode file for STMicroelectronics.X-CUBE-ISPU.2.1.0
2025-06-25 09:43:55,189 [WARN] PackLoader:240 - Cannot read IP mode file for STMicroelectronics.X-CUBE-FREERTOS.1.2.0
2025-06-25 09:43:55,226 [WARN] PackLoader:240 - Cannot read IP mode file for STMicroelectronics.X-CUBE-AZRTOS-L5.2.0.0
2025-06-25 09:43:55,251 [WARN] PackLoader:240 - Cannot read IP mode file for STMicroelectronics.X-CUBE-NFC6.3.1.0
2025-06-25 09:43:55,273 [WARN] PackLoader:240 - Cannot read IP mode file for STMicroelectronics.X-CUBE-DPower.1.2.0
2025-06-25 09:43:55,297 [WARN] PackLoader:240 - Cannot read IP mode file for STMicroelectronics.X-CUBE-AI.9.0.0
2025-06-25 09:43:55,330 [WARN] PackLoader:240 - Cannot read IP mode file for STMicroelectronics.X-CUBE-FREERTOS.1.3.1
2025-06-25 09:43:55,354 [WARN] PackLoader:240 - Cannot read IP mode file for STMicroelectronics.X-CUBE-NFC7.1.0.1
2025-06-25 09:43:55,374 [WARN] PackLoader:240 - Cannot read IP mode file for wolfSSL.I-CUBE-wolfTPM.3.2.0
2025-06-25 09:43:55,391 [WARN] PackLoader:240 - Cannot read IP mode file for STMicroelectronics.X-CUBE-DPower.1.3.0
2025-06-25 09:43:55,425 [WARN] ConditionMgr:438 - getConditionDescription Invalid condition id : LAN8742 Phy interface Condition cause : null
2025-06-25 09:43:55,426 [WARN] PackLoader:240 - Cannot read IP mode file for STMicroelectronics.X-CUBE-AZRTOS-L4.2.0.0
2025-06-25 09:43:55,427 [WARN] ConditionMgr:1039 - genDependencies : Invalid condition id : LAN8742 Phy interface Condition cause : null
2025-06-25 09:43:55,427 [WARN] ConditionMgr:1039 - genDependencies : Invalid condition id : LAN8742 Phy interface Condition cause : null
2025-06-25 09:43:55,428 [WARN] ConditionMgr:1039 - genDependencies : Invalid condition id : LAN8742 Phy interface Condition cause : null
2025-06-25 09:43:55,476 [WARN] PackLoader:240 - Cannot read IP mode file for STMicroelectronics.X-CUBE-SFXS2LP1.4.0.0
2025-06-25 09:43:55,521 [WARN] PackLoader:240 - Cannot read IP mode file for STMicroelectronics.X-CUBE-AZRTOS-H7.3.3.0
2025-06-25 09:43:55,549 [WARN] PackLoader:240 - Cannot read IP mode file for STMicroelectronics.X-CUBE-IPS.3.0.0
2025-06-25 09:43:55,602 [WARN] ConditionMgr:438 - getConditionDescription Invalid condition id : UX DEVICE CLASS RTOS Condition cause : null
2025-06-25 09:43:55,602 [WARN] ConditionMgr:438 - getConditionDescription Invalid condition id : UX DEVICE CLASS RTOS Condition cause : null
2025-06-25 09:43:55,607 [WARN] PackLoader:240 - Cannot read IP mode file for STMicroelectronics.X-CUBE-AZRTOS-WB.2.0.0
2025-06-25 09:43:55,607 [WARN] ConditionMgr:1039 - genDependencies : Invalid condition id : UX DEVICE CLASS RTOS Condition cause : null
2025-06-25 09:43:55,608 [WARN] ConditionMgr:1039 - genDependencies : Invalid condition id : UX DEVICE CLASS RTOS Condition cause : null
2025-06-25 09:43:55,609 [WARN] ConditionMgr:1039 - genDependencies : Invalid condition id : UX DEVICE CLASS RTOS Condition cause : null
2025-06-25 09:43:55,609 [WARN] ConditionMgr:1039 - genDependencies : Invalid condition id : UX DEVICE CLASS RTOS Condition cause : null
2025-06-25 09:43:55,609 [WARN] ConditionMgr:1039 - genDependencies : Invalid condition id : UX DEVICE CLASS RTOS Condition cause : null
2025-06-25 09:43:55,631 [WARN] PackLoader:240 - Cannot read IP mode file for STMicroelectronics.X-CUBE-GNSS1.7.0.0
2025-06-25 09:43:55,652 [WARN] PackLoader:240 - Cannot read IP mode file for STMicroelectronics.X-CUBE-GNSS1.7.0.1
2025-06-25 09:43:55,679 [WARN] PackLoader:240 - Cannot read IP mode file for STMicroelectronics.X-CUBE-TOUCHGFX.4.25.0
2025-06-25 09:43:55,706 [WARN] PackLoader:240 - Cannot read IP mode file for STMicroelectronics.FP-SNS-STBOX1.2.0.0
2025-06-25 09:43:55,730 [WARN] PackLoader:240 - Cannot read IP mode file for STMicroelectronics.X-CUBE-SUBG2.5.0.0
2025-06-25 09:43:55,795 [WARN] PackLoader:240 - Cannot read IP mode file for STMicroelectronics.X-CUBE-AZRTOS-H7RS.1.1.0
2025-06-25 09:43:55,818 [WARN] PackLoader:240 - Cannot read IP mode file for Cesanta.I-CUBE-Mongoose.7.13.0
2025-06-25 09:43:55,850 [WARN] PackLoader:240 - Cannot read IP mode file for STMicroelectronics.X-CUBE-AZRTOS-G4.2.0.0
2025-06-25 09:43:55,869 [WARN] PackLoader:240 - Cannot read IP mode file for STMicroelectronics.X-CUBE-NFC7.2.0.0
2025-06-25 09:43:55,891 [WARN] PackLoader:240 - Cannot read IP mode file for STMicroelectronics.X-CUBE-ISPU.2.0.0
2025-06-25 09:43:55,943 [ERROR] Engine:466 - C:\Users\nisha\.stm32cubemx\thirdparties\pdsc\STMicroelectronics.X-CUBE-IPS.3.1.0.pdsc: PDSC version is not supported
2025-06-25 09:43:55,964 [WARN] PackLoader:240 - Cannot read IP mode file for STMicroelectronics.X-CUBE-ALS.1.0.2
2025-06-25 09:43:56,011 [WARN] PackLoader:240 - Cannot read IP mode file for STMicroelectronics.X-CUBE-MEMS1.10.0.0
2025-06-25 09:43:56,176 [WARN] PackLoader:240 - Cannot read IP mode file for STMicroelectronics.X-CUBE-TOUCHGFX.4.24.0
2025-06-25 09:43:56,209 [WARN] PackLoader:240 - Cannot read IP mode file for STMicroelectronics.X-CUBE-TOUCHGFX.4.24.1
2025-06-25 09:43:56,239 [WARN] PackLoader:240 - Cannot read IP mode file for portGmbH.I-Cube-SoM-uGOAL.1.1.0
2025-06-25 09:43:56,288 [WARN] PackLoader:240 - Cannot read IP mode file for STMicroelectronics.X-CUBE-AZRTOS-H7RS.1.0.0
2025-06-25 09:43:56,308 [WARN] PackLoader:240 - Cannot read IP mode file for STMicroelectronics.FP-ATR-ASTRA1.2.0.0
2025-06-25 09:43:56,332 [WARN] PackLoader:240 - Cannot read IP mode file for STMicroelectronics.X-CUBE-TOF1.3.4.2
2025-06-25 09:43:56,361 [ERROR] Engine:466 - C:\Users\nisha\.stm32cubemx\thirdparties\pdsc\STMicroelectronics.X-CUBE-TOF1.3.4.3.pdsc: PDSC version is not supported
2025-06-25 09:43:56,399 [WARN] PackLoader:240 - Cannot read IP mode file for STMicroelectronics.X-CUBE-TOF1.3.4.1
2025-06-25 09:43:56,458 [WARN] PackLoader:240 - Cannot read IP mode file for STMicroelectronics.X-CUBE-AZRTOS-H7.3.2.0
2025-06-25 09:43:56,499 [WARN] PackLoader:240 - Cannot read IP mode file for Infineon.AIROC-Wi-Fi-Bluetooth-STM32.1.6.0
2025-06-25 09:43:56,522 [WARN] PackLoader:240 - Cannot read IP mode file for wolfSSL.I-CUBE-wolfSSH.1.4.17
2025-06-25 09:43:56,524 [INFO] ThirdParty:978 - Integrity check success = true
2025-06-25 09:43:56,524 [INFO] IntegrityCheckThread:100 - exiting critical section [integrity check]
2025-06-25 09:43:56,524 [INFO] IntegrityCheckThread:103 - End integrity checks thread
2025-06-25 09:46:36,330 [INFO] McuFinderGlobals:63 - Set McuFinder mode to 2 (CubeIDE integrated)
2025-06-25 09:46:36,366 [INFO] MainUpdater:2873 - connection check result : 22
2025-06-25 09:47:13,028 [INFO] ApiDb:581 - Connected to CubeFinder SQLite database (C:\Users\nisha\.stmcufinder\plugins\mcufinder\mcu\cube-finder-db.db)
2025-06-25 09:47:13,157 [INFO] ApiDb:668 - CubeFinder database Data Model version=2.1
2025-06-25 09:47:13,157 [INFO] ApiDb:669 - CubeFinder database Configuration version=3.0.39
2025-06-25 09:47:13,158 [INFO] ApiDb:670 - CubeFinder database generation date=2025-06-16 (1750072209)
2025-06-25 09:47:13,158 [INFO] ApiDb:671 - CubeFinder database FW Pack versions=[FP-ATR-ASTRA1_V2.0.0, FP-SNS-FLIGHT1_V5.1.0, FP-SNS-MOTENV1_V5.0.0, FP-SNS-MOTENVWB1_V1.4.0, FP-SNS-SMARTAG2_V1.2.0, FP-SNS-STBOX1_V2.0.0, STM32Cube_FW_C0_V1.4.0, STM32Cube_FW_F4_V1.28.2, STM32Cube_FW_F7_V1.17.3, STM32Cube_FW_G0_V1.6.2, STM32Cube_FW_G4_V1.6.1, STM32Cube_FW_H5_V1.5.0, STM32Cube_FW_H7RS_V1.2.0, STM32Cube_FW_H7_V1.12.1, STM32Cube_FW_L0_V1.12.2, STM32Cube_FW_L4_V1.18.1, STM32Cube_FW_L5_V1.5.1, STM32Cube_FW_N6_V1.1.1, STM32Cube_FW_U0_V1.2.0, STM32Cube_FW_U3_V1.1.0, STM32Cube_FW_U5_V1.7.0, STM32Cube_FW_WB0_V1.2.0, STM32Cube_FW_WBA_V1.6.0, STM32Cube_FW_WB_V1.22.0, STM32Cube_FW_WL3_V1.1.0, STM32Cube_FW_WL_V1.3.1, X-CUBE-ALGOBUILD_V1.4.0, X-CUBE-ALS_V1.0.2, X-CUBE-AZRTOS-F4_V1.1.0, X-CUBE-AZRTOS-F7_V1.1.0, X-CUBE-AZRTOS-G0_V1.1.0, X-CUBE-AZRTOS-G4_V2.0.0, X-CUBE-AZRTOS-H7RS_V1.1.0, X-CUBE-AZRTOS-H7_V3.3.0, X-CUBE-AZRTOS-L4_V2.0.0, X-CUBE-AZRTOS-L5_V2.0.0, X-CUBE-AZRTOS-WB_V2.0.0, X-CUBE-AZRTOS-WL_V2.0.0, X-CUBE-BLE1_V7.1.0, X-CUBE-BLE2_V3.3.0, X-CUBE-BLEMGR_V4.0.0, X-CUBE-EEPRMA1_V5.1.0, X-CUBE-FREERTOS_V1.3.1, X-CUBE-GNSS1_V6.0.0, X-CUBE-MEMS1_V11.3.0, X-CUBE-NFC4_V3.0.0, X-CUBE-NFC7_V2.0.0, X-CUBE-SFXS2LP1_V4.0.0, X-CUBE-SUBG2_V5.0.0, X-CUBE-TOF1_V3.4.3]
2025-06-25 09:47:13,285 [INFO] DbBoardsSqlite:226 - include board P-NUCLEO-WB55-NUCLEO as a kit item of type 'Nucleo-64'
2025-06-25 09:47:13,285 [INFO] DbBoardsSqlite:226 - include board P-NUCLEO-WB55-USBDONGLE as a kit item of type 'Nucleo USB Dongle'
2025-06-25 09:47:13,286 [INFO] DbBoardsSqlite:226 - include board STEVAL-IDP005V1 as a kit item of type 'Evaluation Board'
2025-06-25 09:47:13,287 [INFO] DbBoardsSqlite:226 - include board STEVAL-IDP005V2 as a kit item of type 'Evaluation Board'
2025-06-25 09:47:13,811 [INFO] ApiDb:240 - Found 646 in-development CPN: [B-G473E-ZEST1S, B-WB1M-WPAN1, B-WL5M-SUBG1, NUCLEO-C031C6, NUCLEO-C071RB, NUCLEO-H503RB, NUCLEO-H533RE, NUCLEO-H563ZI, NUCLEO-H7S3L8, NUCLEO-U031R8, NUCLEO-U083RC, NUCLEO-U545RE-Q, NUCLEO-U5A5ZJ-Q, NUCLEO-WB05KZ, NUCLEO-WB07CC, NUCLEO-WB09KE, NUCLEO-WBA52CG, NUCLEO-WBA55CG, STEVAL-PROTEUS1, STEVAL-SMARTAG2, STEVAL-STWINBX1, STM320518-EVAL, STM32C0116-DK, STM32C011D6Y3TR, STM32C011D6Y6TR, STM32C011F4P3, STM32C011F4P6, STM32C011F4U3, STM32C011F4U6TR, STM32C011F6P3, STM32C011F6P6, STM32C011F6U3, STM32C011F6U6TR, STM32C011J4M3, STM32C011J4M6, STM32C011J6M3, STM32C011J6M6, STM32C0316-DK, STM32C031C4T3, STM32C031C4T6, STM32C031C4U3, STM32C031C4U6, STM32C031C6T3, STM32C031C6T6, STM32C031C6U3, STM32C031C6U6, STM32C031F4P3, STM32C031F4P6, STM32C031F6P3, STM32C031F6P6, STM32C031G4U3, STM32C031G4U6, STM32C031G6U3, STM32C031G6U6, STM32C031K4T3, STM32C031K4T6, STM32C031K4U3, STM32C031K4U6, STM32C031K6T3, STM32C031K6T6, STM32C031K6U3, STM32C031K6U6, STM32C071C8T6, STM32C071C8T6N, STM32C071C8U6, STM32C071C8U6N, STM32C071CBT6, STM32C071CBT6N, STM32C071CBU6, STM32C071CBU6N, STM32C071F8P6, STM32C071F8P6N, STM32C071FBP6, STM32C071FBP6N, STM32C071FBY6TR, STM32C071G8U6, STM32C071G8U6N, STM32C071GBU6, STM32C071GBU6N, STM32C071K8T6, STM32C071K8T6N, STM32C071K8U6, STM32C071K8U6N, STM32C071KBT6, STM32C071KBT6N, STM32C071KBU6, STM32C071KBU6N, STM32C071R8T6, STM32C071R8T6N, STM32C071RBI6N, STM32C071RBT6, STM32C071RBT6N, STM32G071K8TXN, STM32G071K8UXN, STM32G081GBU6N, STM32G081KBT6N, STM32G081KBUXN, STM32G0B1CCT6N, STM32G0B1KCT6, STM32G0B1NEY6TR, STM32G0B1RCT6N, STM32G0C1CCT6, STM32G0C1CCT6N, STM32G0C1CCU6N, STM32G0C1CET6N, STM32G0C1CEU6N, STM32G0C1KCT6, STM32G0C1NEY6TR, STM32G0C1RCI6N, STM32G0C1RCT6N, STM32G0C1REI6N, STM32G0C1RET6N, STM32G0C1VCI6, STM32G0C1VEI6, STM32G411C6T3, STM32G411C6T6, STM32G411C6U3, STM32G411C6U6, STM32G411C8T3, STM32G411C8T6, STM32G411C8U3, STM32G411C8U6, STM32G411CBT3, STM32G411CBT6, STM32G411CBU3, STM32G411CBU6, STM32G411K6T3, STM32G411K6T6, STM32G411K6U3, STM32G411K6U6, STM32G411K8T3, STM32G411K8T6, STM32G411K8U3, STM32G411K8U6, STM32G411KBT3, STM32G411KBT6, STM32G411KBU3, STM32G411KBU6, STM32G411M6T3, STM32G411M6T6, STM32G411M8T3, STM32G411M8T6, STM32G411MBT3, STM32G411MBT6, STM32G411R6T3, STM32G411R6T6, STM32G411R8T3, STM32G411R8T6, STM32G411RBT3, STM32G411RBT6, STM32G414CBT3, STM32G414CBT6, STM32G414CBU3, STM32G414CBU6, STM32G414CCT3, STM32G414CCT6, STM32G414CCU3, STM32G414CCU6, STM32G414MBT3, STM32G414MBT6, STM32G414MCT3, STM32G414MCT6, STM32G414RBT3, STM32G414RBT6, STM32G414RCT3, STM32G414RCT6, STM32G414VBT3, STM32G414VBT6, STM32G414VCT3, STM32G414VCT6, STM32G431CBT3Z, STM32G431RBT3Z, STM32G471CCT6, STM32G471CCU6, STM32G471CET3, STM32G471CET6, STM32G471CEU3, STM32G471CEU6, STM32G471MCT6, STM32G471MET3, STM32G471MET6, STM32G471MEY6TR, STM32G471QCT6, STM32G471QET3, STM32G471RCT6, STM32G471RET3, STM32G471RET6, STM32G471VCH6, STM32G471VCI6, STM32G471VCT6, STM32G471VEH3, STM32G471VEH6, STM32G471VEI3, STM32G471VEI6, STM32G471VET3, STM32G471VET6, STM32G473QET3Z, STM32G473RET3Z, STM32G474CCT6, STM32G491RET3Z, STM32H503CBT6, STM32H503CBU6, STM32H503EBY6TR, STM32H503KBU6, STM32H503RBT6, STM32H523CCT6, STM32H523CCU6, STM32H523CET6, STM32H523CEU6, STM32H523HEY6TR, STM32H523RCT6, STM32H523RET6, STM32H523VCI6, STM32H523VCT6, STM32H523VEI6, STM32H523VET6, STM32H523ZCJ6, STM32H523ZCT6, STM32H523ZEJ6, STM32H523ZET6, STM32H533CET6, STM32H533CEU6, STM32H533HEY6TR, STM32H533RET6, STM32H533VEI6, STM32H533VET6, STM32H533ZEJ6, STM32H533ZET6, STM32H562AGI6, STM32H562AII6, STM32H562IGK6, STM32H562IGT6, STM32H562IIK6, STM32H562IIT6, STM32H562RGT6, STM32H562RGV6, STM32H562RIT6, STM32H562RIV6, STM32H562VGT6, STM32H562VIT6, STM32H562ZGT6, STM32H562ZIT6, STM32H563AGI6, STM32H563AII3Q, STM32H563AII6, STM32H563IGK6, STM32H563IGT6, STM32H563IIK3Q, STM32H563IIK6, STM32H563IIT3Q, STM32H563IIT6, STM32H563MIY3QTR, STM32H563RGT6, STM32H563RGV6, STM32H563RIT6, STM32H563RIV6, STM32H563VGT6, STM32H563VIT3Q, STM32H563VIT6, STM32H563ZGT6, STM32H563ZIT3Q, STM32H563ZIT6, STM32H573AII3Q, STM32H573AII6, STM32H573I-DK, STM32H573IIK3Q, STM32H573IIK6, STM32H573IIT3Q, STM32H573IIT6, STM32H573MIY3QTR, STM32H573RIT6, STM32H573RIV6, STM32H573VIT3Q, STM32H573VIT6, STM32H573ZIT3Q, STM32H573ZIT6, STM32H7R3A8I6, STM32H7R3I8K6, STM32H7R3I8T6, STM32H7R3L8H6, STM32H7R3L8H6H, STM32H7R3R8V6, STM32H7R3V8H6, STM32H7R3V8T6, STM32H7R3V8Y6TR, STM32H7R3Z8J6, STM32H7R3Z8T6, STM32H7R7A8I6, STM32H7R7I8K6, STM32H7R7I8T6, STM32H7R7L8H6, STM32H7R7L8H6H, STM32H7R7Z8J6, STM32H7S3A8I6, STM32H7S3I8K6, STM32H7S3I8T6, STM32H7S3L8H6, STM32H7S3L8H6H, STM32H7S3R8V6, STM32H7S3V8H6, STM32H7S3V8T6, STM32H7S3V8Y6TR, STM32H7S3Z8J6, STM32H7S3Z8T6, STM32H7S78-DK, STM32H7S7A8I6, STM32H7S7I8K6, STM32H7S7I8T6, STM32H7S7L8H6, STM32H7S7L8H6H, STM32H7S7Z8J6, STM32L4R5QGI6STR, STM32MP131AAE3, STM32MP131AAF3, STM32MP131AAG3, STM32MP131CAE3, STM32MP131CAF3, STM32MP131CAG3, STM32MP131DAE7, STM32MP131DAF7, STM32MP131DAG7, STM32MP131FAE7, STM32MP131FAF7, STM32MP131FAG7, STM32MP133AAE3, STM32MP133AAF3, STM32MP133AAG3, STM32MP133CAE3, STM32MP133CAF3, STM32MP133CAG3, STM32MP133DAE7, STM32MP133DAF7, STM32MP133DAG7, STM32MP133FAE7, STM32MP133FAF7, STM32MP133FAG7, STM32MP135AAE3, STM32MP135AAF3, STM32MP135AAG3, STM32MP135CAE3, STM32MP135CAF3, STM32MP135CAG3, STM32MP135DAE7, STM32MP135DAF7, STM32MP135DAG7, STM32MP135F-DK, STM32MP135FAE7, STM32MP135FAF7, STM32MP135FAF7T, STM32MP135FAF7U, STM32MP135FAG7, STM32MP251AAI3, STM32MP251AAK3, STM32MP251AAL3, STM32MP251CAI3, STM32MP251CAK3, STM32MP251CAL3, STM32MP251DAI3, STM32MP251DAK3, STM32MP251DAL3, STM32MP251FAI3, STM32MP251FAK3, STM32MP251FAL3, STM32MP253AAI3, STM32MP253AAK3, STM32MP253AAL3, STM32MP253CAI3, STM32MP253CAK3, STM32MP253CAL3, STM32MP253DAI3, STM32MP253DAK3, STM32MP253DAL3, STM32MP253FAI3, STM32MP253FAK3, STM32MP253FAL3, STM32MP255AAI3, STM32MP255AAK3, STM32MP255AAL3, STM32MP255CAI3, STM32MP255CAK3, STM32MP255CAL3, STM32MP255DAI3, STM32MP255DAK3, STM32MP255DAL3, STM32MP255FAI3, STM32MP255FAK3, STM32MP255FAL3, STM32MP257AAI3, STM32MP257AAK3, STM32MP257AAL3, STM32MP257CAI3, STM32MP257CAK3, STM32MP257CAL3, STM32MP257DAI3, STM32MP257DAK3, STM32MP257DAL3, STM32MP257F-DK, STM32MP257F-EV1, STM32MP257FAI3, STM32MP257FAK3, STM32MP257FAL3, STM32U031C6T6, STM32U031C6U6, STM32U031C8T6, STM32U031C8U6, STM32U031F4P6, STM32U031F6P6, STM32U031F8P6, STM32U031G6Y6TR, STM32U031G8Y6TR, STM32U031K4U6, STM32U031K6U6, STM32U031K8U6, STM32U031R6I6, STM32U031R6T6, STM32U031R8I6, STM32U031R8T6, STM32U073C8T6, STM32U073C8U6, STM32U073CBT6, STM32U073CBU6, STM32U073CCT6, STM32U073CCU6, STM32U073H8Y6TR, STM32U073HBY6TR, STM32U073HCY6TR, STM32U073K8U6, STM32U073KBU6, STM32U073KCU6, STM32U073M8I6, STM32U073M8T6, STM32U073MBI6, STM32U073MBT6, STM32U073MCI6, STM32U073MCT6, STM32U073R8I6, STM32U073R8T6, STM32U073RBI6, STM32U073RBT6, STM32U073RCI6, STM32U073RCT6, STM32U083C-DK, STM32U083CCT6, STM32U083CCU6, STM32U083HCY6TR, STM32U083KCU6, STM32U083MCI6, STM32U083MCT6, STM32U083RCI6, STM32U083RCT6, STM32U535CBT6, STM32U535CBT6Q, STM32U535CBU6, STM32U535CBU6Q, STM32U535CCT6, STM32U535CCT6Q, STM32U535CCU6, STM32U535CCU6Q, STM32U535CET6, STM32U535CET6Q, STM32U535CEU6, STM32U535CEU6Q, STM32U535JEY6QTR, STM32U535NCY6QTR, STM32U535NEY6QTR, STM32U535RBI6, STM32U535RBI6Q, STM32U535RBT6, STM32U535RBT6Q, STM32U535RCI6, STM32U535RCI6Q, STM32U535RCT6, STM32U535RCT6Q, STM32U535REI6, STM32U535REI6Q, STM32U535RET6, STM32U535RET6Q, STM32U535VCI6, STM32U535VCI6Q, STM32U535VCT6, STM32U535VCT6Q, STM32U535VEI6, STM32U535VEI6Q, STM32U535VET6, STM32U535VET6Q, STM32U545CET6, STM32U545CET6Q, STM32U545CEU6, STM32U545CEU6Q, STM32U545JEY6QTR, STM32U545NEY6QTR, STM32U545REI6, STM32U545REI6Q, STM32U545RET6, STM32U545RET6Q, STM32U545VEI6, STM32U545VEI6Q, STM32U545VET6, STM32U545VET6Q, STM32U595AIH6, STM32U595AIH6Q, STM32U595AJH6, STM32U595AJH6Q, STM32U595QII6, STM32U595QII6Q, STM32U595QJI6, STM32U595QJI6Q, STM32U595RIT6, STM32U595RIT6Q, STM32U595RJT6, STM32U595RJT6Q, STM32U595VIT6, STM32U595VIT6Q, STM32U595VJT6, STM32U595VJT6Q, STM32U595ZIT6, STM32U595ZIT6Q, STM32U595ZIY6QTR, STM32U595ZJT6, STM32U595ZJT6Q, STM32U595ZJY6QTR, STM32U599BJY6QTR, STM32U599NIH6Q, STM32U599NJH6Q, STM32U599VIT6Q, STM32U599VJT6, STM32U599VJT6Q, STM32U599ZIT6Q, STM32U599ZIY6QTR, STM32U599ZJT6Q, STM32U599ZJY6QTR, STM32U5A5AJH6, STM32U5A5AJH6Q, STM32U5A5QII3Q , STM32U5A5QJI6, STM32U5A5QJI6Q, STM32U5A5RJT6, STM32U5A5RJT6Q, STM32U5A5VJT6, STM32U5A5VJT6Q, STM32U5A5ZJT6, STM32U5A5ZJT6Q, STM32U5A5ZJY6QTR, STM32U5A9BJY6QTR, STM32U5A9J-DK, STM32U5A9NJH6Q, STM32U5A9VJT6Q, STM32U5A9ZJT6Q, STM32U5A9ZJY6QTR, STM32U5F7VIT6, STM32U5F7VIT6Q, STM32U5F7VJT6, STM32U5F7VJT6Q, STM32U5F9BJY6QTR, STM32U5F9NJH6Q, STM32U5F9VIT6Q, STM32U5F9VJT6Q, STM32U5F9ZIJ6QTR, STM32U5F9ZIT6Q, STM32U5F9ZJJ6QTR, STM32U5F9ZJT6Q, STM32U5G7VJT6, STM32U5G7VJT6Q, STM32U5G9BJY6QTR, STM32U5G9J-DK1, STM32U5G9J-DK2, STM32U5G9NJH6Q, STM32U5G9VJT6Q, STM32U5G9ZJJ6QTR, STM32U5G9ZJT6Q, STM32WB05KZV6TR, STM32WB05KZV7TR, STM32WB05TZF6TR, STM32WB05TZF7TR, STM32WB06CCF6TR, STM32WB06CCF7TR, STM32WB06CCV6TR, STM32WB06CCV7TR, STM32WB06KCV6TR, STM32WB06KCV7TR, STM32WB07CCF6TR, STM32WB07CCF7TR, STM32WB07CCV6TR, STM32WB07CCV7TR, STM32WB07KCV6TR, STM32WB07KCV7TR, STM32WB09KEV6TR, STM32WB09KEV7TR, STM32WB09TEF6TR, STM32WB09TEF7TR, STM32WB1MMCH6, STM32WBA50KGU6, STM32WBA50KGU6TR, STM32WBA52CEU6, STM32WBA52CEU6TR, STM32WBA52CEU7, STM32WBA52CEU7TR, STM32WBA52CGU6, STM32WBA52CGU6TR, STM32WBA52CGU6U, STM32WBA52CGU7, STM32WBA52CGU7TR, STM32WBA52KEU6, STM32WBA52KEU6TR, STM32WBA52KGU6, STM32WBA52KGU6TR, STM32WBA54CEU6, STM32WBA54CEU6TR, STM32WBA54CEU7, STM32WBA54CEU7TR, STM32WBA54CGU6, STM32WBA54CGU6TR, STM32WBA54CGU7, STM32WBA54CGU7TR, STM32WBA54KEU6, STM32WBA54KEU6TR, STM32WBA54KEU7, STM32WBA54KEU7TR, STM32WBA54KGU6, STM32WBA54KGU6TR, STM32WBA54KGU7, STM32WBA54KGU7TR, STM32WBA55CEU6, STM32WBA55CEU6TR, STM32WBA55CEU7, STM32WBA55CEU7TR, STM32WBA55CGU6, STM32WBA55CGU6TR, STM32WBA55CGU6U, STM32WBA55CGU7, STM32WBA55CGU7TR, STM32WBA55G-DK1, STM32WBA55HEF6, STM32WBA55HEF7, STM32WBA55HGF6, STM32WBA55HGF7, STM32WBA55UEI6, STM32WBA55UEI6TR, STM32WBA55UEI7, STM32WBA55UEI7TR, STM32WBA55UGI6, STM32WBA55UGI6TR, STM32WBA55UGI7, STM32WBA55UGI7TR, STM32WL5MOCH6, STM32WL5MOCH6TR]
2025-06-25 09:47:13,869 [INFO] BoardInfo:889 - No configuration file found for board B-WBA5M-WPAN
2025-06-25 09:47:13,869 [INFO] DbBoards:161 - Board is not supported: B-WBA5M-WPAN
2025-06-25 09:47:13,875 [INFO] BoardInfo:889 - No configuration file found for board NUCLEO-C051C8
2025-06-25 09:47:13,875 [INFO] DbBoards:161 - Board is not supported: NUCLEO-C051C8
2025-06-25 09:47:13,877 [INFO] BoardInfo:889 - No configuration file found for board NUCLEO-C092RC
2025-06-25 09:47:13,877 [INFO] DbBoards:161 - Board is not supported: NUCLEO-C092RC
2025-06-25 09:47:13,976 [INFO] BoardInfo:889 - No configuration file found for board NUCLEO-N657X0-Q
2025-06-25 09:47:13,976 [INFO] DbBoards:161 - Board is not supported: NUCLEO-N657X0-Q
2025-06-25 09:47:13,980 [INFO] BoardInfo:889 - No configuration file found for board NUCLEO-U385RG-Q
2025-06-25 09:47:13,980 [INFO] DbBoards:161 - Board is not supported: NUCLEO-U385RG-Q
2025-06-25 09:47:13,984 [INFO] BoardInfo:889 - No configuration file found for board NUCLEO-WBA65RI
2025-06-25 09:47:13,984 [INFO] DbBoards:161 - Board is not supported: NUCLEO-WBA65RI
2025-06-25 09:47:13,984 [INFO] BoardInfo:889 - No configuration file found for board NUCLEO-WL33CC1
2025-06-25 09:47:13,984 [INFO] DbBoards:161 - Board is not supported: NUCLEO-WL33CC1
2025-06-25 09:47:13,984 [INFO] BoardInfo:889 - No configuration file found for board NUCLEO-WL33CC2
2025-06-25 09:47:13,984 [INFO] DbBoards:161 - Board is not supported: NUCLEO-WL33CC2
2025-06-25 09:47:14,000 [INFO] BoardInfo:889 - No configuration file found for board P-NUCLEO-WB55
2025-06-25 09:47:14,000 [INFO] DbBoards:161 - Kit is not supported: P-NUCLEO-WB55
2025-06-25 09:47:14,000 [INFO] BoardInfo:889 - No configuration file found for board STEVAL-BFA001V1B
2025-06-25 09:47:14,000 [INFO] DbBoards:161 - Kit is not supported: STEVAL-BFA001V1B
2025-06-25 09:47:14,000 [INFO] BoardInfo:889 - No configuration file found for board STEVAL-BFA001V2B
2025-06-25 09:47:14,000 [INFO] DbBoards:161 - Kit is not supported: STEVAL-BFA001V2B
2025-06-25 09:47:14,147 [INFO] BoardInfo:889 - No configuration file found for board STM32N6570-DK
2025-06-25 09:47:14,147 [INFO] DbBoards:161 - Board is not supported: STM32N6570-DK
2025-06-25 09:47:14,155 [INFO] BoardInfo:889 - No configuration file found for board STM32WBA65I-DK1
2025-06-25 09:47:14,157 [INFO] DbBoards:161 - Board is not supported: STM32WBA65I-DK1
2025-06-25 09:47:14,157 [INFO] DbBoards:168 - Found 211 boards, 198 are supported
2025-06-25 09:47:14,157 [INFO] DbBoards:169 - Found 211 boards, 25 of them is supported for  Bsp
2025-06-25 09:47:14,158 [INFO] ApiDb:668 - CubeFinder database Data Model version=2.1
2025-06-25 09:47:14,158 [INFO] ApiDb:669 - CubeFinder database Configuration version=3.0.39
2025-06-25 09:47:14,158 [INFO] ApiDb:670 - CubeFinder database generation date=2025-06-16 (1750072209)
2025-06-25 09:47:14,158 [INFO] ApiDb:671 - CubeFinder database FW Pack versions=[FP-ATR-ASTRA1_V2.0.0, FP-SNS-FLIGHT1_V5.1.0, FP-SNS-MOTENV1_V5.0.0, FP-SNS-MOTENVWB1_V1.4.0, FP-SNS-SMARTAG2_V1.2.0, FP-SNS-STBOX1_V2.0.0, STM32Cube_FW_C0_V1.4.0, STM32Cube_FW_F4_V1.28.2, STM32Cube_FW_F7_V1.17.3, STM32Cube_FW_G0_V1.6.2, STM32Cube_FW_G4_V1.6.1, STM32Cube_FW_H5_V1.5.0, STM32Cube_FW_H7RS_V1.2.0, STM32Cube_FW_H7_V1.12.1, STM32Cube_FW_L0_V1.12.2, STM32Cube_FW_L4_V1.18.1, STM32Cube_FW_L5_V1.5.1, STM32Cube_FW_N6_V1.1.1, STM32Cube_FW_U0_V1.2.0, STM32Cube_FW_U3_V1.1.0, STM32Cube_FW_U5_V1.7.0, STM32Cube_FW_WB0_V1.2.0, STM32Cube_FW_WBA_V1.6.0, STM32Cube_FW_WB_V1.22.0, STM32Cube_FW_WL3_V1.1.0, STM32Cube_FW_WL_V1.3.1, X-CUBE-ALGOBUILD_V1.4.0, X-CUBE-ALS_V1.0.2, X-CUBE-AZRTOS-F4_V1.1.0, X-CUBE-AZRTOS-F7_V1.1.0, X-CUBE-AZRTOS-G0_V1.1.0, X-CUBE-AZRTOS-G4_V2.0.0, X-CUBE-AZRTOS-H7RS_V1.1.0, X-CUBE-AZRTOS-H7_V3.3.0, X-CUBE-AZRTOS-L4_V2.0.0, X-CUBE-AZRTOS-L5_V2.0.0, X-CUBE-AZRTOS-WB_V2.0.0, X-CUBE-AZRTOS-WL_V2.0.0, X-CUBE-BLE1_V7.1.0, X-CUBE-BLE2_V3.3.0, X-CUBE-BLEMGR_V4.0.0, X-CUBE-EEPRMA1_V5.1.0, X-CUBE-FREERTOS_V1.3.1, X-CUBE-GNSS1_V6.0.0, X-CUBE-MEMS1_V11.3.0, X-CUBE-NFC4_V3.0.0, X-CUBE-NFC7_V2.0.0, X-CUBE-SFXS2LP1_V4.0.0, X-CUBE-SUBG2_V5.0.0, X-CUBE-TOF1_V3.4.3]
2025-06-25 09:47:15,858 [INFO] ApiDb:240 - Found 646 in-development CPN: [B-G473E-ZEST1S, B-WB1M-WPAN1, B-WL5M-SUBG1, NUCLEO-C031C6, NUCLEO-C071RB, NUCLEO-H503RB, NUCLEO-H533RE, NUCLEO-H563ZI, NUCLEO-H7S3L8, NUCLEO-U031R8, NUCLEO-U083RC, NUCLEO-U545RE-Q, NUCLEO-U5A5ZJ-Q, NUCLEO-WB05KZ, NUCLEO-WB07CC, NUCLEO-WB09KE, NUCLEO-WBA52CG, NUCLEO-WBA55CG, STEVAL-PROTEUS1, STEVAL-SMARTAG2, STEVAL-STWINBX1, STM320518-EVAL, STM32C0116-DK, STM32C011D6Y3TR, STM32C011D6Y6TR, STM32C011F4P3, STM32C011F4P6, STM32C011F4U3, STM32C011F4U6TR, STM32C011F6P3, STM32C011F6P6, STM32C011F6U3, STM32C011F6U6TR, STM32C011J4M3, STM32C011J4M6, STM32C011J6M3, STM32C011J6M6, STM32C0316-DK, STM32C031C4T3, STM32C031C4T6, STM32C031C4U3, STM32C031C4U6, STM32C031C6T3, STM32C031C6T6, STM32C031C6U3, STM32C031C6U6, STM32C031F4P3, STM32C031F4P6, STM32C031F6P3, STM32C031F6P6, STM32C031G4U3, STM32C031G4U6, STM32C031G6U3, STM32C031G6U6, STM32C031K4T3, STM32C031K4T6, STM32C031K4U3, STM32C031K4U6, STM32C031K6T3, STM32C031K6T6, STM32C031K6U3, STM32C031K6U6, STM32C071C8T6, STM32C071C8T6N, STM32C071C8U6, STM32C071C8U6N, STM32C071CBT6, STM32C071CBT6N, STM32C071CBU6, STM32C071CBU6N, STM32C071F8P6, STM32C071F8P6N, STM32C071FBP6, STM32C071FBP6N, STM32C071FBY6TR, STM32C071G8U6, STM32C071G8U6N, STM32C071GBU6, STM32C071GBU6N, STM32C071K8T6, STM32C071K8T6N, STM32C071K8U6, STM32C071K8U6N, STM32C071KBT6, STM32C071KBT6N, STM32C071KBU6, STM32C071KBU6N, STM32C071R8T6, STM32C071R8T6N, STM32C071RBI6N, STM32C071RBT6, STM32C071RBT6N, STM32G071K8TXN, STM32G071K8UXN, STM32G081GBU6N, STM32G081KBT6N, STM32G081KBUXN, STM32G0B1CCT6N, STM32G0B1KCT6, STM32G0B1NEY6TR, STM32G0B1RCT6N, STM32G0C1CCT6, STM32G0C1CCT6N, STM32G0C1CCU6N, STM32G0C1CET6N, STM32G0C1CEU6N, STM32G0C1KCT6, STM32G0C1NEY6TR, STM32G0C1RCI6N, STM32G0C1RCT6N, STM32G0C1REI6N, STM32G0C1RET6N, STM32G0C1VCI6, STM32G0C1VEI6, STM32G411C6T3, STM32G411C6T6, STM32G411C6U3, STM32G411C6U6, STM32G411C8T3, STM32G411C8T6, STM32G411C8U3, STM32G411C8U6, STM32G411CBT3, STM32G411CBT6, STM32G411CBU3, STM32G411CBU6, STM32G411K6T3, STM32G411K6T6, STM32G411K6U3, STM32G411K6U6, STM32G411K8T3, STM32G411K8T6, STM32G411K8U3, STM32G411K8U6, STM32G411KBT3, STM32G411KBT6, STM32G411KBU3, STM32G411KBU6, STM32G411M6T3, STM32G411M6T6, STM32G411M8T3, STM32G411M8T6, STM32G411MBT3, STM32G411MBT6, STM32G411R6T3, STM32G411R6T6, STM32G411R8T3, STM32G411R8T6, STM32G411RBT3, STM32G411RBT6, STM32G414CBT3, STM32G414CBT6, STM32G414CBU3, STM32G414CBU6, STM32G414CCT3, STM32G414CCT6, STM32G414CCU3, STM32G414CCU6, STM32G414MBT3, STM32G414MBT6, STM32G414MCT3, STM32G414MCT6, STM32G414RBT3, STM32G414RBT6, STM32G414RCT3, STM32G414RCT6, STM32G414VBT3, STM32G414VBT6, STM32G414VCT3, STM32G414VCT6, STM32G431CBT3Z, STM32G431RBT3Z, STM32G471CCT6, STM32G471CCU6, STM32G471CET3, STM32G471CET6, STM32G471CEU3, STM32G471CEU6, STM32G471MCT6, STM32G471MET3, STM32G471MET6, STM32G471MEY6TR, STM32G471QCT6, STM32G471QET3, STM32G471RCT6, STM32G471RET3, STM32G471RET6, STM32G471VCH6, STM32G471VCI6, STM32G471VCT6, STM32G471VEH3, STM32G471VEH6, STM32G471VEI3, STM32G471VEI6, STM32G471VET3, STM32G471VET6, STM32G473QET3Z, STM32G473RET3Z, STM32G474CCT6, STM32G491RET3Z, STM32H503CBT6, STM32H503CBU6, STM32H503EBY6TR, STM32H503KBU6, STM32H503RBT6, STM32H523CCT6, STM32H523CCU6, STM32H523CET6, STM32H523CEU6, STM32H523HEY6TR, STM32H523RCT6, STM32H523RET6, STM32H523VCI6, STM32H523VCT6, STM32H523VEI6, STM32H523VET6, STM32H523ZCJ6, STM32H523ZCT6, STM32H523ZEJ6, STM32H523ZET6, STM32H533CET6, STM32H533CEU6, STM32H533HEY6TR, STM32H533RET6, STM32H533VEI6, STM32H533VET6, STM32H533ZEJ6, STM32H533ZET6, STM32H562AGI6, STM32H562AII6, STM32H562IGK6, STM32H562IGT6, STM32H562IIK6, STM32H562IIT6, STM32H562RGT6, STM32H562RGV6, STM32H562RIT6, STM32H562RIV6, STM32H562VGT6, STM32H562VIT6, STM32H562ZGT6, STM32H562ZIT6, STM32H563AGI6, STM32H563AII3Q, STM32H563AII6, STM32H563IGK6, STM32H563IGT6, STM32H563IIK3Q, STM32H563IIK6, STM32H563IIT3Q, STM32H563IIT6, STM32H563MIY3QTR, STM32H563RGT6, STM32H563RGV6, STM32H563RIT6, STM32H563RIV6, STM32H563VGT6, STM32H563VIT3Q, STM32H563VIT6, STM32H563ZGT6, STM32H563ZIT3Q, STM32H563ZIT6, STM32H573AII3Q, STM32H573AII6, STM32H573I-DK, STM32H573IIK3Q, STM32H573IIK6, STM32H573IIT3Q, STM32H573IIT6, STM32H573MIY3QTR, STM32H573RIT6, STM32H573RIV6, STM32H573VIT3Q, STM32H573VIT6, STM32H573ZIT3Q, STM32H573ZIT6, STM32H7R3A8I6, STM32H7R3I8K6, STM32H7R3I8T6, STM32H7R3L8H6, STM32H7R3L8H6H, STM32H7R3R8V6, STM32H7R3V8H6, STM32H7R3V8T6, STM32H7R3V8Y6TR, STM32H7R3Z8J6, STM32H7R3Z8T6, STM32H7R7A8I6, STM32H7R7I8K6, STM32H7R7I8T6, STM32H7R7L8H6, STM32H7R7L8H6H, STM32H7R7Z8J6, STM32H7S3A8I6, STM32H7S3I8K6, STM32H7S3I8T6, STM32H7S3L8H6, STM32H7S3L8H6H, STM32H7S3R8V6, STM32H7S3V8H6, STM32H7S3V8T6, STM32H7S3V8Y6TR, STM32H7S3Z8J6, STM32H7S3Z8T6, STM32H7S78-DK, STM32H7S7A8I6, STM32H7S7I8K6, STM32H7S7I8T6, STM32H7S7L8H6, STM32H7S7L8H6H, STM32H7S7Z8J6, STM32L4R5QGI6STR, STM32MP131AAE3, STM32MP131AAF3, STM32MP131AAG3, STM32MP131CAE3, STM32MP131CAF3, STM32MP131CAG3, STM32MP131DAE7, STM32MP131DAF7, STM32MP131DAG7, STM32MP131FAE7, STM32MP131FAF7, STM32MP131FAG7, STM32MP133AAE3, STM32MP133AAF3, STM32MP133AAG3, STM32MP133CAE3, STM32MP133CAF3, STM32MP133CAG3, STM32MP133DAE7, STM32MP133DAF7, STM32MP133DAG7, STM32MP133FAE7, STM32MP133FAF7, STM32MP133FAG7, STM32MP135AAE3, STM32MP135AAF3, STM32MP135AAG3, STM32MP135CAE3, STM32MP135CAF3, STM32MP135CAG3, STM32MP135DAE7, STM32MP135DAF7, STM32MP135DAG7, STM32MP135F-DK, STM32MP135FAE7, STM32MP135FAF7, STM32MP135FAF7T, STM32MP135FAF7U, STM32MP135FAG7, STM32MP251AAI3, STM32MP251AAK3, STM32MP251AAL3, STM32MP251CAI3, STM32MP251CAK3, STM32MP251CAL3, STM32MP251DAI3, STM32MP251DAK3, STM32MP251DAL3, STM32MP251FAI3, STM32MP251FAK3, STM32MP251FAL3, STM32MP253AAI3, STM32MP253AAK3, STM32MP253AAL3, STM32MP253CAI3, STM32MP253CAK3, STM32MP253CAL3, STM32MP253DAI3, STM32MP253DAK3, STM32MP253DAL3, STM32MP253FAI3, STM32MP253FAK3, STM32MP253FAL3, STM32MP255AAI3, STM32MP255AAK3, STM32MP255AAL3, STM32MP255CAI3, STM32MP255CAK3, STM32MP255CAL3, STM32MP255DAI3, STM32MP255DAK3, STM32MP255DAL3, STM32MP255FAI3, STM32MP255FAK3, STM32MP255FAL3, STM32MP257AAI3, STM32MP257AAK3, STM32MP257AAL3, STM32MP257CAI3, STM32MP257CAK3, STM32MP257CAL3, STM32MP257DAI3, STM32MP257DAK3, STM32MP257DAL3, STM32MP257F-DK, STM32MP257F-EV1, STM32MP257FAI3, STM32MP257FAK3, STM32MP257FAL3, STM32U031C6T6, STM32U031C6U6, STM32U031C8T6, STM32U031C8U6, STM32U031F4P6, STM32U031F6P6, STM32U031F8P6, STM32U031G6Y6TR, STM32U031G8Y6TR, STM32U031K4U6, STM32U031K6U6, STM32U031K8U6, STM32U031R6I6, STM32U031R6T6, STM32U031R8I6, STM32U031R8T6, STM32U073C8T6, STM32U073C8U6, STM32U073CBT6, STM32U073CBU6, STM32U073CCT6, STM32U073CCU6, STM32U073H8Y6TR, STM32U073HBY6TR, STM32U073HCY6TR, STM32U073K8U6, STM32U073KBU6, STM32U073KCU6, STM32U073M8I6, STM32U073M8T6, STM32U073MBI6, STM32U073MBT6, STM32U073MCI6, STM32U073MCT6, STM32U073R8I6, STM32U073R8T6, STM32U073RBI6, STM32U073RBT6, STM32U073RCI6, STM32U073RCT6, STM32U083C-DK, STM32U083CCT6, STM32U083CCU6, STM32U083HCY6TR, STM32U083KCU6, STM32U083MCI6, STM32U083MCT6, STM32U083RCI6, STM32U083RCT6, STM32U535CBT6, STM32U535CBT6Q, STM32U535CBU6, STM32U535CBU6Q, STM32U535CCT6, STM32U535CCT6Q, STM32U535CCU6, STM32U535CCU6Q, STM32U535CET6, STM32U535CET6Q, STM32U535CEU6, STM32U535CEU6Q, STM32U535JEY6QTR, STM32U535NCY6QTR, STM32U535NEY6QTR, STM32U535RBI6, STM32U535RBI6Q, STM32U535RBT6, STM32U535RBT6Q, STM32U535RCI6, STM32U535RCI6Q, STM32U535RCT6, STM32U535RCT6Q, STM32U535REI6, STM32U535REI6Q, STM32U535RET6, STM32U535RET6Q, STM32U535VCI6, STM32U535VCI6Q, STM32U535VCT6, STM32U535VCT6Q, STM32U535VEI6, STM32U535VEI6Q, STM32U535VET6, STM32U535VET6Q, STM32U545CET6, STM32U545CET6Q, STM32U545CEU6, STM32U545CEU6Q, STM32U545JEY6QTR, STM32U545NEY6QTR, STM32U545REI6, STM32U545REI6Q, STM32U545RET6, STM32U545RET6Q, STM32U545VEI6, STM32U545VEI6Q, STM32U545VET6, STM32U545VET6Q, STM32U595AIH6, STM32U595AIH6Q, STM32U595AJH6, STM32U595AJH6Q, STM32U595QII6, STM32U595QII6Q, STM32U595QJI6, STM32U595QJI6Q, STM32U595RIT6, STM32U595RIT6Q, STM32U595RJT6, STM32U595RJT6Q, STM32U595VIT6, STM32U595VIT6Q, STM32U595VJT6, STM32U595VJT6Q, STM32U595ZIT6, STM32U595ZIT6Q, STM32U595ZIY6QTR, STM32U595ZJT6, STM32U595ZJT6Q, STM32U595ZJY6QTR, STM32U599BJY6QTR, STM32U599NIH6Q, STM32U599NJH6Q, STM32U599VIT6Q, STM32U599VJT6, STM32U599VJT6Q, STM32U599ZIT6Q, STM32U599ZIY6QTR, STM32U599ZJT6Q, STM32U599ZJY6QTR, STM32U5A5AJH6, STM32U5A5AJH6Q, STM32U5A5QII3Q , STM32U5A5QJI6, STM32U5A5QJI6Q, STM32U5A5RJT6, STM32U5A5RJT6Q, STM32U5A5VJT6, STM32U5A5VJT6Q, STM32U5A5ZJT6, STM32U5A5ZJT6Q, STM32U5A5ZJY6QTR, STM32U5A9BJY6QTR, STM32U5A9J-DK, STM32U5A9NJH6Q, STM32U5A9VJT6Q, STM32U5A9ZJT6Q, STM32U5A9ZJY6QTR, STM32U5F7VIT6, STM32U5F7VIT6Q, STM32U5F7VJT6, STM32U5F7VJT6Q, STM32U5F9BJY6QTR, STM32U5F9NJH6Q, STM32U5F9VIT6Q, STM32U5F9VJT6Q, STM32U5F9ZIJ6QTR, STM32U5F9ZIT6Q, STM32U5F9ZJJ6QTR, STM32U5F9ZJT6Q, STM32U5G7VJT6, STM32U5G7VJT6Q, STM32U5G9BJY6QTR, STM32U5G9J-DK1, STM32U5G9J-DK2, STM32U5G9NJH6Q, STM32U5G9VJT6Q, STM32U5G9ZJJ6QTR, STM32U5G9ZJT6Q, STM32WB05KZV6TR, STM32WB05KZV7TR, STM32WB05TZF6TR, STM32WB05TZF7TR, STM32WB06CCF6TR, STM32WB06CCF7TR, STM32WB06CCV6TR, STM32WB06CCV7TR, STM32WB06KCV6TR, STM32WB06KCV7TR, STM32WB07CCF6TR, STM32WB07CCF7TR, STM32WB07CCV6TR, STM32WB07CCV7TR, STM32WB07KCV6TR, STM32WB07KCV7TR, STM32WB09KEV6TR, STM32WB09KEV7TR, STM32WB09TEF6TR, STM32WB09TEF7TR, STM32WB1MMCH6, STM32WBA50KGU6, STM32WBA50KGU6TR, STM32WBA52CEU6, STM32WBA52CEU6TR, STM32WBA52CEU7, STM32WBA52CEU7TR, STM32WBA52CGU6, STM32WBA52CGU6TR, STM32WBA52CGU6U, STM32WBA52CGU7, STM32WBA52CGU7TR, STM32WBA52KEU6, STM32WBA52KEU6TR, STM32WBA52KGU6, STM32WBA52KGU6TR, STM32WBA54CEU6, STM32WBA54CEU6TR, STM32WBA54CEU7, STM32WBA54CEU7TR, STM32WBA54CGU6, STM32WBA54CGU6TR, STM32WBA54CGU7, STM32WBA54CGU7TR, STM32WBA54KEU6, STM32WBA54KEU6TR, STM32WBA54KEU7, STM32WBA54KEU7TR, STM32WBA54KGU6, STM32WBA54KGU6TR, STM32WBA54KGU7, STM32WBA54KGU7TR, STM32WBA55CEU6, STM32WBA55CEU6TR, STM32WBA55CEU7, STM32WBA55CEU7TR, STM32WBA55CGU6, STM32WBA55CGU6TR, STM32WBA55CGU6U, STM32WBA55CGU7, STM32WBA55CGU7TR, STM32WBA55G-DK1, STM32WBA55HEF6, STM32WBA55HEF7, STM32WBA55HGF6, STM32WBA55HGF7, STM32WBA55UEI6, STM32WBA55UEI6TR, STM32WBA55UEI7, STM32WBA55UEI7TR, STM32WBA55UGI6, STM32WBA55UGI6TR, STM32WBA55UGI7, STM32WBA55UGI7TR, STM32WL5MOCH6, STM32WL5MOCH6TR]
2025-06-25 09:47:15,861 [INFO] DbMcus:218 - Found 4657 MCUs, 4657 are supported
2025-06-25 09:47:15,862 [INFO] ApiDb:423 - Load user favorites file C:\Users\nisha/.stm32cubeide/favorites.mcus.txt: 0 item(s)
2025-06-25 09:47:15,862 [INFO] ApiDb:427 - User favorites MCUs=[]
2025-06-25 09:47:15,862 [INFO] DbMcus:224 - Set 0 / 0 favorites MCUs
2025-06-25 09:47:16,243 [INFO] ApiDb:423 - Load user favorites file C:\Users\nisha/.stm32cubeide/favorites.boards.txt: 1 item(s)
2025-06-25 09:47:16,244 [INFO] ApiDb:427 - User favorites Boards=[STM32F407G-DISC1]
2025-06-25 09:47:16,244 [INFO] DbBoards:198 - Set 1 / 1 favorites Boards
2025-06-25 09:47:16,244 [INFO] McuFinderGlobals:76 - Set McuFinderConnectedMode to false
2025-06-25 09:47:16,252 [INFO] MultiScanPanel:200 - Auto-refresh data requested => check proxy status ongoing
2025-06-25 09:47:16,252 [INFO] MultiScanPanel:204 - Proxy status is invalid
2025-06-25 09:47:16,256 [INFO] FinderPluginLoader:95 - Searching for filters in installed packs
2025-06-25 09:47:17,654 [INFO] DetailPanel:341 - Set advertising image to C:/Users/nisha/STM32Cube/Repository/\en.cubemxfinderstm32wba6.jpg
2025-06-25 09:47:24,410 [INFO] McuFinderGlobals:76 - Set McuFinderConnectedMode to true
2025-06-25 09:47:24,513 [INFO] ApiDb:448 - Save user favorites file C:\Users\nisha/.stm32cubeide/favorites.mcus.txt: 0 item(s)
2025-06-25 09:47:24,514 [INFO] ApiDb:452 - User favorites MCUs=[]
2025-06-25 09:47:32,681 [INFO] MainUpdater:2873 - connection check result : 10
2025-06-25 09:47:32,698 [INFO] McuFinderGlobals:76 - Set McuFinderConnectedMode to true
2025-06-25 09:47:33,949 [INFO] ServerAccessManage:473 - Download File mcusAds.json._tmp_
2025-06-25 09:47:34,083 [INFO] LoadUrlFilesThread:156 - End of LoadUrlFiles Thread
2025-06-25 09:47:35,541 [INFO] ServerAccessManage:473 - Download File cube-finder-db.zip
2025-06-25 09:49:02,967 [INFO] FileExtend:240 - Unzip File : cube-finder-db.zip
2025-06-25 09:49:02,967 [INFO] FileExtend:255 - Standard Zip Deflate
2025-06-25 09:49:03,810 [INFO] LoadUrlFilesThread:156 - End of LoadUrlFiles Thread
2025-06-25 09:49:05,750 [INFO] ServerAccessManage:473 - Download File crdb.zip
2025-06-25 09:49:07,811 [INFO] FileExtend:240 - Unzip File : crdb.zip
2025-06-25 09:49:07,812 [INFO] FileExtend:255 - Standard Zip Deflate
2025-06-25 09:49:07,992 [INFO] LoadUrlFilesThread:156 - End of LoadUrlFiles Thread
2025-06-25 09:49:09,132 [INFO] ServerAccessManage:473 - Download File tutoVideoDB.zip
2025-06-25 09:49:09,220 [INFO] FileExtend:240 - Unzip File : tutoVideoDB.zip
2025-06-25 09:49:09,221 [INFO] FileExtend:255 - Standard Zip Deflate
2025-06-25 09:49:09,384 [INFO] LoadUrlFilesThread:156 - End of LoadUrlFiles Thread
2025-06-25 09:49:09,395 [WARN] DbFile:41 - Overriding database path with different value: C:\Users\nisha\.stmcufinder\plugins\mcufinder/ => C:\Users\nisha\.stmcufinder\plugins\mcufinder
2025-06-25 09:49:10,036 [INFO] ServerAccessManage:473 - Download File api_config.json
2025-06-25 09:49:10,174 [INFO] LoadUrlFilesThread:156 - End of LoadUrlFiles Thread
2025-06-25 09:49:10,179 [INFO] DbMcusAds:53 - JSON generation date=Thu Jun 19 14:02:34 IST 2025 (1750321954415)
2025-06-25 09:49:10,187 [INFO] ApiDb:448 - Save user favorites file C:\Users\nisha/.stm32cubeide/favorites.mcus.txt: 0 item(s)
2025-06-25 09:49:10,188 [INFO] ApiDb:452 - User favorites MCUs=[]
2025-06-25 09:49:10,192 [INFO] ApiDb:581 - Connected to CubeFinder SQLite database (C:\Users\nisha\.stmcufinder\plugins\mcufinder\mcu\cube-finder-db.db)
2025-06-25 09:49:10,255 [INFO] ApiDb:668 - CubeFinder database Data Model version=2.1
2025-06-25 09:49:10,255 [INFO] ApiDb:669 - CubeFinder database Configuration version=3.0.39
2025-06-25 09:49:10,255 [INFO] ApiDb:670 - CubeFinder database generation date=2025-06-16 (1750072209)
2025-06-25 09:49:10,255 [INFO] ApiDb:671 - CubeFinder database FW Pack versions=[FP-ATR-ASTRA1_V2.0.0, FP-SNS-FLIGHT1_V5.1.0, FP-SNS-MOTENV1_V5.0.0, FP-SNS-MOTENVWB1_V1.4.0, FP-SNS-SMARTAG2_V1.2.0, FP-SNS-STBOX1_V2.0.0, STM32Cube_FW_C0_V1.4.0, STM32Cube_FW_F4_V1.28.2, STM32Cube_FW_F7_V1.17.3, STM32Cube_FW_G0_V1.6.2, STM32Cube_FW_G4_V1.6.1, STM32Cube_FW_H5_V1.5.0, STM32Cube_FW_H7RS_V1.2.0, STM32Cube_FW_H7_V1.12.1, STM32Cube_FW_L0_V1.12.2, STM32Cube_FW_L4_V1.18.1, STM32Cube_FW_L5_V1.5.1, STM32Cube_FW_N6_V1.1.1, STM32Cube_FW_U0_V1.2.0, STM32Cube_FW_U3_V1.1.0, STM32Cube_FW_U5_V1.7.0, STM32Cube_FW_WB0_V1.2.0, STM32Cube_FW_WBA_V1.6.0, STM32Cube_FW_WB_V1.22.0, STM32Cube_FW_WL3_V1.1.0, STM32Cube_FW_WL_V1.3.1, X-CUBE-ALGOBUILD_V1.4.0, X-CUBE-ALS_V1.0.2, X-CUBE-AZRTOS-F4_V1.1.0, X-CUBE-AZRTOS-F7_V1.1.0, X-CUBE-AZRTOS-G0_V1.1.0, X-CUBE-AZRTOS-G4_V2.0.0, X-CUBE-AZRTOS-H7RS_V1.1.0, X-CUBE-AZRTOS-H7_V3.3.0, X-CUBE-AZRTOS-L4_V2.0.0, X-CUBE-AZRTOS-L5_V2.0.0, X-CUBE-AZRTOS-WB_V2.0.0, X-CUBE-AZRTOS-WL_V2.0.0, X-CUBE-BLE1_V7.1.0, X-CUBE-BLE2_V3.3.0, X-CUBE-BLEMGR_V4.0.0, X-CUBE-EEPRMA1_V5.1.0, X-CUBE-FREERTOS_V1.3.1, X-CUBE-GNSS1_V6.0.0, X-CUBE-MEMS1_V11.3.0, X-CUBE-NFC4_V3.0.0, X-CUBE-NFC7_V2.0.0, X-CUBE-SFXS2LP1_V4.0.0, X-CUBE-SUBG2_V5.0.0, X-CUBE-TOF1_V3.4.3]
2025-06-25 09:49:11,543 [INFO] ApiDb:240 - Found 646 in-development CPN: [B-G473E-ZEST1S, B-WB1M-WPAN1, B-WL5M-SUBG1, NUCLEO-C031C6, NUCLEO-C071RB, NUCLEO-H503RB, NUCLEO-H533RE, NUCLEO-H563ZI, NUCLEO-H7S3L8, NUCLEO-U031R8, NUCLEO-U083RC, NUCLEO-U545RE-Q, NUCLEO-U5A5ZJ-Q, NUCLEO-WB05KZ, NUCLEO-WB07CC, NUCLEO-WB09KE, NUCLEO-WBA52CG, NUCLEO-WBA55CG, STEVAL-PROTEUS1, STEVAL-SMARTAG2, STEVAL-STWINBX1, STM320518-EVAL, STM32C0116-DK, STM32C011D6Y3TR, STM32C011D6Y6TR, STM32C011F4P3, STM32C011F4P6, STM32C011F4U3, STM32C011F4U6TR, STM32C011F6P3, STM32C011F6P6, STM32C011F6U3, STM32C011F6U6TR, STM32C011J4M3, STM32C011J4M6, STM32C011J6M3, STM32C011J6M6, STM32C0316-DK, STM32C031C4T3, STM32C031C4T6, STM32C031C4U3, STM32C031C4U6, STM32C031C6T3, STM32C031C6T6, STM32C031C6U3, STM32C031C6U6, STM32C031F4P3, STM32C031F4P6, STM32C031F6P3, STM32C031F6P6, STM32C031G4U3, STM32C031G4U6, STM32C031G6U3, STM32C031G6U6, STM32C031K4T3, STM32C031K4T6, STM32C031K4U3, STM32C031K4U6, STM32C031K6T3, STM32C031K6T6, STM32C031K6U3, STM32C031K6U6, STM32C071C8T6, STM32C071C8T6N, STM32C071C8U6, STM32C071C8U6N, STM32C071CBT6, STM32C071CBT6N, STM32C071CBU6, STM32C071CBU6N, STM32C071F8P6, STM32C071F8P6N, STM32C071FBP6, STM32C071FBP6N, STM32C071FBY6TR, STM32C071G8U6, STM32C071G8U6N, STM32C071GBU6, STM32C071GBU6N, STM32C071K8T6, STM32C071K8T6N, STM32C071K8U6, STM32C071K8U6N, STM32C071KBT6, STM32C071KBT6N, STM32C071KBU6, STM32C071KBU6N, STM32C071R8T6, STM32C071R8T6N, STM32C071RBI6N, STM32C071RBT6, STM32C071RBT6N, STM32G071K8TXN, STM32G071K8UXN, STM32G081GBU6N, STM32G081KBT6N, STM32G081KBUXN, STM32G0B1CCT6N, STM32G0B1KCT6, STM32G0B1NEY6TR, STM32G0B1RCT6N, STM32G0C1CCT6, STM32G0C1CCT6N, STM32G0C1CCU6N, STM32G0C1CET6N, STM32G0C1CEU6N, STM32G0C1KCT6, STM32G0C1NEY6TR, STM32G0C1RCI6N, STM32G0C1RCT6N, STM32G0C1REI6N, STM32G0C1RET6N, STM32G0C1VCI6, STM32G0C1VEI6, STM32G411C6T3, STM32G411C6T6, STM32G411C6U3, STM32G411C6U6, STM32G411C8T3, STM32G411C8T6, STM32G411C8U3, STM32G411C8U6, STM32G411CBT3, STM32G411CBT6, STM32G411CBU3, STM32G411CBU6, STM32G411K6T3, STM32G411K6T6, STM32G411K6U3, STM32G411K6U6, STM32G411K8T3, STM32G411K8T6, STM32G411K8U3, STM32G411K8U6, STM32G411KBT3, STM32G411KBT6, STM32G411KBU3, STM32G411KBU6, STM32G411M6T3, STM32G411M6T6, STM32G411M8T3, STM32G411M8T6, STM32G411MBT3, STM32G411MBT6, STM32G411R6T3, STM32G411R6T6, STM32G411R8T3, STM32G411R8T6, STM32G411RBT3, STM32G411RBT6, STM32G414CBT3, STM32G414CBT6, STM32G414CBU3, STM32G414CBU6, STM32G414CCT3, STM32G414CCT6, STM32G414CCU3, STM32G414CCU6, STM32G414MBT3, STM32G414MBT6, STM32G414MCT3, STM32G414MCT6, STM32G414RBT3, STM32G414RBT6, STM32G414RCT3, STM32G414RCT6, STM32G414VBT3, STM32G414VBT6, STM32G414VCT3, STM32G414VCT6, STM32G431CBT3Z, STM32G431RBT3Z, STM32G471CCT6, STM32G471CCU6, STM32G471CET3, STM32G471CET6, STM32G471CEU3, STM32G471CEU6, STM32G471MCT6, STM32G471MET3, STM32G471MET6, STM32G471MEY6TR, STM32G471QCT6, STM32G471QET3, STM32G471RCT6, STM32G471RET3, STM32G471RET6, STM32G471VCH6, STM32G471VCI6, STM32G471VCT6, STM32G471VEH3, STM32G471VEH6, STM32G471VEI3, STM32G471VEI6, STM32G471VET3, STM32G471VET6, STM32G473QET3Z, STM32G473RET3Z, STM32G474CCT6, STM32G491RET3Z, STM32H503CBT6, STM32H503CBU6, STM32H503EBY6TR, STM32H503KBU6, STM32H503RBT6, STM32H523CCT6, STM32H523CCU6, STM32H523CET6, STM32H523CEU6, STM32H523HEY6TR, STM32H523RCT6, STM32H523RET6, STM32H523VCI6, STM32H523VCT6, STM32H523VEI6, STM32H523VET6, STM32H523ZCJ6, STM32H523ZCT6, STM32H523ZEJ6, STM32H523ZET6, STM32H533CET6, STM32H533CEU6, STM32H533HEY6TR, STM32H533RET6, STM32H533VEI6, STM32H533VET6, STM32H533ZEJ6, STM32H533ZET6, STM32H562AGI6, STM32H562AII6, STM32H562IGK6, STM32H562IGT6, STM32H562IIK6, STM32H562IIT6, STM32H562RGT6, STM32H562RGV6, STM32H562RIT6, STM32H562RIV6, STM32H562VGT6, STM32H562VIT6, STM32H562ZGT6, STM32H562ZIT6, STM32H563AGI6, STM32H563AII3Q, STM32H563AII6, STM32H563IGK6, STM32H563IGT6, STM32H563IIK3Q, STM32H563IIK6, STM32H563IIT3Q, STM32H563IIT6, STM32H563MIY3QTR, STM32H563RGT6, STM32H563RGV6, STM32H563RIT6, STM32H563RIV6, STM32H563VGT6, STM32H563VIT3Q, STM32H563VIT6, STM32H563ZGT6, STM32H563ZIT3Q, STM32H563ZIT6, STM32H573AII3Q, STM32H573AII6, STM32H573I-DK, STM32H573IIK3Q, STM32H573IIK6, STM32H573IIT3Q, STM32H573IIT6, STM32H573MIY3QTR, STM32H573RIT6, STM32H573RIV6, STM32H573VIT3Q, STM32H573VIT6, STM32H573ZIT3Q, STM32H573ZIT6, STM32H7R3A8I6, STM32H7R3I8K6, STM32H7R3I8T6, STM32H7R3L8H6, STM32H7R3L8H6H, STM32H7R3R8V6, STM32H7R3V8H6, STM32H7R3V8T6, STM32H7R3V8Y6TR, STM32H7R3Z8J6, STM32H7R3Z8T6, STM32H7R7A8I6, STM32H7R7I8K6, STM32H7R7I8T6, STM32H7R7L8H6, STM32H7R7L8H6H, STM32H7R7Z8J6, STM32H7S3A8I6, STM32H7S3I8K6, STM32H7S3I8T6, STM32H7S3L8H6, STM32H7S3L8H6H, STM32H7S3R8V6, STM32H7S3V8H6, STM32H7S3V8T6, STM32H7S3V8Y6TR, STM32H7S3Z8J6, STM32H7S3Z8T6, STM32H7S78-DK, STM32H7S7A8I6, STM32H7S7I8K6, STM32H7S7I8T6, STM32H7S7L8H6, STM32H7S7L8H6H, STM32H7S7Z8J6, STM32L4R5QGI6STR, STM32MP131AAE3, STM32MP131AAF3, STM32MP131AAG3, STM32MP131CAE3, STM32MP131CAF3, STM32MP131CAG3, STM32MP131DAE7, STM32MP131DAF7, STM32MP131DAG7, STM32MP131FAE7, STM32MP131FAF7, STM32MP131FAG7, STM32MP133AAE3, STM32MP133AAF3, STM32MP133AAG3, STM32MP133CAE3, STM32MP133CAF3, STM32MP133CAG3, STM32MP133DAE7, STM32MP133DAF7, STM32MP133DAG7, STM32MP133FAE7, STM32MP133FAF7, STM32MP133FAG7, STM32MP135AAE3, STM32MP135AAF3, STM32MP135AAG3, STM32MP135CAE3, STM32MP135CAF3, STM32MP135CAG3, STM32MP135DAE7, STM32MP135DAF7, STM32MP135DAG7, STM32MP135F-DK, STM32MP135FAE7, STM32MP135FAF7, STM32MP135FAF7T, STM32MP135FAF7U, STM32MP135FAG7, STM32MP251AAI3, STM32MP251AAK3, STM32MP251AAL3, STM32MP251CAI3, STM32MP251CAK3, STM32MP251CAL3, STM32MP251DAI3, STM32MP251DAK3, STM32MP251DAL3, STM32MP251FAI3, STM32MP251FAK3, STM32MP251FAL3, STM32MP253AAI3, STM32MP253AAK3, STM32MP253AAL3, STM32MP253CAI3, STM32MP253CAK3, STM32MP253CAL3, STM32MP253DAI3, STM32MP253DAK3, STM32MP253DAL3, STM32MP253FAI3, STM32MP253FAK3, STM32MP253FAL3, STM32MP255AAI3, STM32MP255AAK3, STM32MP255AAL3, STM32MP255CAI3, STM32MP255CAK3, STM32MP255CAL3, STM32MP255DAI3, STM32MP255DAK3, STM32MP255DAL3, STM32MP255FAI3, STM32MP255FAK3, STM32MP255FAL3, STM32MP257AAI3, STM32MP257AAK3, STM32MP257AAL3, STM32MP257CAI3, STM32MP257CAK3, STM32MP257CAL3, STM32MP257DAI3, STM32MP257DAK3, STM32MP257DAL3, STM32MP257F-DK, STM32MP257F-EV1, STM32MP257FAI3, STM32MP257FAK3, STM32MP257FAL3, STM32U031C6T6, STM32U031C6U6, STM32U031C8T6, STM32U031C8U6, STM32U031F4P6, STM32U031F6P6, STM32U031F8P6, STM32U031G6Y6TR, STM32U031G8Y6TR, STM32U031K4U6, STM32U031K6U6, STM32U031K8U6, STM32U031R6I6, STM32U031R6T6, STM32U031R8I6, STM32U031R8T6, STM32U073C8T6, STM32U073C8U6, STM32U073CBT6, STM32U073CBU6, STM32U073CCT6, STM32U073CCU6, STM32U073H8Y6TR, STM32U073HBY6TR, STM32U073HCY6TR, STM32U073K8U6, STM32U073KBU6, STM32U073KCU6, STM32U073M8I6, STM32U073M8T6, STM32U073MBI6, STM32U073MBT6, STM32U073MCI6, STM32U073MCT6, STM32U073R8I6, STM32U073R8T6, STM32U073RBI6, STM32U073RBT6, STM32U073RCI6, STM32U073RCT6, STM32U083C-DK, STM32U083CCT6, STM32U083CCU6, STM32U083HCY6TR, STM32U083KCU6, STM32U083MCI6, STM32U083MCT6, STM32U083RCI6, STM32U083RCT6, STM32U535CBT6, STM32U535CBT6Q, STM32U535CBU6, STM32U535CBU6Q, STM32U535CCT6, STM32U535CCT6Q, STM32U535CCU6, STM32U535CCU6Q, STM32U535CET6, STM32U535CET6Q, STM32U535CEU6, STM32U535CEU6Q, STM32U535JEY6QTR, STM32U535NCY6QTR, STM32U535NEY6QTR, STM32U535RBI6, STM32U535RBI6Q, STM32U535RBT6, STM32U535RBT6Q, STM32U535RCI6, STM32U535RCI6Q, STM32U535RCT6, STM32U535RCT6Q, STM32U535REI6, STM32U535REI6Q, STM32U535RET6, STM32U535RET6Q, STM32U535VCI6, STM32U535VCI6Q, STM32U535VCT6, STM32U535VCT6Q, STM32U535VEI6, STM32U535VEI6Q, STM32U535VET6, STM32U535VET6Q, STM32U545CET6, STM32U545CET6Q, STM32U545CEU6, STM32U545CEU6Q, STM32U545JEY6QTR, STM32U545NEY6QTR, STM32U545REI6, STM32U545REI6Q, STM32U545RET6, STM32U545RET6Q, STM32U545VEI6, STM32U545VEI6Q, STM32U545VET6, STM32U545VET6Q, STM32U595AIH6, STM32U595AIH6Q, STM32U595AJH6, STM32U595AJH6Q, STM32U595QII6, STM32U595QII6Q, STM32U595QJI6, STM32U595QJI6Q, STM32U595RIT6, STM32U595RIT6Q, STM32U595RJT6, STM32U595RJT6Q, STM32U595VIT6, STM32U595VIT6Q, STM32U595VJT6, STM32U595VJT6Q, STM32U595ZIT6, STM32U595ZIT6Q, STM32U595ZIY6QTR, STM32U595ZJT6, STM32U595ZJT6Q, STM32U595ZJY6QTR, STM32U599BJY6QTR, STM32U599NIH6Q, STM32U599NJH6Q, STM32U599VIT6Q, STM32U599VJT6, STM32U599VJT6Q, STM32U599ZIT6Q, STM32U599ZIY6QTR, STM32U599ZJT6Q, STM32U599ZJY6QTR, STM32U5A5AJH6, STM32U5A5AJH6Q, STM32U5A5QII3Q , STM32U5A5QJI6, STM32U5A5QJI6Q, STM32U5A5RJT6, STM32U5A5RJT6Q, STM32U5A5VJT6, STM32U5A5VJT6Q, STM32U5A5ZJT6, STM32U5A5ZJT6Q, STM32U5A5ZJY6QTR, STM32U5A9BJY6QTR, STM32U5A9J-DK, STM32U5A9NJH6Q, STM32U5A9VJT6Q, STM32U5A9ZJT6Q, STM32U5A9ZJY6QTR, STM32U5F7VIT6, STM32U5F7VIT6Q, STM32U5F7VJT6, STM32U5F7VJT6Q, STM32U5F9BJY6QTR, STM32U5F9NJH6Q, STM32U5F9VIT6Q, STM32U5F9VJT6Q, STM32U5F9ZIJ6QTR, STM32U5F9ZIT6Q, STM32U5F9ZJJ6QTR, STM32U5F9ZJT6Q, STM32U5G7VJT6, STM32U5G7VJT6Q, STM32U5G9BJY6QTR, STM32U5G9J-DK1, STM32U5G9J-DK2, STM32U5G9NJH6Q, STM32U5G9VJT6Q, STM32U5G9ZJJ6QTR, STM32U5G9ZJT6Q, STM32WB05KZV6TR, STM32WB05KZV7TR, STM32WB05TZF6TR, STM32WB05TZF7TR, STM32WB06CCF6TR, STM32WB06CCF7TR, STM32WB06CCV6TR, STM32WB06CCV7TR, STM32WB06KCV6TR, STM32WB06KCV7TR, STM32WB07CCF6TR, STM32WB07CCF7TR, STM32WB07CCV6TR, STM32WB07CCV7TR, STM32WB07KCV6TR, STM32WB07KCV7TR, STM32WB09KEV6TR, STM32WB09KEV7TR, STM32WB09TEF6TR, STM32WB09TEF7TR, STM32WB1MMCH6, STM32WBA50KGU6, STM32WBA50KGU6TR, STM32WBA52CEU6, STM32WBA52CEU6TR, STM32WBA52CEU7, STM32WBA52CEU7TR, STM32WBA52CGU6, STM32WBA52CGU6TR, STM32WBA52CGU6U, STM32WBA52CGU7, STM32WBA52CGU7TR, STM32WBA52KEU6, STM32WBA52KEU6TR, STM32WBA52KGU6, STM32WBA52KGU6TR, STM32WBA54CEU6, STM32WBA54CEU6TR, STM32WBA54CEU7, STM32WBA54CEU7TR, STM32WBA54CGU6, STM32WBA54CGU6TR, STM32WBA54CGU7, STM32WBA54CGU7TR, STM32WBA54KEU6, STM32WBA54KEU6TR, STM32WBA54KEU7, STM32WBA54KEU7TR, STM32WBA54KGU6, STM32WBA54KGU6TR, STM32WBA54KGU7, STM32WBA54KGU7TR, STM32WBA55CEU6, STM32WBA55CEU6TR, STM32WBA55CEU7, STM32WBA55CEU7TR, STM32WBA55CGU6, STM32WBA55CGU6TR, STM32WBA55CGU6U, STM32WBA55CGU7, STM32WBA55CGU7TR, STM32WBA55G-DK1, STM32WBA55HEF6, STM32WBA55HEF7, STM32WBA55HGF6, STM32WBA55HGF7, STM32WBA55UEI6, STM32WBA55UEI6TR, STM32WBA55UEI7, STM32WBA55UEI7TR, STM32WBA55UGI6, STM32WBA55UGI6TR, STM32WBA55UGI7, STM32WBA55UGI7TR, STM32WL5MOCH6, STM32WL5MOCH6TR]
2025-06-25 09:49:11,545 [INFO] DbMcus:218 - Found 4657 MCUs, 4657 are supported
2025-06-25 09:49:11,545 [INFO] ApiDb:423 - Load user favorites file C:\Users\nisha/.stm32cubeide/favorites.mcus.txt: 0 item(s)
2025-06-25 09:49:11,545 [INFO] ApiDb:427 - User favorites MCUs=[]
2025-06-25 09:49:11,545 [INFO] DbMcus:224 - Set 0 / 0 favorites MCUs
2025-06-25 09:49:11,751 [INFO] ApiDb:448 - Save user favorites file C:\Users\nisha/.stm32cubeide/favorites.boards.txt: 1 item(s)
2025-06-25 09:49:11,752 [INFO] ApiDb:452 - User favorites Boards=[STM32F407G-DISC1]
2025-06-25 09:49:11,753 [INFO] ApiDb:581 - Connected to CubeFinder SQLite database (C:\Users\nisha\.stmcufinder\plugins\mcufinder\mcu\cube-finder-db.db)
2025-06-25 09:49:11,819 [INFO] ApiDb:668 - CubeFinder database Data Model version=2.1
2025-06-25 09:49:11,819 [INFO] ApiDb:669 - CubeFinder database Configuration version=3.0.39
2025-06-25 09:49:11,819 [INFO] ApiDb:670 - CubeFinder database generation date=2025-06-16 (1750072209)
2025-06-25 09:49:11,819 [INFO] ApiDb:671 - CubeFinder database FW Pack versions=[FP-ATR-ASTRA1_V2.0.0, FP-SNS-FLIGHT1_V5.1.0, FP-SNS-MOTENV1_V5.0.0, FP-SNS-MOTENVWB1_V1.4.0, FP-SNS-SMARTAG2_V1.2.0, FP-SNS-STBOX1_V2.0.0, STM32Cube_FW_C0_V1.4.0, STM32Cube_FW_F4_V1.28.2, STM32Cube_FW_F7_V1.17.3, STM32Cube_FW_G0_V1.6.2, STM32Cube_FW_G4_V1.6.1, STM32Cube_FW_H5_V1.5.0, STM32Cube_FW_H7RS_V1.2.0, STM32Cube_FW_H7_V1.12.1, STM32Cube_FW_L0_V1.12.2, STM32Cube_FW_L4_V1.18.1, STM32Cube_FW_L5_V1.5.1, STM32Cube_FW_N6_V1.1.1, STM32Cube_FW_U0_V1.2.0, STM32Cube_FW_U3_V1.1.0, STM32Cube_FW_U5_V1.7.0, STM32Cube_FW_WB0_V1.2.0, STM32Cube_FW_WBA_V1.6.0, STM32Cube_FW_WB_V1.22.0, STM32Cube_FW_WL3_V1.1.0, STM32Cube_FW_WL_V1.3.1, X-CUBE-ALGOBUILD_V1.4.0, X-CUBE-ALS_V1.0.2, X-CUBE-AZRTOS-F4_V1.1.0, X-CUBE-AZRTOS-F7_V1.1.0, X-CUBE-AZRTOS-G0_V1.1.0, X-CUBE-AZRTOS-G4_V2.0.0, X-CUBE-AZRTOS-H7RS_V1.1.0, X-CUBE-AZRTOS-H7_V3.3.0, X-CUBE-AZRTOS-L4_V2.0.0, X-CUBE-AZRTOS-L5_V2.0.0, X-CUBE-AZRTOS-WB_V2.0.0, X-CUBE-AZRTOS-WL_V2.0.0, X-CUBE-BLE1_V7.1.0, X-CUBE-BLE2_V3.3.0, X-CUBE-BLEMGR_V4.0.0, X-CUBE-EEPRMA1_V5.1.0, X-CUBE-FREERTOS_V1.3.1, X-CUBE-GNSS1_V6.0.0, X-CUBE-MEMS1_V11.3.0, X-CUBE-NFC4_V3.0.0, X-CUBE-NFC7_V2.0.0, X-CUBE-SFXS2LP1_V4.0.0, X-CUBE-SUBG2_V5.0.0, X-CUBE-TOF1_V3.4.3]
2025-06-25 09:49:11,855 [INFO] DbBoardsSqlite:226 - include board P-NUCLEO-WB55-NUCLEO as a kit item of type 'Nucleo-64'
2025-06-25 09:49:11,855 [INFO] DbBoardsSqlite:226 - include board P-NUCLEO-WB55-USBDONGLE as a kit item of type 'Nucleo USB Dongle'
2025-06-25 09:49:11,855 [INFO] DbBoardsSqlite:226 - include board STEVAL-IDP005V1 as a kit item of type 'Evaluation Board'
2025-06-25 09:49:11,855 [INFO] DbBoardsSqlite:226 - include board STEVAL-IDP005V2 as a kit item of type 'Evaluation Board'
2025-06-25 09:49:11,910 [INFO] ApiDb:240 - Found 646 in-development CPN: [B-G473E-ZEST1S, B-WB1M-WPAN1, B-WL5M-SUBG1, NUCLEO-C031C6, NUCLEO-C071RB, NUCLEO-H503RB, NUCLEO-H533RE, NUCLEO-H563ZI, NUCLEO-H7S3L8, NUCLEO-U031R8, NUCLEO-U083RC, NUCLEO-U545RE-Q, NUCLEO-U5A5ZJ-Q, NUCLEO-WB05KZ, NUCLEO-WB07CC, NUCLEO-WB09KE, NUCLEO-WBA52CG, NUCLEO-WBA55CG, STEVAL-PROTEUS1, STEVAL-SMARTAG2, STEVAL-STWINBX1, STM320518-EVAL, STM32C0116-DK, STM32C011D6Y3TR, STM32C011D6Y6TR, STM32C011F4P3, STM32C011F4P6, STM32C011F4U3, STM32C011F4U6TR, STM32C011F6P3, STM32C011F6P6, STM32C011F6U3, STM32C011F6U6TR, STM32C011J4M3, STM32C011J4M6, STM32C011J6M3, STM32C011J6M6, STM32C0316-DK, STM32C031C4T3, STM32C031C4T6, STM32C031C4U3, STM32C031C4U6, STM32C031C6T3, STM32C031C6T6, STM32C031C6U3, STM32C031C6U6, STM32C031F4P3, STM32C031F4P6, STM32C031F6P3, STM32C031F6P6, STM32C031G4U3, STM32C031G4U6, STM32C031G6U3, STM32C031G6U6, STM32C031K4T3, STM32C031K4T6, STM32C031K4U3, STM32C031K4U6, STM32C031K6T3, STM32C031K6T6, STM32C031K6U3, STM32C031K6U6, STM32C071C8T6, STM32C071C8T6N, STM32C071C8U6, STM32C071C8U6N, STM32C071CBT6, STM32C071CBT6N, STM32C071CBU6, STM32C071CBU6N, STM32C071F8P6, STM32C071F8P6N, STM32C071FBP6, STM32C071FBP6N, STM32C071FBY6TR, STM32C071G8U6, STM32C071G8U6N, STM32C071GBU6, STM32C071GBU6N, STM32C071K8T6, STM32C071K8T6N, STM32C071K8U6, STM32C071K8U6N, STM32C071KBT6, STM32C071KBT6N, STM32C071KBU6, STM32C071KBU6N, STM32C071R8T6, STM32C071R8T6N, STM32C071RBI6N, STM32C071RBT6, STM32C071RBT6N, STM32G071K8TXN, STM32G071K8UXN, STM32G081GBU6N, STM32G081KBT6N, STM32G081KBUXN, STM32G0B1CCT6N, STM32G0B1KCT6, STM32G0B1NEY6TR, STM32G0B1RCT6N, STM32G0C1CCT6, STM32G0C1CCT6N, STM32G0C1CCU6N, STM32G0C1CET6N, STM32G0C1CEU6N, STM32G0C1KCT6, STM32G0C1NEY6TR, STM32G0C1RCI6N, STM32G0C1RCT6N, STM32G0C1REI6N, STM32G0C1RET6N, STM32G0C1VCI6, STM32G0C1VEI6, STM32G411C6T3, STM32G411C6T6, STM32G411C6U3, STM32G411C6U6, STM32G411C8T3, STM32G411C8T6, STM32G411C8U3, STM32G411C8U6, STM32G411CBT3, STM32G411CBT6, STM32G411CBU3, STM32G411CBU6, STM32G411K6T3, STM32G411K6T6, STM32G411K6U3, STM32G411K6U6, STM32G411K8T3, STM32G411K8T6, STM32G411K8U3, STM32G411K8U6, STM32G411KBT3, STM32G411KBT6, STM32G411KBU3, STM32G411KBU6, STM32G411M6T3, STM32G411M6T6, STM32G411M8T3, STM32G411M8T6, STM32G411MBT3, STM32G411MBT6, STM32G411R6T3, STM32G411R6T6, STM32G411R8T3, STM32G411R8T6, STM32G411RBT3, STM32G411RBT6, STM32G414CBT3, STM32G414CBT6, STM32G414CBU3, STM32G414CBU6, STM32G414CCT3, STM32G414CCT6, STM32G414CCU3, STM32G414CCU6, STM32G414MBT3, STM32G414MBT6, STM32G414MCT3, STM32G414MCT6, STM32G414RBT3, STM32G414RBT6, STM32G414RCT3, STM32G414RCT6, STM32G414VBT3, STM32G414VBT6, STM32G414VCT3, STM32G414VCT6, STM32G431CBT3Z, STM32G431RBT3Z, STM32G471CCT6, STM32G471CCU6, STM32G471CET3, STM32G471CET6, STM32G471CEU3, STM32G471CEU6, STM32G471MCT6, STM32G471MET3, STM32G471MET6, STM32G471MEY6TR, STM32G471QCT6, STM32G471QET3, STM32G471RCT6, STM32G471RET3, STM32G471RET6, STM32G471VCH6, STM32G471VCI6, STM32G471VCT6, STM32G471VEH3, STM32G471VEH6, STM32G471VEI3, STM32G471VEI6, STM32G471VET3, STM32G471VET6, STM32G473QET3Z, STM32G473RET3Z, STM32G474CCT6, STM32G491RET3Z, STM32H503CBT6, STM32H503CBU6, STM32H503EBY6TR, STM32H503KBU6, STM32H503RBT6, STM32H523CCT6, STM32H523CCU6, STM32H523CET6, STM32H523CEU6, STM32H523HEY6TR, STM32H523RCT6, STM32H523RET6, STM32H523VCI6, STM32H523VCT6, STM32H523VEI6, STM32H523VET6, STM32H523ZCJ6, STM32H523ZCT6, STM32H523ZEJ6, STM32H523ZET6, STM32H533CET6, STM32H533CEU6, STM32H533HEY6TR, STM32H533RET6, STM32H533VEI6, STM32H533VET6, STM32H533ZEJ6, STM32H533ZET6, STM32H562AGI6, STM32H562AII6, STM32H562IGK6, STM32H562IGT6, STM32H562IIK6, STM32H562IIT6, STM32H562RGT6, STM32H562RGV6, STM32H562RIT6, STM32H562RIV6, STM32H562VGT6, STM32H562VIT6, STM32H562ZGT6, STM32H562ZIT6, STM32H563AGI6, STM32H563AII3Q, STM32H563AII6, STM32H563IGK6, STM32H563IGT6, STM32H563IIK3Q, STM32H563IIK6, STM32H563IIT3Q, STM32H563IIT6, STM32H563MIY3QTR, STM32H563RGT6, STM32H563RGV6, STM32H563RIT6, STM32H563RIV6, STM32H563VGT6, STM32H563VIT3Q, STM32H563VIT6, STM32H563ZGT6, STM32H563ZIT3Q, STM32H563ZIT6, STM32H573AII3Q, STM32H573AII6, STM32H573I-DK, STM32H573IIK3Q, STM32H573IIK6, STM32H573IIT3Q, STM32H573IIT6, STM32H573MIY3QTR, STM32H573RIT6, STM32H573RIV6, STM32H573VIT3Q, STM32H573VIT6, STM32H573ZIT3Q, STM32H573ZIT6, STM32H7R3A8I6, STM32H7R3I8K6, STM32H7R3I8T6, STM32H7R3L8H6, STM32H7R3L8H6H, STM32H7R3R8V6, STM32H7R3V8H6, STM32H7R3V8T6, STM32H7R3V8Y6TR, STM32H7R3Z8J6, STM32H7R3Z8T6, STM32H7R7A8I6, STM32H7R7I8K6, STM32H7R7I8T6, STM32H7R7L8H6, STM32H7R7L8H6H, STM32H7R7Z8J6, STM32H7S3A8I6, STM32H7S3I8K6, STM32H7S3I8T6, STM32H7S3L8H6, STM32H7S3L8H6H, STM32H7S3R8V6, STM32H7S3V8H6, STM32H7S3V8T6, STM32H7S3V8Y6TR, STM32H7S3Z8J6, STM32H7S3Z8T6, STM32H7S78-DK, STM32H7S7A8I6, STM32H7S7I8K6, STM32H7S7I8T6, STM32H7S7L8H6, STM32H7S7L8H6H, STM32H7S7Z8J6, STM32L4R5QGI6STR, STM32MP131AAE3, STM32MP131AAF3, STM32MP131AAG3, STM32MP131CAE3, STM32MP131CAF3, STM32MP131CAG3, STM32MP131DAE7, STM32MP131DAF7, STM32MP131DAG7, STM32MP131FAE7, STM32MP131FAF7, STM32MP131FAG7, STM32MP133AAE3, STM32MP133AAF3, STM32MP133AAG3, STM32MP133CAE3, STM32MP133CAF3, STM32MP133CAG3, STM32MP133DAE7, STM32MP133DAF7, STM32MP133DAG7, STM32MP133FAE7, STM32MP133FAF7, STM32MP133FAG7, STM32MP135AAE3, STM32MP135AAF3, STM32MP135AAG3, STM32MP135CAE3, STM32MP135CAF3, STM32MP135CAG3, STM32MP135DAE7, STM32MP135DAF7, STM32MP135DAG7, STM32MP135F-DK, STM32MP135FAE7, STM32MP135FAF7, STM32MP135FAF7T, STM32MP135FAF7U, STM32MP135FAG7, STM32MP251AAI3, STM32MP251AAK3, STM32MP251AAL3, STM32MP251CAI3, STM32MP251CAK3, STM32MP251CAL3, STM32MP251DAI3, STM32MP251DAK3, STM32MP251DAL3, STM32MP251FAI3, STM32MP251FAK3, STM32MP251FAL3, STM32MP253AAI3, STM32MP253AAK3, STM32MP253AAL3, STM32MP253CAI3, STM32MP253CAK3, STM32MP253CAL3, STM32MP253DAI3, STM32MP253DAK3, STM32MP253DAL3, STM32MP253FAI3, STM32MP253FAK3, STM32MP253FAL3, STM32MP255AAI3, STM32MP255AAK3, STM32MP255AAL3, STM32MP255CAI3, STM32MP255CAK3, STM32MP255CAL3, STM32MP255DAI3, STM32MP255DAK3, STM32MP255DAL3, STM32MP255FAI3, STM32MP255FAK3, STM32MP255FAL3, STM32MP257AAI3, STM32MP257AAK3, STM32MP257AAL3, STM32MP257CAI3, STM32MP257CAK3, STM32MP257CAL3, STM32MP257DAI3, STM32MP257DAK3, STM32MP257DAL3, STM32MP257F-DK, STM32MP257F-EV1, STM32MP257FAI3, STM32MP257FAK3, STM32MP257FAL3, STM32U031C6T6, STM32U031C6U6, STM32U031C8T6, STM32U031C8U6, STM32U031F4P6, STM32U031F6P6, STM32U031F8P6, STM32U031G6Y6TR, STM32U031G8Y6TR, STM32U031K4U6, STM32U031K6U6, STM32U031K8U6, STM32U031R6I6, STM32U031R6T6, STM32U031R8I6, STM32U031R8T6, STM32U073C8T6, STM32U073C8U6, STM32U073CBT6, STM32U073CBU6, STM32U073CCT6, STM32U073CCU6, STM32U073H8Y6TR, STM32U073HBY6TR, STM32U073HCY6TR, STM32U073K8U6, STM32U073KBU6, STM32U073KCU6, STM32U073M8I6, STM32U073M8T6, STM32U073MBI6, STM32U073MBT6, STM32U073MCI6, STM32U073MCT6, STM32U073R8I6, STM32U073R8T6, STM32U073RBI6, STM32U073RBT6, STM32U073RCI6, STM32U073RCT6, STM32U083C-DK, STM32U083CCT6, STM32U083CCU6, STM32U083HCY6TR, STM32U083KCU6, STM32U083MCI6, STM32U083MCT6, STM32U083RCI6, STM32U083RCT6, STM32U535CBT6, STM32U535CBT6Q, STM32U535CBU6, STM32U535CBU6Q, STM32U535CCT6, STM32U535CCT6Q, STM32U535CCU6, STM32U535CCU6Q, STM32U535CET6, STM32U535CET6Q, STM32U535CEU6, STM32U535CEU6Q, STM32U535JEY6QTR, STM32U535NCY6QTR, STM32U535NEY6QTR, STM32U535RBI6, STM32U535RBI6Q, STM32U535RBT6, STM32U535RBT6Q, STM32U535RCI6, STM32U535RCI6Q, STM32U535RCT6, STM32U535RCT6Q, STM32U535REI6, STM32U535REI6Q, STM32U535RET6, STM32U535RET6Q, STM32U535VCI6, STM32U535VCI6Q, STM32U535VCT6, STM32U535VCT6Q, STM32U535VEI6, STM32U535VEI6Q, STM32U535VET6, STM32U535VET6Q, STM32U545CET6, STM32U545CET6Q, STM32U545CEU6, STM32U545CEU6Q, STM32U545JEY6QTR, STM32U545NEY6QTR, STM32U545REI6, STM32U545REI6Q, STM32U545RET6, STM32U545RET6Q, STM32U545VEI6, STM32U545VEI6Q, STM32U545VET6, STM32U545VET6Q, STM32U595AIH6, STM32U595AIH6Q, STM32U595AJH6, STM32U595AJH6Q, STM32U595QII6, STM32U595QII6Q, STM32U595QJI6, STM32U595QJI6Q, STM32U595RIT6, STM32U595RIT6Q, STM32U595RJT6, STM32U595RJT6Q, STM32U595VIT6, STM32U595VIT6Q, STM32U595VJT6, STM32U595VJT6Q, STM32U595ZIT6, STM32U595ZIT6Q, STM32U595ZIY6QTR, STM32U595ZJT6, STM32U595ZJT6Q, STM32U595ZJY6QTR, STM32U599BJY6QTR, STM32U599NIH6Q, STM32U599NJH6Q, STM32U599VIT6Q, STM32U599VJT6, STM32U599VJT6Q, STM32U599ZIT6Q, STM32U599ZIY6QTR, STM32U599ZJT6Q, STM32U599ZJY6QTR, STM32U5A5AJH6, STM32U5A5AJH6Q, STM32U5A5QII3Q , STM32U5A5QJI6, STM32U5A5QJI6Q, STM32U5A5RJT6, STM32U5A5RJT6Q, STM32U5A5VJT6, STM32U5A5VJT6Q, STM32U5A5ZJT6, STM32U5A5ZJT6Q, STM32U5A5ZJY6QTR, STM32U5A9BJY6QTR, STM32U5A9J-DK, STM32U5A9NJH6Q, STM32U5A9VJT6Q, STM32U5A9ZJT6Q, STM32U5A9ZJY6QTR, STM32U5F7VIT6, STM32U5F7VIT6Q, STM32U5F7VJT6, STM32U5F7VJT6Q, STM32U5F9BJY6QTR, STM32U5F9NJH6Q, STM32U5F9VIT6Q, STM32U5F9VJT6Q, STM32U5F9ZIJ6QTR, STM32U5F9ZIT6Q, STM32U5F9ZJJ6QTR, STM32U5F9ZJT6Q, STM32U5G7VJT6, STM32U5G7VJT6Q, STM32U5G9BJY6QTR, STM32U5G9J-DK1, STM32U5G9J-DK2, STM32U5G9NJH6Q, STM32U5G9VJT6Q, STM32U5G9ZJJ6QTR, STM32U5G9ZJT6Q, STM32WB05KZV6TR, STM32WB05KZV7TR, STM32WB05TZF6TR, STM32WB05TZF7TR, STM32WB06CCF6TR, STM32WB06CCF7TR, STM32WB06CCV6TR, STM32WB06CCV7TR, STM32WB06KCV6TR, STM32WB06KCV7TR, STM32WB07CCF6TR, STM32WB07CCF7TR, STM32WB07CCV6TR, STM32WB07CCV7TR, STM32WB07KCV6TR, STM32WB07KCV7TR, STM32WB09KEV6TR, STM32WB09KEV7TR, STM32WB09TEF6TR, STM32WB09TEF7TR, STM32WB1MMCH6, STM32WBA50KGU6, STM32WBA50KGU6TR, STM32WBA52CEU6, STM32WBA52CEU6TR, STM32WBA52CEU7, STM32WBA52CEU7TR, STM32WBA52CGU6, STM32WBA52CGU6TR, STM32WBA52CGU6U, STM32WBA52CGU7, STM32WBA52CGU7TR, STM32WBA52KEU6, STM32WBA52KEU6TR, STM32WBA52KGU6, STM32WBA52KGU6TR, STM32WBA54CEU6, STM32WBA54CEU6TR, STM32WBA54CEU7, STM32WBA54CEU7TR, STM32WBA54CGU6, STM32WBA54CGU6TR, STM32WBA54CGU7, STM32WBA54CGU7TR, STM32WBA54KEU6, STM32WBA54KEU6TR, STM32WBA54KEU7, STM32WBA54KEU7TR, STM32WBA54KGU6, STM32WBA54KGU6TR, STM32WBA54KGU7, STM32WBA54KGU7TR, STM32WBA55CEU6, STM32WBA55CEU6TR, STM32WBA55CEU7, STM32WBA55CEU7TR, STM32WBA55CGU6, STM32WBA55CGU6TR, STM32WBA55CGU6U, STM32WBA55CGU7, STM32WBA55CGU7TR, STM32WBA55G-DK1, STM32WBA55HEF6, STM32WBA55HEF7, STM32WBA55HGF6, STM32WBA55HGF7, STM32WBA55UEI6, STM32WBA55UEI6TR, STM32WBA55UEI7, STM32WBA55UEI7TR, STM32WBA55UGI6, STM32WBA55UGI6TR, STM32WBA55UGI7, STM32WBA55UGI7TR, STM32WL5MOCH6, STM32WL5MOCH6TR]
2025-06-25 09:49:11,922 [INFO] BoardInfo:889 - No configuration file found for board B-WBA5M-WPAN
2025-06-25 09:49:11,923 [INFO] DbBoards:161 - Board is not supported: B-WBA5M-WPAN
2025-06-25 09:49:11,927 [INFO] BoardInfo:889 - No configuration file found for board NUCLEO-C051C8
2025-06-25 09:49:11,928 [INFO] DbBoards:161 - Board is not supported: NUCLEO-C051C8
2025-06-25 09:49:11,930 [INFO] BoardInfo:889 - No configuration file found for board NUCLEO-C092RC
2025-06-25 09:49:11,931 [INFO] DbBoards:161 - Board is not supported: NUCLEO-C092RC
2025-06-25 09:49:12,017 [INFO] BoardInfo:889 - No configuration file found for board NUCLEO-N657X0-Q
2025-06-25 09:49:12,017 [INFO] DbBoards:161 - Board is not supported: NUCLEO-N657X0-Q
2025-06-25 09:49:12,020 [INFO] BoardInfo:889 - No configuration file found for board NUCLEO-U385RG-Q
2025-06-25 09:49:12,020 [INFO] DbBoards:161 - Board is not supported: NUCLEO-U385RG-Q
2025-06-25 09:49:12,031 [INFO] BoardInfo:889 - No configuration file found for board NUCLEO-WBA65RI
2025-06-25 09:49:12,032 [INFO] DbBoards:161 - Board is not supported: NUCLEO-WBA65RI
2025-06-25 09:49:12,033 [INFO] BoardInfo:889 - No configuration file found for board NUCLEO-WL33CC1
2025-06-25 09:49:12,033 [INFO] DbBoards:161 - Board is not supported: NUCLEO-WL33CC1
2025-06-25 09:49:12,034 [INFO] BoardInfo:889 - No configuration file found for board NUCLEO-WL33CC2
2025-06-25 09:49:12,034 [INFO] DbBoards:161 - Board is not supported: NUCLEO-WL33CC2
2025-06-25 09:49:12,040 [INFO] BoardInfo:889 - No configuration file found for board P-NUCLEO-WB55
2025-06-25 09:49:12,040 [INFO] DbBoards:161 - Kit is not supported: P-NUCLEO-WB55
2025-06-25 09:49:12,044 [INFO] BoardInfo:889 - No configuration file found for board STEVAL-BFA001V1B
2025-06-25 09:49:12,045 [INFO] DbBoards:161 - Kit is not supported: STEVAL-BFA001V1B
2025-06-25 09:49:12,046 [INFO] BoardInfo:889 - No configuration file found for board STEVAL-BFA001V2B
2025-06-25 09:49:12,046 [INFO] DbBoards:161 - Kit is not supported: STEVAL-BFA001V2B
2025-06-25 09:49:12,175 [INFO] BoardInfo:889 - No configuration file found for board STM32N6570-DK
2025-06-25 09:49:12,175 [INFO] DbBoards:161 - Board is not supported: STM32N6570-DK
2025-06-25 09:49:12,185 [INFO] BoardInfo:889 - No configuration file found for board STM32WBA65I-DK1
2025-06-25 09:49:12,185 [INFO] DbBoards:161 - Board is not supported: STM32WBA65I-DK1
2025-06-25 09:49:12,185 [INFO] DbBoards:168 - Found 211 boards, 198 are supported
2025-06-25 09:49:12,185 [INFO] DbBoards:169 - Found 211 boards, 25 of them is supported for  Bsp
2025-06-25 09:49:12,187 [INFO] ApiDb:423 - Load user favorites file C:\Users\nisha/.stm32cubeide/favorites.boards.txt: 1 item(s)
2025-06-25 09:49:12,187 [INFO] ApiDb:427 - User favorites Boards=[STM32F407G-DISC1]
2025-06-25 09:49:12,187 [INFO] DbBoards:198 - Set 1 / 1 favorites Boards
2025-06-25 09:49:12,194 [INFO] LoadUrlFilesThread:185 - End of LoadServerUrlFiles without Thread
2025-06-25 09:49:12,194 [INFO] TargetSelectorAdapter:259 - Refresh data is successful
2025-06-25 09:49:12,196 [INFO] ApiDb:668 - CubeFinder database Data Model version=2.1
2025-06-25 09:49:12,196 [INFO] ApiDb:669 - CubeFinder database Configuration version=3.0.39
2025-06-25 09:49:12,196 [INFO] ApiDb:670 - CubeFinder database generation date=2025-06-16 (1750072209)
2025-06-25 09:49:12,196 [INFO] ApiDb:671 - CubeFinder database FW Pack versions=[FP-ATR-ASTRA1_V2.0.0, FP-SNS-FLIGHT1_V5.1.0, FP-SNS-MOTENV1_V5.0.0, FP-SNS-MOTENVWB1_V1.4.0, FP-SNS-SMARTAG2_V1.2.0, FP-SNS-STBOX1_V2.0.0, STM32Cube_FW_C0_V1.4.0, STM32Cube_FW_F4_V1.28.2, STM32Cube_FW_F7_V1.17.3, STM32Cube_FW_G0_V1.6.2, STM32Cube_FW_G4_V1.6.1, STM32Cube_FW_H5_V1.5.0, STM32Cube_FW_H7RS_V1.2.0, STM32Cube_FW_H7_V1.12.1, STM32Cube_FW_L0_V1.12.2, STM32Cube_FW_L4_V1.18.1, STM32Cube_FW_L5_V1.5.1, STM32Cube_FW_N6_V1.1.1, STM32Cube_FW_U0_V1.2.0, STM32Cube_FW_U3_V1.1.0, STM32Cube_FW_U5_V1.7.0, STM32Cube_FW_WB0_V1.2.0, STM32Cube_FW_WBA_V1.6.0, STM32Cube_FW_WB_V1.22.0, STM32Cube_FW_WL3_V1.1.0, STM32Cube_FW_WL_V1.3.1, X-CUBE-ALGOBUILD_V1.4.0, X-CUBE-ALS_V1.0.2, X-CUBE-AZRTOS-F4_V1.1.0, X-CUBE-AZRTOS-F7_V1.1.0, X-CUBE-AZRTOS-G0_V1.1.0, X-CUBE-AZRTOS-G4_V2.0.0, X-CUBE-AZRTOS-H7RS_V1.1.0, X-CUBE-AZRTOS-H7_V3.3.0, X-CUBE-AZRTOS-L4_V2.0.0, X-CUBE-AZRTOS-L5_V2.0.0, X-CUBE-AZRTOS-WB_V2.0.0, X-CUBE-AZRTOS-WL_V2.0.0, X-CUBE-BLE1_V7.1.0, X-CUBE-BLE2_V3.3.0, X-CUBE-BLEMGR_V4.0.0, X-CUBE-EEPRMA1_V5.1.0, X-CUBE-FREERTOS_V1.3.1, X-CUBE-GNSS1_V6.0.0, X-CUBE-MEMS1_V11.3.0, X-CUBE-NFC4_V3.0.0, X-CUBE-NFC7_V2.0.0, X-CUBE-SFXS2LP1_V4.0.0, X-CUBE-SUBG2_V5.0.0, X-CUBE-TOF1_V3.4.3]
2025-06-25 09:49:12,715 [ERROR] DbExamplesSqlite:437 - Missing JSON key: board_cpn
2025-06-25 09:49:12,715 [ERROR] DbExamplesSqlite:437 - Missing JSON key: board_cpn
2025-06-25 09:49:12,715 [ERROR] DbExamplesSqlite:437 - Missing JSON key: board_cpn
2025-06-25 09:49:12,716 [ERROR] DbExamplesSqlite:437 - Missing JSON key: board_cpn
2025-06-25 09:49:12,824 [ERROR] DbExamplesSqlite:437 - Missing JSON key: board_cpn
2025-06-25 09:49:12,824 [ERROR] DbExamplesSqlite:437 - Missing JSON key: board_cpn
2025-06-25 09:49:12,824 [ERROR] DbExamplesSqlite:437 - Missing JSON key: board_cpn
2025-06-25 09:49:12,824 [ERROR] DbExamplesSqlite:437 - Missing JSON key: board_cpn
2025-06-25 09:49:12,824 [ERROR] DbExamplesSqlite:437 - Missing JSON key: board_cpn
2025-06-25 09:49:12,824 [ERROR] DbExamplesSqlite:437 - Missing JSON key: board_cpn
2025-06-25 09:49:12,824 [ERROR] DbExamplesSqlite:437 - Missing JSON key: board_cpn
2025-06-25 09:49:12,826 [ERROR] DbExamplesSqlite:437 - Missing JSON key: board_cpn
2025-06-25 09:49:12,826 [ERROR] DbExamplesSqlite:437 - Missing JSON key: board_cpn
2025-06-25 09:49:12,951 [ERROR] DbExamplesSqlite:437 - Missing JSON key: board_cpn
2025-06-25 09:49:12,958 [INFO] DbExamplesSqlite:395 - Ignored 46 examples not supported by CubeIDE
2025-06-25 09:49:12,960 [INFO] DbExamplesSqlite:396 - Found 10825 examples active
2025-06-25 09:49:12,960 [INFO] DbExamplesSqlite:397 - Found 0 examples obsolete
2025-06-25 09:49:12,960 [INFO] DbExamplesSqlite:398 - Found 0 examples under development
2025-06-25 09:49:12,960 [INFO] DbExamplesSqlite:399 - Found 79 examples not building
2025-06-25 09:49:12,960 [INFO] DbExamples:125 - Found 10858 examples
2025-06-25 09:49:12,979 [ERROR] DbExamples:208 - Found 3 examples with invalid data (board or MCU)
2025-06-25 09:49:12,979 [INFO] DbExamples:222 - Found 133 boards with related examples
2025-06-25 09:49:12,979 [INFO] DbExamples:235 - Found 109 MCUs with related examples
2025-06-25 09:49:12,991 [INFO] ApiDb:414 - User favorites file not found: C:\Users\nisha/.stm32cubeide/favorites.examples.txt
2025-06-25 09:49:12,991 [INFO] DbExamples:250 - Set 0 / 0 favorites Examples
2025-06-25 09:49:13,037 [INFO] McuFinderGlobals:76 - Set McuFinderConnectedMode to true
2025-06-25 09:49:13,037 [INFO] MultiScanPanel:200 - Auto-refresh data requested => check proxy status ongoing
2025-06-25 09:49:13,037 [INFO] FinderPluginLoader:95 - Searching for filters in installed packs
2025-06-25 09:49:13,866 [INFO] LoadUrlFilesThread:185 - End of LoadServerUrlFiles without Thread
2025-06-25 09:49:13,866 [INFO] DetailPanel:341 - Set advertising image to C:/Users/nisha/STM32Cube/Repository/\en.cubemxfinderstm32wba6.jpg
2025-06-25 09:49:21,642 [INFO] MultiScanPanel:200 - Auto-refresh data requested => check proxy status ongoing
2025-06-25 09:49:21,766 [INFO] LoadUrlFilesThread:185 - End of LoadServerUrlFiles without Thread
2025-06-25 09:49:21,766 [INFO] DetailPanel:341 - Set advertising image to C:/Users/nisha/STM32Cube/Repository/\en.cubemxfinderstm32wba6.jpg
2025-06-25 09:49:21,803 [INFO] DbBoards:642 - Loading board mini-images...
2025-06-25 09:49:23,464 [INFO] DbBoards:665 - Loaded 211 board mini-images
2025-06-25 09:50:14,144 [INFO] MainUpdater:2873 - connection check result : 10
2025-06-25 09:50:14,144 [INFO] MainUpdater:2873 - connection check result : 10
2025-06-25 09:50:14,200 [INFO] RulesReader:64 - Compatibility file has been processed (297 Rules)
2025-06-25 09:50:14,208 [INFO] RulesReader:64 - Compatibility file has been processed (297 Rules)
2025-06-25 09:50:14,213 [INFO] MicroXplorer:468 - Change Database Path : 
2025-06-25 09:50:14,213 [INFO] MicroXplorer:498 - Change Database Version : DB.6.0.120
2025-06-25 09:50:14,224 [WARN] ThirdParty:871 - waiting for thirdparty lock release [close project]
2025-06-25 09:50:14,224 [INFO] ThirdParty:873 - entering critical section [close project]
2025-06-25 09:50:14,226 [INFO] ThirdParty:883 - exiting critical section [close project]
2025-06-25 09:50:14,230 [INFO] PinOutPanel:1561 - setPackage(No Configuration,No Configuration)
2025-06-25 09:50:14,236 [INFO] UtilMem:75 - Begin LoadConfig() Used Memory: 562411472 Bytes (828375040)
2025-06-25 09:50:14,242 [INFO] OpenFileManager:332 - Change cursor
2025-06-25 09:50:14,282 [INFO] ProjectFactory:442 - No CPN specified for board STM32F407G-DISC1 => set CPN to STM32F407VGT6
2025-06-25 09:50:14,283 [INFO] Mcu:2032 - Initializing MCU STM32F407V(E-G)Tx STM32F407VGTx STM32F407VGT6
2025-06-25 09:50:16,007 [INFO] Context:742 - Trying to add GPIOservice into a context  which must be forbidden
2025-06-25 09:50:16,383 [INFO] Rule:228 - rule 117617 - U5Cobra4M][GTZC] default value MPCBB3 and MPCBB5 - Not Secured memory - MPCBB1 is applicable
2025-06-25 09:50:16,383 [INFO] Rule:228 - rule 117617 - U5Cobra4M][GTZC] default value MPCBB3 and MPCBB5 - Not Secured memory - MPCBB1 is applicable
2025-06-25 09:50:16,383 [INFO] Rule:228 - rule 117617 - U5Cobra4M][GTZC] default value MPCBB3 and MPCBB5 - Not Secured memory - MPCBB2 is applicable
2025-06-25 09:50:16,384 [INFO] Rule:228 - rule 117617 - U5Cobra4M][GTZC] default value MPCBB3 and MPCBB5 - Not Secured memory - MPCBB2 is applicable
2025-06-25 09:50:16,384 [INFO] Rule:228 - rule 117617 - U5Cobra4M][GTZC] default value MPCBB3 and MPCBB5 - Not Secured memory - MPCBB3 is applicable
2025-06-25 09:50:16,384 [INFO] Rule:228 - rule 117617 - U5Cobra4M][GTZC] default value MPCBB3 and MPCBB5 - Not Secured memory - MPCBB3 is applicable
2025-06-25 09:50:16,384 [INFO] Rule:228 - rule 117617 - U5Cobra4M][GTZC] default value MPCBB3 and MPCBB5 - Not Secured memory - MPCBB4 is applicable
2025-06-25 09:50:16,384 [INFO] Rule:228 - rule 117617 - U5Cobra4M][GTZC] default value MPCBB3 and MPCBB5 - Not Secured memory - MPCBB4 is applicable
2025-06-25 09:50:16,384 [INFO] Rule:228 - rule 117617 - U5Cobra4M][GTZC] default value MPCBB3 and MPCBB5 - Secured memory - MPCBB1 is applicable
2025-06-25 09:50:16,384 [INFO] Rule:228 - rule 117617 - U5Cobra4M][GTZC] default value MPCBB3 and MPCBB5 - Secured memory - MPCBB2 is applicable
2025-06-25 09:50:16,384 [INFO] Rule:228 - rule 117617 - U5Cobra4M][GTZC] default value MPCBB3 and MPCBB5 - Secured memory - MPCBB3 is applicable
2025-06-25 09:50:16,384 [INFO] Rule:228 - rule 117617 - U5Cobra4M][GTZC] default value MPCBB3 and MPCBB5 - Secured memory - MPCBB4 is applicable
2025-06-25 09:50:16,384 [INFO] Rule:228 - rule 117617 - U5Cobra4M][GTZC] default value MPCBB3 and MPCBB5 - Privileged memory - MPCBB1 is applicable
2025-06-25 09:50:16,384 [INFO] Rule:228 - rule 117617 - U5Cobra4M][GTZC] default value MPCBB3 and MPCBB5 - Privileged memory - MPCBB2 is applicable
2025-06-25 09:50:16,384 [INFO] Rule:228 - rule 117617 - U5Cobra4M][GTZC] default value MPCBB3 and MPCBB5 - Privileged memory - MPCBB3 is applicable
2025-06-25 09:50:16,384 [INFO] Rule:228 - rule 117617 - U5Cobra4M][GTZC] default value MPCBB3 and MPCBB5 - Privileged memory - MPCBB4 is applicable
2025-06-25 09:50:16,384 [INFO] Rule:228 - rule 117617 - U5Cobra4M][GTZC] default value MPCBB3 and MPCBB5 - Not Privileged memory - MPCBB1 is applicable
2025-06-25 09:50:16,384 [INFO] Rule:228 - rule 117617 - U5Cobra4M][GTZC] default value MPCBB3 and MPCBB5 - Not Privileged memory - MPCBB2 is applicable
2025-06-25 09:50:16,384 [INFO] Rule:228 - rule 117617 - U5Cobra4M][GTZC] default value MPCBB3 and MPCBB5 - Not Privileged memory - MPCBB3 is applicable
2025-06-25 09:50:16,384 [INFO] Rule:228 - rule 117617 - U5Cobra4M][GTZC] default value MPCBB3 and MPCBB5 - Not Privileged memory - MPCBB4 is applicable
2025-06-25 09:50:16,384 [INFO] Rule:228 - rule 117617 - U5Cobra4M][GTZC] default value MPCBB3 and MPCBB5 - Privileged memory - MPCBB1 is applicable
2025-06-25 09:50:16,384 [INFO] Rule:228 - rule 117617 - U5Cobra4M][GTZC] default value MPCBB3 and MPCBB5 - Privileged memory - MPCBB2 is applicable
2025-06-25 09:50:16,384 [INFO] Rule:228 - rule 117617 - U5Cobra4M][GTZC] default value MPCBB3 and MPCBB5 - Privileged memory - MPCBB3 is applicable
2025-06-25 09:50:16,384 [INFO] Rule:228 - rule 117617 - U5Cobra4M][GTZC] default value MPCBB3 and MPCBB5 - Privileged memory - MPCBB4 is applicable
2025-06-25 09:50:16,384 [INFO] Rule:228 - rule 117617 - U5Cobra4M][GTZC] default value MPCBB3 and MPCBB5 - Privileged memory - MPCBB1 is applicable
2025-06-25 09:50:16,384 [INFO] Rule:228 - rule 117617 - U5Cobra4M][GTZC] default value MPCBB3 and MPCBB5 - Privileged memory - MPCBB2 is applicable
2025-06-25 09:50:16,384 [INFO] Rule:228 - rule 117617 - U5Cobra4M][GTZC] default value MPCBB3 and MPCBB5 - Privileged memory - MPCBB3 is applicable
2025-06-25 09:50:16,384 [INFO] Rule:228 - rule 117617 - U5Cobra4M][GTZC] default value MPCBB3 and MPCBB5 - Privileged memory - MPCBB4 is applicable
2025-06-25 09:50:16,384 [INFO] Rule:228 - rule 117617 - U5Cobra4M][GTZC] default value MPCBB3 and MPCBB5 - Not Privileged memory - MPCBB1 is applicable
2025-06-25 09:50:16,384 [INFO] Rule:228 - rule 117617 - U5Cobra4M][GTZC] default value MPCBB3 and MPCBB5 - Not Privileged memory - MPCBB2 is applicable
2025-06-25 09:50:16,384 [INFO] Rule:228 - rule 117617 - U5Cobra4M][GTZC] default value MPCBB3 and MPCBB5 - Not Privileged memory - MPCBB3 is applicable
2025-06-25 09:50:16,384 [INFO] Rule:228 - rule 117617 - U5Cobra4M][GTZC] default value MPCBB3 and MPCBB5 - Not Privileged memory - MPCBB4 is applicable
2025-06-25 09:50:16,384 [INFO] Rule:228 - rule 117617 - U5Cobra4M][GTZC] default value MPCBB3 and MPCBB5 - Privileged memory - MPCBB1 is applicable
2025-06-25 09:50:16,384 [INFO] Rule:228 - rule 117617 - U5Cobra4M][GTZC] default value MPCBB3 and MPCBB5 - Privileged memory - MPCBB2 is applicable
2025-06-25 09:50:16,384 [INFO] Rule:228 - rule 117617 - U5Cobra4M][GTZC] default value MPCBB3 and MPCBB5 - Privileged memory - MPCBB3 is applicable
2025-06-25 09:50:16,384 [INFO] Rule:228 - rule 117617 - U5Cobra4M][GTZC] default value MPCBB3 and MPCBB5 - Privileged memory - MPCBB4 is applicable
2025-06-25 09:50:16,384 [INFO] Rule:228 - rule Rename SubGHz_Phy SUBGHZ_APPLICATION SUBGHZ_PINGPONG to SUBGHZ_ADV_APPLICATION is applicable
2025-06-25 09:50:16,384 [INFO] Rule:228 - rule Rename Enabled to IBEACON is applicable
2025-06-25 09:50:16,384 [INFO] Rule:228 - rule GTZC_S instance for project manager is applicable
2025-06-25 09:50:16,384 [INFO] Rule:228 - rule GTZC_S instance for context M33S is applicable
2025-06-25 09:50:16,384 [INFO] Rule:228 - rule GTZC_S instance value for IP GTZC is applicable
2025-06-25 09:50:16,384 [INFO] Rule:228 - rule GTZC_S instance for mcu.IP is applicable
2025-06-25 09:50:16,384 [INFO] Rule:228 - rule GTZC_S instance for VP is applicable
2025-06-25 09:50:16,384 [INFO] Rule:228 - rule GTZC_S instance for signal is applicable
2025-06-25 09:50:16,384 [INFO] Rule:228 - rule GTZC_S instance for mcu.Pin is applicable
2025-06-25 09:50:16,384 [INFO] Rule:228 - rule GTZC_S instance for VP is applicable
2025-06-25 09:50:16,384 [INFO] Rule:228 - rule GTZC_S instance for signal is applicable
2025-06-25 09:50:16,384 [INFO] Rule:228 - rule GTZC_S instance for mcu is applicable
2025-06-25 09:50:16,384 [INFO] Rule:228 - rule GTZC_S instance for mcu.Pin is applicable
2025-06-25 09:50:16,384 [INFO] Rule:228 - rule GTZC_S instance value for IP GTZC is applicable
2025-06-25 09:50:16,384 [INFO] Rule:228 - rule GTZC_S instance for project manager is applicable
2025-06-25 09:50:16,384 [INFO] Rule:228 - rule GTZC_S instance for context M33S is applicable
2025-06-25 09:50:16,384 [INFO] Rule:228 - rule GTZC_S instance for VP is applicable
2025-06-25 09:50:16,384 [INFO] Rule:228 - rule GTZC_S instance for signal is applicable
2025-06-25 09:50:16,384 [INFO] Rule:228 - rule SPDIFRX instance for mcu is applicable
2025-06-25 09:50:16,384 [INFO] Rule:228 - rule Rename Tracer Mode is applicable
2025-06-25 09:50:16,384 [INFO] Rule:228 - rule SPDIFRX instance value for IP SPDIFRX is applicable
2025-06-25 09:50:16,385 [INFO] Rule:228 - rule SPDIFRX instance for signal is applicable
2025-06-25 09:50:16,385 [INFO] Rule:228 - rule SPDIFRX instance for project manager is applicable
2025-06-25 09:50:16,385 [INFO] Rule:228 - rule SPDIFRX instance for project manager is applicable
2025-06-25 09:50:16,385 [INFO] Rule:228 - rule ADC Scan  fix with FW F7 is applicable
2025-06-25 09:50:16,385 [INFO] Rule:228 - rule ADC Scan  fix with FW F7 is applicable
2025-06-25 09:50:16,385 [INFO] Rule:228 - rule WakeUp0 Mode is applicable
2025-06-25 09:50:16,385 [INFO] Rule:228 - rule WakeUp0 SIGNAL is applicable
2025-06-25 09:50:16,385 [INFO] Rule:228 - rule WakeUp1 Mode is applicable
2025-06-25 09:50:16,385 [INFO] Rule:228 - rule WakeUp1 SIGNAL is applicable
2025-06-25 09:50:16,385 [INFO] Rule:228 - rule WakeUp2 Mode is applicable
2025-06-25 09:50:16,385 [INFO] Rule:228 - rule WakeUp2 SIGNAL is applicable
2025-06-25 09:50:16,385 [INFO] Rule:228 - rule WakeUp4 Mode is applicable
2025-06-25 09:50:16,385 [INFO] Rule:228 - rule WakeUp4 SIGNAL is applicable
2025-06-25 09:50:16,385 [INFO] Rule:228 - rule WakeUp5 Mode is applicable
2025-06-25 09:50:16,385 [INFO] Rule:228 - rule WakeUp5 SIGNAL is applicable
2025-06-25 09:50:16,385 [INFO] Rule:228 - rule UART/USART WORD LENGTH 7 is applicable
2025-06-25 09:50:16,385 [INFO] Rule:228 - rule UART/USART WORD LENGTH 8 is applicable
2025-06-25 09:50:16,385 [INFO] Rule:228 - rule UART/USART WORD LENGTH 9 is applicable
2025-06-25 09:50:16,385 [INFO] Rule:228 - rule Change Default Value for LSE Drive Capability for WB family is applicable
2025-06-25 09:50:16,385 [INFO] Rule:228 - rule Change Default Value for ADC Clock Prescaler G0 family is applicable
2025-06-25 09:50:16,385 [INFO] Rule:228 - rule ADC SamplingTime fix with FW L0  is applicable
2025-06-25 09:50:16,385 [INFO] Rule:228 - rule ADC SamplingTime fix with FW L0  is applicable
2025-06-25 09:50:16,385 [INFO] Rule:228 - rule ADC SamplingTime fix with FW L0 is applicable
2025-06-25 09:50:16,385 [INFO] Rule:228 - rule ADC SamplingTime fix with FW L0 is applicable
2025-06-25 09:50:16,385 [INFO] Rule:228 - rule ADC SamplingTime fix with FW L0  is applicable
2025-06-25 09:50:16,385 [INFO] Rule:228 - rule ADC SamplingTime fix with FW L0 is applicable
2025-06-25 09:50:16,385 [INFO] Rule:228 - rule Rename USB_OE Signal is applicable
2025-06-25 09:50:16,385 [INFO] Rule:228 - rule Rename Activate_OE Mode is applicable
2025-06-25 09:50:16,385 [INFO] Rule:228 - rule Rename DIE462/DIE415 pin PC14/OSC32_IN -> PC14-OSC32_IN (PC14) is applicable
2025-06-25 09:50:16,385 [INFO] Rule:228 - rule Rename DIE462/DIE415 pin PC15/OSC32_OUT -> PC15-OSC32_OUT (PC15) is applicable
2025-06-25 09:50:16,385 [INFO] Rule:228 - rule Rename DIE462/DIE415 pin PH0/OSC_IN -> PH0-OSC_IN (PH0) is applicable
2025-06-25 09:50:16,385 [INFO] Rule:228 - rule Rename DIE462/DIE415 pin PH1/OSC_OUT -> PH1-OSC_OUT (PH1) is applicable
2025-06-25 09:50:16,385 [INFO] Rule:228 - rule Rename DIE462 pin PA13 -> PA13 (JTMS/SWDIO) is applicable
2025-06-25 09:50:16,385 [INFO] Rule:228 - rule Rename DIE415 pin PA13 -> PA13 (JTMS/SWDIO) is applicable
2025-06-25 09:50:16,385 [INFO] Rule:228 - rule Rename DIE462 pin PA14 -> PA14 (JTCK/SWCLK) is applicable
2025-06-25 09:50:16,385 [INFO] Rule:228 - rule Rename DIE415 pin PA14 -> PA14 (JTCK/SWCLK) is applicable
2025-06-25 09:50:16,385 [INFO] Rule:228 - rule Rename DIE462/DIE415 pin PA15 -> PA15 (JTDI) is applicable
2025-06-25 09:50:16,385 [INFO] Rule:228 - rule Rename DIE462 pin PB3 -> PB3 (JTD0/TRACESWO) is applicable
2025-06-25 09:50:16,385 [INFO] Rule:228 - rule Rename DIE415 pin PB3 -> PB3 (JTD0-TRACESWO) is applicable
2025-06-25 09:50:16,386 [INFO] Rule:228 - rule Rename DIE462/DIE415 pin PB4 -> PB4 (NJTRST) is applicable
2025-06-25 09:50:16,386 [INFO] Rule:228 - rule Rename DIE462 pin PH3/BOOT0 -> PH3-BOOT0 (BOOT0) is applicable
2025-06-25 09:50:16,386 [INFO] Rule:228 - rule Rename CRYP DataEncryptionTypesList to Algorithm is applicable
2025-06-25 09:50:16,386 [INFO] Rule:228 - rule Rename AES DataEncryptionTypesList to Algorithm is applicable
2025-06-25 09:50:16,386 [INFO] Rule:228 - rule Rename TDESECB to CRYP_TDES_ECB is applicable
2025-06-25 09:50:16,386 [INFO] Rule:228 - rule Rename TDESCBC to CRYP_TDES_CBC is applicable
2025-06-25 09:50:16,386 [INFO] Rule:228 - rule Rename DESECB to CRYP_DES_ECB is applicable
2025-06-25 09:50:16,386 [INFO] Rule:228 - rule Rename DESCBC to CRYP_DES_CBC is applicable
2025-06-25 09:50:16,386 [INFO] Rule:228 - rule Rename AESECB to CRYP_AES_ECB is applicable
2025-06-25 09:50:16,386 [INFO] Rule:228 - rule Rename AESCBC to CRYP_AES_CBC is applicable
2025-06-25 09:50:16,386 [INFO] Rule:228 - rule Rename AESCTR to CRYP_AES_CTR is applicable
2025-06-25 09:50:16,386 [INFO] Rule:228 - rule Rename AESGCM to CRYP_AES_GCM is applicable
2025-06-25 09:50:16,386 [INFO] Rule:228 - rule Rename AESCCM to CRYP_AES_CCM is applicable
2025-06-25 09:50:16,386 [INFO] Rule:228 - rule Rename CAN TimeSeg1 to BS1 is applicable
2025-06-25 09:50:16,386 [INFO] Rule:228 - rule Rename CAN TimeSeg2 to BS2 is applicable
2025-06-25 09:50:16,386 [INFO] Rule:228 - rule Rename CAN SyncJumpWidth to SJW is applicable
2025-06-25 09:50:16,386 [INFO] Rule:228 - rule TimeTriggeredMode to TTCM is applicable
2025-06-25 09:50:16,386 [INFO] Rule:228 - rule Rename CAN AutoBusOff to ABOM is applicable
2025-06-25 09:50:16,386 [INFO] Rule:228 - rule Rename CAN AutoWakeUp to AWUM is applicable
2025-06-25 09:50:16,386 [INFO] Rule:228 - rule Rename CAN AutoRetransmission to NART is applicable
2025-06-25 09:50:16,386 [INFO] Rule:228 - rule Rename CAN ReceiveFifoLocked to RFLM is applicable
2025-06-25 09:50:16,386 [INFO] Rule:228 - rule Rename CAN TransmitFifoPriority to TXFP is applicable
2025-06-25 09:50:16,386 [INFO] Rule:228 - rule Rename HRTIMER HRTIM_OUTPUTFAULTLEVEL_HIGH in HRTIMER HRTIM_OUTPUTFAULTLEVEL_HIGHZ is applicable
2025-06-25 09:50:16,386 [INFO] Rule:228 - rule Rename TIMER TIM_CLEARINPUTSOURCE_OCREFCLR in  TIMER TIM_CLEARINPUTSOURCE_NONE for F7 family is applicable
2025-06-25 09:50:16,386 [INFO] Rule:228 - rule FDCAN_R1 - Rename FDCAN mode Master into Classic is applicable
2025-06-25 09:50:16,386 [INFO] Rule:228 - rule FDCAN_R2 - Rename FDCAN mode Slave into Classic is applicable
2025-06-25 09:50:16,386 [INFO] Rule:228 - rule FDCAN1_R3 - if PA10.Mode=FullDuplex, add Pin PA12 is applicable
2025-06-25 09:50:16,386 [INFO] Rule:228 - rule FDCAN1_R3 - if PA9.Mode=FullDuplex, add Pin PA11 is applicable
2025-06-25 09:50:16,386 [INFO] Rule:228 - rule FDCAN1_R3 - Alternatepin_1 - if PE1.Mode=FullDuplex, add Pin PB9 is applicable
2025-06-25 09:50:16,386 [INFO] Rule:228 - rule FDCAN1_R3 - Alternatepin_1 - if PE0.Mode=FullDuplex, add Pin PB8 is applicable
2025-06-25 09:50:16,386 [INFO] Rule:228 - rule FDCAN1_R3 - Alternatepin_2 - if PD5.Mode=FullDuplex, add Pin PD1 is applicable
2025-06-25 09:50:16,386 [INFO] Rule:228 - rule FDCAN1_R3 - Alternatepin_2 - if PD4.Mode=FullDuplex, add Pin PD0 is applicable
2025-06-25 09:50:16,386 [INFO] Rule:228 - rule FDCAN1_R4 - Rename Mode FullDuplex into Enable FDCAN_TXFD for pin PA10 is applicable
2025-06-25 09:50:16,386 [INFO] Rule:228 - rule FDCAN1_R4 - Rename Mode FullDuplex into Enable FDCAN_TXFD for pin PA9 is applicable
2025-06-25 09:50:16,386 [INFO] Rule:228 - rule FDCAN1_R4 - Alternatepin_1 - Rename Mode FullDuplex into Enable FDCAN_TXFD for pin PE1 is applicable
2025-06-25 09:50:16,386 [INFO] Rule:228 - rule FDCAN1_R4 - Alternatepin_1 - Rename Mode FullDuplex into Enable FDCAN_TXFD for pin PE0 is applicable
2025-06-25 09:50:16,386 [INFO] Rule:228 - rule FDCAN1_R4 - Alternatepin_2 - Rename Mode FullDuplex into Enable FDCAN_TXFD for pin PD5 is applicable
2025-06-25 09:50:16,386 [INFO] Rule:228 - rule FDCAN1_R4 - Alternatepin_2 - Rename Mode FullDuplex into Enable FDCAN_TXFD for pin PD4 is applicable
2025-06-25 09:50:16,386 [INFO] Rule:228 - rule FDCAN2_R3 - if PD10.Mode=FullDuplex, add Pin PB13 is applicable
2025-06-25 09:50:16,386 [INFO] Rule:228 - rule FDCAN2_R3 - if PD9.Mode=FullDuplex, add Pin PB12 is applicable
2025-06-25 09:50:16,386 [INFO] Rule:228 - rule FDCAN2_R3 - Alternatepin_1 - if PB7.Mode=FullDuplex, add Pin PB6 is applicable
2025-06-25 09:50:16,386 [INFO] Rule:228 - rule FDCAN2_R3 - Alternatepin_1 - if PD9.Mode=FullDuplex, add Pin PB12 is applicable
2025-06-25 09:50:16,386 [INFO] Rule:228 - rule FDCAN2_R4 - Rename Mode FullDuplex into Enable FDCAN_TXFD for pin PD10 is applicable
2025-06-25 09:50:16,386 [INFO] Rule:228 - rule FDCAN2_R4 - Rename Mode FullDuplex into Enable FDCAN_TXFD for pin PD9 is applicable
2025-06-25 09:50:16,386 [INFO] Rule:228 - rule FDCAN2_R4 - Alternatepin_1 - Rename Mode FullDuplex into Enable FDCAN_TXFD for pin PB7 is applicable
2025-06-25 09:50:16,386 [INFO] Rule:228 - rule FDCAN2_R4 - Alternatepin_1 - Rename Mode FullDuplex into Enable FDCAN_TXFD for pin PD6 is applicable
2025-06-25 09:50:16,386 [INFO] Rule:228 - rule USART TxPinLevelInvertParam Mode is applicable
2025-06-25 09:50:16,386 [INFO] Rule:228 - rule USART RxPinLevelInvertParam Mode is applicable
2025-06-25 09:50:16,386 [INFO] Rule:228 - rule USART DataInvertParam Mode is applicable
2025-06-25 09:50:16,387 [INFO] Rule:228 - rule USART SwapParam Mode is applicable
2025-06-25 09:50:16,387 [INFO] Rule:228 - rule USART OverrunDisableParam Mode is applicable
2025-06-25 09:50:16,387 [INFO] Rule:228 - rule USART DMADisableonRxErrorParam Mode is applicable
2025-06-25 09:50:16,387 [INFO] Rule:228 - rule USART MSBFirstParam Mode is applicable
2025-06-25 09:50:16,387 [INFO] Rule:228 - rule Update MwName for USB_DEVICE is applicable
2025-06-25 09:50:16,387 [INFO] Rule:228 - rule Change PWR_Regulator_Voltage_Scale Default Value for RCC  H7 family is applicable
2025-06-25 09:50:16,387 [INFO] Rule:228 - rule UART/USART IPParameter rename Prescaler parameter to ClockPrescaler is applicable
2025-06-25 09:50:16,387 [INFO] Rule:228 - rule UART/USART Prescaler rename Prescaler parameter to ClockPrescaler is applicable
2025-06-25 09:50:16,387 [INFO] Rule:228 - rule TIM1CLockSelection is applicable
2025-06-25 09:50:16,387 [INFO] Rule:228 - rule TIM15CLockSelection is applicable
2025-06-25 09:50:16,387 [INFO] Rule:228 - rule align RCC SDMMC3CLockSelection default value on MP1 is applicable
2025-06-25 09:50:16,387 [INFO] Rule:228 - rule align RCC SDMMC12CLockSelection default value on MP1 is applicable
2025-06-25 09:50:16,387 [INFO] Rule:228 - rule align RCC QSPICLockSelection default value on MP1 is applicable
2025-06-25 09:50:16,387 [INFO] Rule:228 - rule align RCC QSPICLockSelection default value on MP1 is applicable
2025-06-25 09:50:16,387 [INFO] Rule:228 - rule align RCC SPI6CLockSelection default value on MP1 is applicable
2025-06-25 09:50:16,387 [INFO] Rule:228 - rule align RCC LPTIM23CLockSelection default value on MP1 is applicable
2025-06-25 09:50:16,387 [INFO] Rule:228 - rule align RCC LPTIM1CLockSelection default value on MP1 is applicable
2025-06-25 09:50:16,387 [INFO] Rule:228 - rule align RCC USART1CLockSelection default value on MP1 is applicable
2025-06-25 09:50:16,387 [INFO] Rule:228 - rule align RCC USART24CLockSelection default value on MP1 is applicable
2025-06-25 09:50:16,387 [INFO] Rule:228 - rule align RCC USART6CLockSelection default value on MP1 is applicable
2025-06-25 09:50:16,387 [INFO] Rule:228 - rule align RCC UART78CLockSelection default value on MP1 is applicable
2025-06-25 09:50:16,387 [INFO] Rule:228 - rule align RCC USART35CLockSelection default value on MP1 is applicable
2025-06-25 09:50:16,387 [INFO] Rule:228 - rule align RCC SPI45CLockSelection default value on MP1 is applicable
2025-06-25 09:50:16,387 [INFO] Rule:228 - rule align RCC I2C46CLockSelection BCLK value on MP1 is applicable
2025-06-25 09:50:16,387 [INFO] Rule:228 - rule align RCC SPI45CLockSelection default value on MP1 is applicable
2025-06-25 09:50:16,387 [INFO] Rule:228 - rule align RCC I2C12CLockSelection default value on MP1 is applicable
2025-06-25 09:50:16,387 [INFO] Rule:228 - rule align RCC I2C35CLockSelection default value on MP1 is applicable
2025-06-25 09:50:16,387 [INFO] Rule:228 - rule align RCC LPTIM45CLockSelection default value on MP1 is applicable
2025-06-25 09:50:16,387 [INFO] Rule:228 - rule Rename DCMI PIXCK signal is applicable
2025-06-25 09:50:16,387 [INFO] Rule:228 - rule Change Default Value for I2C46CLockSelection MP1 family is applicable
2025-06-25 09:50:16,387 [INFO] Rule:228 - rule Change Default Value for UART for G4, G0 and WB families is applicable
2025-06-25 09:50:16,387 [INFO] Rule:228 - rule Change Default Value for USART for G4, G0 and WB families is applicable
2025-06-25 09:50:16,387 [INFO] Rule:228 - rule Change Default Value for USART for G4 family is applicable
2025-06-25 09:50:16,387 [INFO] Rule:228 - rule Change USART1CLockSelection refparam name for MP1 is applicable
2025-06-25 09:50:16,387 [INFO] Rule:228 - rule Change USART2CLockSelection refparam name for MP1 is applicable
2025-06-25 09:50:16,387 [INFO] Rule:228 - rule Change USART3CLockSelection refparam name for MP1 is applicable
2025-06-25 09:50:16,387 [INFO] Rule:228 - rule Change UART4CLockSelection refparam name for MP1 is applicable
2025-06-25 09:50:16,387 [INFO] Rule:228 - rule Change UART5CLockSelection refparam name for MP1 is applicable
2025-06-25 09:50:16,387 [INFO] Rule:228 - rule Change LPUART1CLockSelection refparam name for MP1 is applicable
2025-06-25 09:50:16,387 [INFO] Rule:228 - rule Change LPTIM1CLockSelection refparam name for MP1 is applicable
2025-06-25 09:50:16,387 [INFO] Rule:228 - rule Change LPTIM2CLockSelection refparam name for MP1 is applicable
2025-06-25 09:50:16,387 [INFO] Rule:228 - rule Change RCC_MCO1Source refparam name for MP1 is applicable
2025-06-25 09:50:16,387 [INFO] Rule:228 - rule Change LSCOSource1 refparam name for MP1 is applicable
2025-06-25 09:50:16,387 [INFO] Rule:228 - rule Change SMPSCLockSelection refparam name for MP1 is applicable
2025-06-25 09:50:16,387 [INFO] Rule:228 - rule Change LPTIM3CLockSelection refparam name for MP1 is applicable
2025-06-25 09:50:16,387 [INFO] Rule:228 - rule Change MPCBB* Default Template Mode to Parameters is applicable
2025-06-25 09:50:16,387 [INFO] Rule:228 - rule Change MPCWM* or MPCBB* Secure Mode to Parameters is applicable
2025-06-25 09:50:16,387 [INFO] Rule:228 - rule Change MPCWM* or MPCBB* No Secure Mode to Parameters is applicable
2025-06-25 09:50:16,387 [INFO] Rule:228 - rule Change TZSC IP Secure Mode to Parameters is applicable
2025-06-25 09:50:16,387 [INFO] Rule:228 - rule Change TZSC IP No Secure Mode to Parameters is applicable
2025-06-25 09:50:16,387 [INFO] Rule:228 - rule Change TZSC IP Privilege Mode to Parameters is applicable
2025-06-25 09:50:16,387 [INFO] Rule:228 - rule Change TZSC IP No Privilege Mode to Parameters is applicable
2025-06-25 09:50:16,387 [INFO] Rule:228 - rule Change TZIC IT Secure Mode to Parameters is applicable
2025-06-25 09:50:16,387 [INFO] Rule:228 - rule Change TZIC IT No Secure Mode to Parameters is applicable
2025-06-25 09:50:16,387 [INFO] Rule:228 - rule Add MPCBB1_NonSecureArea_Start_Address value with referenced to MPCBB1_NonSecureArea_Start value is applicable
2025-06-25 09:50:16,388 [INFO] Rule:228 - rule Add MPCBB2_NonSecureArea_Start_Address value with referenced to MPCBB2_NonSecureArea_Start value is applicable
2025-06-25 09:50:16,388 [INFO] Rule:228 - rule Add MPCWM1_NonSecureArea*_Start_Address value with referenced to MPCWM1_NonSecureArea*_Start value is applicable
2025-06-25 09:50:16,388 [INFO] Rule:228 - rule Add MPCWM2_NonSecureArea*_Start_Address value with referenced to MPCWM2_NonSecureArea*_Start value is applicable
2025-06-25 09:50:16,388 [INFO] Rule:228 - rule Add MPCWM3_NonSecureArea_Start_Address value with referenced to MPCWM3_NonSecureArea_Start value is applicable
2025-06-25 09:50:16,388 [INFO] Rule:228 - rule Change Default Value for PLL1UserDefinedConfig is applicable
2025-06-25 09:50:16,388 [INFO] Rule:228 - rule Change GPIO_PuPd Default Value for USART in async mode is applicable
2025-06-25 09:50:16,388 [INFO] Rule:228 - rule Change SMPSDivider Default Value is applicable
2025-06-25 09:50:16,388 [INFO] Rule:228 - rule OPAMP is applicable
2025-06-25 09:50:16,388 [INFO] Rule:228 - rule LPUART IPParameter rename Prescaler parameter to ClockPrescaler for STM32H7 is applicable
2025-06-25 09:50:16,388 [INFO] Rule:228 - rule LPUART IPParameter rename Prescaler parameter to ClockPrescaler for STM32H7 is applicable
2025-06-25 09:50:16,388 [INFO] Rule:228 - rule LPUART IPParameter rename Prescaler parameter to ClockPrescaler for STM32WB is applicable
2025-06-25 09:50:16,388 [INFO] Rule:228 - rule LPUART IPParameter rename Prescaler parameter to ClockPrescaler for STM32WB is applicable
2025-06-25 09:50:16,388 [INFO] Rule:228 - rule LPUART IPParameter rename Prescaler parameter to ClockPrescaler for STM32G4 is applicable
2025-06-25 09:50:16,388 [INFO] Rule:228 - rule LPUART IPParameter rename Prescaler parameter to ClockPrescaler for STM32G4 is applicable
2025-06-25 09:50:16,388 [INFO] Rule:228 - rule LPUART IPParameter rename Prescaler parameter to ClockPrescaler for STM32L5 is applicable
2025-06-25 09:50:16,388 [INFO] Rule:228 - rule LPUART IPParameter rename Prescaler parameter to ClockPrescaler for STM32L5 is applicable
2025-06-25 09:50:16,388 [INFO] Rule:228 - rule LPUART IPParameter rename Prescaler parameter to ClockPrescaler for STM32G4 is applicable
2025-06-25 09:50:16,388 [INFO] Rule:228 - rule LPUART IPParameter rename Prescaler parameter to ClockPrescaler for STM32G4 is applicable
2025-06-25 09:50:16,388 [INFO] Rule:228 - rule USB device lib V2.5.3 for L0 rename USBD_SUPPORT_USER_STRING parameter to USBD_SUPPORT_USER_STRING_DESC4 is applicable
2025-06-25 09:50:16,388 [INFO] Rule:228 - rule I2SCLockSelection clock entry align is applicable
2025-06-25 09:50:16,388 [INFO] Rule:228 - rule Assign TIMx context if used as SYS timebase is applicable
2025-06-25 09:50:16,388 [INFO] Rule:228 - rule Change GPIO_Pu Default Value for I2C is applicable
2025-06-25 09:50:16,388 [INFO] Rule:228 - rule Change GPIO_Pu Default Value for SMBus is applicable
2025-06-25 09:50:16,388 [INFO] Rule:228 - rule change FDCAN default value is applicable
2025-06-25 09:50:16,388 [INFO] Rule:228 - rule Change mode sai is applicable
2025-06-25 09:50:16,388 [INFO] Rule:228 - rule **Change sai mode is applicable
2025-06-25 09:50:16,388 [INFO] Rule:228 - rule Rename STM32WPAN CFG_BLE_IRK to CFG_BLE_IR is applicable
2025-06-25 09:50:16,388 [INFO] Rule:228 - rule Rename STM32WPAN CFG_BLE_ERK to CFG_BLE_ER is applicable
2025-06-25 09:50:16,388 [INFO] Rule:228 - rule Rename STM32WPAN CFG_BLE_IRK_HEX to CFG_BLE_IR_HEX is applicable
2025-06-25 09:50:16,388 [INFO] Rule:228 - rule Rename STM32WPAN CFG_BLE_ERK_HEX to CFG_BLE_ER_HEX is applicable
2025-06-25 09:50:16,400 [INFO] DbConfProperties:307 - Apply Compatibility (34/230 Rules)
2025-06-25 09:50:16,433 [INFO] ImportTextPane:205 - (OptionalMessage_ERROR) Unable to find key (Mcu.ThirdPartyNb) in loaded IOC file
2025-06-25 09:50:16,644 [INFO] RtosManager:555 - Registered RTOS mode: class=CMSIS, group=RTOS, mode=CMSIS_V1, owner=FREERTOS
2025-06-25 09:50:16,644 [INFO] RtosManager:555 - Registered RTOS mode: class=CMSIS, group=RTOS2, mode=CMSIS_V2, owner=FREERTOS
2025-06-25 09:50:16,644 [INFO] RtosManager:555 - Registered RTOS mode: class=RTOS, group=Core, mode=CMSIS_V1, owner=FREERTOS
2025-06-25 09:50:16,644 [INFO] RtosManager:555 - Registered RTOS mode: class=RTOS, group=Core, mode=CMSIS_V2, owner=FREERTOS
2025-06-25 09:50:16,645 [WARN] ModelIntegratedComponent:184 - Missing modes for component STMicroelectronics:FreeRTOS:0.0.1:STMicroelectronics:RTOS:FreeRTOS:Core:::10.2.0:
2025-06-25 09:50:16,662 [WARN] ModelIntegratedComponent:63 - No mode defined for component null
2025-06-25 09:50:16,663 [WARN] ModelIntegratedComponent:63 - No mode defined for component null
2025-06-25 09:50:16,663 [WARN] ModelIntegratedComponent:63 - No mode defined for component null
2025-06-25 09:50:16,663 [WARN] ModelIntegratedComponent:63 - No mode defined for component null
2025-06-25 09:50:16,663 [WARN] ModelIntegratedComponent:63 - No mode defined for component null
2025-06-25 09:50:16,663 [WARN] ModelIntegratedComponent:63 - No mode defined for component null
2025-06-25 09:50:16,663 [WARN] ModelIntegratedComponent:63 - No mode defined for component null
2025-06-25 09:50:16,663 [WARN] ModelIntegratedComponent:63 - No mode defined for component null
2025-06-25 09:50:16,663 [WARN] ModelIntegratedComponent:63 - No mode defined for component null
2025-06-25 09:50:16,663 [WARN] ModelIntegratedComponent:63 - No mode defined for component null
2025-06-25 09:50:16,663 [WARN] ModelIntegratedComponent:63 - No mode defined for component null
2025-06-25 09:50:16,663 [WARN] ModelIntegratedComponent:63 - No mode defined for component null
2025-06-25 09:50:16,663 [WARN] ModelIntegratedComponent:63 - No mode defined for component null
2025-06-25 09:50:16,663 [WARN] ModelIntegratedComponent:63 - No mode defined for component null
2025-06-25 09:50:16,663 [WARN] ModelIntegratedComponent:63 - No mode defined for component null
2025-06-25 09:50:16,663 [WARN] ModelIntegratedComponent:63 - No mode defined for component null
2025-06-25 09:50:16,663 [WARN] ModelIntegratedComponent:63 - No mode defined for component null
2025-06-25 09:50:16,663 [WARN] ModelIntegratedComponent:63 - No mode defined for component null
2025-06-25 09:50:16,663 [WARN] ModelIntegratedComponent:63 - No mode defined for component null
2025-06-25 09:50:16,663 [WARN] ModelIntegratedComponent:63 - No mode defined for component null
2025-06-25 09:50:16,663 [WARN] ModelIntegratedComponent:63 - No mode defined for component null
2025-06-25 09:50:16,663 [WARN] ModelIntegratedComponent:63 - No mode defined for component null
2025-06-25 09:50:16,663 [WARN] ModelIntegratedComponent:63 - No mode defined for component null
2025-06-25 09:50:16,663 [WARN] ModelIntegratedComponent:63 - No mode defined for component null
2025-06-25 09:50:16,663 [WARN] ModelIntegratedComponent:63 - No mode defined for component null
2025-06-25 09:50:16,663 [WARN] ModelIntegratedComponent:63 - No mode defined for component null
2025-06-25 09:50:16,663 [WARN] ModelIntegratedComponent:63 - No mode defined for component null
2025-06-25 09:50:16,663 [WARN] ModelIntegratedComponent:63 - No mode defined for component null
2025-06-25 09:50:16,663 [WARN] ModelIntegratedComponent:63 - No mode defined for component null
2025-06-25 09:50:16,664 [WARN] ModelIntegratedComponent:63 - No mode defined for component null
2025-06-25 09:50:16,664 [WARN] ModelIntegratedComponent:63 - No mode defined for component null
2025-06-25 09:50:16,664 [WARN] ModelIntegratedComponent:63 - No mode defined for component null
2025-06-25 09:50:16,664 [WARN] ModelIntegratedComponent:63 - No mode defined for component null
2025-06-25 09:50:16,664 [WARN] ModelIntegratedComponent:63 - No mode defined for component null
2025-06-25 09:50:16,664 [WARN] ModelIntegratedComponent:63 - No mode defined for component null
2025-06-25 09:50:16,664 [WARN] ModelPack:524 - Component already loaded: STMicroelectronics:HAL Drivers:0.0.0:STMicroelectronics:Device:STMicro_Driver:XSPI:HAL::0.0.1:HAL_XSPI
2025-06-25 09:50:16,778 [INFO] ThirdPartyModel:298 - Start build external matchings
2025-06-25 09:50:17,572 [INFO] ThirdPartyModel:316 - End build external matchings
2025-06-25 09:50:17,984 [INFO] UtilMem:75 - End LoadConfig() Used Memory: 716341816 Bytes (1061158912)
2025-06-25 09:50:18,108 [WARN] ThirdParty:833 - waiting for thirdparty lock release [change project]
2025-06-25 09:50:18,108 [INFO] ThirdParty:835 - entering critical section [change project]
2025-06-25 09:50:18,108 [INFO] ThirdParty:1030 - CMSIS Pack Vendor :STMicroelectronics X-CUBE-PM33A1 1.0.0
2025-06-25 09:50:18,108 [INFO] ThirdParty:1030 - CMSIS Pack Vendor :STMicroelectronics USBPD 4.1
2025-06-25 09:50:18,108 [INFO] ThirdParty:1030 - CMSIS Pack Vendor :STMicroelectronics X-CUBE-AZRTOS-H7 3.3.0
2025-06-25 09:50:18,108 [INFO] ThirdParty:1030 - CMSIS Pack Vendor :STMicroelectronics X-CUBE-NFC9 1.0.0
2025-06-25 09:50:18,108 [INFO] ThirdParty:1030 - CMSIS Pack Vendor :STMicroelectronics X-CUBE-GNSS1 6.0.0
2025-06-25 09:50:18,108 [INFO] ThirdParty:1030 - CMSIS Pack Vendor :STMicroelectronics USB_HOST 2.0.0
2025-06-25 09:50:18,108 [INFO] ThirdParty:1030 - CMSIS Pack Vendor :STMicroelectronics FP-SNS-MOTENVWB1 1.4.0
2025-06-25 09:50:18,108 [INFO] ThirdParty:1030 - CMSIS Pack Vendor :STMicroelectronics X-CUBE-AZRTOS-F4 1.1.0
2025-06-25 09:50:18,108 [INFO] ThirdParty:1030 - CMSIS Pack Vendor :STMicroelectronics LIBJPEG 8.0.0
2025-06-25 09:50:18,108 [INFO] ThirdParty:1030 - CMSIS Pack Vendor :STMicroelectronics X-CUBE-BLE1 7.1.0
2025-06-25 09:50:18,108 [INFO] ThirdParty:1030 - CMSIS Pack Vendor :STMicroelectronics X-CUBE-SMBUS 2.1.0
2025-06-25 09:50:18,108 [INFO] ThirdParty:1030 - CMSIS Pack Vendor :STMicroelectronics X-CUBE-WB05N 1.1.0
2025-06-25 09:50:18,108 [INFO] ThirdParty:1030 - CMSIS Pack Vendor :STMicroelectronics USB_DEVICE 3.0.0
2025-06-25 09:50:18,108 [INFO] ThirdParty:1030 - CMSIS Pack Vendor :STMicroelectronics X-CUBE-TCPP 4.1.0
2025-06-25 09:50:18,108 [INFO] ThirdParty:1030 - CMSIS Pack Vendor :STMicroelectronics X-CUBE-ISPU 2.1.0
2025-06-25 09:50:18,108 [INFO] ThirdParty:1030 - CMSIS Pack Vendor :STMicroelectronics X-CUBE-FREERTOS 1.2.0
2025-06-25 09:50:18,108 [INFO] ThirdParty:1030 - CMSIS Pack Vendor :STMicroelectronics X-CUBE-IPS 3.0.0
2025-06-25 09:50:18,109 [INFO] ThirdParty:1030 - CMSIS Pack Vendor :STMicroelectronics X-CUBE-AZRTOS-WB 2.0.0
2025-06-25 09:50:18,109 [INFO] ThirdParty:1030 - CMSIS Pack Vendor :STMicroelectronics X-CUBE-GNSS1 7.0.0
2025-06-25 09:50:18,109 [INFO] ThirdParty:1030 - CMSIS Pack Vendor :STMicroelectronics X-CUBE-GNSS1 7.0.1
2025-06-25 09:50:18,109 [INFO] ThirdParty:1030 - CMSIS Pack Vendor :STMicroelectronics X-CUBE-AZRTOS-F7 1.1.0
2025-06-25 09:50:18,109 [INFO] ThirdParty:1030 - CMSIS Pack Vendor :STMicroelectronics X-CUBE-AZRTOS-L5 2.0.0
2025-06-25 09:50:18,109 [INFO] ThirdParty:1030 - CMSIS Pack Vendor :STMicroelectronics X-CUBE-TOUCHGFX 4.25.0
2025-06-25 09:50:18,109 [INFO] ThirdParty:1030 - CMSIS Pack Vendor :STMicroelectronics USB_DEVICE 2.0.0
2025-06-25 09:50:18,109 [INFO] ThirdParty:1030 - CMSIS Pack Vendor :STMicroelectronics X-CUBE-NFC6 3.1.0
2025-06-25 09:50:18,109 [INFO] ThirdParty:1030 - CMSIS Pack Vendor :STMicroelectronics X-CUBE-AI 10.1.0
2025-06-25 09:50:18,109 [INFO] ThirdParty:1030 - CMSIS Pack Vendor :STMicroelectronics FP-SNS-STBOX1 2.0.0
2025-06-25 09:50:18,109 [INFO] ThirdParty:1030 - CMSIS Pack Vendor :STMicroelectronics X-CUBE-MEMS1 11.0.0
2025-06-25 09:50:18,109 [INFO] ThirdParty:1030 - CMSIS Pack Vendor :STMicroelectronics FreeRTOS 0.0.1
2025-06-25 09:50:18,109 [INFO] ThirdParty:1030 - CMSIS Pack Vendor :STMicroelectronics X-CUBE-AZRTOS-G0 1.1.0
2025-06-25 09:50:18,109 [INFO] ThirdParty:1030 - CMSIS Pack Vendor :STMicroelectronics X-CUBE-SAFEA1 1.2.2
2025-06-25 09:50:18,109 [INFO] ThirdParty:1030 - CMSIS Pack Vendor :STMicroelectronics X-CUBE-NFC4 3.0.0
2025-06-25 09:50:18,109 [INFO] ThirdParty:1030 - CMSIS Pack Vendor :STMicroelectronics X-CUBE-DPower 1.2.0
2025-06-25 09:50:18,109 [INFO] ThirdParty:1030 - CMSIS Pack Vendor :STMicroelectronics X-CUBE-SUBG2 5.0.0
2025-06-25 09:50:18,109 [INFO] ThirdParty:1030 - CMSIS Pack Vendor :STMicroelectronics X-CUBE-AZRTOS-H7RS 1.1.0
2025-06-25 09:50:18,109 [INFO] ThirdParty:1030 - CMSIS Pack Vendor :STMicroelectronics STM32_WPAN 1.0.0
2025-06-25 09:50:18,109 [INFO] ThirdParty:1030 - CMSIS Pack Vendor :EmbeddedOffice I-CUBE-FS-RTOS 1.0.1
2025-06-25 09:50:18,109 [INFO] ThirdParty:1030 - CMSIS Pack Vendor :STMicroelectronics lwIP 2.0.3
2025-06-25 09:50:18,109 [INFO] ThirdParty:1030 - CMSIS Pack Vendor :STMicroelectronics FP-SNS-FLIGHT1 5.0.2
2025-06-25 09:50:18,109 [INFO] ThirdParty:1030 - CMSIS Pack Vendor :Cesanta I-CUBE-Mongoose 7.13.0
2025-06-25 09:50:18,109 [INFO] ThirdParty:1030 - CMSIS Pack Vendor :STMicroelectronics USB_HOST 1.0.0
2025-06-25 09:50:18,109 [INFO] ThirdParty:1030 - CMSIS Pack Vendor :STMicroelectronics X-CUBE-AI 9.0.0
2025-06-25 09:50:18,109 [INFO] ThirdParty:1030 - CMSIS Pack Vendor :STMicroelectronics X-CUBE-AZRTOS-G4 2.0.0
2025-06-25 09:50:18,109 [INFO] ThirdParty:1030 - CMSIS Pack Vendor :STMicroelectronics X-CUBE-WB05N 2.0.0
2025-06-25 09:50:18,109 [INFO] ThirdParty:1030 - CMSIS Pack Vendor :STMicroelectronics PDM2PCM 3.1.0
2025-06-25 09:50:18,109 [INFO] ThirdParty:1030 - CMSIS Pack Vendor :STMicroelectronics PDM2PCM 3.3.0
2025-06-25 09:50:18,109 [INFO] ThirdParty:1030 - CMSIS Pack Vendor :STMicroelectronics X-CUBE-DISPLAY 3.0.0
2025-06-25 09:50:18,109 [INFO] ThirdParty:1030 - CMSIS Pack Vendor :STMicroelectronics X-CUBE-NFC7 2.0.0
2025-06-25 09:50:18,109 [INFO] ThirdParty:1030 - CMSIS Pack Vendor :RealThread X-CUBE-RT-Thread_Nano 4.1.1
2025-06-25 09:50:18,109 [INFO] ThirdParty:1030 - CMSIS Pack Vendor :wolfSSL I-CUBE-wolfSSL 5.7.0
2025-06-25 09:50:18,109 [INFO] ThirdParty:1030 - CMSIS Pack Vendor :STMicroelectronics X-CUBE-BLE1 7.0.0
2025-06-25 09:50:18,109 [INFO] ThirdParty:1030 - CMSIS Pack Vendor :STMicroelectronics FP-ATR-SIGFOX1 3.2.0
2025-06-25 09:50:18,109 [INFO] ThirdParty:1030 - CMSIS Pack Vendor :STMicroelectronics X-CUBE-NFC10 1.0.0
2025-06-25 09:50:18,109 [INFO] ThirdParty:1030 - CMSIS Pack Vendor :quantropi X-CUBE-qispace-sdk-base 1.9.3
2025-06-25 09:50:18,109 [INFO] ThirdParty:1030 - CMSIS Pack Vendor :STMicroelectronics X-CUBE-ISPU 2.0.0
2025-06-25 09:50:18,110 [INFO] ThirdParty:1030 - CMSIS Pack Vendor :STMicroelectronics X-CUBE-EEPRMA1 5.1.0
2025-06-25 09:50:18,110 [INFO] ThirdParty:1030 - CMSIS Pack Vendor :STMicroelectronics X-CUBE-FREERTOS 1.3.1
2025-06-25 09:50:18,110 [INFO] ThirdParty:1030 - CMSIS Pack Vendor :STMicroelectronics HAL Drivers 0.0.0
2025-06-25 09:50:18,110 [INFO] ThirdParty:1030 - CMSIS Pack Vendor :STMicroelectronics MBEDTLS 2.16.2
2025-06-25 09:50:18,110 [INFO] ThirdParty:1030 - CMSIS Pack Vendor :STMicroelectronics X-CUBE-ALS 1.0.2
2025-06-25 09:50:18,110 [INFO] ThirdParty:1030 - CMSIS Pack Vendor :emotas I-CUBE-CANOPEN 1.3.0
2025-06-25 09:50:18,110 [INFO] ThirdParty:1030 - CMSIS Pack Vendor :STMicroelectronics X-CUBE-MEMS1 10.0.0
2025-06-25 09:50:18,110 [INFO] ThirdParty:1030 - CMSIS Pack Vendor :STMicroelectronics X-CUBE-NFC7 1.0.1
2025-06-25 09:50:18,110 [INFO] ThirdParty:1030 - CMSIS Pack Vendor :STMicroelectronics MBEDTLS 2.14.1
2025-06-25 09:50:18,110 [INFO] ThirdParty:1030 - CMSIS Pack Vendor :STMicroelectronics X-CUBE-TOUCHGFX 4.24.0
2025-06-25 09:50:18,110 [INFO] ThirdParty:1030 - CMSIS Pack Vendor :ITTIA_DB I-CUBE-ITTIADB 8.9.0
2025-06-25 09:50:18,110 [INFO] ThirdParty:1030 - CMSIS Pack Vendor :wolfSSL I-CUBE-wolfTPM 3.2.0
2025-06-25 09:50:18,110 [INFO] ThirdParty:1030 - CMSIS Pack Vendor :STMicroelectronics X-CUBE-TOUCHGFX 4.24.1
2025-06-25 09:50:18,110 [INFO] ThirdParty:1030 - CMSIS Pack Vendor :portGmbH I-Cube-SoM-uGOAL 1.1.0
2025-06-25 09:50:18,110 [INFO] ThirdParty:1030 - CMSIS Pack Vendor :STMicroelectronics X-CUBE-BLEMGR 3.1.0
2025-06-25 09:50:18,110 [INFO] ThirdParty:1030 - CMSIS Pack Vendor :STMicroelectronics ThreadX 1.0.0
2025-06-25 09:50:18,110 [INFO] ThirdParty:1030 - CMSIS Pack Vendor :STMicroelectronics FP-SNS-SMARTAG2 1.2.0
2025-06-25 09:50:18,110 [INFO] ThirdParty:1030 - CMSIS Pack Vendor :STMicroelectronics X-CUBE-AZRTOS-WL 2.0.0
2025-06-25 09:50:18,110 [INFO] ThirdParty:1030 - CMSIS Pack Vendor :SEGGER I-CUBE-embOS 1.3.1
2025-06-25 09:50:18,110 [INFO] ThirdParty:1030 - CMSIS Pack Vendor :STMicroelectronics X-CUBE-ALGOBUILD 1.4.0
2025-06-25 09:50:18,110 [INFO] ThirdParty:1030 - CMSIS Pack Vendor :STMicroelectronics X-CUBE-DPower 1.3.0
2025-06-25 09:50:18,110 [INFO] ThirdParty:1030 - CMSIS Pack Vendor :STMicroelectronics X-CUBE-MEMS1 11.3.0
2025-06-25 09:50:18,110 [INFO] ThirdParty:1030 - CMSIS Pack Vendor :STMicroelectronics FP-SNS-MOTENV1 5.0.0
2025-06-25 09:50:18,110 [INFO] ThirdParty:1030 - CMSIS Pack Vendor :STMicroelectronics USB_DEVICE 1.0.0
2025-06-25 09:50:18,110 [INFO] ThirdParty:1030 - CMSIS Pack Vendor :STMicroelectronics X-CUBE-AZRTOS-H7RS 1.0.0
2025-06-25 09:50:18,110 [INFO] ThirdParty:1030 - CMSIS Pack Vendor :wolfSSL I-CUBE-wolfMQTT 1.19.0
2025-06-25 09:50:18,110 [INFO] ThirdParty:1030 - CMSIS Pack Vendor :STMicroelectronics X-CUBE-AZRTOS-L4 2.0.0
2025-06-25 09:50:18,110 [INFO] ThirdParty:1030 - CMSIS Pack Vendor :STMicroelectronics ThreadX 0.0.2
2025-06-25 09:50:18,110 [INFO] ThirdParty:1030 - CMSIS Pack Vendor :WES I-CUBE-Cesium 1.3.0
2025-06-25 09:50:18,110 [INFO] ThirdParty:1030 - CMSIS Pack Vendor :STMicroelectronics FP-ATR-ASTRA1 2.0.0
2025-06-25 09:50:18,110 [INFO] ThirdParty:1030 - CMSIS Pack Vendor :STMicroelectronics lwIP 2.1.2
2025-06-25 09:50:18,110 [INFO] ThirdParty:1030 - CMSIS Pack Vendor :STMicroelectronics X-CUBE-SFXS2LP1 4.0.0
2025-06-25 09:50:18,110 [INFO] ThirdParty:1030 - CMSIS Pack Vendor :STMicroelectronics X-CUBE-BLE2 3.3.0
2025-06-25 09:50:18,110 [INFO] ThirdParty:1030 - CMSIS Pack Vendor :STMicroelectronics X-CUBE-TOF1 3.4.2
2025-06-25 09:50:18,110 [INFO] ThirdParty:1030 - CMSIS Pack Vendor :STMicroelectronics X-CUBE-AI 9.1.0
2025-06-25 09:50:18,110 [INFO] ThirdParty:1030 - CMSIS Pack Vendor :STMicroelectronics X-CUBE-TOF1 3.4.1
2025-06-25 09:50:18,110 [INFO] ThirdParty:1030 - CMSIS Pack Vendor :STMicroelectronics X-CUBE-AZRTOS-H7 3.2.0
2025-06-25 09:50:18,110 [INFO] ThirdParty:1030 - CMSIS Pack Vendor :Infineon AIROC-Wi-Fi-Bluetooth-STM32 1.6.0
2025-06-25 09:50:18,110 [INFO] ThirdParty:1030 - CMSIS Pack Vendor :STMicroelectronics PDM2PCM 3.2.0
2025-06-25 09:50:18,110 [INFO] ThirdParty:1030 - CMSIS Pack Vendor :wolfSSL I-CUBE-wolfSSH 1.4.17
2025-06-25 09:50:18,111 [INFO] ThirdParty:841 - exiting critical section [change project]
2025-06-25 09:50:18,448 [INFO] PinOutPanel:1561 - setPackage(No Configuration,No Configuration)
2025-06-25 09:50:18,449 [INFO] PinOutPanel:1561 - setPackage(STM32F407VGTx,LQFP100)
2025-06-25 09:50:18,891 [INFO] UtilMem:75 - Before build in PCC Used Memory: 878659608 Bytes (1061158912)
2025-06-25 09:50:19,972 [INFO] UtilMem:75 - After build in PCC Used Memory: 532443416 Bytes (1061158912)
2025-06-25 09:50:20,006 [INFO] IPUIPlugin:80 - create IPUIPlugin
2025-06-25 09:50:20,006 [INFO] IPUIPlugin:80 - create IPUIPlugin
2025-06-25 09:50:20,006 [INFO] IPUIPlugin:80 - create IPUIPlugin
2025-06-25 09:50:20,006 [INFO] IPUIPlugin:80 - create IPUIPlugin
2025-06-25 09:50:20,006 [INFO] IPUIPlugin:80 - create IPUIPlugin
2025-06-25 09:50:20,007 [INFO] IPUIPlugin:80 - create IPUIPlugin
2025-06-25 09:50:20,007 [INFO] IPUIPlugin:80 - create IPUIPlugin
2025-06-25 09:50:20,007 [INFO] IPUIPlugin:80 - create IPUIPlugin
2025-06-25 09:50:20,007 [INFO] IPUIPlugin:80 - create IPUIPlugin
2025-06-25 09:50:20,007 [INFO] IPUIPlugin:80 - create IPUIPlugin
2025-06-25 09:50:20,007 [INFO] IPUIPlugin:80 - create IPUIPlugin
2025-06-25 09:50:20,007 [INFO] IPUIPlugin:80 - create IPUIPlugin
2025-06-25 09:50:20,007 [INFO] IPUIPlugin:80 - create IPUIPlugin
2025-06-25 09:50:20,007 [INFO] IPUIPlugin:80 - create IPUIPlugin
2025-06-25 09:50:20,007 [INFO] IPUIPlugin:80 - create IPUIPlugin
2025-06-25 09:50:20,007 [INFO] IPUIPlugin:80 - create IPUIPlugin
2025-06-25 09:50:20,008 [INFO] IPUIPlugin:80 - create IPUIPlugin
2025-06-25 09:50:20,008 [INFO] IPUIPlugin:80 - create IPUIPlugin
2025-06-25 09:50:20,008 [INFO] IPUIPlugin:80 - create IPUIPlugin
2025-06-25 09:50:20,008 [INFO] IPUIPlugin:80 - create IPUIPlugin
2025-06-25 09:50:20,008 [INFO] IPUIPlugin:80 - create IPUIPlugin
2025-06-25 09:50:20,008 [INFO] IPUIPlugin:80 - create IPUIPlugin
2025-06-25 09:50:20,008 [INFO] IPUIPlugin:80 - create IPUIPlugin
2025-06-25 09:50:20,008 [INFO] IPUIPlugin:80 - create IPUIPlugin
2025-06-25 09:50:20,009 [INFO] IPUIPlugin:80 - create IPUIPlugin
2025-06-25 09:50:20,009 [INFO] IPUIPlugin:80 - create IPUIPlugin
2025-06-25 09:50:20,009 [INFO] IPUIPlugin:80 - create IPUIPlugin
2025-06-25 09:50:20,010 [INFO] IPUIPlugin:80 - create IPUIPlugin
2025-06-25 09:50:20,010 [INFO] IPUIPlugin:80 - create IPUIPlugin
2025-06-25 09:50:20,010 [INFO] IPUIPlugin:80 - create IPUIPlugin
2025-06-25 09:50:20,011 [INFO] IPUIPlugin:80 - create IPUIPlugin
2025-06-25 09:50:20,011 [INFO] IPUIPlugin:80 - create IPUIPlugin
2025-06-25 09:50:20,012 [INFO] IPUIPlugin:80 - create IPUIPlugin
2025-06-25 09:50:20,012 [INFO] IPUIPlugin:80 - create IPUIPlugin
2025-06-25 09:50:20,013 [INFO] IPUIPlugin:80 - create IPUIPlugin
2025-06-25 09:50:20,013 [INFO] IPUIPlugin:80 - create IPUIPlugin
2025-06-25 09:50:20,013 [INFO] IPUIPlugin:80 - create IPUIPlugin
2025-06-25 09:50:20,014 [INFO] IPUIPlugin:80 - create IPUIPlugin
2025-06-25 09:50:20,014 [INFO] IPUIPlugin:80 - create IPUIPlugin
2025-06-25 09:50:20,015 [INFO] IPUIPlugin:80 - create IPUIPlugin
2025-06-25 09:50:20,015 [INFO] IPUIPlugin:80 - create IPUIPlugin
2025-06-25 09:50:20,016 [INFO] IPUIPlugin:80 - create IPUIPlugin
2025-06-25 09:50:20,016 [INFO] IPUIPlugin:80 - create IPUIPlugin
2025-06-25 09:50:20,017 [INFO] IPUIPlugin:80 - create IPUIPlugin
2025-06-25 09:50:20,017 [INFO] IPUIPlugin:80 - create IPUIPlugin
2025-06-25 09:50:20,018 [INFO] IPUIPlugin:80 - create IPUIPlugin
2025-06-25 09:50:20,018 [INFO] IPUIPlugin:80 - create IPUIPlugin
2025-06-25 09:50:20,018 [INFO] IPUIPlugin:80 - create IPUIPlugin
2025-06-25 09:50:20,019 [INFO] IPUIPlugin:80 - create IPUIPlugin
2025-06-25 09:50:20,020 [INFO] IPUIPlugin:80 - create IPUIPlugin
2025-06-25 09:50:20,020 [INFO] IPUIPlugin:80 - create IPUIPlugin
2025-06-25 09:50:20,020 [INFO] IPUIPlugin:80 - create IPUIPlugin
2025-06-25 09:50:20,021 [INFO] IPUIPlugin:80 - create IPUIPlugin
2025-06-25 09:50:20,021 [INFO] IPUIPlugin:80 - create IPUIPlugin
2025-06-25 09:50:20,023 [INFO] IPUIPlugin:80 - create IPUIPlugin
2025-06-25 09:50:20,023 [INFO] IPUIPlugin:80 - create IPUIPlugin
2025-06-25 09:50:20,024 [INFO] IPUIPlugin:80 - create IPUIPlugin
2025-06-25 09:50:20,024 [INFO] IPUIPlugin:80 - create IPUIPlugin
2025-06-25 09:50:20,263 [INFO] ApiDbMcu:508 - Load IP Config File for PDM2PCM
2025-06-25 09:50:20,432 [INFO] CADModel:165 - CPN selected for project levelSTM32F407VGT6
2025-06-25 09:50:20,432 [INFO] CADModel:114 - Register for checkConnection events
2025-06-25 09:50:20,477 [INFO] OpenFileManager:363 - Restore cursor
2025-06-25 09:50:22,401 [INFO] UtilMem:75 - End SaveConfig() Used Memory: 622286240 Bytes (1061158912)
2025-06-25 09:50:22,479 [INFO] UtilMem:75 - End SaveConfig() Used Memory: 641859816 Bytes (1061158912)
2025-06-25 09:50:22,929 [INFO] BlockDiagram:2766 - set Specific Code input for plugin: SYS
2025-06-25 09:50:22,929 [INFO] BlockDiagram:2766 - set Specific Code input for plugin: RCC
2025-06-25 09:50:22,929 [INFO] BlockDiagram:2766 - set Specific Code input for plugin: NVIC
2025-06-25 09:50:22,929 [INFO] BlockDiagram:2766 - set Specific Code input for plugin: GPIO
2025-06-25 09:50:22,931 [INFO] CodeGenerator:807 - code generatio: config db path: C:\ST\STM32CubeIDE_1.16.0\STM32CubeIDE\plugins\com.st.stm32cube.common.mx_6.12.0.202406281431\\db\
2025-06-25 09:50:23,156 [INFO] CodeEngine:255 - oldGeneratedFile, C:\Users\nisha\OneDrive\Desktop\stm32f407\freertos\0052_led_notification\MXTmpFiles\license.tmp_save
2025-06-25 09:50:23,511 [INFO] CodeEngine:279 - Generated code: C:\Users\nisha\OneDrive\Desktop\stm32f407\freertos\0052_led_notification\MXTmpFiles\license.tmp
2025-06-25 09:50:23,647 [INFO] CodeEngine:255 - oldGeneratedFile, C:\Users\nisha\OneDrive\Desktop\stm32f407\freertos\0052_led_notification\MXTmpFiles\gpio.tmp_save
2025-06-25 09:50:23,852 [INFO] CodeEngine:279 - Generated code: C:\Users\nisha\OneDrive\Desktop\stm32f407\freertos\0052_led_notification\MXTmpFiles\gpio.tmp
2025-06-25 09:50:23,949 [INFO] CodeEngine:255 - oldGeneratedFile, C:\Users\nisha\OneDrive\Desktop\stm32f407\freertos\0052_led_notification\Core\Src\stm32f4xx_it.c_save
2025-06-25 09:50:24,088 [INFO] CodeEngine:279 - Generated code: C:\Users\nisha\OneDrive\Desktop\stm32f407\freertos\0052_led_notification\Core\Src\stm32f4xx_it.c
2025-06-25 09:50:24,109 [INFO] CodeEngine:255 - oldGeneratedFile, C:\Users\nisha\OneDrive\Desktop\stm32f407\freertos\0052_led_notification\Core\Inc\stm32f4xx_it.h_save
2025-06-25 09:50:24,200 [INFO] CodeEngine:279 - Generated code: C:\Users\nisha\OneDrive\Desktop\stm32f407\freertos\0052_led_notification\Core\Inc\stm32f4xx_it.h
2025-06-25 09:50:24,231 [INFO] CodeEngine:255 - oldGeneratedFile, C:\Users\nisha\OneDrive\Desktop\stm32f407\freertos\0052_led_notification\Core\Src\stm32f4xx_hal_msp.c_save
2025-06-25 09:50:24,352 [INFO] CodeEngine:279 - Generated code: C:\Users\nisha\OneDrive\Desktop\stm32f407\freertos\0052_led_notification\Core\Src\stm32f4xx_hal_msp.c
2025-06-25 09:50:24,366 [INFO] CodeEngine:255 - oldGeneratedFile, C:\Users\nisha\OneDrive\Desktop\stm32f407\freertos\0052_led_notification\MXTmpFiles\system.tmp_save
2025-06-25 09:50:24,456 [INFO] CodeEngine:279 - Generated code: C:\Users\nisha\OneDrive\Desktop\stm32f407\freertos\0052_led_notification\MXTmpFiles\system.tmp
2025-06-25 09:50:24,480 [INFO] CodeEngine:311 - oldGeneratedFile, C:\Users\nisha\OneDrive\Desktop\stm32f407\freertos\0052_led_notification\Core\Inc\stm32f4xx_hal_conf.h_save
2025-06-25 09:50:24,584 [INFO] CodeEngine:335 - Generated code: C:\Users\nisha\OneDrive\Desktop\stm32f407\freertos\0052_led_notification\Core\Inc\stm32f4xx_hal_conf.h
2025-06-25 09:50:24,672 [INFO] CodeEngine:255 - oldGeneratedFile, C:\Users\nisha\OneDrive\Desktop\stm32f407\freertos\0052_led_notification\Core\Inc\main.h_save
2025-06-25 09:50:24,794 [INFO] CodeEngine:279 - Generated code: C:\Users\nisha\OneDrive\Desktop\stm32f407\freertos\0052_led_notification\Core\Inc\main.h
2025-06-25 09:50:24,810 [INFO] CodeEngine:255 - oldGeneratedFile, C:\Users\nisha\OneDrive\Desktop\stm32f407\freertos\0052_led_notification\Core\Src\main.c_save
2025-06-25 09:50:24,936 [INFO] CodeEngine:279 - Generated code: C:\Users\nisha\OneDrive\Desktop\stm32f407\freertos\0052_led_notification\Core\Src\main.c
2025-06-25 09:50:25,347 [INFO] ProjectBuilder:3249 - Time for Copy HAL[1] : 211mS.
2025-06-25 09:50:25,347 [INFO] ProjectBuilder:4828 - Project Generator version: 4.4.0-B60
2025-06-25 09:50:25,442 [INFO] ConfigFileManager:1531 - The Die is : DIE413
2025-06-25 09:50:25,473 [INFO] ApiDbMcu:508 - Load IP Config File for FATFS
2025-06-25 09:50:25,489 [INFO] ApiDbMcu:508 - Load IP Config File for FREERTOS
2025-06-25 09:50:25,507 [INFO] ApiDbMcu:508 - Load IP Config File for LIBJPEG
2025-06-25 09:50:25,521 [INFO] ApiDbMcu:508 - Load IP Config File for LWIP
2025-06-25 09:50:25,536 [INFO] ApiDbMcu:508 - Load IP Config File for MBEDTLS
2025-06-25 09:50:25,552 [INFO] ApiDbMcu:508 - Load IP Config File for USB_DEVICE
2025-06-25 09:50:25,573 [INFO] ApiDbMcu:508 - Load IP Config File for USB_HOST
2025-06-25 09:50:26,194 [INFO] LogOutputStream:77 - [STDOUT_REDIRECT] 
2025-06-25 09:50:29,865 [INFO] ProjectBuilder:5097 - Time for Generating toolchain IDE Files: 4517mS.
2025-06-25 09:50:29,866 [INFO] ProjectBuilder:3107 - Time for Copy CMSIS : 0mS.
2025-06-25 09:50:29,867 [INFO] ProjectBuilder:3107 - Time for Copy CMSIS : 0mS.
2025-06-25 09:50:30,758 [INFO] McuFinderGlobals:76 - Set McuFinderConnectedMode to true
2025-06-25 09:50:30,763 [INFO] ApiDb:448 - Save user favorites file C:\Users\nisha/.stm32cubeide/favorites.mcus.txt: 0 item(s)
2025-06-25 09:50:30,763 [INFO] ApiDb:452 - User favorites MCUs=[]
2025-06-25 09:50:30,764 [INFO] ApiDb:448 - Save user favorites file C:\Users\nisha/.stm32cubeide/favorites.boards.txt: 1 item(s)
2025-06-25 09:50:30,765 [INFO] ApiDb:452 - User favorites Boards=[STM32F407G-DISC1]
2025-06-25 12:13:51,810 [ERROR] LogOutputStream:75 - [STDERR_REDIRECT] 
2025-06-25 16:35:45,138 [INFO] Activator:176 - 


2025-06-25 16:35:45,140 [INFO] Activator:177 - !SESSION log4j initialized
2025-06-25 16:35:52,249 [INFO] LogOutputStream:77 - [STDOUT_REDIRECT] 
2025-06-25 16:35:55,160 [INFO] ApplicationProperties:184 - Using Application install path: C:\ST\STM32CubeIDE_1.16.0\STM32CubeIDE\plugins\com.st.stm32cube.common.mx_6.12.0.202406281431
2025-06-25 16:35:55,177 [INFO] DbMcusXml:78 - Set database path to: C:\ST\STM32CubeIDE_1.16.0\STM32CubeIDE\plugins\com.st.stm32cube.common.mx_6.12.0.202406281431\\db\/mcu/
2025-06-25 16:35:55,177 [INFO] ApiDb:274 - Set plugin database path to: C:\ST\STM32CubeIDE_1.16.0\STM32CubeIDE\plugins\com.st.stm32cube.common.mx_6.12.0.202406281431\\db\/plugins/boardmanager/
2025-06-25 16:35:55,177 [WARN] ApiDb:259 - Overriding images path with different value:  => C:\ST\STM32CubeIDE_1.16.0\STM32CubeIDE\plugins\com.st.stm32cube.common.mx_6.12.0.202406281431\\db\/plugins/mcufinder/images/
2025-06-25 16:35:55,181 [INFO] ApiDb:250 - Set database path to: C:\Users\nisha\.stmcufinder\plugins\mcufinder//mcu/
2025-06-25 16:35:55,182 [INFO] DbMcusAds:125 - Set database path to: C:\Users\nisha\.stmcufinder\plugins\mcufinder//mcu/
2025-06-25 16:35:55,184 [INFO] CrossReferenceDbSqlite:203 - Set database path to: C:\Users\nisha\.stmcufinder\plugins\mcufinder//mcu/cs/
2025-06-25 16:35:55,319 [INFO] RulesReader:64 - Compatibility file has been processed (297 Rules)
2025-06-25 16:35:55,407 [INFO] DbMcusXml:78 - Set database path to: C:\ST\STM32CubeIDE_1.16.0\STM32CubeIDE\plugins\com.st.stm32cube.common.mx_6.12.0.202406281431\\db\/mcu/
2025-06-25 16:35:55,408 [INFO] ApiDb:274 - Set plugin database path to: C:\ST\STM32CubeIDE_1.16.0\STM32CubeIDE\plugins\com.st.stm32cube.common.mx_6.12.0.202406281431\\db\/plugins/boardmanager/
2025-06-25 16:35:55,408 [INFO] ApiDb:261 - Set plugin images path to: C:\ST\STM32CubeIDE_1.16.0\STM32CubeIDE\plugins\com.st.stm32cube.common.mx_6.12.0.202406281431\\db\/plugins/mcufinder/images/
2025-06-25 16:35:55,408 [WARN] DbFile:41 - Overriding database path with different value: C:\Users\nisha\.stmcufinder\plugins\mcufinder/ => C:\Users\nisha\.stmcufinder\plugins\mcufinder
2025-06-25 16:35:55,409 [INFO] ApiDb:250 - Set database path to: C:\Users\nisha\.stmcufinder\plugins\mcufinder//mcu/
2025-06-25 16:35:55,409 [WARN] DbFile:41 - Overriding database path with different value: C:\Users\nisha\.stmcufinder\plugins\mcufinder/ => C:\Users\nisha\.stmcufinder\plugins\mcufinder
2025-06-25 16:35:55,409 [INFO] DbMcusAds:125 - Set database path to: C:\Users\nisha\.stmcufinder\plugins\mcufinder//mcu/
2025-06-25 16:35:55,409 [WARN] DbFile:41 - Overriding database path with different value: C:\Users\nisha\.stmcufinder\plugins\mcufinder/ => C:\Users\nisha\.stmcufinder\plugins\mcufinder
2025-06-25 16:35:55,410 [WARN] DbFile:41 - Overriding database path with different value: C:\Users\nisha\.stmcufinder\plugins\mcufinder/ => C:\Users\nisha\.stmcufinder\plugins\mcufinder
2025-06-25 16:35:55,410 [INFO] CrossReferenceDbSqlite:203 - Set database path to: C:\Users\nisha\.stmcufinder\plugins\mcufinder//mcu/cs/
2025-06-25 16:35:55,522 [INFO] MainPanel:268 - HeapMemory: 268435456
2025-06-25 16:35:55,645 [INFO] DbMcusXml:78 - Set database path to: C:\ST\STM32CubeIDE_1.16.0\STM32CubeIDE\plugins\com.st.stm32cube.common.mx_6.12.0.202406281431\\db\/mcu/
2025-06-25 16:35:55,645 [INFO] ApiDb:274 - Set plugin database path to: C:\ST\STM32CubeIDE_1.16.0\STM32CubeIDE\plugins\com.st.stm32cube.common.mx_6.12.0.202406281431\\db\/plugins/boardmanager/
2025-06-25 16:35:55,645 [INFO] ApiDb:261 - Set plugin images path to: C:\ST\STM32CubeIDE_1.16.0\STM32CubeIDE\plugins\com.st.stm32cube.common.mx_6.12.0.202406281431\\db\/plugins/mcufinder/images/
2025-06-25 16:35:55,645 [WARN] DbFile:41 - Overriding database path with different value: C:\Users\nisha\.stmcufinder\plugins\mcufinder/ => C:\Users\nisha\.stmcufinder\plugins\mcufinder
2025-06-25 16:35:55,645 [INFO] ApiDb:250 - Set database path to: C:\Users\nisha\.stmcufinder\plugins\mcufinder//mcu/
2025-06-25 16:35:55,645 [WARN] DbFile:41 - Overriding database path with different value: C:\Users\nisha\.stmcufinder\plugins\mcufinder/ => C:\Users\nisha\.stmcufinder\plugins\mcufinder
2025-06-25 16:35:55,645 [INFO] DbMcusAds:125 - Set database path to: C:\Users\nisha\.stmcufinder\plugins\mcufinder//mcu/
2025-06-25 16:35:55,646 [WARN] DbFile:41 - Overriding database path with different value: C:\Users\nisha\.stmcufinder\plugins\mcufinder/ => C:\Users\nisha\.stmcufinder\plugins\mcufinder
2025-06-25 16:35:55,646 [WARN] DbFile:41 - Overriding database path with different value: C:\Users\nisha\.stmcufinder\plugins\mcufinder/ => C:\Users\nisha\.stmcufinder\plugins\mcufinder
2025-06-25 16:35:55,646 [INFO] CrossReferenceDbSqlite:203 - Set database path to: C:\Users\nisha\.stmcufinder\plugins\mcufinder//mcu/cs/
2025-06-25 16:35:55,668 [INFO] ApplicationProperties:184 - Using Application install path: C:\ST\STM32CubeIDE_1.16.0\STM32CubeIDE\plugins\com.st.stm32cube.common.mx_6.12.0.202406281431
2025-06-25 16:35:55,670 [INFO] PluginManage:196 - Search for loadable plugins [exclusion list=, ]
2025-06-25 16:35:55,671 [INFO] PluginManage:310 - Check plugin analytics
2025-06-25 16:35:55,971 [INFO] AnalyticsPlugin:253 - Accepted Software Licenses: 
2025-06-25 16:35:55,971 [INFO] AnalyticsPlugin:255 - Accepted CMSIS Pack Licenses: 
2025-06-25 16:35:55,971 [INFO] AnalyticsPlugin:257 - Accepted Firmware Licenses: FW.F4.1.28.0
2025-06-25 16:35:55,978 [INFO] PluginManage:359 - Loaded plugin analytics (category:tool,tabindex:-1)
2025-06-25 16:35:55,980 [INFO] PluginManage:310 - Check plugin cadmodel
2025-06-25 16:35:56,007 [INFO] CADModel:105 - Init CAD model plugin
2025-06-25 16:35:56,007 [INFO] PluginManage:359 - Loaded plugin cadmodel (category:power,tabindex:5)
2025-06-25 16:35:56,008 [INFO] PluginManage:310 - Check plugin clock
2025-06-25 16:35:56,032 [INFO] PluginManage:359 - Loaded plugin clock (category:base,tabindex:2)
2025-06-25 16:35:56,032 [INFO] PluginManage:310 - Check plugin ddr
2025-06-25 16:35:56,034 [INFO] PluginManage:359 - Loaded plugin ddr (category:tool,tabindex:6)
2025-06-25 16:35:56,035 [INFO] PluginManage:310 - Check plugin filemanager
2025-06-25 16:35:56,184 [INFO] PluginManage:359 - Loaded plugin filemanager (category:base,tabindex:10)
2025-06-25 16:35:56,184 [INFO] PluginManage:310 - Check plugin ipmanager
2025-06-25 16:35:56,192 [INFO] PluginManage:359 - Loaded plugin ipmanager (category:base,tabindex:5)
2025-06-25 16:35:56,193 [INFO] PluginManage:310 - Check plugin lpbam
2025-06-25 16:35:56,222 [INFO] PluginManage:359 - Loaded plugin lpbam (category:base,tabindex:0)
2025-06-25 16:35:56,223 [INFO] PluginManage:310 - Check plugin memorymap
2025-06-25 16:35:56,256 [INFO] PluginManage:359 - Loaded plugin memorymap (category:base,tabindex:4)
2025-06-25 16:35:56,256 [INFO] PluginManage:310 - Check plugin pinoutandconfiguration
2025-06-25 16:35:56,284 [INFO] PluginManage:359 - Loaded plugin pinoutandconfiguration (category:base,tabindex:1)
2025-06-25 16:35:56,285 [INFO] PluginManage:310 - Check plugin pinoutconfig
2025-06-25 16:35:56,392 [WARN] SupportedApi:132 - Cannot load RTOS API schema: s4s-elt-must-match.1: The content of 'definitions' must match (annotation?, (simpleType | complexType)?, (unique | key | keyref)*)). A problem was found starting at: attribute.
2025-06-25 16:35:56,501 [INFO] PluginManage:359 - Loaded plugin pinoutconfig (category:base,tabindex:0)
2025-06-25 16:35:56,501 [INFO] PluginManage:310 - Check plugin power
2025-06-25 16:35:56,517 [INFO] PluginManage:359 - Loaded plugin power (category:power,tabindex:4)
2025-06-25 16:35:56,517 [INFO] PluginManage:310 - Check plugin projectmanager
2025-06-25 16:35:56,534 [INFO] PluginManage:359 - Loaded plugin projectmanager (category:projectmanager,tabindex:4)
2025-06-25 16:35:56,534 [INFO] PluginManage:310 - Check plugin rif
2025-06-25 16:35:56,551 [INFO] PluginManage:359 - Loaded plugin rif (category:base,tabindex:3)
2025-06-25 16:35:56,552 [INFO] PluginManage:310 - Check plugin thirdparty
2025-06-25 16:35:56,904 [INFO] PluginManage:359 - Loaded plugin thirdparty (category:base,tabindex:-1)
2025-06-25 16:35:56,904 [WARN] IntegrityCheckThread:84 - waiting for thirdparty lock release [integrity check]
2025-06-25 16:35:56,904 [INFO] IntegrityCheckThread:86 - entering critical section [integrity check]
2025-06-25 16:35:56,905 [INFO] PluginManage:310 - Check plugin tools
2025-06-25 16:35:56,905 [INFO] ThirdPartyUpdaterWithRetryManager:70 - Updater plugin not ready yet. [1/15]
2025-06-25 16:35:56,949 [INFO] PluginManage:359 - Loaded plugin tools (category:base,tabindex:7)
2025-06-25 16:35:56,949 [INFO] PluginManage:310 - Check plugin tutovideos
2025-06-25 16:35:57,204 [INFO] PluginManage:359 - Loaded plugin tutovideos (category:base,tabindex:-1)
2025-06-25 16:35:57,204 [INFO] PluginManage:310 - Check plugin updater
2025-06-25 16:35:57,224 [INFO] PluginManage:359 - Loaded plugin updater (category:base,tabindex:12)
2025-06-25 16:35:57,224 [INFO] PluginManage:310 - Check plugin userauth
2025-06-25 16:35:57,229 [INFO] UserAuth:113 - Init User Auth plugin
2025-06-25 16:35:57,229 [INFO] PluginManage:359 - Loaded plugin userauth (category:base,tabindex:14)
2025-06-25 16:35:57,230 [INFO] PluginManage:283 - PluginManage : Loaded plugins [18]
2025-06-25 16:35:57,513 [INFO] PinOutPanel:1561 - setPackage(No Configuration,No Configuration)
2025-06-25 16:35:57,609 [INFO] CADModel:165 - CPN selected for project level
2025-06-25 16:35:57,609 [INFO] CADModel:114 - Register for checkConnection events
2025-06-25 16:35:57,635 [INFO] IPUIPlugin:80 - create IPUIPlugin
2025-06-25 16:35:57,635 [INFO] PluginManager:220 - loadIPPluginJar : add adc
2025-06-25 16:35:57,671 [INFO] IPUIPlugin:80 - create IPUIPlugin
2025-06-25 16:35:57,671 [INFO] PluginManager:220 - loadIPPluginJar : add aes
2025-06-25 16:35:57,724 [INFO] IPUIPlugin:80 - create IPUIPlugin
2025-06-25 16:35:57,724 [INFO] PluginManager:220 - loadIPPluginJar : add can
2025-06-25 16:35:57,755 [INFO] IPUIPlugin:80 - create IPUIPlugin
2025-06-25 16:35:57,755 [INFO] PluginManager:220 - loadIPPluginJar : add comp
2025-06-25 16:35:57,806 [INFO] IPUIPlugin:80 - create IPUIPlugin
2025-06-25 16:35:57,806 [INFO] PluginManager:220 - loadIPPluginJar : add cryp
2025-06-25 16:35:57,824 [INFO] IPUIPlugin:80 - create IPUIPlugin
2025-06-25 16:35:57,824 [INFO] PluginManager:220 - loadIPPluginJar : add ddr_ctrl_phy
2025-06-25 16:35:57,862 [INFO] IPUIPlugin:80 - create IPUIPlugin
2025-06-25 16:35:57,862 [INFO] PluginManager:220 - loadIPPluginJar : add dfsdm
2025-06-25 16:35:57,878 [INFO] IPUIPlugin:80 - create IPUIPlugin
2025-06-25 16:35:57,878 [INFO] PluginManager:220 - loadIPPluginJar : add dma
2025-06-25 16:35:57,926 [INFO] IPUIPlugin:80 - create IPUIPlugin
2025-06-25 16:35:57,927 [INFO] PluginManager:220 - loadIPPluginJar : add dma3
2025-06-25 16:35:57,974 [INFO] IPUIPlugin:80 - create IPUIPlugin
2025-06-25 16:35:57,974 [INFO] PluginManager:220 - loadIPPluginJar : add extmemmanager
2025-06-25 16:35:57,998 [INFO] IPUIPlugin:80 - create IPUIPlugin
2025-06-25 16:35:57,998 [INFO] PluginManager:220 - loadIPPluginJar : add fatfs
2025-06-25 16:35:58,049 [INFO] IPUIPlugin:80 - create IPUIPlugin
2025-06-25 16:35:58,050 [INFO] PluginManager:220 - loadIPPluginJar : add fmc
2025-06-25 16:35:58,073 [INFO] IPUIPlugin:80 - create IPUIPlugin
2025-06-25 16:35:58,074 [INFO] PluginManager:220 - loadIPPluginJar : add freertos
2025-06-25 16:35:58,098 [INFO] IPUIPlugin:80 - create IPUIPlugin
2025-06-25 16:35:58,098 [INFO] PluginManager:220 - loadIPPluginJar : add genericplugin
2025-06-25 16:35:58,195 [INFO] IPUIPlugin:80 - create IPUIPlugin
2025-06-25 16:35:58,195 [INFO] PluginManager:220 - loadIPPluginJar : add gfxmmu
2025-06-25 16:35:58,407 [INFO] IPUIPlugin:80 - create IPUIPlugin
2025-06-25 16:35:58,407 [INFO] PluginManager:220 - loadIPPluginJar : add gic
2025-06-25 16:35:58,438 [INFO] IPUIPlugin:80 - create IPUIPlugin
2025-06-25 16:35:58,438 [INFO] PluginManager:220 - loadIPPluginJar : add gpio
2025-06-25 16:35:58,599 [INFO] IPUIPlugin:80 - create IPUIPlugin
2025-06-25 16:35:58,599 [INFO] PluginManager:220 - loadIPPluginJar : add gtzc
2025-06-25 16:35:58,669 [INFO] IPUIPlugin:80 - create IPUIPlugin
2025-06-25 16:35:58,671 [INFO] PluginManager:220 - loadIPPluginJar : add hash
2025-06-25 16:35:58,761 [INFO] IPUIPlugin:80 - create IPUIPlugin
2025-06-25 16:35:58,761 [INFO] PluginManager:220 - loadIPPluginJar : add i2c
2025-06-25 16:35:58,829 [INFO] IPUIPlugin:80 - create IPUIPlugin
2025-06-25 16:35:58,830 [INFO] PluginManager:220 - loadIPPluginJar : add i2s
2025-06-25 16:35:58,906 [INFO] IPUIPlugin:80 - create IPUIPlugin
2025-06-25 16:35:58,907 [INFO] PluginManager:220 - loadIPPluginJar : add i3c
2025-06-25 16:35:59,037 [INFO] IPUIPlugin:80 - create IPUIPlugin
2025-06-25 16:35:59,037 [INFO] PluginManager:220 - loadIPPluginJar : add ipddr
2025-06-25 16:35:59,129 [INFO] IPUIPlugin:80 - create IPUIPlugin
2025-06-25 16:35:59,130 [INFO] PluginManager:220 - loadIPPluginJar : add linkedlist
2025-06-25 16:35:59,162 [INFO] IPUIPlugin:80 - create IPUIPlugin
2025-06-25 16:35:59,162 [INFO] PluginManager:220 - loadIPPluginJar : add lorawan
2025-06-25 16:35:59,194 [INFO] IPUIPlugin:80 - create IPUIPlugin
2025-06-25 16:35:59,194 [INFO] PluginManager:220 - loadIPPluginJar : add ltdc
2025-06-25 16:35:59,207 [INFO] IPUIPlugin:80 - create IPUIPlugin
2025-06-25 16:35:59,207 [INFO] PluginManager:220 - loadIPPluginJar : add mdma
2025-06-25 16:35:59,221 [INFO] IPUIPlugin:80 - create IPUIPlugin
2025-06-25 16:35:59,221 [INFO] PluginManager:220 - loadIPPluginJar : add nvic
2025-06-25 16:35:59,254 [INFO] IPUIPlugin:80 - create IPUIPlugin
2025-06-25 16:35:59,255 [INFO] PluginManager:220 - loadIPPluginJar : add opamp
2025-06-25 16:35:59,342 [INFO] IPUIPlugin:80 - create IPUIPlugin
2025-06-25 16:35:59,342 [INFO] PluginManager:220 - loadIPPluginJar : add openamp
2025-06-25 16:35:59,397 [INFO] IPUIPlugin:80 - create IPUIPlugin
2025-06-25 16:35:59,397 [INFO] PluginManager:220 - loadIPPluginJar : add pdm2pcm
2025-06-25 16:35:59,426 [INFO] IPUIPlugin:80 - create IPUIPlugin
2025-06-25 16:35:59,429 [INFO] PluginManager:220 - loadIPPluginJar : add plateformsettings
2025-06-25 16:35:59,468 [INFO] IPUIPlugin:80 - create IPUIPlugin
2025-06-25 16:35:59,468 [INFO] PluginManager:220 - loadIPPluginJar : add quadspi
2025-06-25 16:35:59,498 [INFO] IPUIPlugin:80 - create IPUIPlugin
2025-06-25 16:35:59,499 [INFO] PluginManager:220 - loadIPPluginJar : add radio
2025-06-25 16:35:59,515 [INFO] IPUIPlugin:80 - create IPUIPlugin
2025-06-25 16:35:59,515 [INFO] PluginManager:220 - loadIPPluginJar : add resmgrutility
2025-06-25 16:35:59,591 [INFO] IPUIPlugin:80 - create IPUIPlugin
2025-06-25 16:35:59,591 [INFO] PluginManager:220 - loadIPPluginJar : add sai
2025-06-25 16:35:59,642 [INFO] IPUIPlugin:80 - create IPUIPlugin
2025-06-25 16:35:59,642 [INFO] PluginManager:220 - loadIPPluginJar : add spi
2025-06-25 16:35:59,749 [INFO] IPUIPlugin:80 - create IPUIPlugin
2025-06-25 16:35:59,749 [INFO] PluginManager:220 - loadIPPluginJar : add stm32_wpan
2025-06-25 16:35:59,785 [INFO] IPUIPlugin:80 - create IPUIPlugin
2025-06-25 16:35:59,786 [INFO] PluginManager:220 - loadIPPluginJar : add tim
2025-06-25 16:35:59,880 [INFO] IPUIPlugin:80 - create IPUIPlugin
2025-06-25 16:35:59,880 [INFO] PluginManager:220 - loadIPPluginJar : add touchsensing
2025-06-25 16:35:59,906 [INFO] ThirdPartyUpdaterWithRetryManager:70 - Updater plugin not ready yet. [2/15]
2025-06-25 16:35:59,922 [INFO] IPUIPlugin:80 - create IPUIPlugin
2025-06-25 16:35:59,922 [INFO] PluginManager:220 - loadIPPluginJar : add tracer_emb
2025-06-25 16:35:59,967 [INFO] IPUIPlugin:80 - create IPUIPlugin
2025-06-25 16:35:59,967 [INFO] PluginManager:220 - loadIPPluginJar : add ts
2025-06-25 16:36:00,005 [INFO] IPUIPlugin:80 - create IPUIPlugin
2025-06-25 16:36:00,006 [INFO] PluginManager:220 - loadIPPluginJar : add tsc
2025-06-25 16:36:00,035 [INFO] IPUIPlugin:80 - create IPUIPlugin
2025-06-25 16:36:00,035 [INFO] PluginManager:220 - loadIPPluginJar : add ucpd
2025-06-25 16:36:00,085 [INFO] IPUIPlugin:80 - create IPUIPlugin
2025-06-25 16:36:00,085 [INFO] PluginManager:220 - loadIPPluginJar : add usart
2025-06-25 16:36:00,156 [INFO] IPUIPlugin:80 - create IPUIPlugin
2025-06-25 16:36:00,157 [INFO] PluginManager:220 - loadIPPluginJar : add usbx
2025-06-25 16:36:00,302 [INFO] CADModel:165 - CPN selected for project level
2025-06-25 16:36:00,303 [INFO] CADModel:114 - Register for checkConnection events
2025-06-25 16:36:00,304 [FATAL] Updater:334 - Updater called before beeing initialized
2025-06-25 16:36:00,305 [ERROR] CADModel:125 - Updater not yet initialized, retry later 
2025-06-25 16:36:00,478 [INFO] CADModel:165 - CPN selected for project level
2025-06-25 16:36:00,478 [INFO] CADModel:114 - Register for checkConnection events
2025-06-25 16:36:00,478 [FATAL] Updater:334 - Updater called before beeing initialized
2025-06-25 16:36:00,478 [ERROR] CADModel:125 - Updater not yet initialized, retry later 
2025-06-25 16:36:00,482 [FATAL] Updater:334 - Updater called before beeing initialized
2025-06-25 16:36:00,618 [FATAL] Updater:334 - Updater called before beeing initialized
2025-06-25 16:36:00,629 [INFO] DbMcusAds:53 - JSON generation date=Thu Jun 19 14:02:34 IST 2025 (1750321954415)
2025-06-25 16:36:00,629 [FATAL] Updater:334 - Updater called before beeing initialized
2025-06-25 16:36:00,661 [WARN] DetailPanel:346 - Failed to get advertising image, set to default
2025-06-25 16:36:00,754 [FATAL] Updater:334 - Updater called before beeing initialized
2025-06-25 16:36:00,756 [FATAL] Updater:334 - Updater called before beeing initialized
2025-06-25 16:36:00,756 [FATAL] Updater:334 - Updater called before beeing initialized
2025-06-25 16:36:00,756 [WARN] DetailPanel:346 - Failed to get advertising image, set to default
2025-06-25 16:36:00,758 [FATAL] Updater:334 - Updater called before beeing initialized
2025-06-25 16:36:00,824 [ERROR] Updater:1164 - MainUpdater not yet initialized. External WinMGr cannot be set.
2025-06-25 16:36:00,835 [INFO] Updater:1100 - Updater Version found : 6.12.0
2025-06-25 16:36:00,851 [INFO] ApplicationProperties:184 - Using Application install path: C:\ST\STM32CubeIDE_1.16.0\STM32CubeIDE\plugins\com.st.stm32cube.common.mx_6.12.0.202406281431
2025-06-25 16:36:02,436 [ERROR] LogOutputStream:75 - [STDERR_REDIRECT] Jun 25, 2025 4:36:02 PM java.util.prefs.WindowsPreferences <init>
2025-06-25 16:36:02,437 [ERROR] LogOutputStream:75 - [STDERR_REDIRECT] WARNING: Could not open/create prefs root node Software\JavaSoft\Prefs at root 0xffffffff80000002. Windows RegCreateKeyEx(...) returned error code 5.
2025-06-25 16:36:02,438 [ERROR] LogOutputStream:75 - [STDERR_REDIRECT] 
2025-06-25 16:36:02,907 [INFO] ThirdPartyUpdaterWithRetryManager:70 - Updater plugin not ready yet. [3/15]
2025-06-25 16:36:03,230 [INFO] MainUpdater:2873 - connection check result : 10
2025-06-25 16:36:03,231 [INFO] MainUpdater:3567 - Updater definition file requires update
2025-06-25 16:36:03,231 [INFO] MainUpdater:290 - Updater Check For Update Now.
2025-06-25 16:36:03,231 [INFO] MicroXplorer:498 - Change Database Version : DB.6.0.120
2025-06-25 16:36:03,254 [INFO] McuFinderGlobals:63 - Set McuFinder mode to 2 (CubeIDE integrated)
2025-06-25 16:36:03,260 [INFO] UserAuth:417 - Internet connection configuration mode: 1
2025-06-25 16:36:03,311 [INFO] JxBrowserEngine:152 - Initiate JxBrowser Engine with user profile folder
2025-06-25 16:36:03,524 [INFO] ServerAccessManage:473 - Download File updaters.zip
2025-06-25 16:36:03,926 [INFO] FileExtend:240 - Unzip File : updaters.zip
2025-06-25 16:36:03,926 [INFO] FileExtend:255 - Standard Zip Deflate
2025-06-25 16:36:05,184 [INFO] ServerAccessManage:473 - Download File PacksControlFlags.xml
2025-06-25 16:36:05,384 [INFO] ServerAccessManage:473 - Download File cubemx.pidx
2025-06-25 16:36:05,907 [WARN] MainUpdater:1194 - Updater busy. Cannot search thirdparties
2025-06-25 16:36:05,907 [INFO] ThirdPartyUpdaterWithRetryManager:96 - Updater plugin is busy. [1/15]
2025-06-25 16:36:06,173 [INFO] ServerAccessManage:473 - Download File STMicroelectronics.FP-SNS-STAIOTCFT.pdsc
2025-06-25 16:36:06,988 [INFO] ServerAccessManage:473 - Download File STMicroelectronics.X-CUBE-FREERTOS.pdsc
2025-06-25 16:36:07,612 [INFO] WebApp:167 - Instantiating new browser for Auth
2025-06-25 16:36:08,909 [WARN] MainUpdater:1194 - Updater busy. Cannot search thirdparties
2025-06-25 16:36:08,909 [INFO] ThirdPartyUpdaterWithRetryManager:96 - Updater plugin is busy. [2/15]
2025-06-25 16:36:09,440 [INFO] WebApp:448 - Apply proxy settings
2025-06-25 16:36:09,440 [INFO] WebApp:533 - Chromium requires no authentication
2025-06-25 16:36:09,459 [INFO] WebApp:476 - Direct internet connection detected
2025-06-25 16:36:09,528 [INFO] WebApp:869 - Register for checkConnection events
2025-06-25 16:36:09,529 [INFO] WebApp:448 - Apply proxy settings
2025-06-25 16:36:09,529 [INFO] WebApp:533 - Chromium requires no authentication
2025-06-25 16:36:09,529 [INFO] WebApp:476 - Direct internet connection detected
2025-06-25 16:36:10,185 [WARN] PopulateThirdPartyThread:106 - Error when creating pack: C:/Users/nisha/.stm32cubemx/thirdparties/pdsc/STMicroelectronics.FP-SNS-STAIOTCFT.pdsc
2025-06-25 16:36:10,266 [INFO] WebApp:186 - Connection restablished
2025-06-25 16:36:10,395 [INFO] CheckServerUpdateThread:120 - End of CheckServer Thread
2025-06-25 16:36:10,407 [WARN] PackLoader:240 - Cannot read IP mode file for STMicroelectronics.X-CUBE-FREERTOS.1.3.1
2025-06-25 16:36:10,411 [INFO] PopulateThirdPartyThread:66 - Ending populate Thread
2025-06-25 16:36:10,414 [INFO] ThirdParty:1030 - CMSIS Pack Vendor :STMicroelectronics X-CUBE-FREERTOS 1.3.1
2025-06-25 16:36:10,415 [INFO] LoadServerUpdatesThread:375 - End of LoadServerUpdate Thread
2025-06-25 16:36:10,528 [INFO] WebApp:220 - Starting web application
2025-06-25 16:36:10,528 [INFO] WebApp:578 - Web application path used C:\ST\STM32CubeIDE_1.16.0\STM32CubeIDE\plugins\com.st.stm32cube.common.mx_6.12.0.202406281431\db\plugins\mcufinder\reactClient1\index.html
2025-06-25 16:36:10,821 [INFO] UserAuth:417 - Internet connection configuration mode: 1
2025-06-25 16:36:12,269 [WARN] PackLoader:240 - Cannot read IP mode file for STMicroelectronics.FP-SNS-MOTENVWB1.1.4.0
2025-06-25 16:36:12,290 [WARN] PackLoader:240 - Cannot read IP mode file for STMicroelectronics.X-CUBE-SMBUS.2.1.0
2025-06-25 16:36:12,319 [WARN] PackLoader:240 - Cannot read IP mode file for STMicroelectronics.X-CUBE-WB05N.1.1.0
2025-06-25 16:36:12,347 [ERROR] Engine:466 - C:\Users\nisha\.stm32cubemx\thirdparties\pdsc\STMicroelectronics.X-CUBE-ST60.1.0.0.pdsc: PDSC version is not supported
2025-06-25 16:36:12,384 [WARN] PackLoader:240 - Cannot read IP mode file for STMicroelectronics.X-CUBE-AZRTOS-F7.1.1.0
2025-06-25 16:36:12,484 [WARN] PackLoader:240 - Cannot read IP mode file for STMicroelectronics.X-CUBE-MEMS1.11.0.0
2025-06-25 16:36:12,684 [WARN] PackLoader:240 - Cannot read IP mode file for STMicroelectronics.FP-SNS-FLIGHT1.5.0.2
2025-06-25 16:36:12,712 [WARN] PackLoader:240 - Cannot read IP mode file for STMicroelectronics.X-CUBE-DISPLAY.3.0.0
2025-06-25 16:36:12,744 [WARN] PackLoader:240 - Cannot read IP mode file for STMicroelectronics.X-CUBE-BLE1.7.0.0
2025-06-25 16:36:12,770 [WARN] PackLoader:240 - Cannot read IP mode file for STMicroelectronics.X-CUBE-NFC10.1.0.0
2025-06-25 16:36:12,806 [WARN] PackLoader:240 - Cannot read IP mode file for emotas.I-CUBE-CANOPEN.1.3.0
2025-06-25 16:36:12,849 [WARN] PackLoader:240 - Cannot read IP mode file for STMicroelectronics.X-CUBE-BLEMGR.3.1.0
2025-06-25 16:36:12,877 [WARN] PackLoader:240 - Cannot read IP mode file for STMicroelectronics.FP-SNS-SMARTAG2.1.2.0
2025-06-25 16:36:12,882 [ERROR] Engine:466 - C:\Users\nisha\.stm32cubemx\thirdparties\pdsc\STMicroelectronics.FP-SNS-FLIGHT1.5.1.0.pdsc: PDSC version is not supported
2025-06-25 16:36:12,914 [INFO] LogOutputStream:77 - [STDOUT_REDIRECT] 1 : Invalid condition id : UX_CORESTACK_Condition cause : null
2025-06-25 16:36:12,916 [INFO] LogOutputStream:77 - [STDOUT_REDIRECT] 1 : Invalid condition id : UX_CORESTACK_Condition cause : null
2025-06-25 16:36:12,917 [INFO] LogOutputStream:77 - [STDOUT_REDIRECT] 1 : Invalid condition id : UX_CORESTACK_Condition cause : null
2025-06-25 16:36:12,921 [INFO] LogOutputStream:77 - [STDOUT_REDIRECT] 1 : Invalid condition id : UX_CORESTACK_Condition cause : null
2025-06-25 16:36:12,923 [INFO] LogOutputStream:77 - [STDOUT_REDIRECT] 1 : Invalid condition id : UX_CORESTACK_Condition cause : null
2025-06-25 16:36:12,926 [WARN] PackLoader:240 - Cannot read IP mode file for STMicroelectronics.X-CUBE-AZRTOS-WL.2.0.0
2025-06-25 16:36:12,953 [WARN] PackLoader:240 - Cannot read IP mode file for STMicroelectronics.FP-SNS-MOTENV1.5.0.0
2025-06-25 16:36:12,961 [WARN] PackLoader:240 - Cannot read IP mode file for wolfSSL.I-CUBE-wolfMQTT.1.19.0
2025-06-25 16:36:12,992 [WARN] PackLoader:240 - Cannot read IP mode file for WES.I-CUBE-Cesium.1.3.0
2025-06-25 16:36:13,013 [WARN] PackLoader:240 - Cannot read IP mode file for STMicroelectronics.X-CUBE-BLE2.3.3.0
2025-06-25 16:36:13,038 [WARN] PackLoader:240 - Cannot read IP mode file for STMicroelectronics.X-CUBE-NFC9.1.0.0
2025-06-25 16:36:13,059 [WARN] PackLoader:240 - Cannot read IP mode file for STMicroelectronics.X-CUBE-BLE1.7.1.0
2025-06-25 16:36:13,089 [WARN] PackLoader:240 - Cannot read IP mode file for STMicroelectronics.X-CUBE-TCPP.4.1.0
2025-06-25 16:36:13,117 [WARN] PackLoader:240 - Cannot read IP mode file for STMicroelectronics.X-CUBE-AI.10.1.0
2025-06-25 16:36:13,159 [WARN] PackLoader:240 - Cannot read IP mode file for STMicroelectronics.X-CUBE-AZRTOS-G0.1.1.0
2025-06-25 16:36:13,183 [WARN] PackLoader:240 - Cannot read IP mode file for STMicroelectronics.X-CUBE-SAFEA1.1.2.2
2025-06-25 16:36:13,206 [WARN] PackLoader:240 - Cannot read IP mode file for STMicroelectronics.X-CUBE-NFC4.3.0.0
2025-06-25 16:36:13,233 [WARN] PackLoader:240 - Cannot read IP mode file for EmbeddedOffice.I-CUBE-FS-RTOS.1.0.1
2025-06-25 16:36:13,233 [ERROR] ConditionMgr:805 - Attr not supported : Dmpu
2025-06-25 16:36:13,234 [ERROR] ConditionMgr:805 - Attr not supported : Dmpu
2025-06-25 16:36:13,234 [ERROR] ConditionMgr:805 - Attr not supported : Dmpu
2025-06-25 16:36:13,234 [ERROR] ConditionMgr:805 - Attr not supported : Dmpu
2025-06-25 16:36:13,234 [ERROR] ConditionMgr:805 - Attr not supported : Dmpu
2025-06-25 16:36:13,234 [ERROR] ConditionMgr:805 - Attr not supported : Dmpu
2025-06-25 16:36:13,234 [ERROR] ConditionMgr:805 - Attr not supported : Dmpu
2025-06-25 16:36:13,234 [ERROR] ConditionMgr:805 - Attr not supported : Dmpu
2025-06-25 16:36:13,234 [ERROR] ConditionMgr:805 - Attr not supported : Dmpu
2025-06-25 16:36:13,234 [ERROR] ConditionMgr:805 - Attr not supported : Dmpu
2025-06-25 16:36:13,235 [ERROR] ConditionMgr:805 - Attr not supported : Dmpu
2025-06-25 16:36:13,235 [ERROR] ConditionMgr:805 - Attr not supported : Dmpu
2025-06-25 16:36:13,235 [ERROR] ConditionMgr:805 - Attr not supported : Dmpu
2025-06-25 16:36:13,235 [ERROR] ConditionMgr:805 - Attr not supported : Dmpu
2025-06-25 16:36:13,235 [ERROR] ConditionMgr:805 - Attr not supported : Dmpu
2025-06-25 16:36:13,235 [ERROR] ConditionMgr:805 - Attr not supported : Dmpu
2025-06-25 16:36:13,235 [ERROR] ConditionMgr:805 - Attr not supported : Dmpu
2025-06-25 16:36:13,235 [ERROR] ConditionMgr:805 - Attr not supported : Dmpu
2025-06-25 16:36:13,235 [ERROR] ConditionMgr:805 - Attr not supported : Dmpu
2025-06-25 16:36:13,235 [ERROR] ConditionMgr:805 - Attr not supported : Dmpu
2025-06-25 16:36:13,235 [ERROR] ConditionMgr:805 - Attr not supported : Dmpu
2025-06-25 16:36:13,235 [ERROR] ConditionMgr:805 - Attr not supported : Dmpu
2025-06-25 16:36:13,235 [ERROR] ConditionMgr:805 - Attr not supported : Dmpu
2025-06-25 16:36:13,235 [ERROR] ConditionMgr:805 - Attr not supported : Dmpu
2025-06-25 16:36:13,235 [ERROR] ConditionMgr:805 - Attr not supported : Dmpu
2025-06-25 16:36:13,235 [ERROR] ConditionMgr:805 - Attr not supported : Dmpu
2025-06-25 16:36:13,235 [ERROR] ConditionMgr:805 - Attr not supported : Dmpu
2025-06-25 16:36:13,235 [ERROR] ConditionMgr:805 - Attr not supported : Dmpu
2025-06-25 16:36:13,235 [ERROR] ConditionMgr:805 - Attr not supported : Dmpu
2025-06-25 16:36:13,235 [ERROR] ConditionMgr:805 - Attr not supported : Dmpu
2025-06-25 16:36:13,235 [ERROR] ConditionMgr:805 - Attr not supported : Dmpu
2025-06-25 16:36:13,235 [ERROR] ConditionMgr:805 - Attr not supported : Dmpu
2025-06-25 16:36:13,235 [ERROR] ConditionMgr:805 - Attr not supported : Dmpu
2025-06-25 16:36:13,235 [ERROR] ConditionMgr:805 - Attr not supported : Dmpu
2025-06-25 16:36:13,235 [ERROR] ConditionMgr:805 - Attr not supported : Dmpu
2025-06-25 16:36:13,235 [ERROR] ConditionMgr:805 - Attr not supported : Dmpu
2025-06-25 16:36:13,236 [ERROR] ConditionMgr:805 - Attr not supported : Dmpu
2025-06-25 16:36:13,236 [ERROR] ConditionMgr:805 - Attr not supported : Dmpu
2025-06-25 16:36:13,236 [ERROR] ConditionMgr:805 - Attr not supported : Dmpu
2025-06-25 16:36:13,236 [ERROR] ConditionMgr:805 - Attr not supported : Dmpu
2025-06-25 16:36:13,236 [ERROR] ConditionMgr:805 - Attr not supported : Dmpu
2025-06-25 16:36:13,236 [ERROR] ConditionMgr:805 - Attr not supported : Dmpu
2025-06-25 16:36:13,236 [ERROR] ConditionMgr:805 - Attr not supported : Dmpu
2025-06-25 16:36:13,236 [ERROR] ConditionMgr:805 - Attr not supported : Dmpu
2025-06-25 16:36:13,236 [ERROR] ConditionMgr:805 - Attr not supported : Dmpu
2025-06-25 16:36:13,236 [ERROR] ConditionMgr:805 - Attr not supported : Dmpu
2025-06-25 16:36:13,236 [ERROR] ConditionMgr:805 - Attr not supported : Dmpu
2025-06-25 16:36:13,236 [ERROR] ConditionMgr:805 - Attr not supported : Dmpu
2025-06-25 16:36:13,236 [ERROR] ConditionMgr:805 - Attr not supported : Dmpu
2025-06-25 16:36:13,236 [ERROR] ConditionMgr:805 - Attr not supported : Dmpu
2025-06-25 16:36:13,236 [ERROR] ConditionMgr:805 - Attr not supported : Dmpu
2025-06-25 16:36:13,236 [ERROR] ConditionMgr:805 - Attr not supported : Dmpu
2025-06-25 16:36:13,236 [ERROR] ConditionMgr:805 - Attr not supported : Dmpu
2025-06-25 16:36:13,236 [ERROR] ConditionMgr:805 - Attr not supported : Dmpu
2025-06-25 16:36:13,237 [ERROR] ConditionMgr:805 - Attr not supported : Dmpu
2025-06-25 16:36:13,237 [ERROR] ConditionMgr:805 - Attr not supported : Dmpu
2025-06-25 16:36:13,237 [ERROR] ConditionMgr:805 - Attr not supported : Dmpu
2025-06-25 16:36:13,237 [ERROR] ConditionMgr:805 - Attr not supported : Dmpu
2025-06-25 16:36:13,237 [ERROR] ConditionMgr:805 - Attr not supported : Dmpu
2025-06-25 16:36:13,237 [ERROR] ConditionMgr:805 - Attr not supported : Dmpu
2025-06-25 16:36:13,237 [ERROR] ConditionMgr:805 - Attr not supported : Dmpu
2025-06-25 16:36:13,237 [ERROR] ConditionMgr:805 - Attr not supported : Dmpu
2025-06-25 16:36:13,237 [ERROR] ConditionMgr:805 - Attr not supported : Dmpu
2025-06-25 16:36:13,237 [ERROR] ConditionMgr:805 - Attr not supported : Dmpu
2025-06-25 16:36:13,259 [WARN] PackLoader:240 - Cannot read IP mode file for STMicroelectronics.X-CUBE-WB05N.2.0.0
2025-06-25 16:36:13,286 [ERROR] Engine:466 - C:\Users\nisha\.stm32cubemx\thirdparties\pdsc\STMicroelectronics.X-CUBE-TCPP.4.2.0.pdsc: PDSC version is not supported
2025-06-25 16:36:13,308 [WARN] PackLoader:240 - Cannot read IP mode file for RealThread.X-CUBE-RT-Thread_Nano.4.1.1
2025-06-25 16:36:13,329 [WARN] PackLoader:240 - Cannot read IP mode file for wolfSSL.I-CUBE-wolfSSL.5.7.0
2025-06-25 16:36:13,337 [WARN] PackLoader:240 - Cannot read IP mode file for STMicroelectronics.FP-ATR-SIGFOX1.3.2.0
2025-06-25 16:36:13,345 [WARN] ConditionMgr:438 - getConditionDescription Invalid condition id : Cortex-A Device cause : null
2025-06-25 16:36:13,383 [WARN] ConditionMgr:1039 - genDependencies : Invalid condition id : Cortex-A Device cause : null
2025-06-25 16:36:13,384 [WARN] ConditionMgr:1039 - genDependencies : Invalid condition id : Cortex-A Device cause : null
2025-06-25 16:36:13,384 [WARN] ConditionMgr:1039 - genDependencies : Invalid condition id : Cortex-A Device cause : null
2025-06-25 16:36:13,406 [WARN] PackLoader:240 - Cannot read IP mode file for STMicroelectronics.X-CUBE-EEPRMA1.5.1.0
2025-06-25 16:36:13,434 [WARN] PackLoader:240 - Cannot read IP mode file for ITTIA_DB.I-CUBE-ITTIADB.8.9.0
2025-06-25 16:36:13,452 [ERROR] Engine:466 - C:\Users\nisha\.stm32cubemx\thirdparties\pdsc\STMicroelectronics.X-CUBE-ST67W61.1.0.0.pdsc: PDSC version is not supported
2025-06-25 16:36:13,509 [WARN] PackLoader:240 - Cannot read IP mode file for SEGGER.I-CUBE-embOS.1.3.1
2025-06-25 16:36:13,579 [WARN] PackLoader:240 - Cannot read IP mode file for STMicroelectronics.X-CUBE-ALGOBUILD.1.4.0
2025-06-25 16:36:13,661 [WARN] PackLoader:240 - Cannot read IP mode file for STMicroelectronics.X-CUBE-MEMS1.11.3.0
2025-06-25 16:36:13,828 [WARN] PackLoader:240 - Cannot read IP mode file for STMicroelectronics.X-CUBE-AI.9.1.0
2025-06-25 16:36:13,852 [WARN] PackLoader:240 - Cannot read IP mode file for STMicroelectronics.X-CUBE-PM33A1.1.0.0
2025-06-25 16:36:13,873 [WARN] PackLoader:240 - Cannot read IP mode file for STMicroelectronics.X-CUBE-GNSS1.6.0.0
2025-06-25 16:36:13,910 [WARN] PackLoader:240 - Cannot read IP mode file for STMicroelectronics.X-CUBE-AZRTOS-F4.1.1.0
2025-06-25 16:36:13,919 [ERROR] Engine:466 - C:\Users\nisha\.stm32cubemx\thirdparties\pdsc\Avnet-IotConnect.X-CUBE-IoTC-DA16k-PMOD.1.0.0.pdsc: PDSC version is not supported
2025-06-25 16:36:13,941 [WARN] PackLoader:240 - Cannot read IP mode file for STMicroelectronics.X-CUBE-ISPU.2.1.0
2025-06-25 16:36:13,964 [WARN] PackLoader:240 - Cannot read IP mode file for STMicroelectronics.X-CUBE-FREERTOS.1.2.0
2025-06-25 16:36:14,004 [WARN] PackLoader:240 - Cannot read IP mode file for STMicroelectronics.X-CUBE-AZRTOS-L5.2.0.0
2025-06-25 16:36:14,030 [WARN] PackLoader:240 - Cannot read IP mode file for STMicroelectronics.X-CUBE-NFC6.3.1.0
2025-06-25 16:36:14,055 [WARN] PackLoader:240 - Cannot read IP mode file for STMicroelectronics.X-CUBE-DPower.1.2.0
2025-06-25 16:36:14,075 [WARN] PackLoader:240 - Cannot read IP mode file for STMicroelectronics.X-CUBE-AI.9.0.0
2025-06-25 16:36:14,080 [WARN] PackLoader:240 - Cannot read IP mode file for STMicroelectronics.X-CUBE-FREERTOS.1.3.1
2025-06-25 16:36:14,101 [WARN] PackLoader:240 - Cannot read IP mode file for STMicroelectronics.X-CUBE-NFC7.1.0.1
2025-06-25 16:36:14,108 [WARN] PackLoader:240 - Cannot read IP mode file for wolfSSL.I-CUBE-wolfTPM.3.2.0
2025-06-25 16:36:14,111 [ERROR] Engine:466 - C:\Users\nisha\.stm32cubemx\thirdparties\pdsc\STMicroelectronics.FP-SNS-STAIOTCFT.1.0.0.pdsc: PDSC version is not supported
2025-06-25 16:36:14,139 [WARN] PackLoader:240 - Cannot read IP mode file for STMicroelectronics.X-CUBE-DPower.1.3.0
2025-06-25 16:36:14,178 [WARN] ConditionMgr:438 - getConditionDescription Invalid condition id : LAN8742 Phy interface Condition cause : null
2025-06-25 16:36:14,178 [WARN] PackLoader:240 - Cannot read IP mode file for STMicroelectronics.X-CUBE-AZRTOS-L4.2.0.0
2025-06-25 16:36:14,179 [WARN] ConditionMgr:1039 - genDependencies : Invalid condition id : LAN8742 Phy interface Condition cause : null
2025-06-25 16:36:14,179 [WARN] ConditionMgr:1039 - genDependencies : Invalid condition id : LAN8742 Phy interface Condition cause : null
2025-06-25 16:36:14,182 [WARN] ConditionMgr:1039 - genDependencies : Invalid condition id : LAN8742 Phy interface Condition cause : null
2025-06-25 16:36:14,212 [WARN] PackLoader:240 - Cannot read IP mode file for STMicroelectronics.X-CUBE-SFXS2LP1.4.0.0
2025-06-25 16:36:14,254 [WARN] PackLoader:240 - Cannot read IP mode file for STMicroelectronics.X-CUBE-AZRTOS-H7.3.3.0
2025-06-25 16:36:14,280 [WARN] PackLoader:240 - Cannot read IP mode file for STMicroelectronics.X-CUBE-IPS.3.0.0
2025-06-25 16:36:14,320 [WARN] ConditionMgr:438 - getConditionDescription Invalid condition id : UX DEVICE CLASS RTOS Condition cause : null
2025-06-25 16:36:14,320 [WARN] ConditionMgr:438 - getConditionDescription Invalid condition id : UX DEVICE CLASS RTOS Condition cause : null
2025-06-25 16:36:14,322 [WARN] PackLoader:240 - Cannot read IP mode file for STMicroelectronics.X-CUBE-AZRTOS-WB.2.0.0
2025-06-25 16:36:14,323 [WARN] ConditionMgr:1039 - genDependencies : Invalid condition id : UX DEVICE CLASS RTOS Condition cause : null
2025-06-25 16:36:14,323 [WARN] ConditionMgr:1039 - genDependencies : Invalid condition id : UX DEVICE CLASS RTOS Condition cause : null
2025-06-25 16:36:14,323 [WARN] ConditionMgr:1039 - genDependencies : Invalid condition id : UX DEVICE CLASS RTOS Condition cause : null
2025-06-25 16:36:14,323 [WARN] ConditionMgr:1039 - genDependencies : Invalid condition id : UX DEVICE CLASS RTOS Condition cause : null
2025-06-25 16:36:14,323 [WARN] ConditionMgr:1039 - genDependencies : Invalid condition id : UX DEVICE CLASS RTOS Condition cause : null
2025-06-25 16:36:14,343 [WARN] PackLoader:240 - Cannot read IP mode file for STMicroelectronics.X-CUBE-GNSS1.7.0.0
2025-06-25 16:36:14,367 [WARN] PackLoader:240 - Cannot read IP mode file for STMicroelectronics.X-CUBE-GNSS1.7.0.1
2025-06-25 16:36:14,394 [WARN] PackLoader:240 - Cannot read IP mode file for STMicroelectronics.X-CUBE-TOUCHGFX.4.25.0
2025-06-25 16:36:14,420 [WARN] PackLoader:240 - Cannot read IP mode file for STMicroelectronics.FP-SNS-STBOX1.2.0.0
2025-06-25 16:36:14,455 [WARN] PackLoader:240 - Cannot read IP mode file for STMicroelectronics.X-CUBE-SUBG2.5.0.0
2025-06-25 16:36:14,495 [WARN] PackLoader:240 - Cannot read IP mode file for STMicroelectronics.X-CUBE-AZRTOS-H7RS.1.1.0
2025-06-25 16:36:14,507 [WARN] PackLoader:240 - Cannot read IP mode file for Cesanta.I-CUBE-Mongoose.7.13.0
2025-06-25 16:36:14,536 [WARN] PackLoader:240 - Cannot read IP mode file for STMicroelectronics.X-CUBE-AZRTOS-G4.2.0.0
2025-06-25 16:36:14,562 [WARN] PackLoader:240 - Cannot read IP mode file for STMicroelectronics.X-CUBE-NFC7.2.0.0
2025-06-25 16:36:14,585 [WARN] PackLoader:240 - Cannot read IP mode file for STMicroelectronics.X-CUBE-ISPU.2.0.0
2025-06-25 16:36:14,607 [ERROR] Engine:466 - C:\Users\nisha\.stm32cubemx\thirdparties\pdsc\STMicroelectronics.X-CUBE-IPS.3.1.0.pdsc: PDSC version is not supported
2025-06-25 16:36:14,628 [WARN] PackLoader:240 - Cannot read IP mode file for STMicroelectronics.X-CUBE-ALS.1.0.2
2025-06-25 16:36:14,681 [WARN] PackLoader:240 - Cannot read IP mode file for STMicroelectronics.X-CUBE-MEMS1.10.0.0
2025-06-25 16:36:14,777 [WARN] PackLoader:240 - Cannot read IP mode file for STMicroelectronics.X-CUBE-TOUCHGFX.4.24.0
2025-06-25 16:36:14,796 [WARN] PackLoader:240 - Cannot read IP mode file for STMicroelectronics.X-CUBE-TOUCHGFX.4.24.1
2025-06-25 16:36:14,819 [WARN] PackLoader:240 - Cannot read IP mode file for portGmbH.I-Cube-SoM-uGOAL.1.1.0
2025-06-25 16:36:14,856 [WARN] PackLoader:240 - Cannot read IP mode file for STMicroelectronics.X-CUBE-AZRTOS-H7RS.1.0.0
2025-06-25 16:36:14,882 [WARN] PackLoader:240 - Cannot read IP mode file for STMicroelectronics.FP-ATR-ASTRA1.2.0.0
2025-06-25 16:36:14,918 [WARN] PackLoader:240 - Cannot read IP mode file for STMicroelectronics.X-CUBE-TOF1.3.4.2
2025-06-25 16:36:14,946 [ERROR] Engine:466 - C:\Users\nisha\.stm32cubemx\thirdparties\pdsc\STMicroelectronics.X-CUBE-TOF1.3.4.3.pdsc: PDSC version is not supported
2025-06-25 16:36:14,969 [WARN] PackLoader:240 - Cannot read IP mode file for STMicroelectronics.X-CUBE-TOF1.3.4.1
2025-06-25 16:36:15,006 [WARN] PackLoader:240 - Cannot read IP mode file for STMicroelectronics.X-CUBE-AZRTOS-H7.3.2.0
2025-06-25 16:36:15,036 [WARN] PackLoader:240 - Cannot read IP mode file for Infineon.AIROC-Wi-Fi-Bluetooth-STM32.1.6.0
2025-06-25 16:36:15,046 [WARN] PackLoader:240 - Cannot read IP mode file for wolfSSL.I-CUBE-wolfSSH.1.4.17
2025-06-25 16:36:15,047 [INFO] ThirdParty:978 - Integrity check success = true
2025-06-25 16:36:15,049 [INFO] IntegrityCheckThread:100 - exiting critical section [integrity check]
2025-06-25 16:36:15,049 [INFO] IntegrityCheckThread:103 - End integrity checks thread
2025-06-25 16:36:31,303 [INFO] McuFinderGlobals:63 - Set McuFinder mode to 2 (CubeIDE integrated)
2025-06-25 16:36:31,372 [INFO] MainUpdater:2873 - connection check result : 10
2025-06-25 16:36:31,389 [INFO] MainUpdater:2873 - connection check result : 10
2025-06-25 16:36:31,885 [INFO] RulesReader:64 - Compatibility file has been processed (297 Rules)
2025-06-25 16:36:31,905 [INFO] RulesReader:64 - Compatibility file has been processed (297 Rules)
2025-06-25 16:36:31,935 [INFO] MicroXplorer:468 - Change Database Path : 
2025-06-25 16:36:31,936 [INFO] MicroXplorer:498 - Change Database Version : DB.6.0.120
2025-06-25 16:36:31,986 [WARN] ThirdParty:871 - waiting for thirdparty lock release [close project]
2025-06-25 16:36:31,987 [INFO] ThirdParty:873 - entering critical section [close project]
2025-06-25 16:36:31,990 [INFO] ThirdParty:883 - exiting critical section [close project]
2025-06-25 16:36:32,005 [INFO] PinOutPanel:1561 - setPackage(No Configuration,No Configuration)
2025-06-25 16:36:32,035 [INFO] UtilMem:75 - Begin LoadConfig() Used Memory: 196948000 Bytes (432013312)
2025-06-25 16:36:32,042 [INFO] MicroXplorer:468 - Change Database Path : 
2025-06-25 16:36:32,042 [INFO] MicroXplorer:498 - Change Database Version : DB.6.0.120
2025-06-25 16:36:32,042 [INFO] OpenFileManager:332 - Change cursor
2025-06-25 16:36:32,232 [INFO] Mcu:2032 - Initializing MCU STM32F407V(E-G)Tx STM32F407VGTx STM32F407VGT6
2025-06-25 16:36:35,822 [INFO] Context:742 - Trying to add GPIOservice into a context  which must be forbidden
2025-06-25 16:36:37,016 [INFO] RtosManager:555 - Registered RTOS mode: class=CMSIS, group=RTOS, mode=CMSIS_V1, owner=FREERTOS
2025-06-25 16:36:37,016 [INFO] RtosManager:555 - Registered RTOS mode: class=CMSIS, group=RTOS2, mode=CMSIS_V2, owner=FREERTOS
2025-06-25 16:36:37,016 [INFO] RtosManager:555 - Registered RTOS mode: class=RTOS, group=Core, mode=CMSIS_V1, owner=FREERTOS
2025-06-25 16:36:37,016 [INFO] RtosManager:555 - Registered RTOS mode: class=RTOS, group=Core, mode=CMSIS_V2, owner=FREERTOS
2025-06-25 16:36:37,017 [WARN] ModelIntegratedComponent:184 - Missing modes for component STMicroelectronics:FreeRTOS:0.0.1:STMicroelectronics:RTOS:FreeRTOS:Core:::10.2.0:
2025-06-25 16:36:37,053 [WARN] ModelIntegratedComponent:63 - No mode defined for component null
2025-06-25 16:36:37,053 [WARN] ModelIntegratedComponent:63 - No mode defined for component null
2025-06-25 16:36:37,053 [WARN] ModelIntegratedComponent:63 - No mode defined for component null
2025-06-25 16:36:37,053 [WARN] ModelIntegratedComponent:63 - No mode defined for component null
2025-06-25 16:36:37,053 [WARN] ModelIntegratedComponent:63 - No mode defined for component null
2025-06-25 16:36:37,053 [WARN] ModelIntegratedComponent:63 - No mode defined for component null
2025-06-25 16:36:37,053 [WARN] ModelIntegratedComponent:63 - No mode defined for component null
2025-06-25 16:36:37,053 [WARN] ModelIntegratedComponent:63 - No mode defined for component null
2025-06-25 16:36:37,054 [WARN] ModelIntegratedComponent:63 - No mode defined for component null
2025-06-25 16:36:37,054 [WARN] ModelIntegratedComponent:63 - No mode defined for component null
2025-06-25 16:36:37,054 [WARN] ModelIntegratedComponent:63 - No mode defined for component null
2025-06-25 16:36:37,054 [WARN] ModelIntegratedComponent:63 - No mode defined for component null
2025-06-25 16:36:37,054 [WARN] ModelIntegratedComponent:63 - No mode defined for component null
2025-06-25 16:36:37,054 [WARN] ModelIntegratedComponent:63 - No mode defined for component null
2025-06-25 16:36:37,054 [WARN] ModelIntegratedComponent:63 - No mode defined for component null
2025-06-25 16:36:37,054 [WARN] ModelIntegratedComponent:63 - No mode defined for component null
2025-06-25 16:36:37,054 [WARN] ModelIntegratedComponent:63 - No mode defined for component null
2025-06-25 16:36:37,054 [WARN] ModelIntegratedComponent:63 - No mode defined for component null
2025-06-25 16:36:37,054 [WARN] ModelIntegratedComponent:63 - No mode defined for component null
2025-06-25 16:36:37,054 [WARN] ModelIntegratedComponent:63 - No mode defined for component null
2025-06-25 16:36:37,054 [WARN] ModelIntegratedComponent:63 - No mode defined for component null
2025-06-25 16:36:37,054 [WARN] ModelIntegratedComponent:63 - No mode defined for component null
2025-06-25 16:36:37,054 [WARN] ModelIntegratedComponent:63 - No mode defined for component null
2025-06-25 16:36:37,054 [WARN] ModelIntegratedComponent:63 - No mode defined for component null
2025-06-25 16:36:37,054 [WARN] ModelIntegratedComponent:63 - No mode defined for component null
2025-06-25 16:36:37,054 [WARN] ModelIntegratedComponent:63 - No mode defined for component null
2025-06-25 16:36:37,054 [WARN] ModelIntegratedComponent:63 - No mode defined for component null
2025-06-25 16:36:37,054 [WARN] ModelIntegratedComponent:63 - No mode defined for component null
2025-06-25 16:36:37,054 [WARN] ModelIntegratedComponent:63 - No mode defined for component null
2025-06-25 16:36:37,054 [WARN] ModelIntegratedComponent:63 - No mode defined for component null
2025-06-25 16:36:37,054 [WARN] ModelIntegratedComponent:63 - No mode defined for component null
2025-06-25 16:36:37,054 [WARN] ModelIntegratedComponent:63 - No mode defined for component null
2025-06-25 16:36:37,055 [WARN] ModelIntegratedComponent:63 - No mode defined for component null
2025-06-25 16:36:37,055 [WARN] ModelIntegratedComponent:63 - No mode defined for component null
2025-06-25 16:36:37,055 [WARN] ModelIntegratedComponent:63 - No mode defined for component null
2025-06-25 16:36:37,056 [WARN] ModelPack:524 - Component already loaded: STMicroelectronics:HAL Drivers:0.0.0:STMicroelectronics:Device:STMicro_Driver:XSPI:HAL::0.0.1:HAL_XSPI
2025-06-25 16:36:37,343 [INFO] ThirdPartyModel:298 - Start build external matchings
2025-06-25 16:36:38,169 [INFO] ThirdPartyModel:316 - End build external matchings
2025-06-25 16:36:39,005 [INFO] ApiDb:581 - Connected to CubeFinder SQLite database (C:\Users\nisha\.stmcufinder\plugins\mcufinder\mcu\cube-finder-db.db)
2025-06-25 16:36:39,131 [INFO] ApiDb:668 - CubeFinder database Data Model version=2.1
2025-06-25 16:36:39,131 [INFO] ApiDb:669 - CubeFinder database Configuration version=3.0.39
2025-06-25 16:36:39,131 [INFO] ApiDb:670 - CubeFinder database generation date=2025-06-16 (1750072209)
2025-06-25 16:36:39,131 [INFO] ApiDb:671 - CubeFinder database FW Pack versions=[FP-ATR-ASTRA1_V2.0.0, FP-SNS-FLIGHT1_V5.1.0, FP-SNS-MOTENV1_V5.0.0, FP-SNS-MOTENVWB1_V1.4.0, FP-SNS-SMARTAG2_V1.2.0, FP-SNS-STBOX1_V2.0.0, STM32Cube_FW_C0_V1.4.0, STM32Cube_FW_F4_V1.28.2, STM32Cube_FW_F7_V1.17.3, STM32Cube_FW_G0_V1.6.2, STM32Cube_FW_G4_V1.6.1, STM32Cube_FW_H5_V1.5.0, STM32Cube_FW_H7RS_V1.2.0, STM32Cube_FW_H7_V1.12.1, STM32Cube_FW_L0_V1.12.2, STM32Cube_FW_L4_V1.18.1, STM32Cube_FW_L5_V1.5.1, STM32Cube_FW_N6_V1.1.1, STM32Cube_FW_U0_V1.2.0, STM32Cube_FW_U3_V1.1.0, STM32Cube_FW_U5_V1.7.0, STM32Cube_FW_WB0_V1.2.0, STM32Cube_FW_WBA_V1.6.0, STM32Cube_FW_WB_V1.22.0, STM32Cube_FW_WL3_V1.1.0, STM32Cube_FW_WL_V1.3.1, X-CUBE-ALGOBUILD_V1.4.0, X-CUBE-ALS_V1.0.2, X-CUBE-AZRTOS-F4_V1.1.0, X-CUBE-AZRTOS-F7_V1.1.0, X-CUBE-AZRTOS-G0_V1.1.0, X-CUBE-AZRTOS-G4_V2.0.0, X-CUBE-AZRTOS-H7RS_V1.1.0, X-CUBE-AZRTOS-H7_V3.3.0, X-CUBE-AZRTOS-L4_V2.0.0, X-CUBE-AZRTOS-L5_V2.0.0, X-CUBE-AZRTOS-WB_V2.0.0, X-CUBE-AZRTOS-WL_V2.0.0, X-CUBE-BLE1_V7.1.0, X-CUBE-BLE2_V3.3.0, X-CUBE-BLEMGR_V4.0.0, X-CUBE-EEPRMA1_V5.1.0, X-CUBE-FREERTOS_V1.3.1, X-CUBE-GNSS1_V6.0.0, X-CUBE-MEMS1_V11.3.0, X-CUBE-NFC4_V3.0.0, X-CUBE-NFC7_V2.0.0, X-CUBE-SFXS2LP1_V4.0.0, X-CUBE-SUBG2_V5.0.0, X-CUBE-TOF1_V3.4.3]
2025-06-25 16:36:39,255 [INFO] DbBoardsSqlite:226 - include board P-NUCLEO-WB55-NUCLEO as a kit item of type 'Nucleo-64'
2025-06-25 16:36:39,255 [INFO] DbBoardsSqlite:226 - include board P-NUCLEO-WB55-USBDONGLE as a kit item of type 'Nucleo USB Dongle'
2025-06-25 16:36:39,255 [INFO] DbBoardsSqlite:226 - include board STEVAL-IDP005V1 as a kit item of type 'Evaluation Board'
2025-06-25 16:36:39,255 [INFO] DbBoardsSqlite:226 - include board STEVAL-IDP005V2 as a kit item of type 'Evaluation Board'
2025-06-25 16:36:39,347 [INFO] ApiDb:240 - Found 646 in-development CPN: [B-G473E-ZEST1S, B-WB1M-WPAN1, B-WL5M-SUBG1, NUCLEO-C031C6, NUCLEO-C071RB, NUCLEO-H503RB, NUCLEO-H533RE, NUCLEO-H563ZI, NUCLEO-H7S3L8, NUCLEO-U031R8, NUCLEO-U083RC, NUCLEO-U545RE-Q, NUCLEO-U5A5ZJ-Q, NUCLEO-WB05KZ, NUCLEO-WB07CC, NUCLEO-WB09KE, NUCLEO-WBA52CG, NUCLEO-WBA55CG, STEVAL-PROTEUS1, STEVAL-SMARTAG2, STEVAL-STWINBX1, STM320518-EVAL, STM32C0116-DK, STM32C011D6Y3TR, STM32C011D6Y6TR, STM32C011F4P3, STM32C011F4P6, STM32C011F4U3, STM32C011F4U6TR, STM32C011F6P3, STM32C011F6P6, STM32C011F6U3, STM32C011F6U6TR, STM32C011J4M3, STM32C011J4M6, STM32C011J6M3, STM32C011J6M6, STM32C0316-DK, STM32C031C4T3, STM32C031C4T6, STM32C031C4U3, STM32C031C4U6, STM32C031C6T3, STM32C031C6T6, STM32C031C6U3, STM32C031C6U6, STM32C031F4P3, STM32C031F4P6, STM32C031F6P3, STM32C031F6P6, STM32C031G4U3, STM32C031G4U6, STM32C031G6U3, STM32C031G6U6, STM32C031K4T3, STM32C031K4T6, STM32C031K4U3, STM32C031K4U6, STM32C031K6T3, STM32C031K6T6, STM32C031K6U3, STM32C031K6U6, STM32C071C8T6, STM32C071C8T6N, STM32C071C8U6, STM32C071C8U6N, STM32C071CBT6, STM32C071CBT6N, STM32C071CBU6, STM32C071CBU6N, STM32C071F8P6, STM32C071F8P6N, STM32C071FBP6, STM32C071FBP6N, STM32C071FBY6TR, STM32C071G8U6, STM32C071G8U6N, STM32C071GBU6, STM32C071GBU6N, STM32C071K8T6, STM32C071K8T6N, STM32C071K8U6, STM32C071K8U6N, STM32C071KBT6, STM32C071KBT6N, STM32C071KBU6, STM32C071KBU6N, STM32C071R8T6, STM32C071R8T6N, STM32C071RBI6N, STM32C071RBT6, STM32C071RBT6N, STM32G071K8TXN, STM32G071K8UXN, STM32G081GBU6N, STM32G081KBT6N, STM32G081KBUXN, STM32G0B1CCT6N, STM32G0B1KCT6, STM32G0B1NEY6TR, STM32G0B1RCT6N, STM32G0C1CCT6, STM32G0C1CCT6N, STM32G0C1CCU6N, STM32G0C1CET6N, STM32G0C1CEU6N, STM32G0C1KCT6, STM32G0C1NEY6TR, STM32G0C1RCI6N, STM32G0C1RCT6N, STM32G0C1REI6N, STM32G0C1RET6N, STM32G0C1VCI6, STM32G0C1VEI6, STM32G411C6T3, STM32G411C6T6, STM32G411C6U3, STM32G411C6U6, STM32G411C8T3, STM32G411C8T6, STM32G411C8U3, STM32G411C8U6, STM32G411CBT3, STM32G411CBT6, STM32G411CBU3, STM32G411CBU6, STM32G411K6T3, STM32G411K6T6, STM32G411K6U3, STM32G411K6U6, STM32G411K8T3, STM32G411K8T6, STM32G411K8U3, STM32G411K8U6, STM32G411KBT3, STM32G411KBT6, STM32G411KBU3, STM32G411KBU6, STM32G411M6T3, STM32G411M6T6, STM32G411M8T3, STM32G411M8T6, STM32G411MBT3, STM32G411MBT6, STM32G411R6T3, STM32G411R6T6, STM32G411R8T3, STM32G411R8T6, STM32G411RBT3, STM32G411RBT6, STM32G414CBT3, STM32G414CBT6, STM32G414CBU3, STM32G414CBU6, STM32G414CCT3, STM32G414CCT6, STM32G414CCU3, STM32G414CCU6, STM32G414MBT3, STM32G414MBT6, STM32G414MCT3, STM32G414MCT6, STM32G414RBT3, STM32G414RBT6, STM32G414RCT3, STM32G414RCT6, STM32G414VBT3, STM32G414VBT6, STM32G414VCT3, STM32G414VCT6, STM32G431CBT3Z, STM32G431RBT3Z, STM32G471CCT6, STM32G471CCU6, STM32G471CET3, STM32G471CET6, STM32G471CEU3, STM32G471CEU6, STM32G471MCT6, STM32G471MET3, STM32G471MET6, STM32G471MEY6TR, STM32G471QCT6, STM32G471QET3, STM32G471RCT6, STM32G471RET3, STM32G471RET6, STM32G471VCH6, STM32G471VCI6, STM32G471VCT6, STM32G471VEH3, STM32G471VEH6, STM32G471VEI3, STM32G471VEI6, STM32G471VET3, STM32G471VET6, STM32G473QET3Z, STM32G473RET3Z, STM32G474CCT6, STM32G491RET3Z, STM32H503CBT6, STM32H503CBU6, STM32H503EBY6TR, STM32H503KBU6, STM32H503RBT6, STM32H523CCT6, STM32H523CCU6, STM32H523CET6, STM32H523CEU6, STM32H523HEY6TR, STM32H523RCT6, STM32H523RET6, STM32H523VCI6, STM32H523VCT6, STM32H523VEI6, STM32H523VET6, STM32H523ZCJ6, STM32H523ZCT6, STM32H523ZEJ6, STM32H523ZET6, STM32H533CET6, STM32H533CEU6, STM32H533HEY6TR, STM32H533RET6, STM32H533VEI6, STM32H533VET6, STM32H533ZEJ6, STM32H533ZET6, STM32H562AGI6, STM32H562AII6, STM32H562IGK6, STM32H562IGT6, STM32H562IIK6, STM32H562IIT6, STM32H562RGT6, STM32H562RGV6, STM32H562RIT6, STM32H562RIV6, STM32H562VGT6, STM32H562VIT6, STM32H562ZGT6, STM32H562ZIT6, STM32H563AGI6, STM32H563AII3Q, STM32H563AII6, STM32H563IGK6, STM32H563IGT6, STM32H563IIK3Q, STM32H563IIK6, STM32H563IIT3Q, STM32H563IIT6, STM32H563MIY3QTR, STM32H563RGT6, STM32H563RGV6, STM32H563RIT6, STM32H563RIV6, STM32H563VGT6, STM32H563VIT3Q, STM32H563VIT6, STM32H563ZGT6, STM32H563ZIT3Q, STM32H563ZIT6, STM32H573AII3Q, STM32H573AII6, STM32H573I-DK, STM32H573IIK3Q, STM32H573IIK6, STM32H573IIT3Q, STM32H573IIT6, STM32H573MIY3QTR, STM32H573RIT6, STM32H573RIV6, STM32H573VIT3Q, STM32H573VIT6, STM32H573ZIT3Q, STM32H573ZIT6, STM32H7R3A8I6, STM32H7R3I8K6, STM32H7R3I8T6, STM32H7R3L8H6, STM32H7R3L8H6H, STM32H7R3R8V6, STM32H7R3V8H6, STM32H7R3V8T6, STM32H7R3V8Y6TR, STM32H7R3Z8J6, STM32H7R3Z8T6, STM32H7R7A8I6, STM32H7R7I8K6, STM32H7R7I8T6, STM32H7R7L8H6, STM32H7R7L8H6H, STM32H7R7Z8J6, STM32H7S3A8I6, STM32H7S3I8K6, STM32H7S3I8T6, STM32H7S3L8H6, STM32H7S3L8H6H, STM32H7S3R8V6, STM32H7S3V8H6, STM32H7S3V8T6, STM32H7S3V8Y6TR, STM32H7S3Z8J6, STM32H7S3Z8T6, STM32H7S78-DK, STM32H7S7A8I6, STM32H7S7I8K6, STM32H7S7I8T6, STM32H7S7L8H6, STM32H7S7L8H6H, STM32H7S7Z8J6, STM32L4R5QGI6STR, STM32MP131AAE3, STM32MP131AAF3, STM32MP131AAG3, STM32MP131CAE3, STM32MP131CAF3, STM32MP131CAG3, STM32MP131DAE7, STM32MP131DAF7, STM32MP131DAG7, STM32MP131FAE7, STM32MP131FAF7, STM32MP131FAG7, STM32MP133AAE3, STM32MP133AAF3, STM32MP133AAG3, STM32MP133CAE3, STM32MP133CAF3, STM32MP133CAG3, STM32MP133DAE7, STM32MP133DAF7, STM32MP133DAG7, STM32MP133FAE7, STM32MP133FAF7, STM32MP133FAG7, STM32MP135AAE3, STM32MP135AAF3, STM32MP135AAG3, STM32MP135CAE3, STM32MP135CAF3, STM32MP135CAG3, STM32MP135DAE7, STM32MP135DAF7, STM32MP135DAG7, STM32MP135F-DK, STM32MP135FAE7, STM32MP135FAF7, STM32MP135FAF7T, STM32MP135FAF7U, STM32MP135FAG7, STM32MP251AAI3, STM32MP251AAK3, STM32MP251AAL3, STM32MP251CAI3, STM32MP251CAK3, STM32MP251CAL3, STM32MP251DAI3, STM32MP251DAK3, STM32MP251DAL3, STM32MP251FAI3, STM32MP251FAK3, STM32MP251FAL3, STM32MP253AAI3, STM32MP253AAK3, STM32MP253AAL3, STM32MP253CAI3, STM32MP253CAK3, STM32MP253CAL3, STM32MP253DAI3, STM32MP253DAK3, STM32MP253DAL3, STM32MP253FAI3, STM32MP253FAK3, STM32MP253FAL3, STM32MP255AAI3, STM32MP255AAK3, STM32MP255AAL3, STM32MP255CAI3, STM32MP255CAK3, STM32MP255CAL3, STM32MP255DAI3, STM32MP255DAK3, STM32MP255DAL3, STM32MP255FAI3, STM32MP255FAK3, STM32MP255FAL3, STM32MP257AAI3, STM32MP257AAK3, STM32MP257AAL3, STM32MP257CAI3, STM32MP257CAK3, STM32MP257CAL3, STM32MP257DAI3, STM32MP257DAK3, STM32MP257DAL3, STM32MP257F-DK, STM32MP257F-EV1, STM32MP257FAI3, STM32MP257FAK3, STM32MP257FAL3, STM32U031C6T6, STM32U031C6U6, STM32U031C8T6, STM32U031C8U6, STM32U031F4P6, STM32U031F6P6, STM32U031F8P6, STM32U031G6Y6TR, STM32U031G8Y6TR, STM32U031K4U6, STM32U031K6U6, STM32U031K8U6, STM32U031R6I6, STM32U031R6T6, STM32U031R8I6, STM32U031R8T6, STM32U073C8T6, STM32U073C8U6, STM32U073CBT6, STM32U073CBU6, STM32U073CCT6, STM32U073CCU6, STM32U073H8Y6TR, STM32U073HBY6TR, STM32U073HCY6TR, STM32U073K8U6, STM32U073KBU6, STM32U073KCU6, STM32U073M8I6, STM32U073M8T6, STM32U073MBI6, STM32U073MBT6, STM32U073MCI6, STM32U073MCT6, STM32U073R8I6, STM32U073R8T6, STM32U073RBI6, STM32U073RBT6, STM32U073RCI6, STM32U073RCT6, STM32U083C-DK, STM32U083CCT6, STM32U083CCU6, STM32U083HCY6TR, STM32U083KCU6, STM32U083MCI6, STM32U083MCT6, STM32U083RCI6, STM32U083RCT6, STM32U535CBT6, STM32U535CBT6Q, STM32U535CBU6, STM32U535CBU6Q, STM32U535CCT6, STM32U535CCT6Q, STM32U535CCU6, STM32U535CCU6Q, STM32U535CET6, STM32U535CET6Q, STM32U535CEU6, STM32U535CEU6Q, STM32U535JEY6QTR, STM32U535NCY6QTR, STM32U535NEY6QTR, STM32U535RBI6, STM32U535RBI6Q, STM32U535RBT6, STM32U535RBT6Q, STM32U535RCI6, STM32U535RCI6Q, STM32U535RCT6, STM32U535RCT6Q, STM32U535REI6, STM32U535REI6Q, STM32U535RET6, STM32U535RET6Q, STM32U535VCI6, STM32U535VCI6Q, STM32U535VCT6, STM32U535VCT6Q, STM32U535VEI6, STM32U535VEI6Q, STM32U535VET6, STM32U535VET6Q, STM32U545CET6, STM32U545CET6Q, STM32U545CEU6, STM32U545CEU6Q, STM32U545JEY6QTR, STM32U545NEY6QTR, STM32U545REI6, STM32U545REI6Q, STM32U545RET6, STM32U545RET6Q, STM32U545VEI6, STM32U545VEI6Q, STM32U545VET6, STM32U545VET6Q, STM32U595AIH6, STM32U595AIH6Q, STM32U595AJH6, STM32U595AJH6Q, STM32U595QII6, STM32U595QII6Q, STM32U595QJI6, STM32U595QJI6Q, STM32U595RIT6, STM32U595RIT6Q, STM32U595RJT6, STM32U595RJT6Q, STM32U595VIT6, STM32U595VIT6Q, STM32U595VJT6, STM32U595VJT6Q, STM32U595ZIT6, STM32U595ZIT6Q, STM32U595ZIY6QTR, STM32U595ZJT6, STM32U595ZJT6Q, STM32U595ZJY6QTR, STM32U599BJY6QTR, STM32U599NIH6Q, STM32U599NJH6Q, STM32U599VIT6Q, STM32U599VJT6, STM32U599VJT6Q, STM32U599ZIT6Q, STM32U599ZIY6QTR, STM32U599ZJT6Q, STM32U599ZJY6QTR, STM32U5A5AJH6, STM32U5A5AJH6Q, STM32U5A5QII3Q , STM32U5A5QJI6, STM32U5A5QJI6Q, STM32U5A5RJT6, STM32U5A5RJT6Q, STM32U5A5VJT6, STM32U5A5VJT6Q, STM32U5A5ZJT6, STM32U5A5ZJT6Q, STM32U5A5ZJY6QTR, STM32U5A9BJY6QTR, STM32U5A9J-DK, STM32U5A9NJH6Q, STM32U5A9VJT6Q, STM32U5A9ZJT6Q, STM32U5A9ZJY6QTR, STM32U5F7VIT6, STM32U5F7VIT6Q, STM32U5F7VJT6, STM32U5F7VJT6Q, STM32U5F9BJY6QTR, STM32U5F9NJH6Q, STM32U5F9VIT6Q, STM32U5F9VJT6Q, STM32U5F9ZIJ6QTR, STM32U5F9ZIT6Q, STM32U5F9ZJJ6QTR, STM32U5F9ZJT6Q, STM32U5G7VJT6, STM32U5G7VJT6Q, STM32U5G9BJY6QTR, STM32U5G9J-DK1, STM32U5G9J-DK2, STM32U5G9NJH6Q, STM32U5G9VJT6Q, STM32U5G9ZJJ6QTR, STM32U5G9ZJT6Q, STM32WB05KZV6TR, STM32WB05KZV7TR, STM32WB05TZF6TR, STM32WB05TZF7TR, STM32WB06CCF6TR, STM32WB06CCF7TR, STM32WB06CCV6TR, STM32WB06CCV7TR, STM32WB06KCV6TR, STM32WB06KCV7TR, STM32WB07CCF6TR, STM32WB07CCF7TR, STM32WB07CCV6TR, STM32WB07CCV7TR, STM32WB07KCV6TR, STM32WB07KCV7TR, STM32WB09KEV6TR, STM32WB09KEV7TR, STM32WB09TEF6TR, STM32WB09TEF7TR, STM32WB1MMCH6, STM32WBA50KGU6, STM32WBA50KGU6TR, STM32WBA52CEU6, STM32WBA52CEU6TR, STM32WBA52CEU7, STM32WBA52CEU7TR, STM32WBA52CGU6, STM32WBA52CGU6TR, STM32WBA52CGU6U, STM32WBA52CGU7, STM32WBA52CGU7TR, STM32WBA52KEU6, STM32WBA52KEU6TR, STM32WBA52KGU6, STM32WBA52KGU6TR, STM32WBA54CEU6, STM32WBA54CEU6TR, STM32WBA54CEU7, STM32WBA54CEU7TR, STM32WBA54CGU6, STM32WBA54CGU6TR, STM32WBA54CGU7, STM32WBA54CGU7TR, STM32WBA54KEU6, STM32WBA54KEU6TR, STM32WBA54KEU7, STM32WBA54KEU7TR, STM32WBA54KGU6, STM32WBA54KGU6TR, STM32WBA54KGU7, STM32WBA54KGU7TR, STM32WBA55CEU6, STM32WBA55CEU6TR, STM32WBA55CEU7, STM32WBA55CEU7TR, STM32WBA55CGU6, STM32WBA55CGU6TR, STM32WBA55CGU6U, STM32WBA55CGU7, STM32WBA55CGU7TR, STM32WBA55G-DK1, STM32WBA55HEF6, STM32WBA55HEF7, STM32WBA55HGF6, STM32WBA55HGF7, STM32WBA55UEI6, STM32WBA55UEI6TR, STM32WBA55UEI7, STM32WBA55UEI7TR, STM32WBA55UGI6, STM32WBA55UGI6TR, STM32WBA55UGI7, STM32WBA55UGI7TR, STM32WL5MOCH6, STM32WL5MOCH6TR]
2025-06-25 16:36:39,367 [INFO] BoardInfo:889 - No configuration file found for board B-WBA5M-WPAN
2025-06-25 16:36:39,368 [INFO] DbBoards:161 - Board is not supported: B-WBA5M-WPAN
2025-06-25 16:36:39,373 [INFO] BoardInfo:889 - No configuration file found for board NUCLEO-C051C8
2025-06-25 16:36:39,373 [INFO] DbBoards:161 - Board is not supported: NUCLEO-C051C8
2025-06-25 16:36:39,376 [INFO] BoardInfo:889 - No configuration file found for board NUCLEO-C092RC
2025-06-25 16:36:39,377 [INFO] DbBoards:161 - Board is not supported: NUCLEO-C092RC
2025-06-25 16:36:39,456 [INFO] BoardInfo:889 - No configuration file found for board NUCLEO-N657X0-Q
2025-06-25 16:36:39,456 [INFO] DbBoards:161 - Board is not supported: NUCLEO-N657X0-Q
2025-06-25 16:36:39,459 [INFO] BoardInfo:889 - No configuration file found for board NUCLEO-U385RG-Q
2025-06-25 16:36:39,459 [INFO] DbBoards:161 - Board is not supported: NUCLEO-U385RG-Q
2025-06-25 16:36:39,481 [INFO] BoardInfo:889 - No configuration file found for board NUCLEO-WBA65RI
2025-06-25 16:36:39,483 [INFO] DbBoards:161 - Board is not supported: NUCLEO-WBA65RI
2025-06-25 16:36:39,485 [INFO] BoardInfo:889 - No configuration file found for board NUCLEO-WL33CC1
2025-06-25 16:36:39,486 [INFO] DbBoards:161 - Board is not supported: NUCLEO-WL33CC1
2025-06-25 16:36:39,487 [INFO] BoardInfo:889 - No configuration file found for board NUCLEO-WL33CC2
2025-06-25 16:36:39,488 [INFO] DbBoards:161 - Board is not supported: NUCLEO-WL33CC2
2025-06-25 16:36:39,499 [INFO] BoardInfo:889 - No configuration file found for board P-NUCLEO-WB55
2025-06-25 16:36:39,499 [INFO] DbBoards:161 - Kit is not supported: P-NUCLEO-WB55
2025-06-25 16:36:39,509 [INFO] BoardInfo:889 - No configuration file found for board STEVAL-BFA001V1B
2025-06-25 16:36:39,510 [INFO] DbBoards:161 - Kit is not supported: STEVAL-BFA001V1B
2025-06-25 16:36:39,511 [INFO] BoardInfo:889 - No configuration file found for board STEVAL-BFA001V2B
2025-06-25 16:36:39,513 [INFO] DbBoards:161 - Kit is not supported: STEVAL-BFA001V2B
2025-06-25 16:36:39,688 [INFO] BoardInfo:889 - No configuration file found for board STM32N6570-DK
2025-06-25 16:36:39,689 [INFO] DbBoards:161 - Board is not supported: STM32N6570-DK
2025-06-25 16:36:39,701 [INFO] BoardInfo:889 - No configuration file found for board STM32WBA65I-DK1
2025-06-25 16:36:39,702 [INFO] DbBoards:161 - Board is not supported: STM32WBA65I-DK1
2025-06-25 16:36:39,702 [INFO] DbBoards:168 - Found 211 boards, 198 are supported
2025-06-25 16:36:39,702 [INFO] DbBoards:169 - Found 211 boards, 25 of them is supported for  Bsp
2025-06-25 16:36:39,706 [INFO] ApiDb:668 - CubeFinder database Data Model version=2.1
2025-06-25 16:36:39,706 [INFO] ApiDb:669 - CubeFinder database Configuration version=3.0.39
2025-06-25 16:36:39,706 [INFO] ApiDb:670 - CubeFinder database generation date=2025-06-16 (1750072209)
2025-06-25 16:36:39,706 [INFO] ApiDb:671 - CubeFinder database FW Pack versions=[FP-ATR-ASTRA1_V2.0.0, FP-SNS-FLIGHT1_V5.1.0, FP-SNS-MOTENV1_V5.0.0, FP-SNS-MOTENVWB1_V1.4.0, FP-SNS-SMARTAG2_V1.2.0, FP-SNS-STBOX1_V2.0.0, STM32Cube_FW_C0_V1.4.0, STM32Cube_FW_F4_V1.28.2, STM32Cube_FW_F7_V1.17.3, STM32Cube_FW_G0_V1.6.2, STM32Cube_FW_G4_V1.6.1, STM32Cube_FW_H5_V1.5.0, STM32Cube_FW_H7RS_V1.2.0, STM32Cube_FW_H7_V1.12.1, STM32Cube_FW_L0_V1.12.2, STM32Cube_FW_L4_V1.18.1, STM32Cube_FW_L5_V1.5.1, STM32Cube_FW_N6_V1.1.1, STM32Cube_FW_U0_V1.2.0, STM32Cube_FW_U3_V1.1.0, STM32Cube_FW_U5_V1.7.0, STM32Cube_FW_WB0_V1.2.0, STM32Cube_FW_WBA_V1.6.0, STM32Cube_FW_WB_V1.22.0, STM32Cube_FW_WL3_V1.1.0, STM32Cube_FW_WL_V1.3.1, X-CUBE-ALGOBUILD_V1.4.0, X-CUBE-ALS_V1.0.2, X-CUBE-AZRTOS-F4_V1.1.0, X-CUBE-AZRTOS-F7_V1.1.0, X-CUBE-AZRTOS-G0_V1.1.0, X-CUBE-AZRTOS-G4_V2.0.0, X-CUBE-AZRTOS-H7RS_V1.1.0, X-CUBE-AZRTOS-H7_V3.3.0, X-CUBE-AZRTOS-L4_V2.0.0, X-CUBE-AZRTOS-L5_V2.0.0, X-CUBE-AZRTOS-WB_V2.0.0, X-CUBE-AZRTOS-WL_V2.0.0, X-CUBE-BLE1_V7.1.0, X-CUBE-BLE2_V3.3.0, X-CUBE-BLEMGR_V4.0.0, X-CUBE-EEPRMA1_V5.1.0, X-CUBE-FREERTOS_V1.3.1, X-CUBE-GNSS1_V6.0.0, X-CUBE-MEMS1_V11.3.0, X-CUBE-NFC4_V3.0.0, X-CUBE-NFC7_V2.0.0, X-CUBE-SFXS2LP1_V4.0.0, X-CUBE-SUBG2_V5.0.0, X-CUBE-TOF1_V3.4.3]
2025-06-25 16:36:41,901 [INFO] ApiDb:240 - Found 646 in-development CPN: [B-G473E-ZEST1S, B-WB1M-WPAN1, B-WL5M-SUBG1, NUCLEO-C031C6, NUCLEO-C071RB, NUCLEO-H503RB, NUCLEO-H533RE, NUCLEO-H563ZI, NUCLEO-H7S3L8, NUCLEO-U031R8, NUCLEO-U083RC, NUCLEO-U545RE-Q, NUCLEO-U5A5ZJ-Q, NUCLEO-WB05KZ, NUCLEO-WB07CC, NUCLEO-WB09KE, NUCLEO-WBA52CG, NUCLEO-WBA55CG, STEVAL-PROTEUS1, STEVAL-SMARTAG2, STEVAL-STWINBX1, STM320518-EVAL, STM32C0116-DK, STM32C011D6Y3TR, STM32C011D6Y6TR, STM32C011F4P3, STM32C011F4P6, STM32C011F4U3, STM32C011F4U6TR, STM32C011F6P3, STM32C011F6P6, STM32C011F6U3, STM32C011F6U6TR, STM32C011J4M3, STM32C011J4M6, STM32C011J6M3, STM32C011J6M6, STM32C0316-DK, STM32C031C4T3, STM32C031C4T6, STM32C031C4U3, STM32C031C4U6, STM32C031C6T3, STM32C031C6T6, STM32C031C6U3, STM32C031C6U6, STM32C031F4P3, STM32C031F4P6, STM32C031F6P3, STM32C031F6P6, STM32C031G4U3, STM32C031G4U6, STM32C031G6U3, STM32C031G6U6, STM32C031K4T3, STM32C031K4T6, STM32C031K4U3, STM32C031K4U6, STM32C031K6T3, STM32C031K6T6, STM32C031K6U3, STM32C031K6U6, STM32C071C8T6, STM32C071C8T6N, STM32C071C8U6, STM32C071C8U6N, STM32C071CBT6, STM32C071CBT6N, STM32C071CBU6, STM32C071CBU6N, STM32C071F8P6, STM32C071F8P6N, STM32C071FBP6, STM32C071FBP6N, STM32C071FBY6TR, STM32C071G8U6, STM32C071G8U6N, STM32C071GBU6, STM32C071GBU6N, STM32C071K8T6, STM32C071K8T6N, STM32C071K8U6, STM32C071K8U6N, STM32C071KBT6, STM32C071KBT6N, STM32C071KBU6, STM32C071KBU6N, STM32C071R8T6, STM32C071R8T6N, STM32C071RBI6N, STM32C071RBT6, STM32C071RBT6N, STM32G071K8TXN, STM32G071K8UXN, STM32G081GBU6N, STM32G081KBT6N, STM32G081KBUXN, STM32G0B1CCT6N, STM32G0B1KCT6, STM32G0B1NEY6TR, STM32G0B1RCT6N, STM32G0C1CCT6, STM32G0C1CCT6N, STM32G0C1CCU6N, STM32G0C1CET6N, STM32G0C1CEU6N, STM32G0C1KCT6, STM32G0C1NEY6TR, STM32G0C1RCI6N, STM32G0C1RCT6N, STM32G0C1REI6N, STM32G0C1RET6N, STM32G0C1VCI6, STM32G0C1VEI6, STM32G411C6T3, STM32G411C6T6, STM32G411C6U3, STM32G411C6U6, STM32G411C8T3, STM32G411C8T6, STM32G411C8U3, STM32G411C8U6, STM32G411CBT3, STM32G411CBT6, STM32G411CBU3, STM32G411CBU6, STM32G411K6T3, STM32G411K6T6, STM32G411K6U3, STM32G411K6U6, STM32G411K8T3, STM32G411K8T6, STM32G411K8U3, STM32G411K8U6, STM32G411KBT3, STM32G411KBT6, STM32G411KBU3, STM32G411KBU6, STM32G411M6T3, STM32G411M6T6, STM32G411M8T3, STM32G411M8T6, STM32G411MBT3, STM32G411MBT6, STM32G411R6T3, STM32G411R6T6, STM32G411R8T3, STM32G411R8T6, STM32G411RBT3, STM32G411RBT6, STM32G414CBT3, STM32G414CBT6, STM32G414CBU3, STM32G414CBU6, STM32G414CCT3, STM32G414CCT6, STM32G414CCU3, STM32G414CCU6, STM32G414MBT3, STM32G414MBT6, STM32G414MCT3, STM32G414MCT6, STM32G414RBT3, STM32G414RBT6, STM32G414RCT3, STM32G414RCT6, STM32G414VBT3, STM32G414VBT6, STM32G414VCT3, STM32G414VCT6, STM32G431CBT3Z, STM32G431RBT3Z, STM32G471CCT6, STM32G471CCU6, STM32G471CET3, STM32G471CET6, STM32G471CEU3, STM32G471CEU6, STM32G471MCT6, STM32G471MET3, STM32G471MET6, STM32G471MEY6TR, STM32G471QCT6, STM32G471QET3, STM32G471RCT6, STM32G471RET3, STM32G471RET6, STM32G471VCH6, STM32G471VCI6, STM32G471VCT6, STM32G471VEH3, STM32G471VEH6, STM32G471VEI3, STM32G471VEI6, STM32G471VET3, STM32G471VET6, STM32G473QET3Z, STM32G473RET3Z, STM32G474CCT6, STM32G491RET3Z, STM32H503CBT6, STM32H503CBU6, STM32H503EBY6TR, STM32H503KBU6, STM32H503RBT6, STM32H523CCT6, STM32H523CCU6, STM32H523CET6, STM32H523CEU6, STM32H523HEY6TR, STM32H523RCT6, STM32H523RET6, STM32H523VCI6, STM32H523VCT6, STM32H523VEI6, STM32H523VET6, STM32H523ZCJ6, STM32H523ZCT6, STM32H523ZEJ6, STM32H523ZET6, STM32H533CET6, STM32H533CEU6, STM32H533HEY6TR, STM32H533RET6, STM32H533VEI6, STM32H533VET6, STM32H533ZEJ6, STM32H533ZET6, STM32H562AGI6, STM32H562AII6, STM32H562IGK6, STM32H562IGT6, STM32H562IIK6, STM32H562IIT6, STM32H562RGT6, STM32H562RGV6, STM32H562RIT6, STM32H562RIV6, STM32H562VGT6, STM32H562VIT6, STM32H562ZGT6, STM32H562ZIT6, STM32H563AGI6, STM32H563AII3Q, STM32H563AII6, STM32H563IGK6, STM32H563IGT6, STM32H563IIK3Q, STM32H563IIK6, STM32H563IIT3Q, STM32H563IIT6, STM32H563MIY3QTR, STM32H563RGT6, STM32H563RGV6, STM32H563RIT6, STM32H563RIV6, STM32H563VGT6, STM32H563VIT3Q, STM32H563VIT6, STM32H563ZGT6, STM32H563ZIT3Q, STM32H563ZIT6, STM32H573AII3Q, STM32H573AII6, STM32H573I-DK, STM32H573IIK3Q, STM32H573IIK6, STM32H573IIT3Q, STM32H573IIT6, STM32H573MIY3QTR, STM32H573RIT6, STM32H573RIV6, STM32H573VIT3Q, STM32H573VIT6, STM32H573ZIT3Q, STM32H573ZIT6, STM32H7R3A8I6, STM32H7R3I8K6, STM32H7R3I8T6, STM32H7R3L8H6, STM32H7R3L8H6H, STM32H7R3R8V6, STM32H7R3V8H6, STM32H7R3V8T6, STM32H7R3V8Y6TR, STM32H7R3Z8J6, STM32H7R3Z8T6, STM32H7R7A8I6, STM32H7R7I8K6, STM32H7R7I8T6, STM32H7R7L8H6, STM32H7R7L8H6H, STM32H7R7Z8J6, STM32H7S3A8I6, STM32H7S3I8K6, STM32H7S3I8T6, STM32H7S3L8H6, STM32H7S3L8H6H, STM32H7S3R8V6, STM32H7S3V8H6, STM32H7S3V8T6, STM32H7S3V8Y6TR, STM32H7S3Z8J6, STM32H7S3Z8T6, STM32H7S78-DK, STM32H7S7A8I6, STM32H7S7I8K6, STM32H7S7I8T6, STM32H7S7L8H6, STM32H7S7L8H6H, STM32H7S7Z8J6, STM32L4R5QGI6STR, STM32MP131AAE3, STM32MP131AAF3, STM32MP131AAG3, STM32MP131CAE3, STM32MP131CAF3, STM32MP131CAG3, STM32MP131DAE7, STM32MP131DAF7, STM32MP131DAG7, STM32MP131FAE7, STM32MP131FAF7, STM32MP131FAG7, STM32MP133AAE3, STM32MP133AAF3, STM32MP133AAG3, STM32MP133CAE3, STM32MP133CAF3, STM32MP133CAG3, STM32MP133DAE7, STM32MP133DAF7, STM32MP133DAG7, STM32MP133FAE7, STM32MP133FAF7, STM32MP133FAG7, STM32MP135AAE3, STM32MP135AAF3, STM32MP135AAG3, STM32MP135CAE3, STM32MP135CAF3, STM32MP135CAG3, STM32MP135DAE7, STM32MP135DAF7, STM32MP135DAG7, STM32MP135F-DK, STM32MP135FAE7, STM32MP135FAF7, STM32MP135FAF7T, STM32MP135FAF7U, STM32MP135FAG7, STM32MP251AAI3, STM32MP251AAK3, STM32MP251AAL3, STM32MP251CAI3, STM32MP251CAK3, STM32MP251CAL3, STM32MP251DAI3, STM32MP251DAK3, STM32MP251DAL3, STM32MP251FAI3, STM32MP251FAK3, STM32MP251FAL3, STM32MP253AAI3, STM32MP253AAK3, STM32MP253AAL3, STM32MP253CAI3, STM32MP253CAK3, STM32MP253CAL3, STM32MP253DAI3, STM32MP253DAK3, STM32MP253DAL3, STM32MP253FAI3, STM32MP253FAK3, STM32MP253FAL3, STM32MP255AAI3, STM32MP255AAK3, STM32MP255AAL3, STM32MP255CAI3, STM32MP255CAK3, STM32MP255CAL3, STM32MP255DAI3, STM32MP255DAK3, STM32MP255DAL3, STM32MP255FAI3, STM32MP255FAK3, STM32MP255FAL3, STM32MP257AAI3, STM32MP257AAK3, STM32MP257AAL3, STM32MP257CAI3, STM32MP257CAK3, STM32MP257CAL3, STM32MP257DAI3, STM32MP257DAK3, STM32MP257DAL3, STM32MP257F-DK, STM32MP257F-EV1, STM32MP257FAI3, STM32MP257FAK3, STM32MP257FAL3, STM32U031C6T6, STM32U031C6U6, STM32U031C8T6, STM32U031C8U6, STM32U031F4P6, STM32U031F6P6, STM32U031F8P6, STM32U031G6Y6TR, STM32U031G8Y6TR, STM32U031K4U6, STM32U031K6U6, STM32U031K8U6, STM32U031R6I6, STM32U031R6T6, STM32U031R8I6, STM32U031R8T6, STM32U073C8T6, STM32U073C8U6, STM32U073CBT6, STM32U073CBU6, STM32U073CCT6, STM32U073CCU6, STM32U073H8Y6TR, STM32U073HBY6TR, STM32U073HCY6TR, STM32U073K8U6, STM32U073KBU6, STM32U073KCU6, STM32U073M8I6, STM32U073M8T6, STM32U073MBI6, STM32U073MBT6, STM32U073MCI6, STM32U073MCT6, STM32U073R8I6, STM32U073R8T6, STM32U073RBI6, STM32U073RBT6, STM32U073RCI6, STM32U073RCT6, STM32U083C-DK, STM32U083CCT6, STM32U083CCU6, STM32U083HCY6TR, STM32U083KCU6, STM32U083MCI6, STM32U083MCT6, STM32U083RCI6, STM32U083RCT6, STM32U535CBT6, STM32U535CBT6Q, STM32U535CBU6, STM32U535CBU6Q, STM32U535CCT6, STM32U535CCT6Q, STM32U535CCU6, STM32U535CCU6Q, STM32U535CET6, STM32U535CET6Q, STM32U535CEU6, STM32U535CEU6Q, STM32U535JEY6QTR, STM32U535NCY6QTR, STM32U535NEY6QTR, STM32U535RBI6, STM32U535RBI6Q, STM32U535RBT6, STM32U535RBT6Q, STM32U535RCI6, STM32U535RCI6Q, STM32U535RCT6, STM32U535RCT6Q, STM32U535REI6, STM32U535REI6Q, STM32U535RET6, STM32U535RET6Q, STM32U535VCI6, STM32U535VCI6Q, STM32U535VCT6, STM32U535VCT6Q, STM32U535VEI6, STM32U535VEI6Q, STM32U535VET6, STM32U535VET6Q, STM32U545CET6, STM32U545CET6Q, STM32U545CEU6, STM32U545CEU6Q, STM32U545JEY6QTR, STM32U545NEY6QTR, STM32U545REI6, STM32U545REI6Q, STM32U545RET6, STM32U545RET6Q, STM32U545VEI6, STM32U545VEI6Q, STM32U545VET6, STM32U545VET6Q, STM32U595AIH6, STM32U595AIH6Q, STM32U595AJH6, STM32U595AJH6Q, STM32U595QII6, STM32U595QII6Q, STM32U595QJI6, STM32U595QJI6Q, STM32U595RIT6, STM32U595RIT6Q, STM32U595RJT6, STM32U595RJT6Q, STM32U595VIT6, STM32U595VIT6Q, STM32U595VJT6, STM32U595VJT6Q, STM32U595ZIT6, STM32U595ZIT6Q, STM32U595ZIY6QTR, STM32U595ZJT6, STM32U595ZJT6Q, STM32U595ZJY6QTR, STM32U599BJY6QTR, STM32U599NIH6Q, STM32U599NJH6Q, STM32U599VIT6Q, STM32U599VJT6, STM32U599VJT6Q, STM32U599ZIT6Q, STM32U599ZIY6QTR, STM32U599ZJT6Q, STM32U599ZJY6QTR, STM32U5A5AJH6, STM32U5A5AJH6Q, STM32U5A5QII3Q , STM32U5A5QJI6, STM32U5A5QJI6Q, STM32U5A5RJT6, STM32U5A5RJT6Q, STM32U5A5VJT6, STM32U5A5VJT6Q, STM32U5A5ZJT6, STM32U5A5ZJT6Q, STM32U5A5ZJY6QTR, STM32U5A9BJY6QTR, STM32U5A9J-DK, STM32U5A9NJH6Q, STM32U5A9VJT6Q, STM32U5A9ZJT6Q, STM32U5A9ZJY6QTR, STM32U5F7VIT6, STM32U5F7VIT6Q, STM32U5F7VJT6, STM32U5F7VJT6Q, STM32U5F9BJY6QTR, STM32U5F9NJH6Q, STM32U5F9VIT6Q, STM32U5F9VJT6Q, STM32U5F9ZIJ6QTR, STM32U5F9ZIT6Q, STM32U5F9ZJJ6QTR, STM32U5F9ZJT6Q, STM32U5G7VJT6, STM32U5G7VJT6Q, STM32U5G9BJY6QTR, STM32U5G9J-DK1, STM32U5G9J-DK2, STM32U5G9NJH6Q, STM32U5G9VJT6Q, STM32U5G9ZJJ6QTR, STM32U5G9ZJT6Q, STM32WB05KZV6TR, STM32WB05KZV7TR, STM32WB05TZF6TR, STM32WB05TZF7TR, STM32WB06CCF6TR, STM32WB06CCF7TR, STM32WB06CCV6TR, STM32WB06CCV7TR, STM32WB06KCV6TR, STM32WB06KCV7TR, STM32WB07CCF6TR, STM32WB07CCF7TR, STM32WB07CCV6TR, STM32WB07CCV7TR, STM32WB07KCV6TR, STM32WB07KCV7TR, STM32WB09KEV6TR, STM32WB09KEV7TR, STM32WB09TEF6TR, STM32WB09TEF7TR, STM32WB1MMCH6, STM32WBA50KGU6, STM32WBA50KGU6TR, STM32WBA52CEU6, STM32WBA52CEU6TR, STM32WBA52CEU7, STM32WBA52CEU7TR, STM32WBA52CGU6, STM32WBA52CGU6TR, STM32WBA52CGU6U, STM32WBA52CGU7, STM32WBA52CGU7TR, STM32WBA52KEU6, STM32WBA52KEU6TR, STM32WBA52KGU6, STM32WBA52KGU6TR, STM32WBA54CEU6, STM32WBA54CEU6TR, STM32WBA54CEU7, STM32WBA54CEU7TR, STM32WBA54CGU6, STM32WBA54CGU6TR, STM32WBA54CGU7, STM32WBA54CGU7TR, STM32WBA54KEU6, STM32WBA54KEU6TR, STM32WBA54KEU7, STM32WBA54KEU7TR, STM32WBA54KGU6, STM32WBA54KGU6TR, STM32WBA54KGU7, STM32WBA54KGU7TR, STM32WBA55CEU6, STM32WBA55CEU6TR, STM32WBA55CEU7, STM32WBA55CEU7TR, STM32WBA55CGU6, STM32WBA55CGU6TR, STM32WBA55CGU6U, STM32WBA55CGU7, STM32WBA55CGU7TR, STM32WBA55G-DK1, STM32WBA55HEF6, STM32WBA55HEF7, STM32WBA55HGF6, STM32WBA55HGF7, STM32WBA55UEI6, STM32WBA55UEI6TR, STM32WBA55UEI7, STM32WBA55UEI7TR, STM32WBA55UGI6, STM32WBA55UGI6TR, STM32WBA55UGI7, STM32WBA55UGI7TR, STM32WL5MOCH6, STM32WL5MOCH6TR]
2025-06-25 16:36:41,906 [INFO] DbMcus:218 - Found 4657 MCUs, 4657 are supported
2025-06-25 16:36:41,906 [INFO] ApiDb:423 - Load user favorites file C:\Users\nisha/.stm32cubeide/favorites.mcus.txt: 0 item(s)
2025-06-25 16:36:41,906 [INFO] ApiDb:427 - User favorites MCUs=[]
2025-06-25 16:36:41,907 [INFO] DbMcus:224 - Set 0 / 0 favorites MCUs
2025-06-25 16:36:42,238 [INFO] ApiDb:423 - Load user favorites file C:\Users\nisha/.stm32cubeide/favorites.boards.txt: 1 item(s)
2025-06-25 16:36:42,238 [INFO] ApiDb:427 - User favorites Boards=[STM32F407G-DISC1]
2025-06-25 16:36:42,238 [INFO] DbBoards:198 - Set 1 / 1 favorites Boards
2025-06-25 16:36:42,339 [INFO] UtilMem:75 - End LoadConfig() Used Memory: 283704848 Bytes (432013312)
2025-06-25 16:36:42,489 [WARN] ThirdParty:833 - waiting for thirdparty lock release [change project]
2025-06-25 16:36:42,489 [INFO] ThirdParty:835 - entering critical section [change project]
2025-06-25 16:36:42,489 [INFO] ThirdParty:1030 - CMSIS Pack Vendor :STMicroelectronics X-CUBE-PM33A1 1.0.0
2025-06-25 16:36:42,489 [INFO] ThirdParty:1030 - CMSIS Pack Vendor :STMicroelectronics USBPD 4.1
2025-06-25 16:36:42,489 [INFO] ThirdParty:1030 - CMSIS Pack Vendor :STMicroelectronics X-CUBE-AZRTOS-H7 3.3.0
2025-06-25 16:36:42,489 [INFO] ThirdParty:1030 - CMSIS Pack Vendor :STMicroelectronics X-CUBE-NFC9 1.0.0
2025-06-25 16:36:42,489 [INFO] ThirdParty:1030 - CMSIS Pack Vendor :STMicroelectronics X-CUBE-GNSS1 6.0.0
2025-06-25 16:36:42,490 [INFO] ThirdParty:1030 - CMSIS Pack Vendor :STMicroelectronics USB_HOST 2.0.0
2025-06-25 16:36:42,490 [INFO] ThirdParty:1030 - CMSIS Pack Vendor :STMicroelectronics FP-SNS-MOTENVWB1 1.4.0
2025-06-25 16:36:42,490 [INFO] ThirdParty:1030 - CMSIS Pack Vendor :STMicroelectronics X-CUBE-AZRTOS-F4 1.1.0
2025-06-25 16:36:42,490 [INFO] ThirdParty:1030 - CMSIS Pack Vendor :STMicroelectronics LIBJPEG 8.0.0
2025-06-25 16:36:42,490 [INFO] ThirdParty:1030 - CMSIS Pack Vendor :STMicroelectronics X-CUBE-BLE1 7.1.0
2025-06-25 16:36:42,490 [INFO] ThirdParty:1030 - CMSIS Pack Vendor :STMicroelectronics X-CUBE-SMBUS 2.1.0
2025-06-25 16:36:42,490 [INFO] ThirdParty:1030 - CMSIS Pack Vendor :STMicroelectronics X-CUBE-WB05N 1.1.0
2025-06-25 16:36:42,490 [INFO] ThirdParty:1030 - CMSIS Pack Vendor :STMicroelectronics USB_DEVICE 3.0.0
2025-06-25 16:36:42,490 [INFO] ThirdParty:1030 - CMSIS Pack Vendor :STMicroelectronics X-CUBE-TCPP 4.1.0
2025-06-25 16:36:42,490 [INFO] ThirdParty:1030 - CMSIS Pack Vendor :STMicroelectronics X-CUBE-ISPU 2.1.0
2025-06-25 16:36:42,490 [INFO] ThirdParty:1030 - CMSIS Pack Vendor :STMicroelectronics X-CUBE-FREERTOS 1.2.0
2025-06-25 16:36:42,490 [INFO] ThirdParty:1030 - CMSIS Pack Vendor :STMicroelectronics X-CUBE-IPS 3.0.0
2025-06-25 16:36:42,490 [INFO] ThirdParty:1030 - CMSIS Pack Vendor :STMicroelectronics X-CUBE-AZRTOS-WB 2.0.0
2025-06-25 16:36:42,490 [INFO] ThirdParty:1030 - CMSIS Pack Vendor :STMicroelectronics X-CUBE-GNSS1 7.0.0
2025-06-25 16:36:42,490 [INFO] ThirdParty:1030 - CMSIS Pack Vendor :STMicroelectronics X-CUBE-GNSS1 7.0.1
2025-06-25 16:36:42,490 [INFO] ThirdParty:1030 - CMSIS Pack Vendor :STMicroelectronics X-CUBE-AZRTOS-F7 1.1.0
2025-06-25 16:36:42,490 [INFO] ThirdParty:1030 - CMSIS Pack Vendor :STMicroelectronics X-CUBE-AZRTOS-L5 2.0.0
2025-06-25 16:36:42,490 [INFO] ThirdParty:1030 - CMSIS Pack Vendor :STMicroelectronics X-CUBE-TOUCHGFX 4.25.0
2025-06-25 16:36:42,490 [INFO] ThirdParty:1030 - CMSIS Pack Vendor :STMicroelectronics USB_DEVICE 2.0.0
2025-06-25 16:36:42,490 [INFO] ThirdParty:1030 - CMSIS Pack Vendor :STMicroelectronics X-CUBE-NFC6 3.1.0
2025-06-25 16:36:42,490 [INFO] ThirdParty:1030 - CMSIS Pack Vendor :STMicroelectronics X-CUBE-AI 10.1.0
2025-06-25 16:36:42,490 [INFO] ThirdParty:1030 - CMSIS Pack Vendor :STMicroelectronics FP-SNS-STBOX1 2.0.0
2025-06-25 16:36:42,490 [INFO] ThirdParty:1030 - CMSIS Pack Vendor :STMicroelectronics X-CUBE-MEMS1 11.0.0
2025-06-25 16:36:42,490 [INFO] ThirdParty:1030 - CMSIS Pack Vendor :STMicroelectronics FreeRTOS 0.0.1
2025-06-25 16:36:42,490 [INFO] ThirdParty:1030 - CMSIS Pack Vendor :STMicroelectronics X-CUBE-AZRTOS-G0 1.1.0
2025-06-25 16:36:42,490 [INFO] ThirdParty:1030 - CMSIS Pack Vendor :STMicroelectronics X-CUBE-SAFEA1 1.2.2
2025-06-25 16:36:42,490 [INFO] ThirdParty:1030 - CMSIS Pack Vendor :STMicroelectronics X-CUBE-NFC4 3.0.0
2025-06-25 16:36:42,490 [INFO] ThirdParty:1030 - CMSIS Pack Vendor :STMicroelectronics X-CUBE-DPower 1.2.0
2025-06-25 16:36:42,490 [INFO] ThirdParty:1030 - CMSIS Pack Vendor :STMicroelectronics X-CUBE-SUBG2 5.0.0
2025-06-25 16:36:42,490 [INFO] ThirdParty:1030 - CMSIS Pack Vendor :STMicroelectronics X-CUBE-AZRTOS-H7RS 1.1.0
2025-06-25 16:36:42,490 [INFO] ThirdParty:1030 - CMSIS Pack Vendor :STMicroelectronics STM32_WPAN 1.0.0
2025-06-25 16:36:42,490 [INFO] ThirdParty:1030 - CMSIS Pack Vendor :EmbeddedOffice I-CUBE-FS-RTOS 1.0.1
2025-06-25 16:36:42,490 [INFO] ThirdParty:1030 - CMSIS Pack Vendor :STMicroelectronics lwIP 2.0.3
2025-06-25 16:36:42,490 [INFO] ThirdParty:1030 - CMSIS Pack Vendor :STMicroelectronics FP-SNS-FLIGHT1 5.0.2
2025-06-25 16:36:42,491 [INFO] ThirdParty:1030 - CMSIS Pack Vendor :Cesanta I-CUBE-Mongoose 7.13.0
2025-06-25 16:36:42,491 [INFO] ThirdParty:1030 - CMSIS Pack Vendor :STMicroelectronics USB_HOST 1.0.0
2025-06-25 16:36:42,491 [INFO] ThirdParty:1030 - CMSIS Pack Vendor :STMicroelectronics X-CUBE-AI 9.0.0
2025-06-25 16:36:42,491 [INFO] ThirdParty:1030 - CMSIS Pack Vendor :STMicroelectronics X-CUBE-AZRTOS-G4 2.0.0
2025-06-25 16:36:42,491 [INFO] ThirdParty:1030 - CMSIS Pack Vendor :STMicroelectronics X-CUBE-WB05N 2.0.0
2025-06-25 16:36:42,491 [INFO] ThirdParty:1030 - CMSIS Pack Vendor :STMicroelectronics PDM2PCM 3.1.0
2025-06-25 16:36:42,491 [INFO] ThirdParty:1030 - CMSIS Pack Vendor :STMicroelectronics PDM2PCM 3.3.0
2025-06-25 16:36:42,491 [INFO] ThirdParty:1030 - CMSIS Pack Vendor :STMicroelectronics X-CUBE-DISPLAY 3.0.0
2025-06-25 16:36:42,491 [INFO] ThirdParty:1030 - CMSIS Pack Vendor :STMicroelectronics X-CUBE-NFC7 2.0.0
2025-06-25 16:36:42,491 [INFO] ThirdParty:1030 - CMSIS Pack Vendor :RealThread X-CUBE-RT-Thread_Nano 4.1.1
2025-06-25 16:36:42,491 [INFO] ThirdParty:1030 - CMSIS Pack Vendor :wolfSSL I-CUBE-wolfSSL 5.7.0
2025-06-25 16:36:42,491 [INFO] ThirdParty:1030 - CMSIS Pack Vendor :STMicroelectronics X-CUBE-BLE1 7.0.0
2025-06-25 16:36:42,491 [INFO] ThirdParty:1030 - CMSIS Pack Vendor :STMicroelectronics FP-ATR-SIGFOX1 3.2.0
2025-06-25 16:36:42,491 [INFO] ThirdParty:1030 - CMSIS Pack Vendor :STMicroelectronics X-CUBE-NFC10 1.0.0
2025-06-25 16:36:42,491 [INFO] ThirdParty:1030 - CMSIS Pack Vendor :quantropi X-CUBE-qispace-sdk-base 1.9.3
2025-06-25 16:36:42,491 [INFO] ThirdParty:1030 - CMSIS Pack Vendor :STMicroelectronics X-CUBE-ISPU 2.0.0
2025-06-25 16:36:42,491 [INFO] ThirdParty:1030 - CMSIS Pack Vendor :STMicroelectronics X-CUBE-EEPRMA1 5.1.0
2025-06-25 16:36:42,491 [INFO] ThirdParty:1030 - CMSIS Pack Vendor :STMicroelectronics X-CUBE-FREERTOS 1.3.1
2025-06-25 16:36:42,491 [INFO] ThirdParty:1030 - CMSIS Pack Vendor :STMicroelectronics HAL Drivers 0.0.0
2025-06-25 16:36:42,491 [INFO] ThirdParty:1030 - CMSIS Pack Vendor :STMicroelectronics MBEDTLS 2.16.2
2025-06-25 16:36:42,491 [INFO] ThirdParty:1030 - CMSIS Pack Vendor :STMicroelectronics X-CUBE-ALS 1.0.2
2025-06-25 16:36:42,491 [INFO] ThirdParty:1030 - CMSIS Pack Vendor :emotas I-CUBE-CANOPEN 1.3.0
2025-06-25 16:36:42,491 [INFO] ThirdParty:1030 - CMSIS Pack Vendor :STMicroelectronics X-CUBE-MEMS1 10.0.0
2025-06-25 16:36:42,491 [INFO] ThirdParty:1030 - CMSIS Pack Vendor :STMicroelectronics X-CUBE-NFC7 1.0.1
2025-06-25 16:36:42,491 [INFO] ThirdParty:1030 - CMSIS Pack Vendor :STMicroelectronics MBEDTLS 2.14.1
2025-06-25 16:36:42,491 [INFO] ThirdParty:1030 - CMSIS Pack Vendor :STMicroelectronics X-CUBE-TOUCHGFX 4.24.0
2025-06-25 16:36:42,491 [INFO] ThirdParty:1030 - CMSIS Pack Vendor :ITTIA_DB I-CUBE-ITTIADB 8.9.0
2025-06-25 16:36:42,491 [INFO] ThirdParty:1030 - CMSIS Pack Vendor :wolfSSL I-CUBE-wolfTPM 3.2.0
2025-06-25 16:36:42,491 [INFO] ThirdParty:1030 - CMSIS Pack Vendor :STMicroelectronics X-CUBE-TOUCHGFX 4.24.1
2025-06-25 16:36:42,491 [INFO] ThirdParty:1030 - CMSIS Pack Vendor :portGmbH I-Cube-SoM-uGOAL 1.1.0
2025-06-25 16:36:42,491 [INFO] ThirdParty:1030 - CMSIS Pack Vendor :STMicroelectronics X-CUBE-BLEMGR 3.1.0
2025-06-25 16:36:42,491 [INFO] ThirdParty:1030 - CMSIS Pack Vendor :STMicroelectronics ThreadX 1.0.0
2025-06-25 16:36:42,491 [INFO] ThirdParty:1030 - CMSIS Pack Vendor :STMicroelectronics FP-SNS-SMARTAG2 1.2.0
2025-06-25 16:36:42,491 [INFO] ThirdParty:1030 - CMSIS Pack Vendor :STMicroelectronics X-CUBE-AZRTOS-WL 2.0.0
2025-06-25 16:36:42,491 [INFO] ThirdParty:1030 - CMSIS Pack Vendor :SEGGER I-CUBE-embOS 1.3.1
2025-06-25 16:36:42,491 [INFO] ThirdParty:1030 - CMSIS Pack Vendor :STMicroelectronics X-CUBE-ALGOBUILD 1.4.0
2025-06-25 16:36:42,491 [INFO] ThirdParty:1030 - CMSIS Pack Vendor :STMicroelectronics X-CUBE-DPower 1.3.0
2025-06-25 16:36:42,491 [INFO] ThirdParty:1030 - CMSIS Pack Vendor :STMicroelectronics X-CUBE-MEMS1 11.3.0
2025-06-25 16:36:42,491 [INFO] ThirdParty:1030 - CMSIS Pack Vendor :STMicroelectronics FP-SNS-MOTENV1 5.0.0
2025-06-25 16:36:42,491 [INFO] ThirdParty:1030 - CMSIS Pack Vendor :STMicroelectronics USB_DEVICE 1.0.0
2025-06-25 16:36:42,491 [INFO] ThirdParty:1030 - CMSIS Pack Vendor :STMicroelectronics X-CUBE-AZRTOS-H7RS 1.0.0
2025-06-25 16:36:42,491 [INFO] ThirdParty:1030 - CMSIS Pack Vendor :wolfSSL I-CUBE-wolfMQTT 1.19.0
2025-06-25 16:36:42,491 [INFO] ThirdParty:1030 - CMSIS Pack Vendor :STMicroelectronics X-CUBE-AZRTOS-L4 2.0.0
2025-06-25 16:36:42,491 [INFO] ThirdParty:1030 - CMSIS Pack Vendor :STMicroelectronics ThreadX 0.0.2
2025-06-25 16:36:42,491 [INFO] ThirdParty:1030 - CMSIS Pack Vendor :WES I-CUBE-Cesium 1.3.0
2025-06-25 16:36:42,491 [INFO] ThirdParty:1030 - CMSIS Pack Vendor :STMicroelectronics FP-ATR-ASTRA1 2.0.0
2025-06-25 16:36:42,491 [INFO] ThirdParty:1030 - CMSIS Pack Vendor :STMicroelectronics lwIP 2.1.2
2025-06-25 16:36:42,491 [INFO] ThirdParty:1030 - CMSIS Pack Vendor :STMicroelectronics X-CUBE-SFXS2LP1 4.0.0
2025-06-25 16:36:42,491 [INFO] ThirdParty:1030 - CMSIS Pack Vendor :STMicroelectronics X-CUBE-BLE2 3.3.0
2025-06-25 16:36:42,491 [INFO] ThirdParty:1030 - CMSIS Pack Vendor :STMicroelectronics X-CUBE-TOF1 3.4.2
2025-06-25 16:36:42,492 [INFO] ThirdParty:1030 - CMSIS Pack Vendor :STMicroelectronics X-CUBE-AI 9.1.0
2025-06-25 16:36:42,492 [INFO] ThirdParty:1030 - CMSIS Pack Vendor :STMicroelectronics X-CUBE-TOF1 3.4.1
2025-06-25 16:36:42,492 [INFO] ThirdParty:1030 - CMSIS Pack Vendor :STMicroelectronics X-CUBE-AZRTOS-H7 3.2.0
2025-06-25 16:36:42,492 [INFO] ThirdParty:1030 - CMSIS Pack Vendor :Infineon AIROC-Wi-Fi-Bluetooth-STM32 1.6.0
2025-06-25 16:36:42,492 [INFO] ThirdParty:1030 - CMSIS Pack Vendor :STMicroelectronics PDM2PCM 3.2.0
2025-06-25 16:36:42,492 [INFO] ThirdParty:1030 - CMSIS Pack Vendor :wolfSSL I-CUBE-wolfSSH 1.4.17
2025-06-25 16:36:42,492 [INFO] ThirdParty:841 - exiting critical section [change project]
2025-06-25 16:36:43,685 [INFO] PinOutPanel:1561 - setPackage(No Configuration,No Configuration)
2025-06-25 16:36:43,699 [INFO] PinOutPanel:1561 - setPackage(STM32F407VGTx,LQFP100)
2025-06-25 16:36:44,719 [INFO] UtilMem:75 - Before build in PCC Used Memory: 274985424 Bytes (432013312)
2025-06-25 16:36:47,536 [INFO] UtilMem:75 - After build in PCC Used Memory: 369649656 Bytes (432013312)
2025-06-25 16:36:47,606 [INFO] IPUIPlugin:80 - create IPUIPlugin
2025-06-25 16:36:47,606 [INFO] IPUIPlugin:80 - create IPUIPlugin
2025-06-25 16:36:47,606 [INFO] IPUIPlugin:80 - create IPUIPlugin
2025-06-25 16:36:47,606 [INFO] IPUIPlugin:80 - create IPUIPlugin
2025-06-25 16:36:47,606 [INFO] IPUIPlugin:80 - create IPUIPlugin
2025-06-25 16:36:47,606 [INFO] IPUIPlugin:80 - create IPUIPlugin
2025-06-25 16:36:47,606 [INFO] IPUIPlugin:80 - create IPUIPlugin
2025-06-25 16:36:47,606 [INFO] IPUIPlugin:80 - create IPUIPlugin
2025-06-25 16:36:47,606 [INFO] IPUIPlugin:80 - create IPUIPlugin
2025-06-25 16:36:47,607 [INFO] IPUIPlugin:80 - create IPUIPlugin
2025-06-25 16:36:47,607 [INFO] IPUIPlugin:80 - create IPUIPlugin
2025-06-25 16:36:47,607 [INFO] IPUIPlugin:80 - create IPUIPlugin
2025-06-25 16:36:47,607 [INFO] IPUIPlugin:80 - create IPUIPlugin
2025-06-25 16:36:47,607 [INFO] IPUIPlugin:80 - create IPUIPlugin
2025-06-25 16:36:47,607 [INFO] IPUIPlugin:80 - create IPUIPlugin
2025-06-25 16:36:47,607 [INFO] IPUIPlugin:80 - create IPUIPlugin
2025-06-25 16:36:47,607 [INFO] IPUIPlugin:80 - create IPUIPlugin
2025-06-25 16:36:47,607 [INFO] IPUIPlugin:80 - create IPUIPlugin
2025-06-25 16:36:47,607 [INFO] IPUIPlugin:80 - create IPUIPlugin
2025-06-25 16:36:47,607 [INFO] IPUIPlugin:80 - create IPUIPlugin
2025-06-25 16:36:47,607 [INFO] IPUIPlugin:80 - create IPUIPlugin
2025-06-25 16:36:47,608 [INFO] IPUIPlugin:80 - create IPUIPlugin
2025-06-25 16:36:47,608 [INFO] IPUIPlugin:80 - create IPUIPlugin
2025-06-25 16:36:47,608 [INFO] IPUIPlugin:80 - create IPUIPlugin
2025-06-25 16:36:47,608 [INFO] IPUIPlugin:80 - create IPUIPlugin
2025-06-25 16:36:47,608 [INFO] IPUIPlugin:80 - create IPUIPlugin
2025-06-25 16:36:47,608 [INFO] IPUIPlugin:80 - create IPUIPlugin
2025-06-25 16:36:47,609 [INFO] IPUIPlugin:80 - create IPUIPlugin
2025-06-25 16:36:47,609 [INFO] IPUIPlugin:80 - create IPUIPlugin
2025-06-25 16:36:47,609 [INFO] IPUIPlugin:80 - create IPUIPlugin
2025-06-25 16:36:47,609 [INFO] IPUIPlugin:80 - create IPUIPlugin
2025-06-25 16:36:47,609 [INFO] IPUIPlugin:80 - create IPUIPlugin
2025-06-25 16:36:47,609 [INFO] IPUIPlugin:80 - create IPUIPlugin
2025-06-25 16:36:47,609 [INFO] IPUIPlugin:80 - create IPUIPlugin
2025-06-25 16:36:47,610 [INFO] IPUIPlugin:80 - create IPUIPlugin
2025-06-25 16:36:47,610 [INFO] IPUIPlugin:80 - create IPUIPlugin
2025-06-25 16:36:47,610 [INFO] IPUIPlugin:80 - create IPUIPlugin
2025-06-25 16:36:47,610 [INFO] IPUIPlugin:80 - create IPUIPlugin
2025-06-25 16:36:47,610 [INFO] IPUIPlugin:80 - create IPUIPlugin
2025-06-25 16:36:47,611 [INFO] IPUIPlugin:80 - create IPUIPlugin
2025-06-25 16:36:47,611 [INFO] IPUIPlugin:80 - create IPUIPlugin
2025-06-25 16:36:47,611 [INFO] IPUIPlugin:80 - create IPUIPlugin
2025-06-25 16:36:47,611 [INFO] IPUIPlugin:80 - create IPUIPlugin
2025-06-25 16:36:47,611 [INFO] IPUIPlugin:80 - create IPUIPlugin
2025-06-25 16:36:47,611 [INFO] IPUIPlugin:80 - create IPUIPlugin
2025-06-25 16:36:47,611 [INFO] IPUIPlugin:80 - create IPUIPlugin
2025-06-25 16:36:47,612 [INFO] IPUIPlugin:80 - create IPUIPlugin
2025-06-25 16:36:47,613 [INFO] IPUIPlugin:80 - create IPUIPlugin
2025-06-25 16:36:47,614 [INFO] IPUIPlugin:80 - create IPUIPlugin
2025-06-25 16:36:47,615 [INFO] IPUIPlugin:80 - create IPUIPlugin
2025-06-25 16:36:47,615 [INFO] IPUIPlugin:80 - create IPUIPlugin
2025-06-25 16:36:47,615 [INFO] IPUIPlugin:80 - create IPUIPlugin
2025-06-25 16:36:47,616 [INFO] IPUIPlugin:80 - create IPUIPlugin
2025-06-25 16:36:47,616 [INFO] IPUIPlugin:80 - create IPUIPlugin
2025-06-25 16:36:47,618 [INFO] IPUIPlugin:80 - create IPUIPlugin
2025-06-25 16:36:47,619 [INFO] IPUIPlugin:80 - create IPUIPlugin
2025-06-25 16:36:47,619 [INFO] IPUIPlugin:80 - create IPUIPlugin
2025-06-25 16:36:47,619 [INFO] IPUIPlugin:80 - create IPUIPlugin
2025-06-25 16:36:48,155 [INFO] ApiDbMcu:508 - Load IP Config File for PDM2PCM
2025-06-25 16:36:48,733 [INFO] CADModel:165 - CPN selected for project levelSTM32F407VGT6
2025-06-25 16:36:48,733 [INFO] CADModel:114 - Register for checkConnection events
2025-06-25 16:36:48,824 [INFO] OpenFileManager:363 - Restore cursor
2025-06-25 16:37:08,264 [INFO] Gpio:277 - dependency for GPIO []
2025-06-25 16:37:14,875 [INFO] Gpio:277 - dependency for GPIO []
2025-06-25 16:37:48,206 [INFO] UtilMem:75 - End SaveConfig() Used Memory: 754063864 Bytes (1069547520)
2025-06-25 16:37:50,223 [INFO] UtilMem:75 - End SaveConfig() Used Memory: 878844408 Bytes (1069547520)
2025-06-25 16:37:52,713 [INFO] UtilMem:75 - End SaveConfig() Used Memory: 631133880 Bytes (1069547520)
2025-06-25 16:37:53,737 [INFO] BlockDiagram:2766 - set Specific Code input for plugin: SYS
2025-06-25 16:37:53,737 [INFO] BlockDiagram:2766 - set Specific Code input for plugin: RCC
2025-06-25 16:37:53,737 [INFO] BlockDiagram:2766 - set Specific Code input for plugin: NVIC
2025-06-25 16:37:53,739 [INFO] BlockDiagram:2766 - set Specific Code input for plugin: GPIO
2025-06-25 16:37:53,742 [INFO] CodeGenerator:807 - code generatio: config db path: C:\ST\STM32CubeIDE_1.16.0\STM32CubeIDE\plugins\com.st.stm32cube.common.mx_6.12.0.202406281431\\db\
2025-06-25 16:37:54,233 [INFO] CodeEngine:255 - oldGeneratedFile, C:\Users\nisha\OneDrive\Desktop\stm32f407\freertos\0052_led_notification\MXTmpFiles\license.tmp_save
2025-06-25 16:37:56,139 [INFO] CodeEngine:279 - Generated code: C:\Users\nisha\OneDrive\Desktop\stm32f407\freertos\0052_led_notification\MXTmpFiles\license.tmp
2025-06-25 16:37:56,542 [INFO] CodeEngine:255 - oldGeneratedFile, C:\Users\nisha\OneDrive\Desktop\stm32f407\freertos\0052_led_notification\MXTmpFiles\gpio.tmp_save
2025-06-25 16:37:57,041 [INFO] CodeEngine:279 - Generated code: C:\Users\nisha\OneDrive\Desktop\stm32f407\freertos\0052_led_notification\MXTmpFiles\gpio.tmp
2025-06-25 16:37:57,220 [INFO] CodeEngine:255 - oldGeneratedFile, C:\Users\nisha\OneDrive\Desktop\stm32f407\freertos\0052_led_notification\Core\Src\stm32f4xx_it.c_save
2025-06-25 16:37:57,518 [INFO] CodeEngine:279 - Generated code: C:\Users\nisha\OneDrive\Desktop\stm32f407\freertos\0052_led_notification\Core\Src\stm32f4xx_it.c
2025-06-25 16:37:57,568 [INFO] CodeEngine:255 - oldGeneratedFile, C:\Users\nisha\OneDrive\Desktop\stm32f407\freertos\0052_led_notification\Core\Inc\stm32f4xx_it.h_save
2025-06-25 16:37:57,755 [INFO] CodeEngine:279 - Generated code: C:\Users\nisha\OneDrive\Desktop\stm32f407\freertos\0052_led_notification\Core\Inc\stm32f4xx_it.h
2025-06-25 16:37:57,817 [INFO] CodeEngine:255 - oldGeneratedFile, C:\Users\nisha\OneDrive\Desktop\stm32f407\freertos\0052_led_notification\Core\Src\stm32f4xx_hal_msp.c_save
2025-06-25 16:37:58,098 [INFO] CodeEngine:279 - Generated code: C:\Users\nisha\OneDrive\Desktop\stm32f407\freertos\0052_led_notification\Core\Src\stm32f4xx_hal_msp.c
2025-06-25 16:37:58,127 [INFO] CodeEngine:255 - oldGeneratedFile, C:\Users\nisha\OneDrive\Desktop\stm32f407\freertos\0052_led_notification\MXTmpFiles\system.tmp_save
2025-06-25 16:37:58,272 [INFO] CodeEngine:279 - Generated code: C:\Users\nisha\OneDrive\Desktop\stm32f407\freertos\0052_led_notification\MXTmpFiles\system.tmp
2025-06-25 16:37:58,304 [INFO] CodeEngine:255 - oldGeneratedFile, C:\Users\nisha\OneDrive\Desktop\stm32f407\freertos\0052_led_notification\Core\Src\stm32f4xx_hal_timebase_tim.c_save
2025-06-25 16:37:58,485 [INFO] CodeEngine:279 - Generated code: C:\Users\nisha\OneDrive\Desktop\stm32f407\freertos\0052_led_notification\Core\Src\stm32f4xx_hal_timebase_tim.c
2025-06-25 16:37:58,535 [INFO] CodeEngine:311 - oldGeneratedFile, C:\Users\nisha\OneDrive\Desktop\stm32f407\freertos\0052_led_notification\Core\Inc\stm32f4xx_hal_conf.h_save
2025-06-25 16:37:58,753 [INFO] CodeEngine:335 - Generated code: C:\Users\nisha\OneDrive\Desktop\stm32f407\freertos\0052_led_notification\Core\Inc\stm32f4xx_hal_conf.h
2025-06-25 16:37:58,990 [INFO] CodeEngine:255 - oldGeneratedFile, C:\Users\nisha\OneDrive\Desktop\stm32f407\freertos\0052_led_notification\Core\Inc\main.h_save
2025-06-25 16:37:59,197 [INFO] CodeEngine:279 - Generated code: C:\Users\nisha\OneDrive\Desktop\stm32f407\freertos\0052_led_notification\Core\Inc\main.h
2025-06-25 16:37:59,241 [INFO] CodeEngine:255 - oldGeneratedFile, C:\Users\nisha\OneDrive\Desktop\stm32f407\freertos\0052_led_notification\Core\Src\main.c_save
2025-06-25 16:37:59,535 [INFO] CodeEngine:279 - Generated code: C:\Users\nisha\OneDrive\Desktop\stm32f407\freertos\0052_led_notification\Core\Src\main.c
2025-06-25 16:38:00,187 [INFO] ProjectBuilder:3249 - Time for Copy HAL[1] : 374mS.
2025-06-25 16:38:00,206 [INFO] ProjectBuilder:4828 - Project Generator version: 4.4.0-B60
2025-06-25 16:38:00,390 [INFO] ConfigFileManager:1531 - The Die is : DIE413
2025-06-25 16:38:00,605 [INFO] ApiDbMcu:508 - Load IP Config File for FATFS
2025-06-25 16:38:00,642 [INFO] ApiDbMcu:508 - Load IP Config File for FREERTOS
2025-06-25 16:38:00,672 [INFO] ApiDbMcu:508 - Load IP Config File for LIBJPEG
2025-06-25 16:38:00,711 [INFO] ApiDbMcu:508 - Load IP Config File for LWIP
2025-06-25 16:38:00,815 [INFO] ApiDbMcu:508 - Load IP Config File for MBEDTLS
2025-06-25 16:38:00,861 [INFO] ApiDbMcu:508 - Load IP Config File for USB_DEVICE
2025-06-25 16:38:00,889 [INFO] ApiDbMcu:508 - Load IP Config File for USB_HOST
2025-06-25 16:38:02,115 [INFO] LogOutputStream:77 - [STDOUT_REDIRECT] 
2025-06-25 16:38:05,716 [INFO] ProjectBuilder:5097 - Time for Generating toolchain IDE Files: 5510mS.
2025-06-25 16:38:05,718 [INFO] ProjectBuilder:3107 - Time for Copy CMSIS : 1mS.
2025-06-25 16:38:05,721 [INFO] ProjectBuilder:3107 - Time for Copy CMSIS : 0mS.
2025-06-25 18:13:04,969 [INFO] WebApp:189 - Connection lost
2025-06-25 23:02:40,571 [INFO] WebApp:186 - Connection restablished
2025-06-25 23:48:38,584 [INFO] WebApp:189 - Connection lost
2025-06-25 23:48:44,372 [INFO] WebApp:186 - Connection restablished
2025-06-25 23:48:47,423 [INFO] WebApp:189 - Connection lost
2025-06-25 23:48:47,698 [INFO] WebApp:186 - Connection restablished
