2025-06-26 00:41:28,769 [INFO] WebApp:388 - JxBrowser engine has been closed 
2025-06-26 10:19:56,872 [INFO] Activator:176 - 


2025-06-26 10:19:56,874 [INFO] Activator:177 - !SESSION log4j initialized
2025-06-26 10:20:07,607 [INFO] LogOutputStream:77 - [STDOUT_REDIRECT] 
2025-06-26 10:20:14,610 [INFO] ApplicationProperties:184 - Using Application install path: C:\ST\STM32CubeIDE_1.16.0\STM32CubeIDE\plugins\com.st.stm32cube.common.mx_6.12.0.202406281431
2025-06-26 10:20:14,639 [INFO] DbMcusXml:78 - Set database path to: C:\ST\STM32CubeIDE_1.16.0\STM32CubeIDE\plugins\com.st.stm32cube.common.mx_6.12.0.202406281431\\db\/mcu/
2025-06-26 10:20:14,639 [INFO] ApiDb:274 - Set plugin database path to: C:\ST\STM32CubeIDE_1.16.0\STM32CubeIDE\plugins\com.st.stm32cube.common.mx_6.12.0.202406281431\\db\/plugins/boardmanager/
2025-06-26 10:20:14,639 [WARN] ApiDb:259 - Overriding images path with different value:  => C:\ST\STM32CubeIDE_1.16.0\STM32CubeIDE\plugins\com.st.stm32cube.common.mx_6.12.0.202406281431\\db\/plugins/mcufinder/images/
2025-06-26 10:20:14,647 [INFO] ApiDb:250 - Set database path to: C:\Users\nisha\.stmcufinder\plugins\mcufinder//mcu/
2025-06-26 10:20:14,648 [INFO] DbMcusAds:125 - Set database path to: C:\Users\nisha\.stmcufinder\plugins\mcufinder//mcu/
2025-06-26 10:20:14,653 [INFO] CrossReferenceDbSqlite:203 - Set database path to: C:\Users\nisha\.stmcufinder\plugins\mcufinder//mcu/cs/
2025-06-26 10:20:14,836 [INFO] RulesReader:64 - Compatibility file has been processed (297 Rules)
2025-06-26 10:20:14,951 [INFO] DbMcusXml:78 - Set database path to: C:\ST\STM32CubeIDE_1.16.0\STM32CubeIDE\plugins\com.st.stm32cube.common.mx_6.12.0.202406281431\\db\/mcu/
2025-06-26 10:20:14,951 [INFO] ApiDb:274 - Set plugin database path to: C:\ST\STM32CubeIDE_1.16.0\STM32CubeIDE\plugins\com.st.stm32cube.common.mx_6.12.0.202406281431\\db\/plugins/boardmanager/
2025-06-26 10:20:14,952 [INFO] ApiDb:261 - Set plugin images path to: C:\ST\STM32CubeIDE_1.16.0\STM32CubeIDE\plugins\com.st.stm32cube.common.mx_6.12.0.202406281431\\db\/plugins/mcufinder/images/
2025-06-26 10:20:14,952 [WARN] DbFile:41 - Overriding database path with different value: C:\Users\nisha\.stmcufinder\plugins\mcufinder/ => C:\Users\nisha\.stmcufinder\plugins\mcufinder
2025-06-26 10:20:14,952 [INFO] ApiDb:250 - Set database path to: C:\Users\nisha\.stmcufinder\plugins\mcufinder//mcu/
2025-06-26 10:20:14,952 [WARN] DbFile:41 - Overriding database path with different value: C:\Users\nisha\.stmcufinder\plugins\mcufinder/ => C:\Users\nisha\.stmcufinder\plugins\mcufinder
2025-06-26 10:20:14,952 [INFO] DbMcusAds:125 - Set database path to: C:\Users\nisha\.stmcufinder\plugins\mcufinder//mcu/
2025-06-26 10:20:14,952 [WARN] DbFile:41 - Overriding database path with different value: C:\Users\nisha\.stmcufinder\plugins\mcufinder/ => C:\Users\nisha\.stmcufinder\plugins\mcufinder
2025-06-26 10:20:14,953 [WARN] DbFile:41 - Overriding database path with different value: C:\Users\nisha\.stmcufinder\plugins\mcufinder/ => C:\Users\nisha\.stmcufinder\plugins\mcufinder
2025-06-26 10:20:14,953 [INFO] CrossReferenceDbSqlite:203 - Set database path to: C:\Users\nisha\.stmcufinder\plugins\mcufinder//mcu/cs/
2025-06-26 10:20:15,126 [INFO] MainPanel:268 - HeapMemory: 268435456
2025-06-26 10:20:15,310 [INFO] DbMcusXml:78 - Set database path to: C:\ST\STM32CubeIDE_1.16.0\STM32CubeIDE\plugins\com.st.stm32cube.common.mx_6.12.0.202406281431\\db\/mcu/
2025-06-26 10:20:15,310 [INFO] ApiDb:274 - Set plugin database path to: C:\ST\STM32CubeIDE_1.16.0\STM32CubeIDE\plugins\com.st.stm32cube.common.mx_6.12.0.202406281431\\db\/plugins/boardmanager/
2025-06-26 10:20:15,311 [INFO] ApiDb:261 - Set plugin images path to: C:\ST\STM32CubeIDE_1.16.0\STM32CubeIDE\plugins\com.st.stm32cube.common.mx_6.12.0.202406281431\\db\/plugins/mcufinder/images/
2025-06-26 10:20:15,311 [WARN] DbFile:41 - Overriding database path with different value: C:\Users\nisha\.stmcufinder\plugins\mcufinder/ => C:\Users\nisha\.stmcufinder\plugins\mcufinder
2025-06-26 10:20:15,311 [INFO] ApiDb:250 - Set database path to: C:\Users\nisha\.stmcufinder\plugins\mcufinder//mcu/
2025-06-26 10:20:15,312 [WARN] DbFile:41 - Overriding database path with different value: C:\Users\nisha\.stmcufinder\plugins\mcufinder/ => C:\Users\nisha\.stmcufinder\plugins\mcufinder
2025-06-26 10:20:15,312 [INFO] DbMcusAds:125 - Set database path to: C:\Users\nisha\.stmcufinder\plugins\mcufinder//mcu/
2025-06-26 10:20:15,312 [WARN] DbFile:41 - Overriding database path with different value: C:\Users\nisha\.stmcufinder\plugins\mcufinder/ => C:\Users\nisha\.stmcufinder\plugins\mcufinder
2025-06-26 10:20:15,312 [WARN] DbFile:41 - Overriding database path with different value: C:\Users\nisha\.stmcufinder\plugins\mcufinder/ => C:\Users\nisha\.stmcufinder\plugins\mcufinder
2025-06-26 10:20:15,312 [INFO] CrossReferenceDbSqlite:203 - Set database path to: C:\Users\nisha\.stmcufinder\plugins\mcufinder//mcu/cs/
2025-06-26 10:20:15,347 [INFO] ApplicationProperties:184 - Using Application install path: C:\ST\STM32CubeIDE_1.16.0\STM32CubeIDE\plugins\com.st.stm32cube.common.mx_6.12.0.202406281431
2025-06-26 10:20:15,349 [INFO] PluginManage:196 - Search for loadable plugins [exclusion list=, ]
2025-06-26 10:20:15,352 [INFO] PluginManage:310 - Check plugin analytics
2025-06-26 10:20:15,672 [INFO] AnalyticsPlugin:253 - Accepted Software Licenses: 
2025-06-26 10:20:15,672 [INFO] AnalyticsPlugin:255 - Accepted CMSIS Pack Licenses: 
2025-06-26 10:20:15,672 [INFO] AnalyticsPlugin:257 - Accepted Firmware Licenses: FW.F4.1.28.0
2025-06-26 10:20:15,678 [INFO] PluginManage:359 - Loaded plugin analytics (category:tool,tabindex:-1)
2025-06-26 10:20:15,680 [INFO] PluginManage:310 - Check plugin cadmodel
2025-06-26 10:20:15,707 [INFO] CADModel:105 - Init CAD model plugin
2025-06-26 10:20:15,707 [INFO] PluginManage:359 - Loaded plugin cadmodel (category:power,tabindex:5)
2025-06-26 10:20:15,708 [INFO] PluginManage:310 - Check plugin clock
2025-06-26 10:20:15,731 [INFO] PluginManage:359 - Loaded plugin clock (category:base,tabindex:2)
2025-06-26 10:20:15,732 [INFO] PluginManage:310 - Check plugin ddr
2025-06-26 10:20:15,737 [INFO] PluginManage:359 - Loaded plugin ddr (category:tool,tabindex:6)
2025-06-26 10:20:15,738 [INFO] PluginManage:310 - Check plugin filemanager
2025-06-26 10:20:15,924 [INFO] PluginManage:359 - Loaded plugin filemanager (category:base,tabindex:10)
2025-06-26 10:20:15,924 [INFO] PluginManage:310 - Check plugin ipmanager
2025-06-26 10:20:15,939 [INFO] PluginManage:359 - Loaded plugin ipmanager (category:base,tabindex:5)
2025-06-26 10:20:15,940 [INFO] PluginManage:310 - Check plugin lpbam
2025-06-26 10:20:15,970 [INFO] PluginManage:359 - Loaded plugin lpbam (category:base,tabindex:0)
2025-06-26 10:20:15,970 [INFO] PluginManage:310 - Check plugin memorymap
2025-06-26 10:20:16,010 [INFO] PluginManage:359 - Loaded plugin memorymap (category:base,tabindex:4)
2025-06-26 10:20:16,010 [INFO] PluginManage:310 - Check plugin pinoutandconfiguration
2025-06-26 10:20:16,042 [INFO] PluginManage:359 - Loaded plugin pinoutandconfiguration (category:base,tabindex:1)
2025-06-26 10:20:16,042 [INFO] PluginManage:310 - Check plugin pinoutconfig
2025-06-26 10:20:16,167 [WARN] SupportedApi:132 - Cannot load RTOS API schema: s4s-elt-must-match.1: The content of 'definitions' must match (annotation?, (simpleType | complexType)?, (unique | key | keyref)*)). A problem was found starting at: attribute.
2025-06-26 10:20:16,352 [INFO] PluginManage:359 - Loaded plugin pinoutconfig (category:base,tabindex:0)
2025-06-26 10:20:16,352 [INFO] PluginManage:310 - Check plugin power
2025-06-26 10:20:16,385 [INFO] PluginManage:359 - Loaded plugin power (category:power,tabindex:4)
2025-06-26 10:20:16,385 [INFO] PluginManage:310 - Check plugin projectmanager
2025-06-26 10:20:16,413 [INFO] PluginManage:359 - Loaded plugin projectmanager (category:projectmanager,tabindex:4)
2025-06-26 10:20:16,413 [INFO] PluginManage:310 - Check plugin rif
2025-06-26 10:20:16,443 [INFO] PluginManage:359 - Loaded plugin rif (category:base,tabindex:3)
2025-06-26 10:20:16,443 [INFO] PluginManage:310 - Check plugin thirdparty
2025-06-26 10:20:16,827 [WARN] IntegrityCheckThread:84 - waiting for thirdparty lock release [integrity check]
2025-06-26 10:20:16,827 [INFO] PluginManage:359 - Loaded plugin thirdparty (category:base,tabindex:-1)
2025-06-26 10:20:16,828 [INFO] IntegrityCheckThread:86 - entering critical section [integrity check]
2025-06-26 10:20:16,828 [INFO] PluginManage:310 - Check plugin tools
2025-06-26 10:20:16,828 [INFO] ThirdPartyUpdaterWithRetryManager:70 - Updater plugin not ready yet. [1/15]
2025-06-26 10:20:16,874 [INFO] PluginManage:359 - Loaded plugin tools (category:base,tabindex:7)
2025-06-26 10:20:16,875 [INFO] PluginManage:310 - Check plugin tutovideos
2025-06-26 10:20:17,210 [INFO] PluginManage:359 - Loaded plugin tutovideos (category:base,tabindex:-1)
2025-06-26 10:20:17,210 [INFO] PluginManage:310 - Check plugin updater
2025-06-26 10:20:17,232 [INFO] PluginManage:359 - Loaded plugin updater (category:base,tabindex:12)
2025-06-26 10:20:17,232 [INFO] PluginManage:310 - Check plugin userauth
2025-06-26 10:20:17,239 [INFO] UserAuth:113 - Init User Auth plugin
2025-06-26 10:20:17,240 [INFO] PluginManage:359 - Loaded plugin userauth (category:base,tabindex:14)
2025-06-26 10:20:17,240 [INFO] PluginManage:283 - PluginManage : Loaded plugins [18]
2025-06-26 10:20:17,518 [INFO] PinOutPanel:1561 - setPackage(No Configuration,No Configuration)
2025-06-26 10:20:17,631 [INFO] CADModel:165 - CPN selected for project level
2025-06-26 10:20:17,631 [INFO] CADModel:114 - Register for checkConnection events
2025-06-26 10:20:17,659 [INFO] IPUIPlugin:80 - create IPUIPlugin
2025-06-26 10:20:17,659 [INFO] PluginManager:220 - loadIPPluginJar : add adc
2025-06-26 10:20:17,701 [INFO] IPUIPlugin:80 - create IPUIPlugin
2025-06-26 10:20:17,701 [INFO] PluginManager:220 - loadIPPluginJar : add aes
2025-06-26 10:20:17,758 [INFO] IPUIPlugin:80 - create IPUIPlugin
2025-06-26 10:20:17,759 [INFO] PluginManager:220 - loadIPPluginJar : add can
2025-06-26 10:20:17,789 [INFO] IPUIPlugin:80 - create IPUIPlugin
2025-06-26 10:20:17,789 [INFO] PluginManager:220 - loadIPPluginJar : add comp
2025-06-26 10:20:17,847 [INFO] IPUIPlugin:80 - create IPUIPlugin
2025-06-26 10:20:17,847 [INFO] PluginManager:220 - loadIPPluginJar : add cryp
2025-06-26 10:20:17,869 [INFO] IPUIPlugin:80 - create IPUIPlugin
2025-06-26 10:20:17,869 [INFO] PluginManager:220 - loadIPPluginJar : add ddr_ctrl_phy
2025-06-26 10:20:17,928 [INFO] IPUIPlugin:80 - create IPUIPlugin
2025-06-26 10:20:17,929 [INFO] PluginManager:220 - loadIPPluginJar : add dfsdm
2025-06-26 10:20:17,956 [INFO] IPUIPlugin:80 - create IPUIPlugin
2025-06-26 10:20:17,957 [INFO] PluginManager:220 - loadIPPluginJar : add dma
2025-06-26 10:20:18,004 [INFO] IPUIPlugin:80 - create IPUIPlugin
2025-06-26 10:20:18,004 [INFO] PluginManager:220 - loadIPPluginJar : add dma3
2025-06-26 10:20:18,057 [INFO] IPUIPlugin:80 - create IPUIPlugin
2025-06-26 10:20:18,057 [INFO] PluginManager:220 - loadIPPluginJar : add extmemmanager
2025-06-26 10:20:18,084 [INFO] IPUIPlugin:80 - create IPUIPlugin
2025-06-26 10:20:18,084 [INFO] PluginManager:220 - loadIPPluginJar : add fatfs
2025-06-26 10:20:18,133 [INFO] IPUIPlugin:80 - create IPUIPlugin
2025-06-26 10:20:18,133 [INFO] PluginManager:220 - loadIPPluginJar : add fmc
2025-06-26 10:20:18,150 [INFO] IPUIPlugin:80 - create IPUIPlugin
2025-06-26 10:20:18,151 [INFO] PluginManager:220 - loadIPPluginJar : add freertos
2025-06-26 10:20:18,179 [INFO] IPUIPlugin:80 - create IPUIPlugin
2025-06-26 10:20:18,179 [INFO] PluginManager:220 - loadIPPluginJar : add genericplugin
2025-06-26 10:20:18,339 [INFO] IPUIPlugin:80 - create IPUIPlugin
2025-06-26 10:20:18,340 [INFO] PluginManager:220 - loadIPPluginJar : add gfxmmu
2025-06-26 10:20:18,513 [INFO] IPUIPlugin:80 - create IPUIPlugin
2025-06-26 10:20:18,513 [INFO] PluginManager:220 - loadIPPluginJar : add gic
2025-06-26 10:20:18,541 [INFO] IPUIPlugin:80 - create IPUIPlugin
2025-06-26 10:20:18,541 [INFO] PluginManager:220 - loadIPPluginJar : add gpio
2025-06-26 10:20:18,637 [INFO] IPUIPlugin:80 - create IPUIPlugin
2025-06-26 10:20:18,637 [INFO] PluginManager:220 - loadIPPluginJar : add gtzc
2025-06-26 10:20:18,682 [INFO] IPUIPlugin:80 - create IPUIPlugin
2025-06-26 10:20:18,682 [INFO] PluginManager:220 - loadIPPluginJar : add hash
2025-06-26 10:20:18,751 [INFO] IPUIPlugin:80 - create IPUIPlugin
2025-06-26 10:20:18,752 [INFO] PluginManager:220 - loadIPPluginJar : add i2c
2025-06-26 10:20:18,790 [INFO] IPUIPlugin:80 - create IPUIPlugin
2025-06-26 10:20:18,790 [INFO] PluginManager:220 - loadIPPluginJar : add i2s
2025-06-26 10:20:18,838 [INFO] IPUIPlugin:80 - create IPUIPlugin
2025-06-26 10:20:18,838 [INFO] PluginManager:220 - loadIPPluginJar : add i3c
2025-06-26 10:20:18,963 [INFO] IPUIPlugin:80 - create IPUIPlugin
2025-06-26 10:20:18,963 [INFO] PluginManager:220 - loadIPPluginJar : add ipddr
2025-06-26 10:20:19,073 [INFO] IPUIPlugin:80 - create IPUIPlugin
2025-06-26 10:20:19,074 [INFO] PluginManager:220 - loadIPPluginJar : add linkedlist
2025-06-26 10:20:19,126 [INFO] IPUIPlugin:80 - create IPUIPlugin
2025-06-26 10:20:19,126 [INFO] PluginManager:220 - loadIPPluginJar : add lorawan
2025-06-26 10:20:19,182 [INFO] IPUIPlugin:80 - create IPUIPlugin
2025-06-26 10:20:19,182 [INFO] PluginManager:220 - loadIPPluginJar : add ltdc
2025-06-26 10:20:19,197 [INFO] IPUIPlugin:80 - create IPUIPlugin
2025-06-26 10:20:19,197 [INFO] PluginManager:220 - loadIPPluginJar : add mdma
2025-06-26 10:20:19,211 [INFO] IPUIPlugin:80 - create IPUIPlugin
2025-06-26 10:20:19,211 [INFO] PluginManager:220 - loadIPPluginJar : add nvic
2025-06-26 10:20:19,255 [INFO] IPUIPlugin:80 - create IPUIPlugin
2025-06-26 10:20:19,255 [INFO] PluginManager:220 - loadIPPluginJar : add opamp
2025-06-26 10:20:19,315 [INFO] IPUIPlugin:80 - create IPUIPlugin
2025-06-26 10:20:19,315 [INFO] PluginManager:220 - loadIPPluginJar : add openamp
2025-06-26 10:20:19,360 [INFO] IPUIPlugin:80 - create IPUIPlugin
2025-06-26 10:20:19,360 [INFO] PluginManager:220 - loadIPPluginJar : add pdm2pcm
2025-06-26 10:20:19,379 [INFO] IPUIPlugin:80 - create IPUIPlugin
2025-06-26 10:20:19,381 [INFO] PluginManager:220 - loadIPPluginJar : add plateformsettings
2025-06-26 10:20:19,410 [INFO] IPUIPlugin:80 - create IPUIPlugin
2025-06-26 10:20:19,410 [INFO] PluginManager:220 - loadIPPluginJar : add quadspi
2025-06-26 10:20:19,440 [INFO] IPUIPlugin:80 - create IPUIPlugin
2025-06-26 10:20:19,440 [INFO] PluginManager:220 - loadIPPluginJar : add radio
2025-06-26 10:20:19,453 [INFO] IPUIPlugin:80 - create IPUIPlugin
2025-06-26 10:20:19,453 [INFO] PluginManager:220 - loadIPPluginJar : add resmgrutility
2025-06-26 10:20:19,495 [INFO] IPUIPlugin:80 - create IPUIPlugin
2025-06-26 10:20:19,495 [INFO] PluginManager:220 - loadIPPluginJar : add sai
2025-06-26 10:20:19,530 [INFO] IPUIPlugin:80 - create IPUIPlugin
2025-06-26 10:20:19,530 [INFO] PluginManager:220 - loadIPPluginJar : add spi
2025-06-26 10:20:19,592 [INFO] IPUIPlugin:80 - create IPUIPlugin
2025-06-26 10:20:19,592 [INFO] PluginManager:220 - loadIPPluginJar : add stm32_wpan
2025-06-26 10:20:19,618 [INFO] IPUIPlugin:80 - create IPUIPlugin
2025-06-26 10:20:19,618 [INFO] PluginManager:220 - loadIPPluginJar : add tim
2025-06-26 10:20:19,672 [INFO] IPUIPlugin:80 - create IPUIPlugin
2025-06-26 10:20:19,672 [INFO] PluginManager:220 - loadIPPluginJar : add touchsensing
2025-06-26 10:20:19,702 [INFO] IPUIPlugin:80 - create IPUIPlugin
2025-06-26 10:20:19,702 [INFO] PluginManager:220 - loadIPPluginJar : add tracer_emb
2025-06-26 10:20:19,733 [INFO] IPUIPlugin:80 - create IPUIPlugin
2025-06-26 10:20:19,734 [INFO] PluginManager:220 - loadIPPluginJar : add ts
2025-06-26 10:20:19,772 [INFO] IPUIPlugin:80 - create IPUIPlugin
2025-06-26 10:20:19,772 [INFO] PluginManager:220 - loadIPPluginJar : add tsc
2025-06-26 10:20:19,810 [INFO] IPUIPlugin:80 - create IPUIPlugin
2025-06-26 10:20:19,810 [INFO] PluginManager:220 - loadIPPluginJar : add ucpd
2025-06-26 10:20:19,831 [INFO] ThirdPartyUpdaterWithRetryManager:70 - Updater plugin not ready yet. [2/15]
2025-06-26 10:20:19,879 [INFO] IPUIPlugin:80 - create IPUIPlugin
2025-06-26 10:20:19,879 [INFO] PluginManager:220 - loadIPPluginJar : add usart
2025-06-26 10:20:19,933 [INFO] IPUIPlugin:80 - create IPUIPlugin
2025-06-26 10:20:19,933 [INFO] PluginManager:220 - loadIPPluginJar : add usbx
2025-06-26 10:20:20,068 [INFO] CADModel:165 - CPN selected for project level
2025-06-26 10:20:20,068 [INFO] CADModel:114 - Register for checkConnection events
2025-06-26 10:20:20,068 [FATAL] Updater:334 - Updater called before beeing initialized
2025-06-26 10:20:20,069 [ERROR] CADModel:125 - Updater not yet initialized, retry later 
2025-06-26 10:20:20,332 [INFO] CADModel:165 - CPN selected for project level
2025-06-26 10:20:20,332 [INFO] CADModel:114 - Register for checkConnection events
2025-06-26 10:20:20,333 [FATAL] Updater:334 - Updater called before beeing initialized
2025-06-26 10:20:20,333 [ERROR] CADModel:125 - Updater not yet initialized, retry later 
2025-06-26 10:20:20,337 [FATAL] Updater:334 - Updater called before beeing initialized
2025-06-26 10:20:20,458 [FATAL] Updater:334 - Updater called before beeing initialized
2025-06-26 10:20:20,471 [INFO] DbMcusAds:53 - JSON generation date=Thu Jun 19 14:02:34 IST 2025 (1750321954415)
2025-06-26 10:20:20,471 [FATAL] Updater:334 - Updater called before beeing initialized
2025-06-26 10:20:20,511 [WARN] DetailPanel:346 - Failed to get advertising image, set to default
2025-06-26 10:20:20,677 [FATAL] Updater:334 - Updater called before beeing initialized
2025-06-26 10:20:20,679 [FATAL] Updater:334 - Updater called before beeing initialized
2025-06-26 10:20:20,679 [FATAL] Updater:334 - Updater called before beeing initialized
2025-06-26 10:20:20,679 [WARN] DetailPanel:346 - Failed to get advertising image, set to default
2025-06-26 10:20:20,680 [FATAL] Updater:334 - Updater called before beeing initialized
2025-06-26 10:20:20,747 [ERROR] Updater:1164 - MainUpdater not yet initialized. External WinMGr cannot be set.
2025-06-26 10:20:20,759 [INFO] Updater:1100 - Updater Version found : 6.12.0
2025-06-26 10:20:20,776 [INFO] ApplicationProperties:184 - Using Application install path: C:\ST\STM32CubeIDE_1.16.0\STM32CubeIDE\plugins\com.st.stm32cube.common.mx_6.12.0.202406281431
2025-06-26 10:20:22,376 [ERROR] LogOutputStream:75 - [STDERR_REDIRECT] Jun 26, 2025 10:20:22 AM java.util.prefs.WindowsPreferences <init>
2025-06-26 10:20:22,378 [ERROR] LogOutputStream:75 - [STDERR_REDIRECT] WARNING: Could not open/create prefs root node Software\JavaSoft\Prefs at root 0xffffffff80000002. Windows RegCreateKeyEx(...) returned error code 5.
2025-06-26 10:20:22,378 [ERROR] LogOutputStream:75 - [STDERR_REDIRECT] 
2025-06-26 10:20:22,832 [INFO] ThirdPartyUpdaterWithRetryManager:70 - Updater plugin not ready yet. [3/15]
2025-06-26 10:20:23,315 [INFO] MainUpdater:2873 - connection check result : 10
2025-06-26 10:20:23,316 [INFO] MainUpdater:290 - Updater Check For Update Now.
2025-06-26 10:20:23,316 [INFO] MicroXplorer:498 - Change Database Version : DB.6.0.120
2025-06-26 10:20:23,352 [INFO] McuFinderGlobals:63 - Set McuFinder mode to 2 (CubeIDE integrated)
2025-06-26 10:20:23,364 [INFO] UserAuth:417 - Internet connection configuration mode: 1
2025-06-26 10:20:23,420 [INFO] JxBrowserEngine:152 - Initiate JxBrowser Engine with user profile folder
2025-06-26 10:20:23,589 [INFO] CheckServerUpdateThread:120 - End of CheckServer Thread
2025-06-26 10:20:26,446 [WARN] PackLoader:240 - Cannot read IP mode file for STMicroelectronics.FP-SNS-MOTENVWB1.1.4.0
2025-06-26 10:20:26,474 [WARN] PackLoader:240 - Cannot read IP mode file for STMicroelectronics.X-CUBE-SMBUS.2.1.0
2025-06-26 10:20:26,496 [WARN] PackLoader:240 - Cannot read IP mode file for STMicroelectronics.X-CUBE-WB05N.1.1.0
2025-06-26 10:20:26,515 [ERROR] Engine:466 - C:\Users\nisha\.stm32cubemx\thirdparties\pdsc\STMicroelectronics.X-CUBE-ST60.1.0.0.pdsc: PDSC version is not supported
2025-06-26 10:20:26,551 [INFO] WebApp:167 - Instantiating new browser for Auth
2025-06-26 10:20:26,596 [WARN] PackLoader:240 - Cannot read IP mode file for STMicroelectronics.X-CUBE-AZRTOS-F7.1.1.0
2025-06-26 10:20:26,786 [WARN] PackLoader:240 - Cannot read IP mode file for STMicroelectronics.X-CUBE-MEMS1.11.0.0
2025-06-26 10:20:27,019 [WARN] PackLoader:240 - Cannot read IP mode file for STMicroelectronics.FP-SNS-FLIGHT1.5.0.2
2025-06-26 10:20:27,046 [WARN] PackLoader:240 - Cannot read IP mode file for STMicroelectronics.X-CUBE-DISPLAY.3.0.0
2025-06-26 10:20:27,091 [WARN] PackLoader:240 - Cannot read IP mode file for STMicroelectronics.X-CUBE-BLE1.7.0.0
2025-06-26 10:20:27,177 [WARN] PackLoader:240 - Cannot read IP mode file for STMicroelectronics.X-CUBE-NFC10.1.0.0
2025-06-26 10:20:27,215 [WARN] PackLoader:240 - Cannot read IP mode file for emotas.I-CUBE-CANOPEN.1.3.0
2025-06-26 10:20:27,236 [WARN] PackLoader:240 - Cannot read IP mode file for STMicroelectronics.X-CUBE-BLEMGR.3.1.0
2025-06-26 10:20:27,258 [WARN] PackLoader:240 - Cannot read IP mode file for STMicroelectronics.FP-SNS-SMARTAG2.1.2.0
2025-06-26 10:20:27,279 [ERROR] Engine:466 - C:\Users\nisha\.stm32cubemx\thirdparties\pdsc\STMicroelectronics.FP-SNS-FLIGHT1.5.1.0.pdsc: PDSC version is not supported
2025-06-26 10:20:27,307 [INFO] LogOutputStream:77 - [STDOUT_REDIRECT] 1 : Invalid condition id : UX_CORESTACK_Condition cause : null
2025-06-26 10:20:27,309 [INFO] LogOutputStream:77 - [STDOUT_REDIRECT] 1 : Invalid condition id : UX_CORESTACK_Condition cause : null
2025-06-26 10:20:27,311 [INFO] LogOutputStream:77 - [STDOUT_REDIRECT] 1 : Invalid condition id : UX_CORESTACK_Condition cause : null
2025-06-26 10:20:27,313 [INFO] LogOutputStream:77 - [STDOUT_REDIRECT] 1 : Invalid condition id : UX_CORESTACK_Condition cause : null
2025-06-26 10:20:27,315 [INFO] LogOutputStream:77 - [STDOUT_REDIRECT] 1 : Invalid condition id : UX_CORESTACK_Condition cause : null
2025-06-26 10:20:27,318 [WARN] PackLoader:240 - Cannot read IP mode file for STMicroelectronics.X-CUBE-AZRTOS-WL.2.0.0
2025-06-26 10:20:27,342 [WARN] PackLoader:240 - Cannot read IP mode file for STMicroelectronics.FP-SNS-MOTENV1.5.0.0
2025-06-26 10:20:27,367 [WARN] PackLoader:240 - Cannot read IP mode file for wolfSSL.I-CUBE-wolfMQTT.1.19.0
2025-06-26 10:20:27,399 [WARN] PackLoader:240 - Cannot read IP mode file for WES.I-CUBE-Cesium.1.3.0
2025-06-26 10:20:27,418 [WARN] PackLoader:240 - Cannot read IP mode file for STMicroelectronics.X-CUBE-BLE2.3.3.0
2025-06-26 10:20:27,440 [WARN] PackLoader:240 - Cannot read IP mode file for STMicroelectronics.X-CUBE-NFC9.1.0.0
2025-06-26 10:20:27,461 [WARN] PackLoader:240 - Cannot read IP mode file for STMicroelectronics.X-CUBE-BLE1.7.1.0
2025-06-26 10:20:27,482 [WARN] PackLoader:240 - Cannot read IP mode file for STMicroelectronics.X-CUBE-TCPP.4.1.0
2025-06-26 10:20:27,502 [WARN] PackLoader:240 - Cannot read IP mode file for STMicroelectronics.X-CUBE-AI.10.1.0
2025-06-26 10:20:27,538 [WARN] PackLoader:240 - Cannot read IP mode file for STMicroelectronics.X-CUBE-AZRTOS-G0.1.1.0
2025-06-26 10:20:27,562 [WARN] PackLoader:240 - Cannot read IP mode file for STMicroelectronics.X-CUBE-SAFEA1.1.2.2
2025-06-26 10:20:27,587 [WARN] PackLoader:240 - Cannot read IP mode file for STMicroelectronics.X-CUBE-NFC4.3.0.0
2025-06-26 10:20:27,621 [WARN] PackLoader:240 - Cannot read IP mode file for EmbeddedOffice.I-CUBE-FS-RTOS.1.0.1
2025-06-26 10:20:27,621 [ERROR] ConditionMgr:805 - Attr not supported : Dmpu
2025-06-26 10:20:27,622 [ERROR] ConditionMgr:805 - Attr not supported : Dmpu
2025-06-26 10:20:27,622 [ERROR] ConditionMgr:805 - Attr not supported : Dmpu
2025-06-26 10:20:27,622 [ERROR] ConditionMgr:805 - Attr not supported : Dmpu
2025-06-26 10:20:27,622 [ERROR] ConditionMgr:805 - Attr not supported : Dmpu
2025-06-26 10:20:27,622 [ERROR] ConditionMgr:805 - Attr not supported : Dmpu
2025-06-26 10:20:27,622 [ERROR] ConditionMgr:805 - Attr not supported : Dmpu
2025-06-26 10:20:27,622 [ERROR] ConditionMgr:805 - Attr not supported : Dmpu
2025-06-26 10:20:27,622 [ERROR] ConditionMgr:805 - Attr not supported : Dmpu
2025-06-26 10:20:27,622 [ERROR] ConditionMgr:805 - Attr not supported : Dmpu
2025-06-26 10:20:27,622 [ERROR] ConditionMgr:805 - Attr not supported : Dmpu
2025-06-26 10:20:27,622 [ERROR] ConditionMgr:805 - Attr not supported : Dmpu
2025-06-26 10:20:27,623 [ERROR] ConditionMgr:805 - Attr not supported : Dmpu
2025-06-26 10:20:27,623 [ERROR] ConditionMgr:805 - Attr not supported : Dmpu
2025-06-26 10:20:27,623 [ERROR] ConditionMgr:805 - Attr not supported : Dmpu
2025-06-26 10:20:27,623 [ERROR] ConditionMgr:805 - Attr not supported : Dmpu
2025-06-26 10:20:27,623 [ERROR] ConditionMgr:805 - Attr not supported : Dmpu
2025-06-26 10:20:27,623 [ERROR] ConditionMgr:805 - Attr not supported : Dmpu
2025-06-26 10:20:27,623 [ERROR] ConditionMgr:805 - Attr not supported : Dmpu
2025-06-26 10:20:27,623 [ERROR] ConditionMgr:805 - Attr not supported : Dmpu
2025-06-26 10:20:27,623 [ERROR] ConditionMgr:805 - Attr not supported : Dmpu
2025-06-26 10:20:27,623 [ERROR] ConditionMgr:805 - Attr not supported : Dmpu
2025-06-26 10:20:27,623 [ERROR] ConditionMgr:805 - Attr not supported : Dmpu
2025-06-26 10:20:27,623 [ERROR] ConditionMgr:805 - Attr not supported : Dmpu
2025-06-26 10:20:27,623 [ERROR] ConditionMgr:805 - Attr not supported : Dmpu
2025-06-26 10:20:27,623 [ERROR] ConditionMgr:805 - Attr not supported : Dmpu
2025-06-26 10:20:27,623 [ERROR] ConditionMgr:805 - Attr not supported : Dmpu
2025-06-26 10:20:27,623 [ERROR] ConditionMgr:805 - Attr not supported : Dmpu
2025-06-26 10:20:27,623 [ERROR] ConditionMgr:805 - Attr not supported : Dmpu
2025-06-26 10:20:27,623 [ERROR] ConditionMgr:805 - Attr not supported : Dmpu
2025-06-26 10:20:27,624 [ERROR] ConditionMgr:805 - Attr not supported : Dmpu
2025-06-26 10:20:27,624 [ERROR] ConditionMgr:805 - Attr not supported : Dmpu
2025-06-26 10:20:27,624 [ERROR] ConditionMgr:805 - Attr not supported : Dmpu
2025-06-26 10:20:27,624 [ERROR] ConditionMgr:805 - Attr not supported : Dmpu
2025-06-26 10:20:27,624 [ERROR] ConditionMgr:805 - Attr not supported : Dmpu
2025-06-26 10:20:27,624 [ERROR] ConditionMgr:805 - Attr not supported : Dmpu
2025-06-26 10:20:27,624 [ERROR] ConditionMgr:805 - Attr not supported : Dmpu
2025-06-26 10:20:27,624 [ERROR] ConditionMgr:805 - Attr not supported : Dmpu
2025-06-26 10:20:27,624 [ERROR] ConditionMgr:805 - Attr not supported : Dmpu
2025-06-26 10:20:27,624 [ERROR] ConditionMgr:805 - Attr not supported : Dmpu
2025-06-26 10:20:27,624 [ERROR] ConditionMgr:805 - Attr not supported : Dmpu
2025-06-26 10:20:27,624 [ERROR] ConditionMgr:805 - Attr not supported : Dmpu
2025-06-26 10:20:27,624 [ERROR] ConditionMgr:805 - Attr not supported : Dmpu
2025-06-26 10:20:27,624 [ERROR] ConditionMgr:805 - Attr not supported : Dmpu
2025-06-26 10:20:27,624 [ERROR] ConditionMgr:805 - Attr not supported : Dmpu
2025-06-26 10:20:27,624 [ERROR] ConditionMgr:805 - Attr not supported : Dmpu
2025-06-26 10:20:27,624 [ERROR] ConditionMgr:805 - Attr not supported : Dmpu
2025-06-26 10:20:27,625 [ERROR] ConditionMgr:805 - Attr not supported : Dmpu
2025-06-26 10:20:27,625 [ERROR] ConditionMgr:805 - Attr not supported : Dmpu
2025-06-26 10:20:27,625 [ERROR] ConditionMgr:805 - Attr not supported : Dmpu
2025-06-26 10:20:27,625 [ERROR] ConditionMgr:805 - Attr not supported : Dmpu
2025-06-26 10:20:27,625 [ERROR] ConditionMgr:805 - Attr not supported : Dmpu
2025-06-26 10:20:27,625 [ERROR] ConditionMgr:805 - Attr not supported : Dmpu
2025-06-26 10:20:27,625 [ERROR] ConditionMgr:805 - Attr not supported : Dmpu
2025-06-26 10:20:27,625 [ERROR] ConditionMgr:805 - Attr not supported : Dmpu
2025-06-26 10:20:27,625 [ERROR] ConditionMgr:805 - Attr not supported : Dmpu
2025-06-26 10:20:27,625 [ERROR] ConditionMgr:805 - Attr not supported : Dmpu
2025-06-26 10:20:27,625 [ERROR] ConditionMgr:805 - Attr not supported : Dmpu
2025-06-26 10:20:27,625 [ERROR] ConditionMgr:805 - Attr not supported : Dmpu
2025-06-26 10:20:27,625 [ERROR] ConditionMgr:805 - Attr not supported : Dmpu
2025-06-26 10:20:27,625 [ERROR] ConditionMgr:805 - Attr not supported : Dmpu
2025-06-26 10:20:27,625 [ERROR] ConditionMgr:805 - Attr not supported : Dmpu
2025-06-26 10:20:27,625 [ERROR] ConditionMgr:805 - Attr not supported : Dmpu
2025-06-26 10:20:27,625 [ERROR] ConditionMgr:805 - Attr not supported : Dmpu
2025-06-26 10:20:27,652 [WARN] PackLoader:240 - Cannot read IP mode file for STMicroelectronics.X-CUBE-WB05N.2.0.0
2025-06-26 10:20:27,669 [ERROR] Engine:466 - C:\Users\nisha\.stm32cubemx\thirdparties\pdsc\STMicroelectronics.X-CUBE-TCPP.4.2.0.pdsc: PDSC version is not supported
2025-06-26 10:20:27,688 [WARN] PackLoader:240 - Cannot read IP mode file for RealThread.X-CUBE-RT-Thread_Nano.4.1.1
2025-06-26 10:20:27,709 [WARN] PackLoader:240 - Cannot read IP mode file for wolfSSL.I-CUBE-wolfSSL.5.7.0
2025-06-26 10:20:27,728 [WARN] PackLoader:240 - Cannot read IP mode file for STMicroelectronics.FP-ATR-SIGFOX1.3.2.0
2025-06-26 10:20:27,747 [WARN] ConditionMgr:438 - getConditionDescription Invalid condition id : Cortex-A Device cause : null
2025-06-26 10:20:27,792 [WARN] ConditionMgr:1039 - genDependencies : Invalid condition id : Cortex-A Device cause : null
2025-06-26 10:20:27,792 [WARN] ConditionMgr:1039 - genDependencies : Invalid condition id : Cortex-A Device cause : null
2025-06-26 10:20:27,792 [WARN] ConditionMgr:1039 - genDependencies : Invalid condition id : Cortex-A Device cause : null
2025-06-26 10:20:27,812 [WARN] PackLoader:240 - Cannot read IP mode file for STMicroelectronics.X-CUBE-EEPRMA1.5.1.0
2025-06-26 10:20:27,834 [WARN] PackLoader:240 - Cannot read IP mode file for ITTIA_DB.I-CUBE-ITTIADB.8.9.0
2025-06-26 10:20:27,852 [ERROR] Engine:466 - C:\Users\nisha\.stm32cubemx\thirdparties\pdsc\STMicroelectronics.X-CUBE-ST67W61.1.0.0.pdsc: PDSC version is not supported
2025-06-26 10:20:27,945 [WARN] PackLoader:240 - Cannot read IP mode file for SEGGER.I-CUBE-embOS.1.3.1
2025-06-26 10:20:28,005 [WARN] PackLoader:240 - Cannot read IP mode file for STMicroelectronics.X-CUBE-ALGOBUILD.1.4.0
2025-06-26 10:20:28,066 [WARN] PackLoader:240 - Cannot read IP mode file for STMicroelectronics.X-CUBE-MEMS1.11.3.0
2025-06-26 10:20:28,275 [WARN] PackLoader:240 - Cannot read IP mode file for STMicroelectronics.X-CUBE-AI.9.1.0
2025-06-26 10:20:28,320 [WARN] PackLoader:240 - Cannot read IP mode file for STMicroelectronics.X-CUBE-PM33A1.1.0.0
2025-06-26 10:20:28,340 [WARN] PackLoader:240 - Cannot read IP mode file for STMicroelectronics.X-CUBE-GNSS1.6.0.0
2025-06-26 10:20:28,376 [WARN] PackLoader:240 - Cannot read IP mode file for STMicroelectronics.X-CUBE-AZRTOS-F4.1.1.0
2025-06-26 10:20:28,420 [ERROR] Engine:466 - C:\Users\nisha\.stm32cubemx\thirdparties\pdsc\Avnet-IotConnect.X-CUBE-IoTC-DA16k-PMOD.1.0.0.pdsc: PDSC version is not supported
2025-06-26 10:20:28,440 [WARN] PackLoader:240 - Cannot read IP mode file for STMicroelectronics.X-CUBE-ISPU.2.1.0
2025-06-26 10:20:28,458 [WARN] PackLoader:240 - Cannot read IP mode file for STMicroelectronics.X-CUBE-FREERTOS.1.2.0
2025-06-26 10:20:28,502 [WARN] PackLoader:240 - Cannot read IP mode file for STMicroelectronics.X-CUBE-AZRTOS-L5.2.0.0
2025-06-26 10:20:28,526 [WARN] PackLoader:240 - Cannot read IP mode file for STMicroelectronics.X-CUBE-NFC6.3.1.0
2025-06-26 10:20:28,549 [WARN] PackLoader:240 - Cannot read IP mode file for STMicroelectronics.X-CUBE-DPower.1.2.0
2025-06-26 10:20:28,574 [WARN] PackLoader:240 - Cannot read IP mode file for STMicroelectronics.X-CUBE-AI.9.0.0
2025-06-26 10:20:28,594 [WARN] PackLoader:240 - Cannot read IP mode file for STMicroelectronics.X-CUBE-FREERTOS.1.3.1
2025-06-26 10:20:28,614 [WARN] PackLoader:240 - Cannot read IP mode file for STMicroelectronics.X-CUBE-NFC7.1.0.1
2025-06-26 10:20:28,638 [WARN] PackLoader:240 - Cannot read IP mode file for wolfSSL.I-CUBE-wolfTPM.3.2.0
2025-06-26 10:20:28,659 [ERROR] Engine:466 - C:\Users\nisha\.stm32cubemx\thirdparties\pdsc\STMicroelectronics.FP-SNS-STAIOTCFT.1.0.0.pdsc: PDSC version is not supported
2025-06-26 10:20:28,680 [WARN] PackLoader:240 - Cannot read IP mode file for STMicroelectronics.X-CUBE-DPower.1.3.0
2025-06-26 10:20:28,722 [WARN] ConditionMgr:438 - getConditionDescription Invalid condition id : LAN8742 Phy interface Condition cause : null
2025-06-26 10:20:28,724 [WARN] PackLoader:240 - Cannot read IP mode file for STMicroelectronics.X-CUBE-AZRTOS-L4.2.0.0
2025-06-26 10:20:28,725 [WARN] ConditionMgr:1039 - genDependencies : Invalid condition id : LAN8742 Phy interface Condition cause : null
2025-06-26 10:20:28,726 [WARN] ConditionMgr:1039 - genDependencies : Invalid condition id : LAN8742 Phy interface Condition cause : null
2025-06-26 10:20:28,727 [WARN] ConditionMgr:1039 - genDependencies : Invalid condition id : LAN8742 Phy interface Condition cause : null
2025-06-26 10:20:28,751 [WARN] PackLoader:240 - Cannot read IP mode file for STMicroelectronics.X-CUBE-SFXS2LP1.4.0.0
2025-06-26 10:20:28,802 [WARN] PackLoader:240 - Cannot read IP mode file for STMicroelectronics.X-CUBE-AZRTOS-H7.3.3.0
2025-06-26 10:20:28,838 [WARN] PackLoader:240 - Cannot read IP mode file for STMicroelectronics.X-CUBE-IPS.3.0.0
2025-06-26 10:20:28,883 [WARN] ConditionMgr:438 - getConditionDescription Invalid condition id : UX DEVICE CLASS RTOS Condition cause : null
2025-06-26 10:20:28,884 [WARN] ConditionMgr:438 - getConditionDescription Invalid condition id : UX DEVICE CLASS RTOS Condition cause : null
2025-06-26 10:20:28,887 [WARN] PackLoader:240 - Cannot read IP mode file for STMicroelectronics.X-CUBE-AZRTOS-WB.2.0.0
2025-06-26 10:20:28,887 [WARN] ConditionMgr:1039 - genDependencies : Invalid condition id : UX DEVICE CLASS RTOS Condition cause : null
2025-06-26 10:20:28,887 [WARN] ConditionMgr:1039 - genDependencies : Invalid condition id : UX DEVICE CLASS RTOS Condition cause : null
2025-06-26 10:20:28,888 [WARN] ConditionMgr:1039 - genDependencies : Invalid condition id : UX DEVICE CLASS RTOS Condition cause : null
2025-06-26 10:20:28,888 [WARN] ConditionMgr:1039 - genDependencies : Invalid condition id : UX DEVICE CLASS RTOS Condition cause : null
2025-06-26 10:20:28,888 [WARN] ConditionMgr:1039 - genDependencies : Invalid condition id : UX DEVICE CLASS RTOS Condition cause : null
2025-06-26 10:20:28,907 [WARN] PackLoader:240 - Cannot read IP mode file for STMicroelectronics.X-CUBE-GNSS1.7.0.0
2025-06-26 10:20:28,927 [WARN] PackLoader:240 - Cannot read IP mode file for STMicroelectronics.X-CUBE-GNSS1.7.0.1
2025-06-26 10:20:28,957 [WARN] PackLoader:240 - Cannot read IP mode file for STMicroelectronics.X-CUBE-TOUCHGFX.4.25.0
2025-06-26 10:20:28,980 [WARN] PackLoader:240 - Cannot read IP mode file for STMicroelectronics.FP-SNS-STBOX1.2.0.0
2025-06-26 10:20:29,012 [WARN] PackLoader:240 - Cannot read IP mode file for STMicroelectronics.X-CUBE-SUBG2.5.0.0
2025-06-26 10:20:29,068 [WARN] PackLoader:240 - Cannot read IP mode file for STMicroelectronics.X-CUBE-AZRTOS-H7RS.1.1.0
2025-06-26 10:20:29,093 [WARN] PackLoader:240 - Cannot read IP mode file for Cesanta.I-CUBE-Mongoose.7.13.0
2025-06-26 10:20:29,129 [WARN] PackLoader:240 - Cannot read IP mode file for STMicroelectronics.X-CUBE-AZRTOS-G4.2.0.0
2025-06-26 10:20:29,155 [WARN] PackLoader:240 - Cannot read IP mode file for STMicroelectronics.X-CUBE-NFC7.2.0.0
2025-06-26 10:20:29,174 [WARN] PackLoader:240 - Cannot read IP mode file for STMicroelectronics.X-CUBE-ISPU.2.0.0
2025-06-26 10:20:29,198 [ERROR] Engine:466 - C:\Users\nisha\.stm32cubemx\thirdparties\pdsc\STMicroelectronics.X-CUBE-IPS.3.1.0.pdsc: PDSC version is not supported
2025-06-26 10:20:29,217 [WARN] PackLoader:240 - Cannot read IP mode file for STMicroelectronics.X-CUBE-ALS.1.0.2
2025-06-26 10:20:29,283 [WARN] PackLoader:240 - Cannot read IP mode file for STMicroelectronics.X-CUBE-MEMS1.10.0.0
2025-06-26 10:20:29,405 [WARN] PackLoader:240 - Cannot read IP mode file for STMicroelectronics.X-CUBE-TOUCHGFX.4.24.0
2025-06-26 10:20:29,425 [WARN] PackLoader:240 - Cannot read IP mode file for STMicroelectronics.X-CUBE-TOUCHGFX.4.24.1
2025-06-26 10:20:29,449 [WARN] PackLoader:240 - Cannot read IP mode file for portGmbH.I-Cube-SoM-uGOAL.1.1.0
2025-06-26 10:20:29,486 [WARN] PackLoader:240 - Cannot read IP mode file for STMicroelectronics.X-CUBE-AZRTOS-H7RS.1.0.0
2025-06-26 10:20:29,507 [WARN] PackLoader:240 - Cannot read IP mode file for STMicroelectronics.FP-ATR-ASTRA1.2.0.0
2025-06-26 10:20:29,531 [WARN] PackLoader:240 - Cannot read IP mode file for STMicroelectronics.X-CUBE-TOF1.3.4.2
2025-06-26 10:20:29,562 [ERROR] Engine:466 - C:\Users\nisha\.stm32cubemx\thirdparties\pdsc\STMicroelectronics.X-CUBE-TOF1.3.4.3.pdsc: PDSC version is not supported
2025-06-26 10:20:29,590 [WARN] PackLoader:240 - Cannot read IP mode file for STMicroelectronics.X-CUBE-TOF1.3.4.1
2025-06-26 10:20:29,639 [WARN] PackLoader:240 - Cannot read IP mode file for STMicroelectronics.X-CUBE-AZRTOS-H7.3.2.0
2025-06-26 10:20:29,675 [WARN] PackLoader:240 - Cannot read IP mode file for Infineon.AIROC-Wi-Fi-Bluetooth-STM32.1.6.0
2025-06-26 10:20:29,704 [WARN] PackLoader:240 - Cannot read IP mode file for wolfSSL.I-CUBE-wolfSSH.1.4.17
2025-06-26 10:20:29,706 [INFO] ThirdParty:978 - Integrity check success = true
2025-06-26 10:20:29,706 [INFO] IntegrityCheckThread:100 - exiting critical section [integrity check]
2025-06-26 10:20:29,706 [INFO] IntegrityCheckThread:103 - End integrity checks thread
2025-06-26 10:20:30,656 [INFO] WebApp:448 - Apply proxy settings
2025-06-26 10:20:30,656 [INFO] WebApp:533 - Chromium requires no authentication
2025-06-26 10:20:30,668 [INFO] WebApp:476 - Direct internet connection detected
2025-06-26 10:20:30,699 [INFO] WebApp:869 - Register for checkConnection events
2025-06-26 10:20:30,700 [INFO] WebApp:448 - Apply proxy settings
2025-06-26 10:20:30,700 [INFO] WebApp:533 - Chromium requires no authentication
2025-06-26 10:20:30,702 [INFO] WebApp:476 - Direct internet connection detected
2025-06-26 10:20:30,939 [INFO] WebApp:220 - Starting web application
2025-06-26 10:20:30,939 [INFO] WebApp:578 - Web application path used C:\ST\STM32CubeIDE_1.16.0\STM32CubeIDE\plugins\com.st.stm32cube.common.mx_6.12.0.202406281431\db\plugins\mcufinder\reactClient1\index.html
2025-06-26 10:20:31,088 [INFO] UserAuth:417 - Internet connection configuration mode: 1
2025-06-26 10:20:31,717 [INFO] WebApp:186 - Connection restablished
2025-06-26 10:20:58,230 [INFO] McuFinderGlobals:63 - Set McuFinder mode to 2 (CubeIDE integrated)
2025-06-26 10:20:58,286 [INFO] MainUpdater:2873 - connection check result : 10
2025-06-26 10:20:59,218 [INFO] ApiDb:581 - Connected to CubeFinder SQLite database (C:\Users\nisha\.stmcufinder\plugins\mcufinder\mcu\cube-finder-db.db)
2025-06-26 10:20:59,385 [INFO] ApiDb:668 - CubeFinder database Data Model version=2.1
2025-06-26 10:20:59,386 [INFO] ApiDb:669 - CubeFinder database Configuration version=3.0.39
2025-06-26 10:20:59,386 [INFO] ApiDb:670 - CubeFinder database generation date=2025-06-16 (1750072209)
2025-06-26 10:20:59,386 [INFO] ApiDb:671 - CubeFinder database FW Pack versions=[FP-ATR-ASTRA1_V2.0.0, FP-SNS-FLIGHT1_V5.1.0, FP-SNS-MOTENV1_V5.0.0, FP-SNS-MOTENVWB1_V1.4.0, FP-SNS-SMARTAG2_V1.2.0, FP-SNS-STBOX1_V2.0.0, STM32Cube_FW_C0_V1.4.0, STM32Cube_FW_F4_V1.28.2, STM32Cube_FW_F7_V1.17.3, STM32Cube_FW_G0_V1.6.2, STM32Cube_FW_G4_V1.6.1, STM32Cube_FW_H5_V1.5.0, STM32Cube_FW_H7RS_V1.2.0, STM32Cube_FW_H7_V1.12.1, STM32Cube_FW_L0_V1.12.2, STM32Cube_FW_L4_V1.18.1, STM32Cube_FW_L5_V1.5.1, STM32Cube_FW_N6_V1.1.1, STM32Cube_FW_U0_V1.2.0, STM32Cube_FW_U3_V1.1.0, STM32Cube_FW_U5_V1.7.0, STM32Cube_FW_WB0_V1.2.0, STM32Cube_FW_WBA_V1.6.0, STM32Cube_FW_WB_V1.22.0, STM32Cube_FW_WL3_V1.1.0, STM32Cube_FW_WL_V1.3.1, X-CUBE-ALGOBUILD_V1.4.0, X-CUBE-ALS_V1.0.2, X-CUBE-AZRTOS-F4_V1.1.0, X-CUBE-AZRTOS-F7_V1.1.0, X-CUBE-AZRTOS-G0_V1.1.0, X-CUBE-AZRTOS-G4_V2.0.0, X-CUBE-AZRTOS-H7RS_V1.1.0, X-CUBE-AZRTOS-H7_V3.3.0, X-CUBE-AZRTOS-L4_V2.0.0, X-CUBE-AZRTOS-L5_V2.0.0, X-CUBE-AZRTOS-WB_V2.0.0, X-CUBE-AZRTOS-WL_V2.0.0, X-CUBE-BLE1_V7.1.0, X-CUBE-BLE2_V3.3.0, X-CUBE-BLEMGR_V4.0.0, X-CUBE-EEPRMA1_V5.1.0, X-CUBE-FREERTOS_V1.3.1, X-CUBE-GNSS1_V6.0.0, X-CUBE-MEMS1_V11.3.0, X-CUBE-NFC4_V3.0.0, X-CUBE-NFC7_V2.0.0, X-CUBE-SFXS2LP1_V4.0.0, X-CUBE-SUBG2_V5.0.0, X-CUBE-TOF1_V3.4.3]
2025-06-26 10:20:59,695 [INFO] DbBoardsSqlite:226 - include board P-NUCLEO-WB55-NUCLEO as a kit item of type 'Nucleo-64'
2025-06-26 10:20:59,695 [INFO] DbBoardsSqlite:226 - include board P-NUCLEO-WB55-USBDONGLE as a kit item of type 'Nucleo USB Dongle'
2025-06-26 10:20:59,699 [INFO] DbBoardsSqlite:226 - include board STEVAL-IDP005V1 as a kit item of type 'Evaluation Board'
2025-06-26 10:20:59,701 [INFO] DbBoardsSqlite:226 - include board STEVAL-IDP005V2 as a kit item of type 'Evaluation Board'
2025-06-26 10:21:01,641 [INFO] ApiDb:240 - Found 646 in-development CPN: [B-G473E-ZEST1S, B-WB1M-WPAN1, B-WL5M-SUBG1, NUCLEO-C031C6, NUCLEO-C071RB, NUCLEO-H503RB, NUCLEO-H533RE, NUCLEO-H563ZI, NUCLEO-H7S3L8, NUCLEO-U031R8, NUCLEO-U083RC, NUCLEO-U545RE-Q, NUCLEO-U5A5ZJ-Q, NUCLEO-WB05KZ, NUCLEO-WB07CC, NUCLEO-WB09KE, NUCLEO-WBA52CG, NUCLEO-WBA55CG, STEVAL-PROTEUS1, STEVAL-SMARTAG2, STEVAL-STWINBX1, STM320518-EVAL, STM32C0116-DK, STM32C011D6Y3TR, STM32C011D6Y6TR, STM32C011F4P3, STM32C011F4P6, STM32C011F4U3, STM32C011F4U6TR, STM32C011F6P3, STM32C011F6P6, STM32C011F6U3, STM32C011F6U6TR, STM32C011J4M3, STM32C011J4M6, STM32C011J6M3, STM32C011J6M6, STM32C0316-DK, STM32C031C4T3, STM32C031C4T6, STM32C031C4U3, STM32C031C4U6, STM32C031C6T3, STM32C031C6T6, STM32C031C6U3, STM32C031C6U6, STM32C031F4P3, STM32C031F4P6, STM32C031F6P3, STM32C031F6P6, STM32C031G4U3, STM32C031G4U6, STM32C031G6U3, STM32C031G6U6, STM32C031K4T3, STM32C031K4T6, STM32C031K4U3, STM32C031K4U6, STM32C031K6T3, STM32C031K6T6, STM32C031K6U3, STM32C031K6U6, STM32C071C8T6, STM32C071C8T6N, STM32C071C8U6, STM32C071C8U6N, STM32C071CBT6, STM32C071CBT6N, STM32C071CBU6, STM32C071CBU6N, STM32C071F8P6, STM32C071F8P6N, STM32C071FBP6, STM32C071FBP6N, STM32C071FBY6TR, STM32C071G8U6, STM32C071G8U6N, STM32C071GBU6, STM32C071GBU6N, STM32C071K8T6, STM32C071K8T6N, STM32C071K8U6, STM32C071K8U6N, STM32C071KBT6, STM32C071KBT6N, STM32C071KBU6, STM32C071KBU6N, STM32C071R8T6, STM32C071R8T6N, STM32C071RBI6N, STM32C071RBT6, STM32C071RBT6N, STM32G071K8TXN, STM32G071K8UXN, STM32G081GBU6N, STM32G081KBT6N, STM32G081KBUXN, STM32G0B1CCT6N, STM32G0B1KCT6, STM32G0B1NEY6TR, STM32G0B1RCT6N, STM32G0C1CCT6, STM32G0C1CCT6N, STM32G0C1CCU6N, STM32G0C1CET6N, STM32G0C1CEU6N, STM32G0C1KCT6, STM32G0C1NEY6TR, STM32G0C1RCI6N, STM32G0C1RCT6N, STM32G0C1REI6N, STM32G0C1RET6N, STM32G0C1VCI6, STM32G0C1VEI6, STM32G411C6T3, STM32G411C6T6, STM32G411C6U3, STM32G411C6U6, STM32G411C8T3, STM32G411C8T6, STM32G411C8U3, STM32G411C8U6, STM32G411CBT3, STM32G411CBT6, STM32G411CBU3, STM32G411CBU6, STM32G411K6T3, STM32G411K6T6, STM32G411K6U3, STM32G411K6U6, STM32G411K8T3, STM32G411K8T6, STM32G411K8U3, STM32G411K8U6, STM32G411KBT3, STM32G411KBT6, STM32G411KBU3, STM32G411KBU6, STM32G411M6T3, STM32G411M6T6, STM32G411M8T3, STM32G411M8T6, STM32G411MBT3, STM32G411MBT6, STM32G411R6T3, STM32G411R6T6, STM32G411R8T3, STM32G411R8T6, STM32G411RBT3, STM32G411RBT6, STM32G414CBT3, STM32G414CBT6, STM32G414CBU3, STM32G414CBU6, STM32G414CCT3, STM32G414CCT6, STM32G414CCU3, STM32G414CCU6, STM32G414MBT3, STM32G414MBT6, STM32G414MCT3, STM32G414MCT6, STM32G414RBT3, STM32G414RBT6, STM32G414RCT3, STM32G414RCT6, STM32G414VBT3, STM32G414VBT6, STM32G414VCT3, STM32G414VCT6, STM32G431CBT3Z, STM32G431RBT3Z, STM32G471CCT6, STM32G471CCU6, STM32G471CET3, STM32G471CET6, STM32G471CEU3, STM32G471CEU6, STM32G471MCT6, STM32G471MET3, STM32G471MET6, STM32G471MEY6TR, STM32G471QCT6, STM32G471QET3, STM32G471RCT6, STM32G471RET3, STM32G471RET6, STM32G471VCH6, STM32G471VCI6, STM32G471VCT6, STM32G471VEH3, STM32G471VEH6, STM32G471VEI3, STM32G471VEI6, STM32G471VET3, STM32G471VET6, STM32G473QET3Z, STM32G473RET3Z, STM32G474CCT6, STM32G491RET3Z, STM32H503CBT6, STM32H503CBU6, STM32H503EBY6TR, STM32H503KBU6, STM32H503RBT6, STM32H523CCT6, STM32H523CCU6, STM32H523CET6, STM32H523CEU6, STM32H523HEY6TR, STM32H523RCT6, STM32H523RET6, STM32H523VCI6, STM32H523VCT6, STM32H523VEI6, STM32H523VET6, STM32H523ZCJ6, STM32H523ZCT6, STM32H523ZEJ6, STM32H523ZET6, STM32H533CET6, STM32H533CEU6, STM32H533HEY6TR, STM32H533RET6, STM32H533VEI6, STM32H533VET6, STM32H533ZEJ6, STM32H533ZET6, STM32H562AGI6, STM32H562AII6, STM32H562IGK6, STM32H562IGT6, STM32H562IIK6, STM32H562IIT6, STM32H562RGT6, STM32H562RGV6, STM32H562RIT6, STM32H562RIV6, STM32H562VGT6, STM32H562VIT6, STM32H562ZGT6, STM32H562ZIT6, STM32H563AGI6, STM32H563AII3Q, STM32H563AII6, STM32H563IGK6, STM32H563IGT6, STM32H563IIK3Q, STM32H563IIK6, STM32H563IIT3Q, STM32H563IIT6, STM32H563MIY3QTR, STM32H563RGT6, STM32H563RGV6, STM32H563RIT6, STM32H563RIV6, STM32H563VGT6, STM32H563VIT3Q, STM32H563VIT6, STM32H563ZGT6, STM32H563ZIT3Q, STM32H563ZIT6, STM32H573AII3Q, STM32H573AII6, STM32H573I-DK, STM32H573IIK3Q, STM32H573IIK6, STM32H573IIT3Q, STM32H573IIT6, STM32H573MIY3QTR, STM32H573RIT6, STM32H573RIV6, STM32H573VIT3Q, STM32H573VIT6, STM32H573ZIT3Q, STM32H573ZIT6, STM32H7R3A8I6, STM32H7R3I8K6, STM32H7R3I8T6, STM32H7R3L8H6, STM32H7R3L8H6H, STM32H7R3R8V6, STM32H7R3V8H6, STM32H7R3V8T6, STM32H7R3V8Y6TR, STM32H7R3Z8J6, STM32H7R3Z8T6, STM32H7R7A8I6, STM32H7R7I8K6, STM32H7R7I8T6, STM32H7R7L8H6, STM32H7R7L8H6H, STM32H7R7Z8J6, STM32H7S3A8I6, STM32H7S3I8K6, STM32H7S3I8T6, STM32H7S3L8H6, STM32H7S3L8H6H, STM32H7S3R8V6, STM32H7S3V8H6, STM32H7S3V8T6, STM32H7S3V8Y6TR, STM32H7S3Z8J6, STM32H7S3Z8T6, STM32H7S78-DK, STM32H7S7A8I6, STM32H7S7I8K6, STM32H7S7I8T6, STM32H7S7L8H6, STM32H7S7L8H6H, STM32H7S7Z8J6, STM32L4R5QGI6STR, STM32MP131AAE3, STM32MP131AAF3, STM32MP131AAG3, STM32MP131CAE3, STM32MP131CAF3, STM32MP131CAG3, STM32MP131DAE7, STM32MP131DAF7, STM32MP131DAG7, STM32MP131FAE7, STM32MP131FAF7, STM32MP131FAG7, STM32MP133AAE3, STM32MP133AAF3, STM32MP133AAG3, STM32MP133CAE3, STM32MP133CAF3, STM32MP133CAG3, STM32MP133DAE7, STM32MP133DAF7, STM32MP133DAG7, STM32MP133FAE7, STM32MP133FAF7, STM32MP133FAG7, STM32MP135AAE3, STM32MP135AAF3, STM32MP135AAG3, STM32MP135CAE3, STM32MP135CAF3, STM32MP135CAG3, STM32MP135DAE7, STM32MP135DAF7, STM32MP135DAG7, STM32MP135F-DK, STM32MP135FAE7, STM32MP135FAF7, STM32MP135FAF7T, STM32MP135FAF7U, STM32MP135FAG7, STM32MP251AAI3, STM32MP251AAK3, STM32MP251AAL3, STM32MP251CAI3, STM32MP251CAK3, STM32MP251CAL3, STM32MP251DAI3, STM32MP251DAK3, STM32MP251DAL3, STM32MP251FAI3, STM32MP251FAK3, STM32MP251FAL3, STM32MP253AAI3, STM32MP253AAK3, STM32MP253AAL3, STM32MP253CAI3, STM32MP253CAK3, STM32MP253CAL3, STM32MP253DAI3, STM32MP253DAK3, STM32MP253DAL3, STM32MP253FAI3, STM32MP253FAK3, STM32MP253FAL3, STM32MP255AAI3, STM32MP255AAK3, STM32MP255AAL3, STM32MP255CAI3, STM32MP255CAK3, STM32MP255CAL3, STM32MP255DAI3, STM32MP255DAK3, STM32MP255DAL3, STM32MP255FAI3, STM32MP255FAK3, STM32MP255FAL3, STM32MP257AAI3, STM32MP257AAK3, STM32MP257AAL3, STM32MP257CAI3, STM32MP257CAK3, STM32MP257CAL3, STM32MP257DAI3, STM32MP257DAK3, STM32MP257DAL3, STM32MP257F-DK, STM32MP257F-EV1, STM32MP257FAI3, STM32MP257FAK3, STM32MP257FAL3, STM32U031C6T6, STM32U031C6U6, STM32U031C8T6, STM32U031C8U6, STM32U031F4P6, STM32U031F6P6, STM32U031F8P6, STM32U031G6Y6TR, STM32U031G8Y6TR, STM32U031K4U6, STM32U031K6U6, STM32U031K8U6, STM32U031R6I6, STM32U031R6T6, STM32U031R8I6, STM32U031R8T6, STM32U073C8T6, STM32U073C8U6, STM32U073CBT6, STM32U073CBU6, STM32U073CCT6, STM32U073CCU6, STM32U073H8Y6TR, STM32U073HBY6TR, STM32U073HCY6TR, STM32U073K8U6, STM32U073KBU6, STM32U073KCU6, STM32U073M8I6, STM32U073M8T6, STM32U073MBI6, STM32U073MBT6, STM32U073MCI6, STM32U073MCT6, STM32U073R8I6, STM32U073R8T6, STM32U073RBI6, STM32U073RBT6, STM32U073RCI6, STM32U073RCT6, STM32U083C-DK, STM32U083CCT6, STM32U083CCU6, STM32U083HCY6TR, STM32U083KCU6, STM32U083MCI6, STM32U083MCT6, STM32U083RCI6, STM32U083RCT6, STM32U535CBT6, STM32U535CBT6Q, STM32U535CBU6, STM32U535CBU6Q, STM32U535CCT6, STM32U535CCT6Q, STM32U535CCU6, STM32U535CCU6Q, STM32U535CET6, STM32U535CET6Q, STM32U535CEU6, STM32U535CEU6Q, STM32U535JEY6QTR, STM32U535NCY6QTR, STM32U535NEY6QTR, STM32U535RBI6, STM32U535RBI6Q, STM32U535RBT6, STM32U535RBT6Q, STM32U535RCI6, STM32U535RCI6Q, STM32U535RCT6, STM32U535RCT6Q, STM32U535REI6, STM32U535REI6Q, STM32U535RET6, STM32U535RET6Q, STM32U535VCI6, STM32U535VCI6Q, STM32U535VCT6, STM32U535VCT6Q, STM32U535VEI6, STM32U535VEI6Q, STM32U535VET6, STM32U535VET6Q, STM32U545CET6, STM32U545CET6Q, STM32U545CEU6, STM32U545CEU6Q, STM32U545JEY6QTR, STM32U545NEY6QTR, STM32U545REI6, STM32U545REI6Q, STM32U545RET6, STM32U545RET6Q, STM32U545VEI6, STM32U545VEI6Q, STM32U545VET6, STM32U545VET6Q, STM32U595AIH6, STM32U595AIH6Q, STM32U595AJH6, STM32U595AJH6Q, STM32U595QII6, STM32U595QII6Q, STM32U595QJI6, STM32U595QJI6Q, STM32U595RIT6, STM32U595RIT6Q, STM32U595RJT6, STM32U595RJT6Q, STM32U595VIT6, STM32U595VIT6Q, STM32U595VJT6, STM32U595VJT6Q, STM32U595ZIT6, STM32U595ZIT6Q, STM32U595ZIY6QTR, STM32U595ZJT6, STM32U595ZJT6Q, STM32U595ZJY6QTR, STM32U599BJY6QTR, STM32U599NIH6Q, STM32U599NJH6Q, STM32U599VIT6Q, STM32U599VJT6, STM32U599VJT6Q, STM32U599ZIT6Q, STM32U599ZIY6QTR, STM32U599ZJT6Q, STM32U599ZJY6QTR, STM32U5A5AJH6, STM32U5A5AJH6Q, STM32U5A5QII3Q , STM32U5A5QJI6, STM32U5A5QJI6Q, STM32U5A5RJT6, STM32U5A5RJT6Q, STM32U5A5VJT6, STM32U5A5VJT6Q, STM32U5A5ZJT6, STM32U5A5ZJT6Q, STM32U5A5ZJY6QTR, STM32U5A9BJY6QTR, STM32U5A9J-DK, STM32U5A9NJH6Q, STM32U5A9VJT6Q, STM32U5A9ZJT6Q, STM32U5A9ZJY6QTR, STM32U5F7VIT6, STM32U5F7VIT6Q, STM32U5F7VJT6, STM32U5F7VJT6Q, STM32U5F9BJY6QTR, STM32U5F9NJH6Q, STM32U5F9VIT6Q, STM32U5F9VJT6Q, STM32U5F9ZIJ6QTR, STM32U5F9ZIT6Q, STM32U5F9ZJJ6QTR, STM32U5F9ZJT6Q, STM32U5G7VJT6, STM32U5G7VJT6Q, STM32U5G9BJY6QTR, STM32U5G9J-DK1, STM32U5G9J-DK2, STM32U5G9NJH6Q, STM32U5G9VJT6Q, STM32U5G9ZJJ6QTR, STM32U5G9ZJT6Q, STM32WB05KZV6TR, STM32WB05KZV7TR, STM32WB05TZF6TR, STM32WB05TZF7TR, STM32WB06CCF6TR, STM32WB06CCF7TR, STM32WB06CCV6TR, STM32WB06CCV7TR, STM32WB06KCV6TR, STM32WB06KCV7TR, STM32WB07CCF6TR, STM32WB07CCF7TR, STM32WB07CCV6TR, STM32WB07CCV7TR, STM32WB07KCV6TR, STM32WB07KCV7TR, STM32WB09KEV6TR, STM32WB09KEV7TR, STM32WB09TEF6TR, STM32WB09TEF7TR, STM32WB1MMCH6, STM32WBA50KGU6, STM32WBA50KGU6TR, STM32WBA52CEU6, STM32WBA52CEU6TR, STM32WBA52CEU7, STM32WBA52CEU7TR, STM32WBA52CGU6, STM32WBA52CGU6TR, STM32WBA52CGU6U, STM32WBA52CGU7, STM32WBA52CGU7TR, STM32WBA52KEU6, STM32WBA52KEU6TR, STM32WBA52KGU6, STM32WBA52KGU6TR, STM32WBA54CEU6, STM32WBA54CEU6TR, STM32WBA54CEU7, STM32WBA54CEU7TR, STM32WBA54CGU6, STM32WBA54CGU6TR, STM32WBA54CGU7, STM32WBA54CGU7TR, STM32WBA54KEU6, STM32WBA54KEU6TR, STM32WBA54KEU7, STM32WBA54KEU7TR, STM32WBA54KGU6, STM32WBA54KGU6TR, STM32WBA54KGU7, STM32WBA54KGU7TR, STM32WBA55CEU6, STM32WBA55CEU6TR, STM32WBA55CEU7, STM32WBA55CEU7TR, STM32WBA55CGU6, STM32WBA55CGU6TR, STM32WBA55CGU6U, STM32WBA55CGU7, STM32WBA55CGU7TR, STM32WBA55G-DK1, STM32WBA55HEF6, STM32WBA55HEF7, STM32WBA55HGF6, STM32WBA55HGF7, STM32WBA55UEI6, STM32WBA55UEI6TR, STM32WBA55UEI7, STM32WBA55UEI7TR, STM32WBA55UGI6, STM32WBA55UGI6TR, STM32WBA55UGI7, STM32WBA55UGI7TR, STM32WL5MOCH6, STM32WL5MOCH6TR]
2025-06-26 10:21:01,789 [INFO] BoardInfo:889 - No configuration file found for board B-WBA5M-WPAN
2025-06-26 10:21:01,790 [INFO] DbBoards:161 - Board is not supported: B-WBA5M-WPAN
2025-06-26 10:21:01,799 [INFO] BoardInfo:889 - No configuration file found for board NUCLEO-C051C8
2025-06-26 10:21:01,801 [INFO] DbBoards:161 - Board is not supported: NUCLEO-C051C8
2025-06-26 10:21:01,807 [INFO] BoardInfo:889 - No configuration file found for board NUCLEO-C092RC
2025-06-26 10:21:01,808 [INFO] DbBoards:161 - Board is not supported: NUCLEO-C092RC
2025-06-26 10:21:01,903 [INFO] BoardInfo:889 - No configuration file found for board NUCLEO-N657X0-Q
2025-06-26 10:21:01,903 [INFO] DbBoards:161 - Board is not supported: NUCLEO-N657X0-Q
2025-06-26 10:21:01,906 [INFO] BoardInfo:889 - No configuration file found for board NUCLEO-U385RG-Q
2025-06-26 10:21:01,907 [INFO] DbBoards:161 - Board is not supported: NUCLEO-U385RG-Q
2025-06-26 10:21:01,919 [INFO] BoardInfo:889 - No configuration file found for board NUCLEO-WBA65RI
2025-06-26 10:21:01,919 [INFO] DbBoards:161 - Board is not supported: NUCLEO-WBA65RI
2025-06-26 10:21:01,920 [INFO] BoardInfo:889 - No configuration file found for board NUCLEO-WL33CC1
2025-06-26 10:21:01,920 [INFO] DbBoards:161 - Board is not supported: NUCLEO-WL33CC1
2025-06-26 10:21:01,921 [INFO] BoardInfo:889 - No configuration file found for board NUCLEO-WL33CC2
2025-06-26 10:21:01,922 [INFO] DbBoards:161 - Board is not supported: NUCLEO-WL33CC2
2025-06-26 10:21:01,926 [INFO] BoardInfo:889 - No configuration file found for board P-NUCLEO-WB55
2025-06-26 10:21:01,927 [INFO] DbBoards:161 - Kit is not supported: P-NUCLEO-WB55
2025-06-26 10:21:01,934 [INFO] BoardInfo:889 - No configuration file found for board STEVAL-BFA001V1B
2025-06-26 10:21:01,934 [INFO] DbBoards:161 - Kit is not supported: STEVAL-BFA001V1B
2025-06-26 10:21:01,935 [INFO] BoardInfo:889 - No configuration file found for board STEVAL-BFA001V2B
2025-06-26 10:21:01,936 [INFO] DbBoards:161 - Kit is not supported: STEVAL-BFA001V2B
2025-06-26 10:21:02,078 [INFO] BoardInfo:889 - No configuration file found for board STM32N6570-DK
2025-06-26 10:21:02,078 [INFO] DbBoards:161 - Board is not supported: STM32N6570-DK
2025-06-26 10:21:02,089 [INFO] BoardInfo:889 - No configuration file found for board STM32WBA65I-DK1
2025-06-26 10:21:02,089 [INFO] DbBoards:161 - Board is not supported: STM32WBA65I-DK1
2025-06-26 10:21:02,090 [INFO] DbBoards:168 - Found 211 boards, 198 are supported
2025-06-26 10:21:02,090 [INFO] DbBoards:169 - Found 211 boards, 25 of them is supported for  Bsp
2025-06-26 10:21:02,093 [INFO] ApiDb:668 - CubeFinder database Data Model version=2.1
2025-06-26 10:21:02,093 [INFO] ApiDb:669 - CubeFinder database Configuration version=3.0.39
2025-06-26 10:21:02,093 [INFO] ApiDb:670 - CubeFinder database generation date=2025-06-16 (1750072209)
2025-06-26 10:21:02,093 [INFO] ApiDb:671 - CubeFinder database FW Pack versions=[FP-ATR-ASTRA1_V2.0.0, FP-SNS-FLIGHT1_V5.1.0, FP-SNS-MOTENV1_V5.0.0, FP-SNS-MOTENVWB1_V1.4.0, FP-SNS-SMARTAG2_V1.2.0, FP-SNS-STBOX1_V2.0.0, STM32Cube_FW_C0_V1.4.0, STM32Cube_FW_F4_V1.28.2, STM32Cube_FW_F7_V1.17.3, STM32Cube_FW_G0_V1.6.2, STM32Cube_FW_G4_V1.6.1, STM32Cube_FW_H5_V1.5.0, STM32Cube_FW_H7RS_V1.2.0, STM32Cube_FW_H7_V1.12.1, STM32Cube_FW_L0_V1.12.2, STM32Cube_FW_L4_V1.18.1, STM32Cube_FW_L5_V1.5.1, STM32Cube_FW_N6_V1.1.1, STM32Cube_FW_U0_V1.2.0, STM32Cube_FW_U3_V1.1.0, STM32Cube_FW_U5_V1.7.0, STM32Cube_FW_WB0_V1.2.0, STM32Cube_FW_WBA_V1.6.0, STM32Cube_FW_WB_V1.22.0, STM32Cube_FW_WL3_V1.1.0, STM32Cube_FW_WL_V1.3.1, X-CUBE-ALGOBUILD_V1.4.0, X-CUBE-ALS_V1.0.2, X-CUBE-AZRTOS-F4_V1.1.0, X-CUBE-AZRTOS-F7_V1.1.0, X-CUBE-AZRTOS-G0_V1.1.0, X-CUBE-AZRTOS-G4_V2.0.0, X-CUBE-AZRTOS-H7RS_V1.1.0, X-CUBE-AZRTOS-H7_V3.3.0, X-CUBE-AZRTOS-L4_V2.0.0, X-CUBE-AZRTOS-L5_V2.0.0, X-CUBE-AZRTOS-WB_V2.0.0, X-CUBE-AZRTOS-WL_V2.0.0, X-CUBE-BLE1_V7.1.0, X-CUBE-BLE2_V3.3.0, X-CUBE-BLEMGR_V4.0.0, X-CUBE-EEPRMA1_V5.1.0, X-CUBE-FREERTOS_V1.3.1, X-CUBE-GNSS1_V6.0.0, X-CUBE-MEMS1_V11.3.0, X-CUBE-NFC4_V3.0.0, X-CUBE-NFC7_V2.0.0, X-CUBE-SFXS2LP1_V4.0.0, X-CUBE-SUBG2_V5.0.0, X-CUBE-TOF1_V3.4.3]
2025-06-26 10:21:05,136 [INFO] ApiDb:240 - Found 646 in-development CPN: [B-G473E-ZEST1S, B-WB1M-WPAN1, B-WL5M-SUBG1, NUCLEO-C031C6, NUCLEO-C071RB, NUCLEO-H503RB, NUCLEO-H533RE, NUCLEO-H563ZI, NUCLEO-H7S3L8, NUCLEO-U031R8, NUCLEO-U083RC, NUCLEO-U545RE-Q, NUCLEO-U5A5ZJ-Q, NUCLEO-WB05KZ, NUCLEO-WB07CC, NUCLEO-WB09KE, NUCLEO-WBA52CG, NUCLEO-WBA55CG, STEVAL-PROTEUS1, STEVAL-SMARTAG2, STEVAL-STWINBX1, STM320518-EVAL, STM32C0116-DK, STM32C011D6Y3TR, STM32C011D6Y6TR, STM32C011F4P3, STM32C011F4P6, STM32C011F4U3, STM32C011F4U6TR, STM32C011F6P3, STM32C011F6P6, STM32C011F6U3, STM32C011F6U6TR, STM32C011J4M3, STM32C011J4M6, STM32C011J6M3, STM32C011J6M6, STM32C0316-DK, STM32C031C4T3, STM32C031C4T6, STM32C031C4U3, STM32C031C4U6, STM32C031C6T3, STM32C031C6T6, STM32C031C6U3, STM32C031C6U6, STM32C031F4P3, STM32C031F4P6, STM32C031F6P3, STM32C031F6P6, STM32C031G4U3, STM32C031G4U6, STM32C031G6U3, STM32C031G6U6, STM32C031K4T3, STM32C031K4T6, STM32C031K4U3, STM32C031K4U6, STM32C031K6T3, STM32C031K6T6, STM32C031K6U3, STM32C031K6U6, STM32C071C8T6, STM32C071C8T6N, STM32C071C8U6, STM32C071C8U6N, STM32C071CBT6, STM32C071CBT6N, STM32C071CBU6, STM32C071CBU6N, STM32C071F8P6, STM32C071F8P6N, STM32C071FBP6, STM32C071FBP6N, STM32C071FBY6TR, STM32C071G8U6, STM32C071G8U6N, STM32C071GBU6, STM32C071GBU6N, STM32C071K8T6, STM32C071K8T6N, STM32C071K8U6, STM32C071K8U6N, STM32C071KBT6, STM32C071KBT6N, STM32C071KBU6, STM32C071KBU6N, STM32C071R8T6, STM32C071R8T6N, STM32C071RBI6N, STM32C071RBT6, STM32C071RBT6N, STM32G071K8TXN, STM32G071K8UXN, STM32G081GBU6N, STM32G081KBT6N, STM32G081KBUXN, STM32G0B1CCT6N, STM32G0B1KCT6, STM32G0B1NEY6TR, STM32G0B1RCT6N, STM32G0C1CCT6, STM32G0C1CCT6N, STM32G0C1CCU6N, STM32G0C1CET6N, STM32G0C1CEU6N, STM32G0C1KCT6, STM32G0C1NEY6TR, STM32G0C1RCI6N, STM32G0C1RCT6N, STM32G0C1REI6N, STM32G0C1RET6N, STM32G0C1VCI6, STM32G0C1VEI6, STM32G411C6T3, STM32G411C6T6, STM32G411C6U3, STM32G411C6U6, STM32G411C8T3, STM32G411C8T6, STM32G411C8U3, STM32G411C8U6, STM32G411CBT3, STM32G411CBT6, STM32G411CBU3, STM32G411CBU6, STM32G411K6T3, STM32G411K6T6, STM32G411K6U3, STM32G411K6U6, STM32G411K8T3, STM32G411K8T6, STM32G411K8U3, STM32G411K8U6, STM32G411KBT3, STM32G411KBT6, STM32G411KBU3, STM32G411KBU6, STM32G411M6T3, STM32G411M6T6, STM32G411M8T3, STM32G411M8T6, STM32G411MBT3, STM32G411MBT6, STM32G411R6T3, STM32G411R6T6, STM32G411R8T3, STM32G411R8T6, STM32G411RBT3, STM32G411RBT6, STM32G414CBT3, STM32G414CBT6, STM32G414CBU3, STM32G414CBU6, STM32G414CCT3, STM32G414CCT6, STM32G414CCU3, STM32G414CCU6, STM32G414MBT3, STM32G414MBT6, STM32G414MCT3, STM32G414MCT6, STM32G414RBT3, STM32G414RBT6, STM32G414RCT3, STM32G414RCT6, STM32G414VBT3, STM32G414VBT6, STM32G414VCT3, STM32G414VCT6, STM32G431CBT3Z, STM32G431RBT3Z, STM32G471CCT6, STM32G471CCU6, STM32G471CET3, STM32G471CET6, STM32G471CEU3, STM32G471CEU6, STM32G471MCT6, STM32G471MET3, STM32G471MET6, STM32G471MEY6TR, STM32G471QCT6, STM32G471QET3, STM32G471RCT6, STM32G471RET3, STM32G471RET6, STM32G471VCH6, STM32G471VCI6, STM32G471VCT6, STM32G471VEH3, STM32G471VEH6, STM32G471VEI3, STM32G471VEI6, STM32G471VET3, STM32G471VET6, STM32G473QET3Z, STM32G473RET3Z, STM32G474CCT6, STM32G491RET3Z, STM32H503CBT6, STM32H503CBU6, STM32H503EBY6TR, STM32H503KBU6, STM32H503RBT6, STM32H523CCT6, STM32H523CCU6, STM32H523CET6, STM32H523CEU6, STM32H523HEY6TR, STM32H523RCT6, STM32H523RET6, STM32H523VCI6, STM32H523VCT6, STM32H523VEI6, STM32H523VET6, STM32H523ZCJ6, STM32H523ZCT6, STM32H523ZEJ6, STM32H523ZET6, STM32H533CET6, STM32H533CEU6, STM32H533HEY6TR, STM32H533RET6, STM32H533VEI6, STM32H533VET6, STM32H533ZEJ6, STM32H533ZET6, STM32H562AGI6, STM32H562AII6, STM32H562IGK6, STM32H562IGT6, STM32H562IIK6, STM32H562IIT6, STM32H562RGT6, STM32H562RGV6, STM32H562RIT6, STM32H562RIV6, STM32H562VGT6, STM32H562VIT6, STM32H562ZGT6, STM32H562ZIT6, STM32H563AGI6, STM32H563AII3Q, STM32H563AII6, STM32H563IGK6, STM32H563IGT6, STM32H563IIK3Q, STM32H563IIK6, STM32H563IIT3Q, STM32H563IIT6, STM32H563MIY3QTR, STM32H563RGT6, STM32H563RGV6, STM32H563RIT6, STM32H563RIV6, STM32H563VGT6, STM32H563VIT3Q, STM32H563VIT6, STM32H563ZGT6, STM32H563ZIT3Q, STM32H563ZIT6, STM32H573AII3Q, STM32H573AII6, STM32H573I-DK, STM32H573IIK3Q, STM32H573IIK6, STM32H573IIT3Q, STM32H573IIT6, STM32H573MIY3QTR, STM32H573RIT6, STM32H573RIV6, STM32H573VIT3Q, STM32H573VIT6, STM32H573ZIT3Q, STM32H573ZIT6, STM32H7R3A8I6, STM32H7R3I8K6, STM32H7R3I8T6, STM32H7R3L8H6, STM32H7R3L8H6H, STM32H7R3R8V6, STM32H7R3V8H6, STM32H7R3V8T6, STM32H7R3V8Y6TR, STM32H7R3Z8J6, STM32H7R3Z8T6, STM32H7R7A8I6, STM32H7R7I8K6, STM32H7R7I8T6, STM32H7R7L8H6, STM32H7R7L8H6H, STM32H7R7Z8J6, STM32H7S3A8I6, STM32H7S3I8K6, STM32H7S3I8T6, STM32H7S3L8H6, STM32H7S3L8H6H, STM32H7S3R8V6, STM32H7S3V8H6, STM32H7S3V8T6, STM32H7S3V8Y6TR, STM32H7S3Z8J6, STM32H7S3Z8T6, STM32H7S78-DK, STM32H7S7A8I6, STM32H7S7I8K6, STM32H7S7I8T6, STM32H7S7L8H6, STM32H7S7L8H6H, STM32H7S7Z8J6, STM32L4R5QGI6STR, STM32MP131AAE3, STM32MP131AAF3, STM32MP131AAG3, STM32MP131CAE3, STM32MP131CAF3, STM32MP131CAG3, STM32MP131DAE7, STM32MP131DAF7, STM32MP131DAG7, STM32MP131FAE7, STM32MP131FAF7, STM32MP131FAG7, STM32MP133AAE3, STM32MP133AAF3, STM32MP133AAG3, STM32MP133CAE3, STM32MP133CAF3, STM32MP133CAG3, STM32MP133DAE7, STM32MP133DAF7, STM32MP133DAG7, STM32MP133FAE7, STM32MP133FAF7, STM32MP133FAG7, STM32MP135AAE3, STM32MP135AAF3, STM32MP135AAG3, STM32MP135CAE3, STM32MP135CAF3, STM32MP135CAG3, STM32MP135DAE7, STM32MP135DAF7, STM32MP135DAG7, STM32MP135F-DK, STM32MP135FAE7, STM32MP135FAF7, STM32MP135FAF7T, STM32MP135FAF7U, STM32MP135FAG7, STM32MP251AAI3, STM32MP251AAK3, STM32MP251AAL3, STM32MP251CAI3, STM32MP251CAK3, STM32MP251CAL3, STM32MP251DAI3, STM32MP251DAK3, STM32MP251DAL3, STM32MP251FAI3, STM32MP251FAK3, STM32MP251FAL3, STM32MP253AAI3, STM32MP253AAK3, STM32MP253AAL3, STM32MP253CAI3, STM32MP253CAK3, STM32MP253CAL3, STM32MP253DAI3, STM32MP253DAK3, STM32MP253DAL3, STM32MP253FAI3, STM32MP253FAK3, STM32MP253FAL3, STM32MP255AAI3, STM32MP255AAK3, STM32MP255AAL3, STM32MP255CAI3, STM32MP255CAK3, STM32MP255CAL3, STM32MP255DAI3, STM32MP255DAK3, STM32MP255DAL3, STM32MP255FAI3, STM32MP255FAK3, STM32MP255FAL3, STM32MP257AAI3, STM32MP257AAK3, STM32MP257AAL3, STM32MP257CAI3, STM32MP257CAK3, STM32MP257CAL3, STM32MP257DAI3, STM32MP257DAK3, STM32MP257DAL3, STM32MP257F-DK, STM32MP257F-EV1, STM32MP257FAI3, STM32MP257FAK3, STM32MP257FAL3, STM32U031C6T6, STM32U031C6U6, STM32U031C8T6, STM32U031C8U6, STM32U031F4P6, STM32U031F6P6, STM32U031F8P6, STM32U031G6Y6TR, STM32U031G8Y6TR, STM32U031K4U6, STM32U031K6U6, STM32U031K8U6, STM32U031R6I6, STM32U031R6T6, STM32U031R8I6, STM32U031R8T6, STM32U073C8T6, STM32U073C8U6, STM32U073CBT6, STM32U073CBU6, STM32U073CCT6, STM32U073CCU6, STM32U073H8Y6TR, STM32U073HBY6TR, STM32U073HCY6TR, STM32U073K8U6, STM32U073KBU6, STM32U073KCU6, STM32U073M8I6, STM32U073M8T6, STM32U073MBI6, STM32U073MBT6, STM32U073MCI6, STM32U073MCT6, STM32U073R8I6, STM32U073R8T6, STM32U073RBI6, STM32U073RBT6, STM32U073RCI6, STM32U073RCT6, STM32U083C-DK, STM32U083CCT6, STM32U083CCU6, STM32U083HCY6TR, STM32U083KCU6, STM32U083MCI6, STM32U083MCT6, STM32U083RCI6, STM32U083RCT6, STM32U535CBT6, STM32U535CBT6Q, STM32U535CBU6, STM32U535CBU6Q, STM32U535CCT6, STM32U535CCT6Q, STM32U535CCU6, STM32U535CCU6Q, STM32U535CET6, STM32U535CET6Q, STM32U535CEU6, STM32U535CEU6Q, STM32U535JEY6QTR, STM32U535NCY6QTR, STM32U535NEY6QTR, STM32U535RBI6, STM32U535RBI6Q, STM32U535RBT6, STM32U535RBT6Q, STM32U535RCI6, STM32U535RCI6Q, STM32U535RCT6, STM32U535RCT6Q, STM32U535REI6, STM32U535REI6Q, STM32U535RET6, STM32U535RET6Q, STM32U535VCI6, STM32U535VCI6Q, STM32U535VCT6, STM32U535VCT6Q, STM32U535VEI6, STM32U535VEI6Q, STM32U535VET6, STM32U535VET6Q, STM32U545CET6, STM32U545CET6Q, STM32U545CEU6, STM32U545CEU6Q, STM32U545JEY6QTR, STM32U545NEY6QTR, STM32U545REI6, STM32U545REI6Q, STM32U545RET6, STM32U545RET6Q, STM32U545VEI6, STM32U545VEI6Q, STM32U545VET6, STM32U545VET6Q, STM32U595AIH6, STM32U595AIH6Q, STM32U595AJH6, STM32U595AJH6Q, STM32U595QII6, STM32U595QII6Q, STM32U595QJI6, STM32U595QJI6Q, STM32U595RIT6, STM32U595RIT6Q, STM32U595RJT6, STM32U595RJT6Q, STM32U595VIT6, STM32U595VIT6Q, STM32U595VJT6, STM32U595VJT6Q, STM32U595ZIT6, STM32U595ZIT6Q, STM32U595ZIY6QTR, STM32U595ZJT6, STM32U595ZJT6Q, STM32U595ZJY6QTR, STM32U599BJY6QTR, STM32U599NIH6Q, STM32U599NJH6Q, STM32U599VIT6Q, STM32U599VJT6, STM32U599VJT6Q, STM32U599ZIT6Q, STM32U599ZIY6QTR, STM32U599ZJT6Q, STM32U599ZJY6QTR, STM32U5A5AJH6, STM32U5A5AJH6Q, STM32U5A5QII3Q , STM32U5A5QJI6, STM32U5A5QJI6Q, STM32U5A5RJT6, STM32U5A5RJT6Q, STM32U5A5VJT6, STM32U5A5VJT6Q, STM32U5A5ZJT6, STM32U5A5ZJT6Q, STM32U5A5ZJY6QTR, STM32U5A9BJY6QTR, STM32U5A9J-DK, STM32U5A9NJH6Q, STM32U5A9VJT6Q, STM32U5A9ZJT6Q, STM32U5A9ZJY6QTR, STM32U5F7VIT6, STM32U5F7VIT6Q, STM32U5F7VJT6, STM32U5F7VJT6Q, STM32U5F9BJY6QTR, STM32U5F9NJH6Q, STM32U5F9VIT6Q, STM32U5F9VJT6Q, STM32U5F9ZIJ6QTR, STM32U5F9ZIT6Q, STM32U5F9ZJJ6QTR, STM32U5F9ZJT6Q, STM32U5G7VJT6, STM32U5G7VJT6Q, STM32U5G9BJY6QTR, STM32U5G9J-DK1, STM32U5G9J-DK2, STM32U5G9NJH6Q, STM32U5G9VJT6Q, STM32U5G9ZJJ6QTR, STM32U5G9ZJT6Q, STM32WB05KZV6TR, STM32WB05KZV7TR, STM32WB05TZF6TR, STM32WB05TZF7TR, STM32WB06CCF6TR, STM32WB06CCF7TR, STM32WB06CCV6TR, STM32WB06CCV7TR, STM32WB06KCV6TR, STM32WB06KCV7TR, STM32WB07CCF6TR, STM32WB07CCF7TR, STM32WB07CCV6TR, STM32WB07CCV7TR, STM32WB07KCV6TR, STM32WB07KCV7TR, STM32WB09KEV6TR, STM32WB09KEV7TR, STM32WB09TEF6TR, STM32WB09TEF7TR, STM32WB1MMCH6, STM32WBA50KGU6, STM32WBA50KGU6TR, STM32WBA52CEU6, STM32WBA52CEU6TR, STM32WBA52CEU7, STM32WBA52CEU7TR, STM32WBA52CGU6, STM32WBA52CGU6TR, STM32WBA52CGU6U, STM32WBA52CGU7, STM32WBA52CGU7TR, STM32WBA52KEU6, STM32WBA52KEU6TR, STM32WBA52KGU6, STM32WBA52KGU6TR, STM32WBA54CEU6, STM32WBA54CEU6TR, STM32WBA54CEU7, STM32WBA54CEU7TR, STM32WBA54CGU6, STM32WBA54CGU6TR, STM32WBA54CGU7, STM32WBA54CGU7TR, STM32WBA54KEU6, STM32WBA54KEU6TR, STM32WBA54KEU7, STM32WBA54KEU7TR, STM32WBA54KGU6, STM32WBA54KGU6TR, STM32WBA54KGU7, STM32WBA54KGU7TR, STM32WBA55CEU6, STM32WBA55CEU6TR, STM32WBA55CEU7, STM32WBA55CEU7TR, STM32WBA55CGU6, STM32WBA55CGU6TR, STM32WBA55CGU6U, STM32WBA55CGU7, STM32WBA55CGU7TR, STM32WBA55G-DK1, STM32WBA55HEF6, STM32WBA55HEF7, STM32WBA55HGF6, STM32WBA55HGF7, STM32WBA55UEI6, STM32WBA55UEI6TR, STM32WBA55UEI7, STM32WBA55UEI7TR, STM32WBA55UGI6, STM32WBA55UGI6TR, STM32WBA55UGI7, STM32WBA55UGI7TR, STM32WL5MOCH6, STM32WL5MOCH6TR]
2025-06-26 10:21:05,144 [INFO] DbMcus:218 - Found 4657 MCUs, 4657 are supported
2025-06-26 10:21:05,145 [INFO] ApiDb:423 - Load user favorites file C:\Users\nisha/.stm32cubeide/favorites.mcus.txt: 0 item(s)
2025-06-26 10:21:05,146 [INFO] ApiDb:427 - User favorites MCUs=[]
2025-06-26 10:21:05,146 [INFO] DbMcus:224 - Set 0 / 0 favorites MCUs
2025-06-26 10:21:05,659 [INFO] ApiDb:423 - Load user favorites file C:\Users\nisha/.stm32cubeide/favorites.boards.txt: 1 item(s)
2025-06-26 10:21:05,659 [INFO] ApiDb:427 - User favorites Boards=[STM32F407G-DISC1]
2025-06-26 10:21:05,660 [INFO] DbBoards:198 - Set 1 / 1 favorites Boards
2025-06-26 10:21:05,660 [INFO] McuFinderGlobals:76 - Set McuFinderConnectedMode to true
2025-06-26 10:21:05,667 [INFO] MultiScanPanel:200 - Auto-refresh data requested => check proxy status ongoing
2025-06-26 10:21:05,670 [INFO] FinderPluginLoader:95 - Searching for filters in installed packs
2025-06-26 10:21:07,598 [INFO] LoadUrlFilesThread:185 - End of LoadServerUrlFiles without Thread
2025-06-26 10:21:07,664 [INFO] DetailPanel:341 - Set advertising image to C:/Users/nisha/STM32Cube/Repository/\en.cubemxfinderstm32wba6.jpg
2025-06-26 10:21:51,141 [INFO] MultiScanPanel:200 - Auto-refresh data requested => check proxy status ongoing
2025-06-26 10:21:51,455 [INFO] LoadUrlFilesThread:185 - End of LoadServerUrlFiles without Thread
2025-06-26 10:21:51,455 [INFO] DetailPanel:341 - Set advertising image to C:/Users/nisha/STM32Cube/Repository/\en.cubemxfinderstm32wba6.jpg
2025-06-26 10:21:51,499 [INFO] DbBoards:642 - Loading board mini-images...
2025-06-26 10:21:56,541 [INFO] DbBoards:665 - Loaded 211 board mini-images
2025-06-26 10:22:27,325 [INFO] ServerAccessManage:473 - Download File 
2025-06-26 10:22:27,589 [INFO] LoadUrlFilesThread:185 - End of LoadServerUrlFiles without Thread
2025-06-26 10:22:27,649 [INFO] BoardAction:170 - Large Picture
2025-06-26 10:22:33,542 [INFO] BoardAction:75 - Docs & Resources
2025-06-26 10:23:02,066 [INFO] ServerAccessManage:473 - Download File DB1421.pdf
2025-06-26 10:23:02,807 [INFO] LoadUrlFilesThread:156 - End of LoadUrlFiles Thread
2025-06-26 10:23:02,976 [INFO] BoardAction:139 - Datasheet
2025-06-26 10:29:17,861 [INFO] MainUpdater:2873 - connection check result : 10
2025-06-26 10:29:17,861 [INFO] MainUpdater:2873 - connection check result : 10
2025-06-26 10:29:17,980 [INFO] RulesReader:64 - Compatibility file has been processed (297 Rules)
2025-06-26 10:29:17,998 [INFO] RulesReader:64 - Compatibility file has been processed (297 Rules)
2025-06-26 10:29:18,013 [INFO] MicroXplorer:468 - Change Database Path : 
2025-06-26 10:29:18,014 [INFO] MicroXplorer:498 - Change Database Version : DB.6.0.120
2025-06-26 10:29:18,032 [WARN] ThirdParty:871 - waiting for thirdparty lock release [close project]
2025-06-26 10:29:18,032 [INFO] ThirdParty:873 - entering critical section [close project]
2025-06-26 10:29:18,033 [INFO] ThirdParty:883 - exiting critical section [close project]
2025-06-26 10:29:18,042 [INFO] PinOutPanel:1561 - setPackage(No Configuration,No Configuration)
2025-06-26 10:29:18,049 [INFO] UtilMem:75 - Begin LoadConfig() Used Memory: 721046792 Bytes (1073741824)
2025-06-26 10:29:18,060 [INFO] OpenFileManager:332 - Change cursor
2025-06-26 10:29:18,151 [INFO] ProjectFactory:442 - No CPN specified for board STM32F407G-DISC1 => set CPN to STM32F407VGT6
2025-06-26 10:29:18,158 [INFO] Mcu:2032 - Initializing MCU STM32F407V(E-G)Tx STM32F407VGTx STM32F407VGT6
2025-06-26 10:29:20,761 [INFO] Context:742 - Trying to add GPIOservice into a context  which must be forbidden
2025-06-26 10:29:21,366 [INFO] Rule:228 - rule 117617 - U5Cobra4M][GTZC] default value MPCBB3 and MPCBB5 - Not Secured memory - MPCBB1 is applicable
2025-06-26 10:29:21,366 [INFO] Rule:228 - rule 117617 - U5Cobra4M][GTZC] default value MPCBB3 and MPCBB5 - Not Secured memory - MPCBB1 is applicable
2025-06-26 10:29:21,366 [INFO] Rule:228 - rule 117617 - U5Cobra4M][GTZC] default value MPCBB3 and MPCBB5 - Not Secured memory - MPCBB2 is applicable
2025-06-26 10:29:21,366 [INFO] Rule:228 - rule 117617 - U5Cobra4M][GTZC] default value MPCBB3 and MPCBB5 - Not Secured memory - MPCBB2 is applicable
2025-06-26 10:29:21,366 [INFO] Rule:228 - rule 117617 - U5Cobra4M][GTZC] default value MPCBB3 and MPCBB5 - Not Secured memory - MPCBB3 is applicable
2025-06-26 10:29:21,366 [INFO] Rule:228 - rule 117617 - U5Cobra4M][GTZC] default value MPCBB3 and MPCBB5 - Not Secured memory - MPCBB3 is applicable
2025-06-26 10:29:21,366 [INFO] Rule:228 - rule 117617 - U5Cobra4M][GTZC] default value MPCBB3 and MPCBB5 - Not Secured memory - MPCBB4 is applicable
2025-06-26 10:29:21,366 [INFO] Rule:228 - rule 117617 - U5Cobra4M][GTZC] default value MPCBB3 and MPCBB5 - Not Secured memory - MPCBB4 is applicable
2025-06-26 10:29:21,366 [INFO] Rule:228 - rule 117617 - U5Cobra4M][GTZC] default value MPCBB3 and MPCBB5 - Secured memory - MPCBB1 is applicable
2025-06-26 10:29:21,366 [INFO] Rule:228 - rule 117617 - U5Cobra4M][GTZC] default value MPCBB3 and MPCBB5 - Secured memory - MPCBB2 is applicable
2025-06-26 10:29:21,366 [INFO] Rule:228 - rule 117617 - U5Cobra4M][GTZC] default value MPCBB3 and MPCBB5 - Secured memory - MPCBB3 is applicable
2025-06-26 10:29:21,367 [INFO] Rule:228 - rule 117617 - U5Cobra4M][GTZC] default value MPCBB3 and MPCBB5 - Secured memory - MPCBB4 is applicable
2025-06-26 10:29:21,367 [INFO] Rule:228 - rule 117617 - U5Cobra4M][GTZC] default value MPCBB3 and MPCBB5 - Privileged memory - MPCBB1 is applicable
2025-06-26 10:29:21,367 [INFO] Rule:228 - rule 117617 - U5Cobra4M][GTZC] default value MPCBB3 and MPCBB5 - Privileged memory - MPCBB2 is applicable
2025-06-26 10:29:21,367 [INFO] Rule:228 - rule 117617 - U5Cobra4M][GTZC] default value MPCBB3 and MPCBB5 - Privileged memory - MPCBB3 is applicable
2025-06-26 10:29:21,367 [INFO] Rule:228 - rule 117617 - U5Cobra4M][GTZC] default value MPCBB3 and MPCBB5 - Privileged memory - MPCBB4 is applicable
2025-06-26 10:29:21,367 [INFO] Rule:228 - rule 117617 - U5Cobra4M][GTZC] default value MPCBB3 and MPCBB5 - Not Privileged memory - MPCBB1 is applicable
2025-06-26 10:29:21,367 [INFO] Rule:228 - rule 117617 - U5Cobra4M][GTZC] default value MPCBB3 and MPCBB5 - Not Privileged memory - MPCBB2 is applicable
2025-06-26 10:29:21,367 [INFO] Rule:228 - rule 117617 - U5Cobra4M][GTZC] default value MPCBB3 and MPCBB5 - Not Privileged memory - MPCBB3 is applicable
2025-06-26 10:29:21,367 [INFO] Rule:228 - rule 117617 - U5Cobra4M][GTZC] default value MPCBB3 and MPCBB5 - Not Privileged memory - MPCBB4 is applicable
2025-06-26 10:29:21,367 [INFO] Rule:228 - rule 117617 - U5Cobra4M][GTZC] default value MPCBB3 and MPCBB5 - Privileged memory - MPCBB1 is applicable
2025-06-26 10:29:21,367 [INFO] Rule:228 - rule 117617 - U5Cobra4M][GTZC] default value MPCBB3 and MPCBB5 - Privileged memory - MPCBB2 is applicable
2025-06-26 10:29:21,367 [INFO] Rule:228 - rule 117617 - U5Cobra4M][GTZC] default value MPCBB3 and MPCBB5 - Privileged memory - MPCBB3 is applicable
2025-06-26 10:29:21,367 [INFO] Rule:228 - rule 117617 - U5Cobra4M][GTZC] default value MPCBB3 and MPCBB5 - Privileged memory - MPCBB4 is applicable
2025-06-26 10:29:21,367 [INFO] Rule:228 - rule 117617 - U5Cobra4M][GTZC] default value MPCBB3 and MPCBB5 - Privileged memory - MPCBB1 is applicable
2025-06-26 10:29:21,367 [INFO] Rule:228 - rule 117617 - U5Cobra4M][GTZC] default value MPCBB3 and MPCBB5 - Privileged memory - MPCBB2 is applicable
2025-06-26 10:29:21,368 [INFO] Rule:228 - rule 117617 - U5Cobra4M][GTZC] default value MPCBB3 and MPCBB5 - Privileged memory - MPCBB3 is applicable
2025-06-26 10:29:21,368 [INFO] Rule:228 - rule 117617 - U5Cobra4M][GTZC] default value MPCBB3 and MPCBB5 - Privileged memory - MPCBB4 is applicable
2025-06-26 10:29:21,368 [INFO] Rule:228 - rule 117617 - U5Cobra4M][GTZC] default value MPCBB3 and MPCBB5 - Not Privileged memory - MPCBB1 is applicable
2025-06-26 10:29:21,368 [INFO] Rule:228 - rule 117617 - U5Cobra4M][GTZC] default value MPCBB3 and MPCBB5 - Not Privileged memory - MPCBB2 is applicable
2025-06-26 10:29:21,368 [INFO] Rule:228 - rule 117617 - U5Cobra4M][GTZC] default value MPCBB3 and MPCBB5 - Not Privileged memory - MPCBB3 is applicable
2025-06-26 10:29:21,368 [INFO] Rule:228 - rule 117617 - U5Cobra4M][GTZC] default value MPCBB3 and MPCBB5 - Not Privileged memory - MPCBB4 is applicable
2025-06-26 10:29:21,368 [INFO] Rule:228 - rule 117617 - U5Cobra4M][GTZC] default value MPCBB3 and MPCBB5 - Privileged memory - MPCBB1 is applicable
2025-06-26 10:29:21,368 [INFO] Rule:228 - rule 117617 - U5Cobra4M][GTZC] default value MPCBB3 and MPCBB5 - Privileged memory - MPCBB2 is applicable
2025-06-26 10:29:21,368 [INFO] Rule:228 - rule 117617 - U5Cobra4M][GTZC] default value MPCBB3 and MPCBB5 - Privileged memory - MPCBB3 is applicable
2025-06-26 10:29:21,368 [INFO] Rule:228 - rule 117617 - U5Cobra4M][GTZC] default value MPCBB3 and MPCBB5 - Privileged memory - MPCBB4 is applicable
2025-06-26 10:29:21,368 [INFO] Rule:228 - rule Rename SubGHz_Phy SUBGHZ_APPLICATION SUBGHZ_PINGPONG to SUBGHZ_ADV_APPLICATION is applicable
2025-06-26 10:29:21,368 [INFO] Rule:228 - rule Rename Enabled to IBEACON is applicable
2025-06-26 10:29:21,368 [INFO] Rule:228 - rule GTZC_S instance for project manager is applicable
2025-06-26 10:29:21,368 [INFO] Rule:228 - rule GTZC_S instance for context M33S is applicable
2025-06-26 10:29:21,368 [INFO] Rule:228 - rule GTZC_S instance value for IP GTZC is applicable
2025-06-26 10:29:21,368 [INFO] Rule:228 - rule GTZC_S instance for mcu.IP is applicable
2025-06-26 10:29:21,368 [INFO] Rule:228 - rule GTZC_S instance for VP is applicable
2025-06-26 10:29:21,368 [INFO] Rule:228 - rule GTZC_S instance for signal is applicable
2025-06-26 10:29:21,368 [INFO] Rule:228 - rule GTZC_S instance for mcu.Pin is applicable
2025-06-26 10:29:21,368 [INFO] Rule:228 - rule GTZC_S instance for VP is applicable
2025-06-26 10:29:21,368 [INFO] Rule:228 - rule GTZC_S instance for signal is applicable
2025-06-26 10:29:21,368 [INFO] Rule:228 - rule GTZC_S instance for mcu is applicable
2025-06-26 10:29:21,369 [INFO] Rule:228 - rule GTZC_S instance for mcu.Pin is applicable
2025-06-26 10:29:21,369 [INFO] Rule:228 - rule GTZC_S instance value for IP GTZC is applicable
2025-06-26 10:29:21,369 [INFO] Rule:228 - rule GTZC_S instance for project manager is applicable
2025-06-26 10:29:21,369 [INFO] Rule:228 - rule GTZC_S instance for context M33S is applicable
2025-06-26 10:29:21,369 [INFO] Rule:228 - rule GTZC_S instance for VP is applicable
2025-06-26 10:29:21,369 [INFO] Rule:228 - rule GTZC_S instance for signal is applicable
2025-06-26 10:29:21,369 [INFO] Rule:228 - rule SPDIFRX instance for mcu is applicable
2025-06-26 10:29:21,369 [INFO] Rule:228 - rule Rename Tracer Mode is applicable
2025-06-26 10:29:21,369 [INFO] Rule:228 - rule SPDIFRX instance value for IP SPDIFRX is applicable
2025-06-26 10:29:21,369 [INFO] Rule:228 - rule SPDIFRX instance for signal is applicable
2025-06-26 10:29:21,369 [INFO] Rule:228 - rule SPDIFRX instance for project manager is applicable
2025-06-26 10:29:21,369 [INFO] Rule:228 - rule SPDIFRX instance for project manager is applicable
2025-06-26 10:29:21,369 [INFO] Rule:228 - rule ADC Scan  fix with FW F7 is applicable
2025-06-26 10:29:21,369 [INFO] Rule:228 - rule ADC Scan  fix with FW F7 is applicable
2025-06-26 10:29:21,369 [INFO] Rule:228 - rule WakeUp0 Mode is applicable
2025-06-26 10:29:21,369 [INFO] Rule:228 - rule WakeUp0 SIGNAL is applicable
2025-06-26 10:29:21,369 [INFO] Rule:228 - rule WakeUp1 Mode is applicable
2025-06-26 10:29:21,372 [INFO] Rule:228 - rule WakeUp1 SIGNAL is applicable
2025-06-26 10:29:21,380 [INFO] Rule:228 - rule WakeUp2 Mode is applicable
2025-06-26 10:29:21,381 [INFO] Rule:228 - rule WakeUp2 SIGNAL is applicable
2025-06-26 10:29:21,381 [INFO] Rule:228 - rule WakeUp4 Mode is applicable
2025-06-26 10:29:21,381 [INFO] Rule:228 - rule WakeUp4 SIGNAL is applicable
2025-06-26 10:29:21,381 [INFO] Rule:228 - rule WakeUp5 Mode is applicable
2025-06-26 10:29:21,381 [INFO] Rule:228 - rule WakeUp5 SIGNAL is applicable
2025-06-26 10:29:21,381 [INFO] Rule:228 - rule UART/USART WORD LENGTH 7 is applicable
2025-06-26 10:29:21,381 [INFO] Rule:228 - rule UART/USART WORD LENGTH 8 is applicable
2025-06-26 10:29:21,381 [INFO] Rule:228 - rule UART/USART WORD LENGTH 9 is applicable
2025-06-26 10:29:21,381 [INFO] Rule:228 - rule Change Default Value for LSE Drive Capability for WB family is applicable
2025-06-26 10:29:21,381 [INFO] Rule:228 - rule Change Default Value for ADC Clock Prescaler G0 family is applicable
2025-06-26 10:29:21,381 [INFO] Rule:228 - rule ADC SamplingTime fix with FW L0  is applicable
2025-06-26 10:29:21,381 [INFO] Rule:228 - rule ADC SamplingTime fix with FW L0  is applicable
2025-06-26 10:29:21,381 [INFO] Rule:228 - rule ADC SamplingTime fix with FW L0 is applicable
2025-06-26 10:29:21,381 [INFO] Rule:228 - rule ADC SamplingTime fix with FW L0 is applicable
2025-06-26 10:29:21,382 [INFO] Rule:228 - rule ADC SamplingTime fix with FW L0  is applicable
2025-06-26 10:29:21,382 [INFO] Rule:228 - rule ADC SamplingTime fix with FW L0 is applicable
2025-06-26 10:29:21,382 [INFO] Rule:228 - rule Rename USB_OE Signal is applicable
2025-06-26 10:29:21,382 [INFO] Rule:228 - rule Rename Activate_OE Mode is applicable
2025-06-26 10:29:21,382 [INFO] Rule:228 - rule Rename DIE462/DIE415 pin PC14/OSC32_IN -> PC14-OSC32_IN (PC14) is applicable
2025-06-26 10:29:21,382 [INFO] Rule:228 - rule Rename DIE462/DIE415 pin PC15/OSC32_OUT -> PC15-OSC32_OUT (PC15) is applicable
2025-06-26 10:29:21,382 [INFO] Rule:228 - rule Rename DIE462/DIE415 pin PH0/OSC_IN -> PH0-OSC_IN (PH0) is applicable
2025-06-26 10:29:21,382 [INFO] Rule:228 - rule Rename DIE462/DIE415 pin PH1/OSC_OUT -> PH1-OSC_OUT (PH1) is applicable
2025-06-26 10:29:21,382 [INFO] Rule:228 - rule Rename DIE462 pin PA13 -> PA13 (JTMS/SWDIO) is applicable
2025-06-26 10:29:21,382 [INFO] Rule:228 - rule Rename DIE415 pin PA13 -> PA13 (JTMS/SWDIO) is applicable
2025-06-26 10:29:21,382 [INFO] Rule:228 - rule Rename DIE462 pin PA14 -> PA14 (JTCK/SWCLK) is applicable
2025-06-26 10:29:21,382 [INFO] Rule:228 - rule Rename DIE415 pin PA14 -> PA14 (JTCK/SWCLK) is applicable
2025-06-26 10:29:21,382 [INFO] Rule:228 - rule Rename DIE462/DIE415 pin PA15 -> PA15 (JTDI) is applicable
2025-06-26 10:29:21,382 [INFO] Rule:228 - rule Rename DIE462 pin PB3 -> PB3 (JTD0/TRACESWO) is applicable
2025-06-26 10:29:21,382 [INFO] Rule:228 - rule Rename DIE415 pin PB3 -> PB3 (JTD0-TRACESWO) is applicable
2025-06-26 10:29:21,382 [INFO] Rule:228 - rule Rename DIE462/DIE415 pin PB4 -> PB4 (NJTRST) is applicable
2025-06-26 10:29:21,382 [INFO] Rule:228 - rule Rename DIE462 pin PH3/BOOT0 -> PH3-BOOT0 (BOOT0) is applicable
2025-06-26 10:29:21,382 [INFO] Rule:228 - rule Rename CRYP DataEncryptionTypesList to Algorithm is applicable
2025-06-26 10:29:21,382 [INFO] Rule:228 - rule Rename AES DataEncryptionTypesList to Algorithm is applicable
2025-06-26 10:29:21,382 [INFO] Rule:228 - rule Rename TDESECB to CRYP_TDES_ECB is applicable
2025-06-26 10:29:21,382 [INFO] Rule:228 - rule Rename TDESCBC to CRYP_TDES_CBC is applicable
2025-06-26 10:29:21,382 [INFO] Rule:228 - rule Rename DESECB to CRYP_DES_ECB is applicable
2025-06-26 10:29:21,382 [INFO] Rule:228 - rule Rename DESCBC to CRYP_DES_CBC is applicable
2025-06-26 10:29:21,382 [INFO] Rule:228 - rule Rename AESECB to CRYP_AES_ECB is applicable
2025-06-26 10:29:21,382 [INFO] Rule:228 - rule Rename AESCBC to CRYP_AES_CBC is applicable
2025-06-26 10:29:21,382 [INFO] Rule:228 - rule Rename AESCTR to CRYP_AES_CTR is applicable
2025-06-26 10:29:21,382 [INFO] Rule:228 - rule Rename AESGCM to CRYP_AES_GCM is applicable
2025-06-26 10:29:21,382 [INFO] Rule:228 - rule Rename AESCCM to CRYP_AES_CCM is applicable
2025-06-26 10:29:21,382 [INFO] Rule:228 - rule Rename CAN TimeSeg1 to BS1 is applicable
2025-06-26 10:29:21,382 [INFO] Rule:228 - rule Rename CAN TimeSeg2 to BS2 is applicable
2025-06-26 10:29:21,382 [INFO] Rule:228 - rule Rename CAN SyncJumpWidth to SJW is applicable
2025-06-26 10:29:21,382 [INFO] Rule:228 - rule TimeTriggeredMode to TTCM is applicable
2025-06-26 10:29:21,382 [INFO] Rule:228 - rule Rename CAN AutoBusOff to ABOM is applicable
2025-06-26 10:29:21,382 [INFO] Rule:228 - rule Rename CAN AutoWakeUp to AWUM is applicable
2025-06-26 10:29:21,382 [INFO] Rule:228 - rule Rename CAN AutoRetransmission to NART is applicable
2025-06-26 10:29:21,382 [INFO] Rule:228 - rule Rename CAN ReceiveFifoLocked to RFLM is applicable
2025-06-26 10:29:21,382 [INFO] Rule:228 - rule Rename CAN TransmitFifoPriority to TXFP is applicable
2025-06-26 10:29:21,382 [INFO] Rule:228 - rule Rename HRTIMER HRTIM_OUTPUTFAULTLEVEL_HIGH in HRTIMER HRTIM_OUTPUTFAULTLEVEL_HIGHZ is applicable
2025-06-26 10:29:21,383 [INFO] Rule:228 - rule Rename TIMER TIM_CLEARINPUTSOURCE_OCREFCLR in  TIMER TIM_CLEARINPUTSOURCE_NONE for F7 family is applicable
2025-06-26 10:29:21,383 [INFO] Rule:228 - rule FDCAN_R1 - Rename FDCAN mode Master into Classic is applicable
2025-06-26 10:29:21,383 [INFO] Rule:228 - rule FDCAN_R2 - Rename FDCAN mode Slave into Classic is applicable
2025-06-26 10:29:21,383 [INFO] Rule:228 - rule FDCAN1_R3 - if PA10.Mode=FullDuplex, add Pin PA12 is applicable
2025-06-26 10:29:21,383 [INFO] Rule:228 - rule FDCAN1_R3 - if PA9.Mode=FullDuplex, add Pin PA11 is applicable
2025-06-26 10:29:21,383 [INFO] Rule:228 - rule FDCAN1_R3 - Alternatepin_1 - if PE1.Mode=FullDuplex, add Pin PB9 is applicable
2025-06-26 10:29:21,383 [INFO] Rule:228 - rule FDCAN1_R3 - Alternatepin_1 - if PE0.Mode=FullDuplex, add Pin PB8 is applicable
2025-06-26 10:29:21,383 [INFO] Rule:228 - rule FDCAN1_R3 - Alternatepin_2 - if PD5.Mode=FullDuplex, add Pin PD1 is applicable
2025-06-26 10:29:21,383 [INFO] Rule:228 - rule FDCAN1_R3 - Alternatepin_2 - if PD4.Mode=FullDuplex, add Pin PD0 is applicable
2025-06-26 10:29:21,383 [INFO] Rule:228 - rule FDCAN1_R4 - Rename Mode FullDuplex into Enable FDCAN_TXFD for pin PA10 is applicable
2025-06-26 10:29:21,383 [INFO] Rule:228 - rule FDCAN1_R4 - Rename Mode FullDuplex into Enable FDCAN_TXFD for pin PA9 is applicable
2025-06-26 10:29:21,383 [INFO] Rule:228 - rule FDCAN1_R4 - Alternatepin_1 - Rename Mode FullDuplex into Enable FDCAN_TXFD for pin PE1 is applicable
2025-06-26 10:29:21,383 [INFO] Rule:228 - rule FDCAN1_R4 - Alternatepin_1 - Rename Mode FullDuplex into Enable FDCAN_TXFD for pin PE0 is applicable
2025-06-26 10:29:21,383 [INFO] Rule:228 - rule FDCAN1_R4 - Alternatepin_2 - Rename Mode FullDuplex into Enable FDCAN_TXFD for pin PD5 is applicable
2025-06-26 10:29:21,383 [INFO] Rule:228 - rule FDCAN1_R4 - Alternatepin_2 - Rename Mode FullDuplex into Enable FDCAN_TXFD for pin PD4 is applicable
2025-06-26 10:29:21,383 [INFO] Rule:228 - rule FDCAN2_R3 - if PD10.Mode=FullDuplex, add Pin PB13 is applicable
2025-06-26 10:29:21,383 [INFO] Rule:228 - rule FDCAN2_R3 - if PD9.Mode=FullDuplex, add Pin PB12 is applicable
2025-06-26 10:29:21,383 [INFO] Rule:228 - rule FDCAN2_R3 - Alternatepin_1 - if PB7.Mode=FullDuplex, add Pin PB6 is applicable
2025-06-26 10:29:21,383 [INFO] Rule:228 - rule FDCAN2_R3 - Alternatepin_1 - if PD9.Mode=FullDuplex, add Pin PB12 is applicable
2025-06-26 10:29:21,383 [INFO] Rule:228 - rule FDCAN2_R4 - Rename Mode FullDuplex into Enable FDCAN_TXFD for pin PD10 is applicable
2025-06-26 10:29:21,383 [INFO] Rule:228 - rule FDCAN2_R4 - Rename Mode FullDuplex into Enable FDCAN_TXFD for pin PD9 is applicable
2025-06-26 10:29:21,383 [INFO] Rule:228 - rule FDCAN2_R4 - Alternatepin_1 - Rename Mode FullDuplex into Enable FDCAN_TXFD for pin PB7 is applicable
2025-06-26 10:29:21,383 [INFO] Rule:228 - rule FDCAN2_R4 - Alternatepin_1 - Rename Mode FullDuplex into Enable FDCAN_TXFD for pin PD6 is applicable
2025-06-26 10:29:21,383 [INFO] Rule:228 - rule USART TxPinLevelInvertParam Mode is applicable
2025-06-26 10:29:21,383 [INFO] Rule:228 - rule USART RxPinLevelInvertParam Mode is applicable
2025-06-26 10:29:21,383 [INFO] Rule:228 - rule USART DataInvertParam Mode is applicable
2025-06-26 10:29:21,383 [INFO] Rule:228 - rule USART SwapParam Mode is applicable
2025-06-26 10:29:21,383 [INFO] Rule:228 - rule USART OverrunDisableParam Mode is applicable
2025-06-26 10:29:21,383 [INFO] Rule:228 - rule USART DMADisableonRxErrorParam Mode is applicable
2025-06-26 10:29:21,383 [INFO] Rule:228 - rule USART MSBFirstParam Mode is applicable
2025-06-26 10:29:21,383 [INFO] Rule:228 - rule Update MwName for USB_DEVICE is applicable
2025-06-26 10:29:21,383 [INFO] Rule:228 - rule Change PWR_Regulator_Voltage_Scale Default Value for RCC  H7 family is applicable
2025-06-26 10:29:21,383 [INFO] Rule:228 - rule UART/USART IPParameter rename Prescaler parameter to ClockPrescaler is applicable
2025-06-26 10:29:21,383 [INFO] Rule:228 - rule UART/USART Prescaler rename Prescaler parameter to ClockPrescaler is applicable
2025-06-26 10:29:21,383 [INFO] Rule:228 - rule TIM1CLockSelection is applicable
2025-06-26 10:29:21,383 [INFO] Rule:228 - rule TIM15CLockSelection is applicable
2025-06-26 10:29:21,383 [INFO] Rule:228 - rule align RCC SDMMC3CLockSelection default value on MP1 is applicable
2025-06-26 10:29:21,383 [INFO] Rule:228 - rule align RCC SDMMC12CLockSelection default value on MP1 is applicable
2025-06-26 10:29:21,383 [INFO] Rule:228 - rule align RCC QSPICLockSelection default value on MP1 is applicable
2025-06-26 10:29:21,384 [INFO] Rule:228 - rule align RCC QSPICLockSelection default value on MP1 is applicable
2025-06-26 10:29:21,384 [INFO] Rule:228 - rule align RCC SPI6CLockSelection default value on MP1 is applicable
2025-06-26 10:29:21,384 [INFO] Rule:228 - rule align RCC LPTIM23CLockSelection default value on MP1 is applicable
2025-06-26 10:29:21,384 [INFO] Rule:228 - rule align RCC LPTIM1CLockSelection default value on MP1 is applicable
2025-06-26 10:29:21,384 [INFO] Rule:228 - rule align RCC USART1CLockSelection default value on MP1 is applicable
2025-06-26 10:29:21,384 [INFO] Rule:228 - rule align RCC USART24CLockSelection default value on MP1 is applicable
2025-06-26 10:29:21,384 [INFO] Rule:228 - rule align RCC USART6CLockSelection default value on MP1 is applicable
2025-06-26 10:29:21,384 [INFO] Rule:228 - rule align RCC UART78CLockSelection default value on MP1 is applicable
2025-06-26 10:29:21,384 [INFO] Rule:228 - rule align RCC USART35CLockSelection default value on MP1 is applicable
2025-06-26 10:29:21,384 [INFO] Rule:228 - rule align RCC SPI45CLockSelection default value on MP1 is applicable
2025-06-26 10:29:21,384 [INFO] Rule:228 - rule align RCC I2C46CLockSelection BCLK value on MP1 is applicable
2025-06-26 10:29:21,384 [INFO] Rule:228 - rule align RCC SPI45CLockSelection default value on MP1 is applicable
2025-06-26 10:29:21,384 [INFO] Rule:228 - rule align RCC I2C12CLockSelection default value on MP1 is applicable
2025-06-26 10:29:21,384 [INFO] Rule:228 - rule align RCC I2C35CLockSelection default value on MP1 is applicable
2025-06-26 10:29:21,384 [INFO] Rule:228 - rule align RCC LPTIM45CLockSelection default value on MP1 is applicable
2025-06-26 10:29:21,384 [INFO] Rule:228 - rule Rename DCMI PIXCK signal is applicable
2025-06-26 10:29:21,384 [INFO] Rule:228 - rule Change Default Value for I2C46CLockSelection MP1 family is applicable
2025-06-26 10:29:21,385 [INFO] Rule:228 - rule Change Default Value for UART for G4, G0 and WB families is applicable
2025-06-26 10:29:21,385 [INFO] Rule:228 - rule Change Default Value for USART for G4, G0 and WB families is applicable
2025-06-26 10:29:21,385 [INFO] Rule:228 - rule Change Default Value for USART for G4 family is applicable
2025-06-26 10:29:21,385 [INFO] Rule:228 - rule Change USART1CLockSelection refparam name for MP1 is applicable
2025-06-26 10:29:21,385 [INFO] Rule:228 - rule Change USART2CLockSelection refparam name for MP1 is applicable
2025-06-26 10:29:21,386 [INFO] Rule:228 - rule Change USART3CLockSelection refparam name for MP1 is applicable
2025-06-26 10:29:21,386 [INFO] Rule:228 - rule Change UART4CLockSelection refparam name for MP1 is applicable
2025-06-26 10:29:21,386 [INFO] Rule:228 - rule Change UART5CLockSelection refparam name for MP1 is applicable
2025-06-26 10:29:21,386 [INFO] Rule:228 - rule Change LPUART1CLockSelection refparam name for MP1 is applicable
2025-06-26 10:29:21,386 [INFO] Rule:228 - rule Change LPTIM1CLockSelection refparam name for MP1 is applicable
2025-06-26 10:29:21,386 [INFO] Rule:228 - rule Change LPTIM2CLockSelection refparam name for MP1 is applicable
2025-06-26 10:29:21,386 [INFO] Rule:228 - rule Change RCC_MCO1Source refparam name for MP1 is applicable
2025-06-26 10:29:21,386 [INFO] Rule:228 - rule Change LSCOSource1 refparam name for MP1 is applicable
2025-06-26 10:29:21,386 [INFO] Rule:228 - rule Change SMPSCLockSelection refparam name for MP1 is applicable
2025-06-26 10:29:21,386 [INFO] Rule:228 - rule Change LPTIM3CLockSelection refparam name for MP1 is applicable
2025-06-26 10:29:21,386 [INFO] Rule:228 - rule Change MPCBB* Default Template Mode to Parameters is applicable
2025-06-26 10:29:21,386 [INFO] Rule:228 - rule Change MPCWM* or MPCBB* Secure Mode to Parameters is applicable
2025-06-26 10:29:21,386 [INFO] Rule:228 - rule Change MPCWM* or MPCBB* No Secure Mode to Parameters is applicable
2025-06-26 10:29:21,386 [INFO] Rule:228 - rule Change TZSC IP Secure Mode to Parameters is applicable
2025-06-26 10:29:21,386 [INFO] Rule:228 - rule Change TZSC IP No Secure Mode to Parameters is applicable
2025-06-26 10:29:21,386 [INFO] Rule:228 - rule Change TZSC IP Privilege Mode to Parameters is applicable
2025-06-26 10:29:21,386 [INFO] Rule:228 - rule Change TZSC IP No Privilege Mode to Parameters is applicable
2025-06-26 10:29:21,386 [INFO] Rule:228 - rule Change TZIC IT Secure Mode to Parameters is applicable
2025-06-26 10:29:21,386 [INFO] Rule:228 - rule Change TZIC IT No Secure Mode to Parameters is applicable
2025-06-26 10:29:21,387 [INFO] Rule:228 - rule Add MPCBB1_NonSecureArea_Start_Address value with referenced to MPCBB1_NonSecureArea_Start value is applicable
2025-06-26 10:29:21,387 [INFO] Rule:228 - rule Add MPCBB2_NonSecureArea_Start_Address value with referenced to MPCBB2_NonSecureArea_Start value is applicable
2025-06-26 10:29:21,387 [INFO] Rule:228 - rule Add MPCWM1_NonSecureArea*_Start_Address value with referenced to MPCWM1_NonSecureArea*_Start value is applicable
2025-06-26 10:29:21,387 [INFO] Rule:228 - rule Add MPCWM2_NonSecureArea*_Start_Address value with referenced to MPCWM2_NonSecureArea*_Start value is applicable
2025-06-26 10:29:21,387 [INFO] Rule:228 - rule Add MPCWM3_NonSecureArea_Start_Address value with referenced to MPCWM3_NonSecureArea_Start value is applicable
2025-06-26 10:29:21,387 [INFO] Rule:228 - rule Change Default Value for PLL1UserDefinedConfig is applicable
2025-06-26 10:29:21,387 [INFO] Rule:228 - rule Change GPIO_PuPd Default Value for USART in async mode is applicable
2025-06-26 10:29:21,387 [INFO] Rule:228 - rule Change SMPSDivider Default Value is applicable
2025-06-26 10:29:21,387 [INFO] Rule:228 - rule OPAMP is applicable
2025-06-26 10:29:21,387 [INFO] Rule:228 - rule LPUART IPParameter rename Prescaler parameter to ClockPrescaler for STM32H7 is applicable
2025-06-26 10:29:21,387 [INFO] Rule:228 - rule LPUART IPParameter rename Prescaler parameter to ClockPrescaler for STM32H7 is applicable
2025-06-26 10:29:21,387 [INFO] Rule:228 - rule LPUART IPParameter rename Prescaler parameter to ClockPrescaler for STM32WB is applicable
2025-06-26 10:29:21,387 [INFO] Rule:228 - rule LPUART IPParameter rename Prescaler parameter to ClockPrescaler for STM32WB is applicable
2025-06-26 10:29:21,387 [INFO] Rule:228 - rule LPUART IPParameter rename Prescaler parameter to ClockPrescaler for STM32G4 is applicable
2025-06-26 10:29:21,387 [INFO] Rule:228 - rule LPUART IPParameter rename Prescaler parameter to ClockPrescaler for STM32G4 is applicable
2025-06-26 10:29:21,387 [INFO] Rule:228 - rule LPUART IPParameter rename Prescaler parameter to ClockPrescaler for STM32L5 is applicable
2025-06-26 10:29:21,388 [INFO] Rule:228 - rule LPUART IPParameter rename Prescaler parameter to ClockPrescaler for STM32L5 is applicable
2025-06-26 10:29:21,389 [INFO] Rule:228 - rule LPUART IPParameter rename Prescaler parameter to ClockPrescaler for STM32G4 is applicable
2025-06-26 10:29:21,389 [INFO] Rule:228 - rule LPUART IPParameter rename Prescaler parameter to ClockPrescaler for STM32G4 is applicable
2025-06-26 10:29:21,391 [INFO] Rule:228 - rule USB device lib V2.5.3 for L0 rename USBD_SUPPORT_USER_STRING parameter to USBD_SUPPORT_USER_STRING_DESC4 is applicable
2025-06-26 10:29:21,391 [INFO] Rule:228 - rule I2SCLockSelection clock entry align is applicable
2025-06-26 10:29:21,392 [INFO] Rule:228 - rule Assign TIMx context if used as SYS timebase is applicable
2025-06-26 10:29:21,392 [INFO] Rule:228 - rule Change GPIO_Pu Default Value for I2C is applicable
2025-06-26 10:29:21,392 [INFO] Rule:228 - rule Change GPIO_Pu Default Value for SMBus is applicable
2025-06-26 10:29:21,392 [INFO] Rule:228 - rule change FDCAN default value is applicable
2025-06-26 10:29:21,392 [INFO] Rule:228 - rule Change mode sai is applicable
2025-06-26 10:29:21,392 [INFO] Rule:228 - rule **Change sai mode is applicable
2025-06-26 10:29:21,392 [INFO] Rule:228 - rule Rename STM32WPAN CFG_BLE_IRK to CFG_BLE_IR is applicable
2025-06-26 10:29:21,392 [INFO] Rule:228 - rule Rename STM32WPAN CFG_BLE_ERK to CFG_BLE_ER is applicable
2025-06-26 10:29:21,392 [INFO] Rule:228 - rule Rename STM32WPAN CFG_BLE_IRK_HEX to CFG_BLE_IR_HEX is applicable
2025-06-26 10:29:21,392 [INFO] Rule:228 - rule Rename STM32WPAN CFG_BLE_ERK_HEX to CFG_BLE_ER_HEX is applicable
2025-06-26 10:29:21,417 [INFO] DbConfProperties:307 - Apply Compatibility (34/230 Rules)
2025-06-26 10:29:21,465 [INFO] ImportTextPane:205 - (OptionalMessage_ERROR) Unable to find key (Mcu.ThirdPartyNb) in loaded IOC file
2025-06-26 10:29:22,040 [INFO] RtosManager:555 - Registered RTOS mode: class=CMSIS, group=RTOS, mode=CMSIS_V1, owner=FREERTOS
2025-06-26 10:29:22,041 [INFO] RtosManager:555 - Registered RTOS mode: class=CMSIS, group=RTOS2, mode=CMSIS_V2, owner=FREERTOS
2025-06-26 10:29:22,041 [INFO] RtosManager:555 - Registered RTOS mode: class=RTOS, group=Core, mode=CMSIS_V1, owner=FREERTOS
2025-06-26 10:29:22,041 [INFO] RtosManager:555 - Registered RTOS mode: class=RTOS, group=Core, mode=CMSIS_V2, owner=FREERTOS
2025-06-26 10:29:22,042 [WARN] ModelIntegratedComponent:184 - Missing modes for component STMicroelectronics:FreeRTOS:0.0.1:STMicroelectronics:RTOS:FreeRTOS:Core:::10.2.0:
2025-06-26 10:29:22,099 [WARN] ModelIntegratedComponent:63 - No mode defined for component null
2025-06-26 10:29:22,099 [WARN] ModelIntegratedComponent:63 - No mode defined for component null
2025-06-26 10:29:22,099 [WARN] ModelIntegratedComponent:63 - No mode defined for component null
2025-06-26 10:29:22,099 [WARN] ModelIntegratedComponent:63 - No mode defined for component null
2025-06-26 10:29:22,099 [WARN] ModelIntegratedComponent:63 - No mode defined for component null
2025-06-26 10:29:22,099 [WARN] ModelIntegratedComponent:63 - No mode defined for component null
2025-06-26 10:29:22,100 [WARN] ModelIntegratedComponent:63 - No mode defined for component null
2025-06-26 10:29:22,100 [WARN] ModelIntegratedComponent:63 - No mode defined for component null
2025-06-26 10:29:22,100 [WARN] ModelIntegratedComponent:63 - No mode defined for component null
2025-06-26 10:29:22,100 [WARN] ModelIntegratedComponent:63 - No mode defined for component null
2025-06-26 10:29:22,100 [WARN] ModelIntegratedComponent:63 - No mode defined for component null
2025-06-26 10:29:22,100 [WARN] ModelIntegratedComponent:63 - No mode defined for component null
2025-06-26 10:29:22,100 [WARN] ModelIntegratedComponent:63 - No mode defined for component null
2025-06-26 10:29:22,100 [WARN] ModelIntegratedComponent:63 - No mode defined for component null
2025-06-26 10:29:22,100 [WARN] ModelIntegratedComponent:63 - No mode defined for component null
2025-06-26 10:29:22,100 [WARN] ModelIntegratedComponent:63 - No mode defined for component null
2025-06-26 10:29:22,100 [WARN] ModelIntegratedComponent:63 - No mode defined for component null
2025-06-26 10:29:22,100 [WARN] ModelIntegratedComponent:63 - No mode defined for component null
2025-06-26 10:29:22,100 [WARN] ModelIntegratedComponent:63 - No mode defined for component null
2025-06-26 10:29:22,100 [WARN] ModelIntegratedComponent:63 - No mode defined for component null
2025-06-26 10:29:22,100 [WARN] ModelIntegratedComponent:63 - No mode defined for component null
2025-06-26 10:29:22,100 [WARN] ModelIntegratedComponent:63 - No mode defined for component null
2025-06-26 10:29:22,100 [WARN] ModelIntegratedComponent:63 - No mode defined for component null
2025-06-26 10:29:22,100 [WARN] ModelIntegratedComponent:63 - No mode defined for component null
2025-06-26 10:29:22,100 [WARN] ModelIntegratedComponent:63 - No mode defined for component null
2025-06-26 10:29:22,100 [WARN] ModelIntegratedComponent:63 - No mode defined for component null
2025-06-26 10:29:22,100 [WARN] ModelIntegratedComponent:63 - No mode defined for component null
2025-06-26 10:29:22,100 [WARN] ModelIntegratedComponent:63 - No mode defined for component null
2025-06-26 10:29:22,100 [WARN] ModelIntegratedComponent:63 - No mode defined for component null
2025-06-26 10:29:22,100 [WARN] ModelIntegratedComponent:63 - No mode defined for component null
2025-06-26 10:29:22,100 [WARN] ModelIntegratedComponent:63 - No mode defined for component null
2025-06-26 10:29:22,100 [WARN] ModelIntegratedComponent:63 - No mode defined for component null
2025-06-26 10:29:22,100 [WARN] ModelIntegratedComponent:63 - No mode defined for component null
2025-06-26 10:29:22,100 [WARN] ModelIntegratedComponent:63 - No mode defined for component null
2025-06-26 10:29:22,100 [WARN] ModelIntegratedComponent:63 - No mode defined for component null
2025-06-26 10:29:22,103 [WARN] ModelPack:524 - Component already loaded: STMicroelectronics:HAL Drivers:0.0.0:STMicroelectronics:Device:STMicro_Driver:XSPI:HAL::0.0.1:HAL_XSPI
2025-06-26 10:29:22,502 [INFO] ThirdPartyModel:298 - Start build external matchings
2025-06-26 10:29:23,849 [INFO] ThirdPartyModel:316 - End build external matchings
2025-06-26 10:29:24,664 [INFO] UtilMem:75 - End LoadConfig() Used Memory: 873584024 Bytes (1073741824)
2025-06-26 10:29:24,843 [WARN] ThirdParty:833 - waiting for thirdparty lock release [change project]
2025-06-26 10:29:24,843 [INFO] ThirdParty:835 - entering critical section [change project]
2025-06-26 10:29:24,843 [INFO] ThirdParty:1030 - CMSIS Pack Vendor :STMicroelectronics X-CUBE-PM33A1 1.0.0
2025-06-26 10:29:24,843 [INFO] ThirdParty:1030 - CMSIS Pack Vendor :STMicroelectronics USBPD 4.1
2025-06-26 10:29:24,843 [INFO] ThirdParty:1030 - CMSIS Pack Vendor :STMicroelectronics X-CUBE-AZRTOS-H7 3.3.0
2025-06-26 10:29:24,843 [INFO] ThirdParty:1030 - CMSIS Pack Vendor :STMicroelectronics X-CUBE-NFC9 1.0.0
2025-06-26 10:29:24,843 [INFO] ThirdParty:1030 - CMSIS Pack Vendor :STMicroelectronics X-CUBE-GNSS1 6.0.0
2025-06-26 10:29:24,843 [INFO] ThirdParty:1030 - CMSIS Pack Vendor :STMicroelectronics USB_HOST 2.0.0
2025-06-26 10:29:24,843 [INFO] ThirdParty:1030 - CMSIS Pack Vendor :STMicroelectronics FP-SNS-MOTENVWB1 1.4.0
2025-06-26 10:29:24,843 [INFO] ThirdParty:1030 - CMSIS Pack Vendor :STMicroelectronics X-CUBE-AZRTOS-F4 1.1.0
2025-06-26 10:29:24,843 [INFO] ThirdParty:1030 - CMSIS Pack Vendor :STMicroelectronics LIBJPEG 8.0.0
2025-06-26 10:29:24,843 [INFO] ThirdParty:1030 - CMSIS Pack Vendor :STMicroelectronics X-CUBE-BLE1 7.1.0
2025-06-26 10:29:24,843 [INFO] ThirdParty:1030 - CMSIS Pack Vendor :STMicroelectronics X-CUBE-SMBUS 2.1.0
2025-06-26 10:29:24,843 [INFO] ThirdParty:1030 - CMSIS Pack Vendor :STMicroelectronics X-CUBE-WB05N 1.1.0
2025-06-26 10:29:24,844 [INFO] ThirdParty:1030 - CMSIS Pack Vendor :STMicroelectronics USB_DEVICE 3.0.0
2025-06-26 10:29:24,844 [INFO] ThirdParty:1030 - CMSIS Pack Vendor :STMicroelectronics X-CUBE-TCPP 4.1.0
2025-06-26 10:29:24,844 [INFO] ThirdParty:1030 - CMSIS Pack Vendor :STMicroelectronics X-CUBE-ISPU 2.1.0
2025-06-26 10:29:24,844 [INFO] ThirdParty:1030 - CMSIS Pack Vendor :STMicroelectronics X-CUBE-FREERTOS 1.2.0
2025-06-26 10:29:24,844 [INFO] ThirdParty:1030 - CMSIS Pack Vendor :STMicroelectronics X-CUBE-IPS 3.0.0
2025-06-26 10:29:24,844 [INFO] ThirdParty:1030 - CMSIS Pack Vendor :STMicroelectronics X-CUBE-AZRTOS-WB 2.0.0
2025-06-26 10:29:24,844 [INFO] ThirdParty:1030 - CMSIS Pack Vendor :STMicroelectronics X-CUBE-GNSS1 7.0.0
2025-06-26 10:29:24,844 [INFO] ThirdParty:1030 - CMSIS Pack Vendor :STMicroelectronics X-CUBE-GNSS1 7.0.1
2025-06-26 10:29:24,844 [INFO] ThirdParty:1030 - CMSIS Pack Vendor :STMicroelectronics X-CUBE-AZRTOS-F7 1.1.0
2025-06-26 10:29:24,844 [INFO] ThirdParty:1030 - CMSIS Pack Vendor :STMicroelectronics X-CUBE-AZRTOS-L5 2.0.0
2025-06-26 10:29:24,844 [INFO] ThirdParty:1030 - CMSIS Pack Vendor :STMicroelectronics X-CUBE-TOUCHGFX 4.25.0
2025-06-26 10:29:24,844 [INFO] ThirdParty:1030 - CMSIS Pack Vendor :STMicroelectronics USB_DEVICE 2.0.0
2025-06-26 10:29:24,844 [INFO] ThirdParty:1030 - CMSIS Pack Vendor :STMicroelectronics X-CUBE-NFC6 3.1.0
2025-06-26 10:29:24,844 [INFO] ThirdParty:1030 - CMSIS Pack Vendor :STMicroelectronics X-CUBE-AI 10.1.0
2025-06-26 10:29:24,844 [INFO] ThirdParty:1030 - CMSIS Pack Vendor :STMicroelectronics FP-SNS-STBOX1 2.0.0
2025-06-26 10:29:24,844 [INFO] ThirdParty:1030 - CMSIS Pack Vendor :STMicroelectronics X-CUBE-MEMS1 11.0.0
2025-06-26 10:29:24,844 [INFO] ThirdParty:1030 - CMSIS Pack Vendor :STMicroelectronics FreeRTOS 0.0.1
2025-06-26 10:29:24,844 [INFO] ThirdParty:1030 - CMSIS Pack Vendor :STMicroelectronics X-CUBE-AZRTOS-G0 1.1.0
2025-06-26 10:29:24,844 [INFO] ThirdParty:1030 - CMSIS Pack Vendor :STMicroelectronics X-CUBE-SAFEA1 1.2.2
2025-06-26 10:29:24,844 [INFO] ThirdParty:1030 - CMSIS Pack Vendor :STMicroelectronics X-CUBE-NFC4 3.0.0
2025-06-26 10:29:24,844 [INFO] ThirdParty:1030 - CMSIS Pack Vendor :STMicroelectronics X-CUBE-DPower 1.2.0
2025-06-26 10:29:24,844 [INFO] ThirdParty:1030 - CMSIS Pack Vendor :STMicroelectronics X-CUBE-SUBG2 5.0.0
2025-06-26 10:29:24,844 [INFO] ThirdParty:1030 - CMSIS Pack Vendor :STMicroelectronics X-CUBE-AZRTOS-H7RS 1.1.0
2025-06-26 10:29:24,844 [INFO] ThirdParty:1030 - CMSIS Pack Vendor :STMicroelectronics STM32_WPAN 1.0.0
2025-06-26 10:29:24,844 [INFO] ThirdParty:1030 - CMSIS Pack Vendor :EmbeddedOffice I-CUBE-FS-RTOS 1.0.1
2025-06-26 10:29:24,844 [INFO] ThirdParty:1030 - CMSIS Pack Vendor :STMicroelectronics lwIP 2.0.3
2025-06-26 10:29:24,844 [INFO] ThirdParty:1030 - CMSIS Pack Vendor :STMicroelectronics FP-SNS-FLIGHT1 5.0.2
2025-06-26 10:29:24,844 [INFO] ThirdParty:1030 - CMSIS Pack Vendor :Cesanta I-CUBE-Mongoose 7.13.0
2025-06-26 10:29:24,844 [INFO] ThirdParty:1030 - CMSIS Pack Vendor :STMicroelectronics USB_HOST 1.0.0
2025-06-26 10:29:24,844 [INFO] ThirdParty:1030 - CMSIS Pack Vendor :STMicroelectronics X-CUBE-AI 9.0.0
2025-06-26 10:29:24,844 [INFO] ThirdParty:1030 - CMSIS Pack Vendor :STMicroelectronics X-CUBE-AZRTOS-G4 2.0.0
2025-06-26 10:29:24,844 [INFO] ThirdParty:1030 - CMSIS Pack Vendor :STMicroelectronics X-CUBE-WB05N 2.0.0
2025-06-26 10:29:24,844 [INFO] ThirdParty:1030 - CMSIS Pack Vendor :STMicroelectronics PDM2PCM 3.1.0
2025-06-26 10:29:24,844 [INFO] ThirdParty:1030 - CMSIS Pack Vendor :STMicroelectronics PDM2PCM 3.3.0
2025-06-26 10:29:24,844 [INFO] ThirdParty:1030 - CMSIS Pack Vendor :STMicroelectronics X-CUBE-DISPLAY 3.0.0
2025-06-26 10:29:24,844 [INFO] ThirdParty:1030 - CMSIS Pack Vendor :STMicroelectronics X-CUBE-NFC7 2.0.0
2025-06-26 10:29:24,844 [INFO] ThirdParty:1030 - CMSIS Pack Vendor :RealThread X-CUBE-RT-Thread_Nano 4.1.1
2025-06-26 10:29:24,844 [INFO] ThirdParty:1030 - CMSIS Pack Vendor :wolfSSL I-CUBE-wolfSSL 5.7.0
2025-06-26 10:29:24,844 [INFO] ThirdParty:1030 - CMSIS Pack Vendor :STMicroelectronics X-CUBE-BLE1 7.0.0
2025-06-26 10:29:24,844 [INFO] ThirdParty:1030 - CMSIS Pack Vendor :STMicroelectronics FP-ATR-SIGFOX1 3.2.0
2025-06-26 10:29:24,844 [INFO] ThirdParty:1030 - CMSIS Pack Vendor :STMicroelectronics X-CUBE-NFC10 1.0.0
2025-06-26 10:29:24,844 [INFO] ThirdParty:1030 - CMSIS Pack Vendor :quantropi X-CUBE-qispace-sdk-base 1.9.3
2025-06-26 10:29:24,844 [INFO] ThirdParty:1030 - CMSIS Pack Vendor :STMicroelectronics X-CUBE-ISPU 2.0.0
2025-06-26 10:29:24,844 [INFO] ThirdParty:1030 - CMSIS Pack Vendor :STMicroelectronics X-CUBE-EEPRMA1 5.1.0
2025-06-26 10:29:24,844 [INFO] ThirdParty:1030 - CMSIS Pack Vendor :STMicroelectronics X-CUBE-FREERTOS 1.3.1
2025-06-26 10:29:24,844 [INFO] ThirdParty:1030 - CMSIS Pack Vendor :STMicroelectronics HAL Drivers 0.0.0
2025-06-26 10:29:24,844 [INFO] ThirdParty:1030 - CMSIS Pack Vendor :STMicroelectronics MBEDTLS 2.16.2
2025-06-26 10:29:24,844 [INFO] ThirdParty:1030 - CMSIS Pack Vendor :STMicroelectronics X-CUBE-ALS 1.0.2
2025-06-26 10:29:24,844 [INFO] ThirdParty:1030 - CMSIS Pack Vendor :emotas I-CUBE-CANOPEN 1.3.0
2025-06-26 10:29:24,844 [INFO] ThirdParty:1030 - CMSIS Pack Vendor :STMicroelectronics X-CUBE-MEMS1 10.0.0
2025-06-26 10:29:24,844 [INFO] ThirdParty:1030 - CMSIS Pack Vendor :STMicroelectronics X-CUBE-NFC7 1.0.1
2025-06-26 10:29:24,844 [INFO] ThirdParty:1030 - CMSIS Pack Vendor :STMicroelectronics MBEDTLS 2.14.1
2025-06-26 10:29:24,844 [INFO] ThirdParty:1030 - CMSIS Pack Vendor :STMicroelectronics X-CUBE-TOUCHGFX 4.24.0
2025-06-26 10:29:24,844 [INFO] ThirdParty:1030 - CMSIS Pack Vendor :ITTIA_DB I-CUBE-ITTIADB 8.9.0
2025-06-26 10:29:24,844 [INFO] ThirdParty:1030 - CMSIS Pack Vendor :wolfSSL I-CUBE-wolfTPM 3.2.0
2025-06-26 10:29:24,844 [INFO] ThirdParty:1030 - CMSIS Pack Vendor :STMicroelectronics X-CUBE-TOUCHGFX 4.24.1
2025-06-26 10:29:24,844 [INFO] ThirdParty:1030 - CMSIS Pack Vendor :portGmbH I-Cube-SoM-uGOAL 1.1.0
2025-06-26 10:29:24,844 [INFO] ThirdParty:1030 - CMSIS Pack Vendor :STMicroelectronics X-CUBE-BLEMGR 3.1.0
2025-06-26 10:29:24,844 [INFO] ThirdParty:1030 - CMSIS Pack Vendor :STMicroelectronics ThreadX 1.0.0
2025-06-26 10:29:24,844 [INFO] ThirdParty:1030 - CMSIS Pack Vendor :STMicroelectronics FP-SNS-SMARTAG2 1.2.0
2025-06-26 10:29:24,845 [INFO] ThirdParty:1030 - CMSIS Pack Vendor :STMicroelectronics X-CUBE-AZRTOS-WL 2.0.0
2025-06-26 10:29:24,845 [INFO] ThirdParty:1030 - CMSIS Pack Vendor :SEGGER I-CUBE-embOS 1.3.1
2025-06-26 10:29:24,845 [INFO] ThirdParty:1030 - CMSIS Pack Vendor :STMicroelectronics X-CUBE-ALGOBUILD 1.4.0
2025-06-26 10:29:24,845 [INFO] ThirdParty:1030 - CMSIS Pack Vendor :STMicroelectronics X-CUBE-DPower 1.3.0
2025-06-26 10:29:24,845 [INFO] ThirdParty:1030 - CMSIS Pack Vendor :STMicroelectronics X-CUBE-MEMS1 11.3.0
2025-06-26 10:29:24,845 [INFO] ThirdParty:1030 - CMSIS Pack Vendor :STMicroelectronics FP-SNS-MOTENV1 5.0.0
2025-06-26 10:29:24,845 [INFO] ThirdParty:1030 - CMSIS Pack Vendor :STMicroelectronics USB_DEVICE 1.0.0
2025-06-26 10:29:24,845 [INFO] ThirdParty:1030 - CMSIS Pack Vendor :STMicroelectronics X-CUBE-AZRTOS-H7RS 1.0.0
2025-06-26 10:29:24,845 [INFO] ThirdParty:1030 - CMSIS Pack Vendor :wolfSSL I-CUBE-wolfMQTT 1.19.0
2025-06-26 10:29:24,845 [INFO] ThirdParty:1030 - CMSIS Pack Vendor :STMicroelectronics X-CUBE-AZRTOS-L4 2.0.0
2025-06-26 10:29:24,845 [INFO] ThirdParty:1030 - CMSIS Pack Vendor :STMicroelectronics ThreadX 0.0.2
2025-06-26 10:29:24,845 [INFO] ThirdParty:1030 - CMSIS Pack Vendor :WES I-CUBE-Cesium 1.3.0
2025-06-26 10:29:24,845 [INFO] ThirdParty:1030 - CMSIS Pack Vendor :STMicroelectronics FP-ATR-ASTRA1 2.0.0
2025-06-26 10:29:24,845 [INFO] ThirdParty:1030 - CMSIS Pack Vendor :STMicroelectronics lwIP 2.1.2
2025-06-26 10:29:24,845 [INFO] ThirdParty:1030 - CMSIS Pack Vendor :STMicroelectronics X-CUBE-SFXS2LP1 4.0.0
2025-06-26 10:29:24,845 [INFO] ThirdParty:1030 - CMSIS Pack Vendor :STMicroelectronics X-CUBE-BLE2 3.3.0
2025-06-26 10:29:24,845 [INFO] ThirdParty:1030 - CMSIS Pack Vendor :STMicroelectronics X-CUBE-TOF1 3.4.2
2025-06-26 10:29:24,845 [INFO] ThirdParty:1030 - CMSIS Pack Vendor :STMicroelectronics X-CUBE-AI 9.1.0
2025-06-26 10:29:24,845 [INFO] ThirdParty:1030 - CMSIS Pack Vendor :STMicroelectronics X-CUBE-TOF1 3.4.1
2025-06-26 10:29:24,845 [INFO] ThirdParty:1030 - CMSIS Pack Vendor :STMicroelectronics X-CUBE-AZRTOS-H7 3.2.0
2025-06-26 10:29:24,845 [INFO] ThirdParty:1030 - CMSIS Pack Vendor :Infineon AIROC-Wi-Fi-Bluetooth-STM32 1.6.0
2025-06-26 10:29:24,845 [INFO] ThirdParty:1030 - CMSIS Pack Vendor :STMicroelectronics PDM2PCM 3.2.0
2025-06-26 10:29:24,845 [INFO] ThirdParty:1030 - CMSIS Pack Vendor :wolfSSL I-CUBE-wolfSSH 1.4.17
2025-06-26 10:29:24,845 [INFO] ThirdParty:841 - exiting critical section [change project]
2025-06-26 10:29:25,498 [INFO] PinOutPanel:1561 - setPackage(No Configuration,No Configuration)
2025-06-26 10:29:25,501 [INFO] PinOutPanel:1561 - setPackage(STM32F407VGTx,LQFP100)
2025-06-26 10:29:26,419 [INFO] UtilMem:75 - Before build in PCC Used Memory: 713530392 Bytes (1073741824)
2025-06-26 10:29:28,814 [INFO] UtilMem:75 - After build in PCC Used Memory: 775396376 Bytes (1073741824)
2025-06-26 10:29:28,854 [INFO] IPUIPlugin:80 - create IPUIPlugin
2025-06-26 10:29:28,854 [INFO] IPUIPlugin:80 - create IPUIPlugin
2025-06-26 10:29:28,854 [INFO] IPUIPlugin:80 - create IPUIPlugin
2025-06-26 10:29:28,854 [INFO] IPUIPlugin:80 - create IPUIPlugin
2025-06-26 10:29:28,854 [INFO] IPUIPlugin:80 - create IPUIPlugin
2025-06-26 10:29:28,856 [INFO] IPUIPlugin:80 - create IPUIPlugin
2025-06-26 10:29:28,856 [INFO] IPUIPlugin:80 - create IPUIPlugin
2025-06-26 10:29:28,856 [INFO] IPUIPlugin:80 - create IPUIPlugin
2025-06-26 10:29:28,856 [INFO] IPUIPlugin:80 - create IPUIPlugin
2025-06-26 10:29:28,857 [INFO] IPUIPlugin:80 - create IPUIPlugin
2025-06-26 10:29:28,857 [INFO] IPUIPlugin:80 - create IPUIPlugin
2025-06-26 10:29:28,857 [INFO] IPUIPlugin:80 - create IPUIPlugin
2025-06-26 10:29:28,857 [INFO] IPUIPlugin:80 - create IPUIPlugin
2025-06-26 10:29:28,857 [INFO] IPUIPlugin:80 - create IPUIPlugin
2025-06-26 10:29:28,857 [INFO] IPUIPlugin:80 - create IPUIPlugin
2025-06-26 10:29:28,857 [INFO] IPUIPlugin:80 - create IPUIPlugin
2025-06-26 10:29:28,857 [INFO] IPUIPlugin:80 - create IPUIPlugin
2025-06-26 10:29:28,857 [INFO] IPUIPlugin:80 - create IPUIPlugin
2025-06-26 10:29:28,857 [INFO] IPUIPlugin:80 - create IPUIPlugin
2025-06-26 10:29:28,857 [INFO] IPUIPlugin:80 - create IPUIPlugin
2025-06-26 10:29:28,858 [INFO] IPUIPlugin:80 - create IPUIPlugin
2025-06-26 10:29:28,858 [INFO] IPUIPlugin:80 - create IPUIPlugin
2025-06-26 10:29:28,858 [INFO] IPUIPlugin:80 - create IPUIPlugin
2025-06-26 10:29:28,858 [INFO] IPUIPlugin:80 - create IPUIPlugin
2025-06-26 10:29:28,858 [INFO] IPUIPlugin:80 - create IPUIPlugin
2025-06-26 10:29:28,858 [INFO] IPUIPlugin:80 - create IPUIPlugin
2025-06-26 10:29:28,858 [INFO] IPUIPlugin:80 - create IPUIPlugin
2025-06-26 10:29:28,859 [INFO] IPUIPlugin:80 - create IPUIPlugin
2025-06-26 10:29:28,859 [INFO] IPUIPlugin:80 - create IPUIPlugin
2025-06-26 10:29:28,859 [INFO] IPUIPlugin:80 - create IPUIPlugin
2025-06-26 10:29:28,859 [INFO] IPUIPlugin:80 - create IPUIPlugin
2025-06-26 10:29:28,859 [INFO] IPUIPlugin:80 - create IPUIPlugin
2025-06-26 10:29:28,859 [INFO] IPUIPlugin:80 - create IPUIPlugin
2025-06-26 10:29:28,860 [INFO] IPUIPlugin:80 - create IPUIPlugin
2025-06-26 10:29:28,860 [INFO] IPUIPlugin:80 - create IPUIPlugin
2025-06-26 10:29:28,860 [INFO] IPUIPlugin:80 - create IPUIPlugin
2025-06-26 10:29:28,860 [INFO] IPUIPlugin:80 - create IPUIPlugin
2025-06-26 10:29:28,860 [INFO] IPUIPlugin:80 - create IPUIPlugin
2025-06-26 10:29:28,860 [INFO] IPUIPlugin:80 - create IPUIPlugin
2025-06-26 10:29:28,860 [INFO] IPUIPlugin:80 - create IPUIPlugin
2025-06-26 10:29:28,861 [INFO] IPUIPlugin:80 - create IPUIPlugin
2025-06-26 10:29:28,861 [INFO] IPUIPlugin:80 - create IPUIPlugin
2025-06-26 10:29:28,861 [INFO] IPUIPlugin:80 - create IPUIPlugin
2025-06-26 10:29:28,861 [INFO] IPUIPlugin:80 - create IPUIPlugin
2025-06-26 10:29:28,861 [INFO] IPUIPlugin:80 - create IPUIPlugin
2025-06-26 10:29:28,861 [INFO] IPUIPlugin:80 - create IPUIPlugin
2025-06-26 10:29:28,862 [INFO] IPUIPlugin:80 - create IPUIPlugin
2025-06-26 10:29:28,862 [INFO] IPUIPlugin:80 - create IPUIPlugin
2025-06-26 10:29:28,862 [INFO] IPUIPlugin:80 - create IPUIPlugin
2025-06-26 10:29:28,862 [INFO] IPUIPlugin:80 - create IPUIPlugin
2025-06-26 10:29:28,863 [INFO] IPUIPlugin:80 - create IPUIPlugin
2025-06-26 10:29:28,863 [INFO] IPUIPlugin:80 - create IPUIPlugin
2025-06-26 10:29:28,863 [INFO] IPUIPlugin:80 - create IPUIPlugin
2025-06-26 10:29:28,863 [INFO] IPUIPlugin:80 - create IPUIPlugin
2025-06-26 10:29:28,864 [INFO] IPUIPlugin:80 - create IPUIPlugin
2025-06-26 10:29:28,865 [INFO] IPUIPlugin:80 - create IPUIPlugin
2025-06-26 10:29:28,866 [INFO] IPUIPlugin:80 - create IPUIPlugin
2025-06-26 10:29:28,866 [INFO] IPUIPlugin:80 - create IPUIPlugin
2025-06-26 10:29:29,480 [INFO] ApiDbMcu:508 - Load IP Config File for PDM2PCM
2025-06-26 10:29:29,854 [INFO] CADModel:165 - CPN selected for project levelSTM32F407VGT6
2025-06-26 10:29:29,855 [INFO] CADModel:114 - Register for checkConnection events
2025-06-26 10:29:29,913 [INFO] OpenFileManager:363 - Restore cursor
2025-06-26 10:29:33,148 [INFO] UtilMem:75 - End SaveConfig() Used Memory: 893493632 Bytes (1073741824)
2025-06-26 10:29:33,252 [INFO] UtilMem:75 - End SaveConfig() Used Memory: 913417072 Bytes (1073741824)
2025-06-26 10:29:34,108 [INFO] BlockDiagram:2766 - set Specific Code input for plugin: SYS
2025-06-26 10:29:34,108 [INFO] BlockDiagram:2766 - set Specific Code input for plugin: RCC
2025-06-26 10:29:34,109 [INFO] BlockDiagram:2766 - set Specific Code input for plugin: NVIC
2025-06-26 10:29:34,110 [INFO] BlockDiagram:2766 - set Specific Code input for plugin: GPIO
2025-06-26 10:29:34,114 [INFO] CodeGenerator:807 - code generatio: config db path: C:\ST\STM32CubeIDE_1.16.0\STM32CubeIDE\plugins\com.st.stm32cube.common.mx_6.12.0.202406281431\\db\
2025-06-26 10:29:34,616 [INFO] CodeEngine:255 - oldGeneratedFile, C:\Users\nisha\OneDrive\Desktop\stm32f407\freertos\006LED_BLINK\MXTmpFiles\license.tmp_save
2025-06-26 10:29:35,213 [INFO] CodeEngine:279 - Generated code: C:\Users\nisha\OneDrive\Desktop\stm32f407\freertos\006LED_BLINK\MXTmpFiles\license.tmp
2025-06-26 10:29:35,492 [INFO] CodeEngine:255 - oldGeneratedFile, C:\Users\nisha\OneDrive\Desktop\stm32f407\freertos\006LED_BLINK\MXTmpFiles\gpio.tmp_save
2025-06-26 10:29:35,943 [INFO] CodeEngine:279 - Generated code: C:\Users\nisha\OneDrive\Desktop\stm32f407\freertos\006LED_BLINK\MXTmpFiles\gpio.tmp
2025-06-26 10:29:36,198 [INFO] CodeEngine:255 - oldGeneratedFile, C:\Users\nisha\OneDrive\Desktop\stm32f407\freertos\006LED_BLINK\Core\Src\stm32f4xx_it.c_save
2025-06-26 10:29:36,450 [INFO] CodeEngine:279 - Generated code: C:\Users\nisha\OneDrive\Desktop\stm32f407\freertos\006LED_BLINK\Core\Src\stm32f4xx_it.c
2025-06-26 10:29:36,478 [INFO] CodeEngine:255 - oldGeneratedFile, C:\Users\nisha\OneDrive\Desktop\stm32f407\freertos\006LED_BLINK\Core\Inc\stm32f4xx_it.h_save
2025-06-26 10:29:36,643 [INFO] CodeEngine:279 - Generated code: C:\Users\nisha\OneDrive\Desktop\stm32f407\freertos\006LED_BLINK\Core\Inc\stm32f4xx_it.h
2025-06-26 10:29:36,693 [INFO] CodeEngine:255 - oldGeneratedFile, C:\Users\nisha\OneDrive\Desktop\stm32f407\freertos\006LED_BLINK\Core\Src\stm32f4xx_hal_msp.c_save
2025-06-26 10:29:36,900 [INFO] CodeEngine:279 - Generated code: C:\Users\nisha\OneDrive\Desktop\stm32f407\freertos\006LED_BLINK\Core\Src\stm32f4xx_hal_msp.c
2025-06-26 10:29:36,924 [INFO] CodeEngine:255 - oldGeneratedFile, C:\Users\nisha\OneDrive\Desktop\stm32f407\freertos\006LED_BLINK\MXTmpFiles\system.tmp_save
2025-06-26 10:29:37,113 [INFO] CodeEngine:279 - Generated code: C:\Users\nisha\OneDrive\Desktop\stm32f407\freertos\006LED_BLINK\MXTmpFiles\system.tmp
2025-06-26 10:29:37,163 [INFO] CodeEngine:311 - oldGeneratedFile, C:\Users\nisha\OneDrive\Desktop\stm32f407\freertos\006LED_BLINK\Core\Inc\stm32f4xx_hal_conf.h_save
2025-06-26 10:29:37,342 [INFO] CodeEngine:335 - Generated code: C:\Users\nisha\OneDrive\Desktop\stm32f407\freertos\006LED_BLINK\Core\Inc\stm32f4xx_hal_conf.h
2025-06-26 10:29:37,547 [INFO] CodeEngine:255 - oldGeneratedFile, C:\Users\nisha\OneDrive\Desktop\stm32f407\freertos\006LED_BLINK\Core\Inc\main.h_save
2025-06-26 10:29:37,756 [INFO] CodeEngine:279 - Generated code: C:\Users\nisha\OneDrive\Desktop\stm32f407\freertos\006LED_BLINK\Core\Inc\main.h
2025-06-26 10:29:37,776 [INFO] CodeEngine:255 - oldGeneratedFile, C:\Users\nisha\OneDrive\Desktop\stm32f407\freertos\006LED_BLINK\Core\Src\main.c_save
2025-06-26 10:29:38,108 [INFO] CodeEngine:279 - Generated code: C:\Users\nisha\OneDrive\Desktop\stm32f407\freertos\006LED_BLINK\Core\Src\main.c
2025-06-26 10:29:39,244 [INFO] ProjectBuilder:3249 - Time for Copy HAL[1] : 381mS.
2025-06-26 10:29:39,255 [INFO] ProjectBuilder:4828 - Project Generator version: 4.4.0-B60
2025-06-26 10:29:39,332 [INFO] ConfigFileManager:1531 - The Die is : DIE413
2025-06-26 10:29:39,397 [INFO] ApiDbMcu:508 - Load IP Config File for FATFS
2025-06-26 10:29:39,424 [INFO] ApiDbMcu:508 - Load IP Config File for FREERTOS
2025-06-26 10:29:39,443 [INFO] ApiDbMcu:508 - Load IP Config File for LIBJPEG
2025-06-26 10:29:39,468 [INFO] ApiDbMcu:508 - Load IP Config File for LWIP
2025-06-26 10:29:39,495 [INFO] ApiDbMcu:508 - Load IP Config File for MBEDTLS
2025-06-26 10:29:39,525 [INFO] ApiDbMcu:508 - Load IP Config File for USB_DEVICE
2025-06-26 10:29:39,547 [INFO] ApiDbMcu:508 - Load IP Config File for USB_HOST
2025-06-26 10:29:40,352 [INFO] LogOutputStream:77 - [STDOUT_REDIRECT] 
2025-06-26 10:29:46,259 [INFO] ProjectBuilder:5097 - Time for Generating toolchain IDE Files: 7003mS.
2025-06-26 10:29:46,261 [INFO] ProjectBuilder:3107 - Time for Copy CMSIS : 1mS.
2025-06-26 10:29:46,264 [INFO] ProjectBuilder:3107 - Time for Copy CMSIS : 0mS.
2025-06-26 10:29:49,458 [INFO] McuFinderGlobals:76 - Set McuFinderConnectedMode to true
2025-06-26 10:29:49,462 [INFO] ApiDb:448 - Save user favorites file C:\Users\nisha/.stm32cubeide/favorites.mcus.txt: 0 item(s)
2025-06-26 10:29:49,462 [INFO] ApiDb:452 - User favorites MCUs=[]
2025-06-26 10:29:49,464 [INFO] ApiDb:448 - Save user favorites file C:\Users\nisha/.stm32cubeide/favorites.boards.txt: 1 item(s)
2025-06-26 10:29:49,465 [INFO] ApiDb:452 - User favorites Boards=[STM32F407G-DISC1]
2025-06-26 10:31:12,960 [INFO] DmaTabbedPanel:205 - Cannot restore the selected Tab for DMA
2025-06-26 10:31:15,002 [INFO] Gpio:277 - dependency for GPIO []
2025-06-26 10:31:59,336 [INFO] Gpio:277 - dependency for GPIO []
2025-06-26 10:31:59,467 [INFO] Gpio:277 - dependency for GPIO []
2025-06-26 10:31:59,709 [INFO] Gpio:277 - dependency for GPIO []
2025-06-26 10:32:40,694 [INFO] Gpio:277 - dependency for GPIO []
2025-06-26 10:32:40,731 [INFO] NvicIntPanel:101 - NVIC parent = com.st.microxplorer.plugins.ip.nvic.MultiNvicIntPanel[,0,0,0x0,invalid,layout=javax.swing.BoxLayout,alignmentX=0.0,alignmentY=0.0,border=,flags=9,maximumSize=,minimumSize=,preferredSize=]
2025-06-26 10:32:40,807 [INFO] Gpio:277 - dependency for GPIO []
2025-06-26 10:32:40,848 [INFO] NvicIntPanel:101 - NVIC parent = com.st.microxplorer.plugins.ip.nvic.MultiNvicIntPanel[,0,0,0x0,invalid,layout=javax.swing.BoxLayout,alignmentX=0.0,alignmentY=0.0,border=,flags=9,maximumSize=,minimumSize=,preferredSize=]
2025-06-26 10:32:41,072 [INFO] Gpio:277 - dependency for GPIO []
2025-06-26 10:32:41,154 [INFO] NvicIntPanel:101 - NVIC parent = com.st.microxplorer.plugins.ip.nvic.MultiNvicIntPanel[,0,0,0x0,invalid,layout=javax.swing.BoxLayout,alignmentX=0.0,alignmentY=0.0,border=,flags=9,maximumSize=,minimumSize=,preferredSize=]
2025-06-26 10:38:57,350 [INFO] Gpio:277 - dependency for GPIO []
2025-06-26 10:40:44,966 [INFO] UtilMem:75 - End SaveConfig() Used Memory: 719991016 Bytes (1073741824)
2025-06-26 10:40:47,568 [INFO] UtilMem:75 - End SaveConfig() Used Memory: 745679080 Bytes (1073741824)
2025-06-26 10:40:48,886 [INFO] UtilMem:75 - End SaveConfig() Used Memory: 863747008 Bytes (1073741824)
2025-06-26 10:40:49,254 [INFO] BlockDiagram:2766 - set Specific Code input for plugin: SYS
2025-06-26 10:40:49,254 [INFO] BlockDiagram:2766 - set Specific Code input for plugin: RCC
2025-06-26 10:40:49,254 [INFO] BlockDiagram:2766 - set Specific Code input for plugin: NVIC
2025-06-26 10:40:49,255 [INFO] BlockDiagram:2766 - set Specific Code input for plugin: GPIO
2025-06-26 10:40:49,261 [INFO] CodeGenerator:807 - code generatio: config db path: C:\ST\STM32CubeIDE_1.16.0\STM32CubeIDE\plugins\com.st.stm32cube.common.mx_6.12.0.202406281431\\db\
2025-06-26 10:40:49,389 [INFO] CodeEngine:255 - oldGeneratedFile, C:\Users\nisha\OneDrive\Desktop\stm32f407\freertos\006LED_BLINK\MXTmpFiles\license.tmp_save
2025-06-26 10:40:49,592 [INFO] CodeEngine:279 - Generated code: C:\Users\nisha\OneDrive\Desktop\stm32f407\freertos\006LED_BLINK\MXTmpFiles\license.tmp
2025-06-26 10:40:49,679 [INFO] CodeEngine:255 - oldGeneratedFile, C:\Users\nisha\OneDrive\Desktop\stm32f407\freertos\006LED_BLINK\MXTmpFiles\gpio.tmp_save
2025-06-26 10:40:49,843 [INFO] CodeEngine:279 - Generated code: C:\Users\nisha\OneDrive\Desktop\stm32f407\freertos\006LED_BLINK\MXTmpFiles\gpio.tmp
2025-06-26 10:40:49,947 [INFO] CodeEngine:255 - oldGeneratedFile, C:\Users\nisha\OneDrive\Desktop\stm32f407\freertos\006LED_BLINK\Core\Src\stm32f4xx_it.c_save
2025-06-26 10:40:50,376 [INFO] CodeEngine:279 - Generated code: C:\Users\nisha\OneDrive\Desktop\stm32f407\freertos\006LED_BLINK\Core\Src\stm32f4xx_it.c
2025-06-26 10:40:50,391 [INFO] CodeEngine:255 - oldGeneratedFile, C:\Users\nisha\OneDrive\Desktop\stm32f407\freertos\006LED_BLINK\Core\Inc\stm32f4xx_it.h_save
2025-06-26 10:40:50,521 [INFO] CodeEngine:279 - Generated code: C:\Users\nisha\OneDrive\Desktop\stm32f407\freertos\006LED_BLINK\Core\Inc\stm32f4xx_it.h
2025-06-26 10:40:50,561 [INFO] CodeEngine:255 - oldGeneratedFile, C:\Users\nisha\OneDrive\Desktop\stm32f407\freertos\006LED_BLINK\Core\Src\stm32f4xx_hal_msp.c_save
2025-06-26 10:40:50,780 [INFO] CodeEngine:279 - Generated code: C:\Users\nisha\OneDrive\Desktop\stm32f407\freertos\006LED_BLINK\Core\Src\stm32f4xx_hal_msp.c
2025-06-26 10:40:50,803 [INFO] CodeEngine:255 - oldGeneratedFile, C:\Users\nisha\OneDrive\Desktop\stm32f407\freertos\006LED_BLINK\MXTmpFiles\system.tmp_save
2025-06-26 10:40:50,907 [INFO] CodeEngine:279 - Generated code: C:\Users\nisha\OneDrive\Desktop\stm32f407\freertos\006LED_BLINK\MXTmpFiles\system.tmp
2025-06-26 10:40:50,939 [INFO] CodeEngine:255 - oldGeneratedFile, C:\Users\nisha\OneDrive\Desktop\stm32f407\freertos\006LED_BLINK\Core\Src\stm32f4xx_hal_timebase_tim.c_save
2025-06-26 10:40:51,107 [INFO] CodeEngine:279 - Generated code: C:\Users\nisha\OneDrive\Desktop\stm32f407\freertos\006LED_BLINK\Core\Src\stm32f4xx_hal_timebase_tim.c
2025-06-26 10:40:51,146 [INFO] CodeEngine:311 - oldGeneratedFile, C:\Users\nisha\OneDrive\Desktop\stm32f407\freertos\006LED_BLINK\Core\Inc\stm32f4xx_hal_conf.h_save
2025-06-26 10:40:51,326 [INFO] CodeEngine:335 - Generated code: C:\Users\nisha\OneDrive\Desktop\stm32f407\freertos\006LED_BLINK\Core\Inc\stm32f4xx_hal_conf.h
2025-06-26 10:40:51,414 [INFO] CodeEngine:255 - oldGeneratedFile, C:\Users\nisha\OneDrive\Desktop\stm32f407\freertos\006LED_BLINK\Core\Inc\main.h_save
2025-06-26 10:40:51,627 [INFO] CodeEngine:279 - Generated code: C:\Users\nisha\OneDrive\Desktop\stm32f407\freertos\006LED_BLINK\Core\Inc\main.h
2025-06-26 10:40:51,653 [INFO] CodeEngine:255 - oldGeneratedFile, C:\Users\nisha\OneDrive\Desktop\stm32f407\freertos\006LED_BLINK\Core\Src\main.c_save
2025-06-26 10:40:51,888 [INFO] CodeEngine:279 - Generated code: C:\Users\nisha\OneDrive\Desktop\stm32f407\freertos\006LED_BLINK\Core\Src\main.c
2025-06-26 10:40:52,693 [INFO] ProjectBuilder:3249 - Time for Copy HAL[1] : 595mS.
2025-06-26 10:40:52,702 [INFO] ProjectBuilder:4828 - Project Generator version: 4.4.0-B60
2025-06-26 10:40:52,800 [INFO] ConfigFileManager:1531 - The Die is : DIE413
2025-06-26 10:40:54,676 [INFO] ProjectBuilder:5097 - Time for Generating toolchain IDE Files: 1974mS.
2025-06-26 10:40:54,676 [INFO] ProjectBuilder:3107 - Time for Copy CMSIS : 0mS.
2025-06-26 10:40:54,680 [INFO] ProjectBuilder:3107 - Time for Copy CMSIS : 0mS.
2025-06-26 12:41:12,366 [INFO] WebApp:189 - Connection lost
2025-06-26 15:14:00,863 [INFO] WebApp:186 - Connection restablished
2025-06-26 15:14:01,429 [INFO] WebApp:189 - Connection lost
2025-06-26 15:14:01,703 [INFO] WebApp:186 - Connection restablished
2025-06-26 15:14:04,814 [INFO] WebApp:189 - Connection lost
2025-06-26 15:14:05,117 [INFO] WebApp:186 - Connection restablished
2025-06-26 16:00:27,405 [ERROR] ConfigurationRetriever:142 - IOException on connection: Connect timed out
2025-06-26 16:00:29,409 [ERROR] ConfigurationRetriever:142 - IOException on connection: Connect timed out
2025-06-26 16:00:32,485 [ERROR] ConfigurationRetriever:142 - IOException on connection: Read timed out
2025-06-26 16:00:34,532 [ERROR] LogOutputStream:75 - [STDERR_REDIRECT] 
2025-06-26 16:33:14,521 [INFO] Activator:176 - 


2025-06-26 16:33:14,523 [INFO] Activator:177 - !SESSION log4j initialized
2025-06-26 16:33:21,218 [INFO] LogOutputStream:77 - [STDOUT_REDIRECT] 
2025-06-26 16:33:25,688 [INFO] ApplicationProperties:184 - Using Application install path: C:\ST\STM32CubeIDE_1.16.0\STM32CubeIDE\plugins\com.st.stm32cube.common.mx_6.12.0.202406281431
2025-06-26 16:33:25,701 [INFO] DbMcusXml:78 - Set database path to: C:\ST\STM32CubeIDE_1.16.0\STM32CubeIDE\plugins\com.st.stm32cube.common.mx_6.12.0.202406281431\\db\/mcu/
2025-06-26 16:33:25,701 [INFO] ApiDb:274 - Set plugin database path to: C:\ST\STM32CubeIDE_1.16.0\STM32CubeIDE\plugins\com.st.stm32cube.common.mx_6.12.0.202406281431\\db\/plugins/boardmanager/
2025-06-26 16:33:25,701 [WARN] ApiDb:259 - Overriding images path with different value:  => C:\ST\STM32CubeIDE_1.16.0\STM32CubeIDE\plugins\com.st.stm32cube.common.mx_6.12.0.202406281431\\db\/plugins/mcufinder/images/
2025-06-26 16:33:25,708 [INFO] ApiDb:250 - Set database path to: C:\Users\nisha\.stmcufinder\plugins\mcufinder//mcu/
2025-06-26 16:33:25,708 [INFO] DbMcusAds:125 - Set database path to: C:\Users\nisha\.stmcufinder\plugins\mcufinder//mcu/
2025-06-26 16:33:25,711 [INFO] CrossReferenceDbSqlite:203 - Set database path to: C:\Users\nisha\.stmcufinder\plugins\mcufinder//mcu/cs/
2025-06-26 16:33:25,809 [INFO] RulesReader:64 - Compatibility file has been processed (297 Rules)
2025-06-26 16:33:25,877 [INFO] DbMcusXml:78 - Set database path to: C:\ST\STM32CubeIDE_1.16.0\STM32CubeIDE\plugins\com.st.stm32cube.common.mx_6.12.0.202406281431\\db\/mcu/
2025-06-26 16:33:25,877 [INFO] ApiDb:274 - Set plugin database path to: C:\ST\STM32CubeIDE_1.16.0\STM32CubeIDE\plugins\com.st.stm32cube.common.mx_6.12.0.202406281431\\db\/plugins/boardmanager/
2025-06-26 16:33:25,877 [INFO] ApiDb:261 - Set plugin images path to: C:\ST\STM32CubeIDE_1.16.0\STM32CubeIDE\plugins\com.st.stm32cube.common.mx_6.12.0.202406281431\\db\/plugins/mcufinder/images/
2025-06-26 16:33:25,877 [WARN] DbFile:41 - Overriding database path with different value: C:\Users\nisha\.stmcufinder\plugins\mcufinder/ => C:\Users\nisha\.stmcufinder\plugins\mcufinder
2025-06-26 16:33:25,877 [INFO] ApiDb:250 - Set database path to: C:\Users\nisha\.stmcufinder\plugins\mcufinder//mcu/
2025-06-26 16:33:25,877 [WARN] DbFile:41 - Overriding database path with different value: C:\Users\nisha\.stmcufinder\plugins\mcufinder/ => C:\Users\nisha\.stmcufinder\plugins\mcufinder
2025-06-26 16:33:25,877 [INFO] DbMcusAds:125 - Set database path to: C:\Users\nisha\.stmcufinder\plugins\mcufinder//mcu/
2025-06-26 16:33:25,877 [WARN] DbFile:41 - Overriding database path with different value: C:\Users\nisha\.stmcufinder\plugins\mcufinder/ => C:\Users\nisha\.stmcufinder\plugins\mcufinder
2025-06-26 16:33:25,877 [WARN] DbFile:41 - Overriding database path with different value: C:\Users\nisha\.stmcufinder\plugins\mcufinder/ => C:\Users\nisha\.stmcufinder\plugins\mcufinder
2025-06-26 16:33:25,877 [INFO] CrossReferenceDbSqlite:203 - Set database path to: C:\Users\nisha\.stmcufinder\plugins\mcufinder//mcu/cs/
2025-06-26 16:33:25,956 [INFO] MainPanel:268 - HeapMemory: 268435456
2025-06-26 16:33:26,017 [INFO] DbMcusXml:78 - Set database path to: C:\ST\STM32CubeIDE_1.16.0\STM32CubeIDE\plugins\com.st.stm32cube.common.mx_6.12.0.202406281431\\db\/mcu/
2025-06-26 16:33:26,017 [INFO] ApiDb:274 - Set plugin database path to: C:\ST\STM32CubeIDE_1.16.0\STM32CubeIDE\plugins\com.st.stm32cube.common.mx_6.12.0.202406281431\\db\/plugins/boardmanager/
2025-06-26 16:33:26,017 [INFO] ApiDb:261 - Set plugin images path to: C:\ST\STM32CubeIDE_1.16.0\STM32CubeIDE\plugins\com.st.stm32cube.common.mx_6.12.0.202406281431\\db\/plugins/mcufinder/images/
2025-06-26 16:33:26,017 [WARN] DbFile:41 - Overriding database path with different value: C:\Users\nisha\.stmcufinder\plugins\mcufinder/ => C:\Users\nisha\.stmcufinder\plugins\mcufinder
2025-06-26 16:33:26,017 [INFO] ApiDb:250 - Set database path to: C:\Users\nisha\.stmcufinder\plugins\mcufinder//mcu/
2025-06-26 16:33:26,017 [WARN] DbFile:41 - Overriding database path with different value: C:\Users\nisha\.stmcufinder\plugins\mcufinder/ => C:\Users\nisha\.stmcufinder\plugins\mcufinder
2025-06-26 16:33:26,017 [INFO] DbMcusAds:125 - Set database path to: C:\Users\nisha\.stmcufinder\plugins\mcufinder//mcu/
2025-06-26 16:33:26,017 [WARN] DbFile:41 - Overriding database path with different value: C:\Users\nisha\.stmcufinder\plugins\mcufinder/ => C:\Users\nisha\.stmcufinder\plugins\mcufinder
2025-06-26 16:33:26,017 [WARN] DbFile:41 - Overriding database path with different value: C:\Users\nisha\.stmcufinder\plugins\mcufinder/ => C:\Users\nisha\.stmcufinder\plugins\mcufinder
2025-06-26 16:33:26,017 [INFO] CrossReferenceDbSqlite:203 - Set database path to: C:\Users\nisha\.stmcufinder\plugins\mcufinder//mcu/cs/
2025-06-26 16:33:26,030 [INFO] ApplicationProperties:184 - Using Application install path: C:\ST\STM32CubeIDE_1.16.0\STM32CubeIDE\plugins\com.st.stm32cube.common.mx_6.12.0.202406281431
2025-06-26 16:33:26,030 [INFO] PluginManage:196 - Search for loadable plugins [exclusion list=, ]
2025-06-26 16:33:26,030 [INFO] PluginManage:310 - Check plugin analytics
2025-06-26 16:33:26,204 [INFO] AnalyticsPlugin:253 - Accepted Software Licenses: 
2025-06-26 16:33:26,204 [INFO] AnalyticsPlugin:255 - Accepted CMSIS Pack Licenses: 
2025-06-26 16:33:26,204 [INFO] AnalyticsPlugin:257 - Accepted Firmware Licenses: FW.F4.1.28.0
2025-06-26 16:33:26,204 [INFO] PluginManage:359 - Loaded plugin analytics (category:tool,tabindex:-1)
2025-06-26 16:33:26,204 [INFO] PluginManage:310 - Check plugin cadmodel
2025-06-26 16:33:26,224 [INFO] CADModel:105 - Init CAD model plugin
2025-06-26 16:33:26,224 [INFO] PluginManage:359 - Loaded plugin cadmodel (category:power,tabindex:5)
2025-06-26 16:33:26,231 [INFO] PluginManage:310 - Check plugin clock
2025-06-26 16:33:26,247 [INFO] PluginManage:359 - Loaded plugin clock (category:base,tabindex:2)
2025-06-26 16:33:26,247 [INFO] PluginManage:310 - Check plugin ddr
2025-06-26 16:33:26,249 [INFO] PluginManage:359 - Loaded plugin ddr (category:tool,tabindex:6)
2025-06-26 16:33:26,249 [INFO] PluginManage:310 - Check plugin filemanager
2025-06-26 16:33:26,378 [INFO] PluginManage:359 - Loaded plugin filemanager (category:base,tabindex:10)
2025-06-26 16:33:26,378 [INFO] PluginManage:310 - Check plugin ipmanager
2025-06-26 16:33:26,382 [INFO] PluginManage:359 - Loaded plugin ipmanager (category:base,tabindex:5)
2025-06-26 16:33:26,382 [INFO] PluginManage:310 - Check plugin lpbam
2025-06-26 16:33:26,394 [INFO] PluginManage:359 - Loaded plugin lpbam (category:base,tabindex:0)
2025-06-26 16:33:26,394 [INFO] PluginManage:310 - Check plugin memorymap
2025-06-26 16:33:26,426 [INFO] PluginManage:359 - Loaded plugin memorymap (category:base,tabindex:4)
2025-06-26 16:33:26,426 [INFO] PluginManage:310 - Check plugin pinoutandconfiguration
2025-06-26 16:33:26,446 [INFO] PluginManage:359 - Loaded plugin pinoutandconfiguration (category:base,tabindex:1)
2025-06-26 16:33:26,448 [INFO] PluginManage:310 - Check plugin pinoutconfig
2025-06-26 16:33:26,526 [WARN] SupportedApi:132 - Cannot load RTOS API schema: s4s-elt-must-match.1: The content of 'definitions' must match (annotation?, (simpleType | complexType)?, (unique | key | keyref)*)). A problem was found starting at: attribute.
2025-06-26 16:33:26,652 [INFO] PluginManage:359 - Loaded plugin pinoutconfig (category:base,tabindex:0)
2025-06-26 16:33:26,652 [INFO] PluginManage:310 - Check plugin power
2025-06-26 16:33:26,668 [INFO] PluginManage:359 - Loaded plugin power (category:power,tabindex:4)
2025-06-26 16:33:26,668 [INFO] PluginManage:310 - Check plugin projectmanager
2025-06-26 16:33:26,668 [INFO] PluginManage:359 - Loaded plugin projectmanager (category:projectmanager,tabindex:4)
2025-06-26 16:33:26,685 [INFO] PluginManage:310 - Check plugin rif
2025-06-26 16:33:26,701 [INFO] PluginManage:359 - Loaded plugin rif (category:base,tabindex:3)
2025-06-26 16:33:26,701 [INFO] PluginManage:310 - Check plugin thirdparty
2025-06-26 16:33:26,995 [INFO] PluginManage:359 - Loaded plugin thirdparty (category:base,tabindex:-1)
2025-06-26 16:33:26,995 [INFO] PluginManage:310 - Check plugin tools
2025-06-26 16:33:26,995 [WARN] IntegrityCheckThread:84 - waiting for thirdparty lock release [integrity check]
2025-06-26 16:33:26,995 [INFO] IntegrityCheckThread:86 - entering critical section [integrity check]
2025-06-26 16:33:26,995 [INFO] ThirdPartyUpdaterWithRetryManager:70 - Updater plugin not ready yet. [1/15]
2025-06-26 16:33:27,028 [INFO] PluginManage:359 - Loaded plugin tools (category:base,tabindex:7)
2025-06-26 16:33:27,028 [INFO] PluginManage:310 - Check plugin tutovideos
2025-06-26 16:33:27,164 [INFO] PluginManage:359 - Loaded plugin tutovideos (category:base,tabindex:-1)
2025-06-26 16:33:27,164 [INFO] PluginManage:310 - Check plugin updater
2025-06-26 16:33:27,180 [INFO] PluginManage:359 - Loaded plugin updater (category:base,tabindex:12)
2025-06-26 16:33:27,182 [INFO] PluginManage:310 - Check plugin userauth
2025-06-26 16:33:27,184 [INFO] UserAuth:113 - Init User Auth plugin
2025-06-26 16:33:27,184 [INFO] PluginManage:359 - Loaded plugin userauth (category:base,tabindex:14)
2025-06-26 16:33:27,186 [INFO] PluginManage:283 - PluginManage : Loaded plugins [18]
2025-06-26 16:33:27,346 [INFO] PinOutPanel:1561 - setPackage(No Configuration,No Configuration)
2025-06-26 16:33:27,420 [INFO] CADModel:165 - CPN selected for project level
2025-06-26 16:33:27,420 [INFO] CADModel:114 - Register for checkConnection events
2025-06-26 16:33:27,448 [INFO] IPUIPlugin:80 - create IPUIPlugin
2025-06-26 16:33:27,448 [INFO] PluginManager:220 - loadIPPluginJar : add adc
2025-06-26 16:33:27,480 [INFO] IPUIPlugin:80 - create IPUIPlugin
2025-06-26 16:33:27,480 [INFO] PluginManager:220 - loadIPPluginJar : add aes
2025-06-26 16:33:27,512 [INFO] IPUIPlugin:80 - create IPUIPlugin
2025-06-26 16:33:27,512 [INFO] PluginManager:220 - loadIPPluginJar : add can
2025-06-26 16:33:27,527 [INFO] IPUIPlugin:80 - create IPUIPlugin
2025-06-26 16:33:27,527 [INFO] PluginManager:220 - loadIPPluginJar : add comp
2025-06-26 16:33:27,559 [INFO] IPUIPlugin:80 - create IPUIPlugin
2025-06-26 16:33:27,559 [INFO] PluginManager:220 - loadIPPluginJar : add cryp
2025-06-26 16:33:27,575 [INFO] IPUIPlugin:80 - create IPUIPlugin
2025-06-26 16:33:27,575 [INFO] PluginManager:220 - loadIPPluginJar : add ddr_ctrl_phy
2025-06-26 16:33:27,607 [INFO] IPUIPlugin:80 - create IPUIPlugin
2025-06-26 16:33:27,607 [INFO] PluginManager:220 - loadIPPluginJar : add dfsdm
2025-06-26 16:33:27,621 [INFO] IPUIPlugin:80 - create IPUIPlugin
2025-06-26 16:33:27,621 [INFO] PluginManager:220 - loadIPPluginJar : add dma
2025-06-26 16:33:27,656 [INFO] IPUIPlugin:80 - create IPUIPlugin
2025-06-26 16:33:27,656 [INFO] PluginManager:220 - loadIPPluginJar : add dma3
2025-06-26 16:33:27,696 [INFO] IPUIPlugin:80 - create IPUIPlugin
2025-06-26 16:33:27,696 [INFO] PluginManager:220 - loadIPPluginJar : add extmemmanager
2025-06-26 16:33:27,717 [INFO] IPUIPlugin:80 - create IPUIPlugin
2025-06-26 16:33:27,717 [INFO] PluginManager:220 - loadIPPluginJar : add fatfs
2025-06-26 16:33:27,755 [INFO] IPUIPlugin:80 - create IPUIPlugin
2025-06-26 16:33:27,755 [INFO] PluginManager:220 - loadIPPluginJar : add fmc
2025-06-26 16:33:27,766 [INFO] IPUIPlugin:80 - create IPUIPlugin
2025-06-26 16:33:27,766 [INFO] PluginManager:220 - loadIPPluginJar : add freertos
2025-06-26 16:33:27,788 [INFO] IPUIPlugin:80 - create IPUIPlugin
2025-06-26 16:33:27,788 [INFO] PluginManager:220 - loadIPPluginJar : add genericplugin
2025-06-26 16:33:27,860 [INFO] IPUIPlugin:80 - create IPUIPlugin
2025-06-26 16:33:27,860 [INFO] PluginManager:220 - loadIPPluginJar : add gfxmmu
2025-06-26 16:33:27,973 [INFO] IPUIPlugin:80 - create IPUIPlugin
2025-06-26 16:33:27,973 [INFO] PluginManager:220 - loadIPPluginJar : add gic
2025-06-26 16:33:27,984 [INFO] IPUIPlugin:80 - create IPUIPlugin
2025-06-26 16:33:27,984 [INFO] PluginManager:220 - loadIPPluginJar : add gpio
2025-06-26 16:33:28,050 [INFO] IPUIPlugin:80 - create IPUIPlugin
2025-06-26 16:33:28,050 [INFO] PluginManager:220 - loadIPPluginJar : add gtzc
2025-06-26 16:33:28,084 [INFO] IPUIPlugin:80 - create IPUIPlugin
2025-06-26 16:33:28,084 [INFO] PluginManager:220 - loadIPPluginJar : add hash
2025-06-26 16:33:28,129 [INFO] IPUIPlugin:80 - create IPUIPlugin
2025-06-26 16:33:28,129 [INFO] PluginManager:220 - loadIPPluginJar : add i2c
2025-06-26 16:33:28,161 [INFO] IPUIPlugin:80 - create IPUIPlugin
2025-06-26 16:33:28,162 [INFO] PluginManager:220 - loadIPPluginJar : add i2s
2025-06-26 16:33:28,204 [INFO] IPUIPlugin:80 - create IPUIPlugin
2025-06-26 16:33:28,204 [INFO] PluginManager:220 - loadIPPluginJar : add i3c
2025-06-26 16:33:28,295 [INFO] IPUIPlugin:80 - create IPUIPlugin
2025-06-26 16:33:28,297 [INFO] PluginManager:220 - loadIPPluginJar : add ipddr
2025-06-26 16:33:28,414 [INFO] IPUIPlugin:80 - create IPUIPlugin
2025-06-26 16:33:28,414 [INFO] PluginManager:220 - loadIPPluginJar : add linkedlist
2025-06-26 16:33:28,471 [INFO] IPUIPlugin:80 - create IPUIPlugin
2025-06-26 16:33:28,471 [INFO] PluginManager:220 - loadIPPluginJar : add lorawan
2025-06-26 16:33:28,525 [INFO] IPUIPlugin:80 - create IPUIPlugin
2025-06-26 16:33:28,525 [INFO] PluginManager:220 - loadIPPluginJar : add ltdc
2025-06-26 16:33:28,547 [INFO] IPUIPlugin:80 - create IPUIPlugin
2025-06-26 16:33:28,547 [INFO] PluginManager:220 - loadIPPluginJar : add mdma
2025-06-26 16:33:28,575 [INFO] IPUIPlugin:80 - create IPUIPlugin
2025-06-26 16:33:28,575 [INFO] PluginManager:220 - loadIPPluginJar : add nvic
2025-06-26 16:33:28,611 [INFO] IPUIPlugin:80 - create IPUIPlugin
2025-06-26 16:33:28,611 [INFO] PluginManager:220 - loadIPPluginJar : add opamp
2025-06-26 16:33:28,663 [INFO] IPUIPlugin:80 - create IPUIPlugin
2025-06-26 16:33:28,663 [INFO] PluginManager:220 - loadIPPluginJar : add openamp
2025-06-26 16:33:28,700 [INFO] IPUIPlugin:80 - create IPUIPlugin
2025-06-26 16:33:28,700 [INFO] PluginManager:220 - loadIPPluginJar : add pdm2pcm
2025-06-26 16:33:28,716 [INFO] IPUIPlugin:80 - create IPUIPlugin
2025-06-26 16:33:28,718 [INFO] PluginManager:220 - loadIPPluginJar : add plateformsettings
2025-06-26 16:33:28,740 [INFO] IPUIPlugin:80 - create IPUIPlugin
2025-06-26 16:33:28,740 [INFO] PluginManager:220 - loadIPPluginJar : add quadspi
2025-06-26 16:33:28,766 [INFO] IPUIPlugin:80 - create IPUIPlugin
2025-06-26 16:33:28,766 [INFO] PluginManager:220 - loadIPPluginJar : add radio
2025-06-26 16:33:28,779 [INFO] IPUIPlugin:80 - create IPUIPlugin
2025-06-26 16:33:28,779 [INFO] PluginManager:220 - loadIPPluginJar : add resmgrutility
2025-06-26 16:33:28,821 [INFO] IPUIPlugin:80 - create IPUIPlugin
2025-06-26 16:33:28,821 [INFO] PluginManager:220 - loadIPPluginJar : add sai
2025-06-26 16:33:28,847 [INFO] IPUIPlugin:80 - create IPUIPlugin
2025-06-26 16:33:28,847 [INFO] PluginManager:220 - loadIPPluginJar : add spi
2025-06-26 16:33:28,958 [INFO] IPUIPlugin:80 - create IPUIPlugin
2025-06-26 16:33:28,958 [INFO] PluginManager:220 - loadIPPluginJar : add stm32_wpan
2025-06-26 16:33:28,991 [INFO] IPUIPlugin:80 - create IPUIPlugin
2025-06-26 16:33:28,991 [INFO] PluginManager:220 - loadIPPluginJar : add tim
2025-06-26 16:33:29,054 [INFO] IPUIPlugin:80 - create IPUIPlugin
2025-06-26 16:33:29,054 [INFO] PluginManager:220 - loadIPPluginJar : add touchsensing
2025-06-26 16:33:29,069 [INFO] IPUIPlugin:80 - create IPUIPlugin
2025-06-26 16:33:29,069 [INFO] PluginManager:220 - loadIPPluginJar : add tracer_emb
2025-06-26 16:33:29,099 [INFO] IPUIPlugin:80 - create IPUIPlugin
2025-06-26 16:33:29,099 [INFO] PluginManager:220 - loadIPPluginJar : add ts
2025-06-26 16:33:29,117 [INFO] IPUIPlugin:80 - create IPUIPlugin
2025-06-26 16:33:29,117 [INFO] PluginManager:220 - loadIPPluginJar : add tsc
2025-06-26 16:33:29,136 [INFO] IPUIPlugin:80 - create IPUIPlugin
2025-06-26 16:33:29,136 [INFO] PluginManager:220 - loadIPPluginJar : add ucpd
2025-06-26 16:33:29,191 [INFO] IPUIPlugin:80 - create IPUIPlugin
2025-06-26 16:33:29,191 [INFO] PluginManager:220 - loadIPPluginJar : add usart
2025-06-26 16:33:29,224 [INFO] IPUIPlugin:80 - create IPUIPlugin
2025-06-26 16:33:29,224 [INFO] PluginManager:220 - loadIPPluginJar : add usbx
2025-06-26 16:33:29,337 [INFO] CADModel:165 - CPN selected for project level
2025-06-26 16:33:29,337 [INFO] CADModel:114 - Register for checkConnection events
2025-06-26 16:33:29,337 [FATAL] Updater:334 - Updater called before beeing initialized
2025-06-26 16:33:29,337 [ERROR] CADModel:125 - Updater not yet initialized, retry later 
2025-06-26 16:33:29,471 [INFO] CADModel:165 - CPN selected for project level
2025-06-26 16:33:29,471 [INFO] CADModel:114 - Register for checkConnection events
2025-06-26 16:33:29,471 [FATAL] Updater:334 - Updater called before beeing initialized
2025-06-26 16:33:29,471 [ERROR] CADModel:125 - Updater not yet initialized, retry later 
2025-06-26 16:33:29,472 [FATAL] Updater:334 - Updater called before beeing initialized
2025-06-26 16:33:29,569 [FATAL] Updater:334 - Updater called before beeing initialized
2025-06-26 16:33:29,581 [INFO] DbMcusAds:53 - JSON generation date=Thu Jun 19 14:02:34 IST 2025 (1750321954415)
2025-06-26 16:33:29,581 [FATAL] Updater:334 - Updater called before beeing initialized
2025-06-26 16:33:29,613 [WARN] DetailPanel:346 - Failed to get advertising image, set to default
2025-06-26 16:33:29,721 [FATAL] Updater:334 - Updater called before beeing initialized
2025-06-26 16:33:29,723 [FATAL] Updater:334 - Updater called before beeing initialized
2025-06-26 16:33:29,723 [FATAL] Updater:334 - Updater called before beeing initialized
2025-06-26 16:33:29,723 [WARN] DetailPanel:346 - Failed to get advertising image, set to default
2025-06-26 16:33:29,723 [FATAL] Updater:334 - Updater called before beeing initialized
2025-06-26 16:33:29,773 [ERROR] Updater:1164 - MainUpdater not yet initialized. External WinMGr cannot be set.
2025-06-26 16:33:29,783 [INFO] Updater:1100 - Updater Version found : 6.12.0
2025-06-26 16:33:29,799 [INFO] ApplicationProperties:184 - Using Application install path: C:\ST\STM32CubeIDE_1.16.0\STM32CubeIDE\plugins\com.st.stm32cube.common.mx_6.12.0.202406281431
2025-06-26 16:33:30,007 [INFO] ThirdPartyUpdaterWithRetryManager:70 - Updater plugin not ready yet. [2/15]
2025-06-26 16:33:31,423 [ERROR] LogOutputStream:75 - [STDERR_REDIRECT] Jun 26, 2025 4:33:31 PM java.util.prefs.WindowsPreferences <init>
2025-06-26 16:33:31,425 [ERROR] LogOutputStream:75 - [STDERR_REDIRECT] WARNING: Could not open/create prefs root node Software\JavaSoft\Prefs at root 0xffffffff80000002. Windows RegCreateKeyEx(...) returned error code 5.
2025-06-26 16:33:31,425 [ERROR] LogOutputStream:75 - [STDERR_REDIRECT] 
2025-06-26 16:33:32,022 [INFO] MainUpdater:2873 - connection check result : 10
2025-06-26 16:33:32,022 [INFO] MainUpdater:290 - Updater Check For Update Now.
2025-06-26 16:33:32,022 [INFO] MicroXplorer:498 - Change Database Version : DB.6.0.120
2025-06-26 16:33:32,053 [INFO] McuFinderGlobals:63 - Set McuFinder mode to 2 (CubeIDE integrated)
2025-06-26 16:33:32,058 [INFO] UserAuth:417 - Internet connection configuration mode: 1
2025-06-26 16:33:32,085 [INFO] JxBrowserEngine:152 - Initiate JxBrowser Engine with user profile folder
2025-06-26 16:33:32,231 [INFO] CheckServerUpdateThread:120 - End of CheckServer Thread
2025-06-26 16:33:33,210 [WARN] PackLoader:240 - Cannot read IP mode file for STMicroelectronics.FP-SNS-MOTENVWB1.1.4.0
2025-06-26 16:33:33,214 [WARN] PackLoader:240 - Cannot read IP mode file for STMicroelectronics.X-CUBE-SMBUS.2.1.0
2025-06-26 16:33:33,230 [WARN] PackLoader:240 - Cannot read IP mode file for STMicroelectronics.X-CUBE-WB05N.1.1.0
2025-06-26 16:33:33,254 [ERROR] Engine:466 - C:\Users\nisha\.stm32cubemx\thirdparties\pdsc\STMicroelectronics.X-CUBE-ST60.1.0.0.pdsc: PDSC version is not supported
2025-06-26 16:33:33,291 [WARN] PackLoader:240 - Cannot read IP mode file for STMicroelectronics.X-CUBE-AZRTOS-F7.1.1.0
2025-06-26 16:33:33,364 [WARN] PackLoader:240 - Cannot read IP mode file for STMicroelectronics.X-CUBE-MEMS1.11.0.0
2025-06-26 16:33:33,474 [WARN] PackLoader:240 - Cannot read IP mode file for STMicroelectronics.FP-SNS-FLIGHT1.5.0.2
2025-06-26 16:33:33,498 [WARN] PackLoader:240 - Cannot read IP mode file for STMicroelectronics.X-CUBE-DISPLAY.3.0.0
2025-06-26 16:33:33,514 [WARN] PackLoader:240 - Cannot read IP mode file for STMicroelectronics.X-CUBE-BLE1.7.0.0
2025-06-26 16:33:33,529 [WARN] PackLoader:240 - Cannot read IP mode file for STMicroelectronics.X-CUBE-NFC10.1.0.0
2025-06-26 16:33:33,548 [WARN] PackLoader:240 - Cannot read IP mode file for emotas.I-CUBE-CANOPEN.1.3.0
2025-06-26 16:33:33,561 [WARN] PackLoader:240 - Cannot read IP mode file for STMicroelectronics.X-CUBE-BLEMGR.3.1.0
2025-06-26 16:33:33,579 [WARN] PackLoader:240 - Cannot read IP mode file for STMicroelectronics.FP-SNS-SMARTAG2.1.2.0
2025-06-26 16:33:33,593 [ERROR] Engine:466 - C:\Users\nisha\.stm32cubemx\thirdparties\pdsc\STMicroelectronics.FP-SNS-FLIGHT1.5.1.0.pdsc: PDSC version is not supported
2025-06-26 16:33:33,630 [INFO] LogOutputStream:77 - [STDOUT_REDIRECT] 1 : Invalid condition id : UX_CORESTACK_Condition cause : null
2025-06-26 16:33:33,634 [INFO] LogOutputStream:77 - [STDOUT_REDIRECT] 1 : Invalid condition id : UX_CORESTACK_Condition cause : null
2025-06-26 16:33:33,636 [INFO] LogOutputStream:77 - [STDOUT_REDIRECT] 1 : Invalid condition id : UX_CORESTACK_Condition cause : null
2025-06-26 16:33:33,640 [INFO] LogOutputStream:77 - [STDOUT_REDIRECT] 1 : Invalid condition id : UX_CORESTACK_Condition cause : null
2025-06-26 16:33:33,644 [INFO] LogOutputStream:77 - [STDOUT_REDIRECT] 1 : Invalid condition id : UX_CORESTACK_Condition cause : null
2025-06-26 16:33:33,649 [WARN] PackLoader:240 - Cannot read IP mode file for STMicroelectronics.X-CUBE-AZRTOS-WL.2.0.0
2025-06-26 16:33:33,692 [WARN] PackLoader:240 - Cannot read IP mode file for STMicroelectronics.FP-SNS-MOTENV1.5.0.0
2025-06-26 16:33:33,710 [WARN] PackLoader:240 - Cannot read IP mode file for wolfSSL.I-CUBE-wolfMQTT.1.19.0
2025-06-26 16:33:33,719 [WARN] PackLoader:240 - Cannot read IP mode file for WES.I-CUBE-Cesium.1.3.0
2025-06-26 16:33:33,735 [WARN] PackLoader:240 - Cannot read IP mode file for STMicroelectronics.X-CUBE-BLE2.3.3.0
2025-06-26 16:33:33,751 [WARN] PackLoader:240 - Cannot read IP mode file for STMicroelectronics.X-CUBE-NFC9.1.0.0
2025-06-26 16:33:33,771 [WARN] PackLoader:240 - Cannot read IP mode file for STMicroelectronics.X-CUBE-BLE1.7.1.0
2025-06-26 16:33:33,782 [WARN] PackLoader:240 - Cannot read IP mode file for STMicroelectronics.X-CUBE-TCPP.4.1.0
2025-06-26 16:33:33,798 [WARN] PackLoader:240 - Cannot read IP mode file for STMicroelectronics.X-CUBE-AI.10.1.0
2025-06-26 16:33:33,833 [WARN] PackLoader:240 - Cannot read IP mode file for STMicroelectronics.X-CUBE-AZRTOS-G0.1.1.0
2025-06-26 16:33:33,845 [WARN] PackLoader:240 - Cannot read IP mode file for STMicroelectronics.X-CUBE-SAFEA1.1.2.2
2025-06-26 16:33:33,861 [WARN] PackLoader:240 - Cannot read IP mode file for STMicroelectronics.X-CUBE-NFC4.3.0.0
2025-06-26 16:33:33,876 [WARN] PackLoader:240 - Cannot read IP mode file for EmbeddedOffice.I-CUBE-FS-RTOS.1.0.1
2025-06-26 16:33:33,876 [ERROR] ConditionMgr:805 - Attr not supported : Dmpu
2025-06-26 16:33:33,876 [ERROR] ConditionMgr:805 - Attr not supported : Dmpu
2025-06-26 16:33:33,876 [ERROR] ConditionMgr:805 - Attr not supported : Dmpu
2025-06-26 16:33:33,876 [ERROR] ConditionMgr:805 - Attr not supported : Dmpu
2025-06-26 16:33:33,876 [ERROR] ConditionMgr:805 - Attr not supported : Dmpu
2025-06-26 16:33:33,876 [ERROR] ConditionMgr:805 - Attr not supported : Dmpu
2025-06-26 16:33:33,876 [ERROR] ConditionMgr:805 - Attr not supported : Dmpu
2025-06-26 16:33:33,876 [ERROR] ConditionMgr:805 - Attr not supported : Dmpu
2025-06-26 16:33:33,876 [ERROR] ConditionMgr:805 - Attr not supported : Dmpu
2025-06-26 16:33:33,876 [ERROR] ConditionMgr:805 - Attr not supported : Dmpu
2025-06-26 16:33:33,876 [ERROR] ConditionMgr:805 - Attr not supported : Dmpu
2025-06-26 16:33:33,876 [ERROR] ConditionMgr:805 - Attr not supported : Dmpu
2025-06-26 16:33:33,876 [ERROR] ConditionMgr:805 - Attr not supported : Dmpu
2025-06-26 16:33:33,876 [ERROR] ConditionMgr:805 - Attr not supported : Dmpu
2025-06-26 16:33:33,876 [ERROR] ConditionMgr:805 - Attr not supported : Dmpu
2025-06-26 16:33:33,876 [ERROR] ConditionMgr:805 - Attr not supported : Dmpu
2025-06-26 16:33:33,876 [ERROR] ConditionMgr:805 - Attr not supported : Dmpu
2025-06-26 16:33:33,876 [ERROR] ConditionMgr:805 - Attr not supported : Dmpu
2025-06-26 16:33:33,876 [ERROR] ConditionMgr:805 - Attr not supported : Dmpu
2025-06-26 16:33:33,876 [ERROR] ConditionMgr:805 - Attr not supported : Dmpu
2025-06-26 16:33:33,876 [ERROR] ConditionMgr:805 - Attr not supported : Dmpu
2025-06-26 16:33:33,876 [ERROR] ConditionMgr:805 - Attr not supported : Dmpu
2025-06-26 16:33:33,876 [ERROR] ConditionMgr:805 - Attr not supported : Dmpu
2025-06-26 16:33:33,876 [ERROR] ConditionMgr:805 - Attr not supported : Dmpu
2025-06-26 16:33:33,876 [ERROR] ConditionMgr:805 - Attr not supported : Dmpu
2025-06-26 16:33:33,876 [ERROR] ConditionMgr:805 - Attr not supported : Dmpu
2025-06-26 16:33:33,876 [ERROR] ConditionMgr:805 - Attr not supported : Dmpu
2025-06-26 16:33:33,876 [ERROR] ConditionMgr:805 - Attr not supported : Dmpu
2025-06-26 16:33:33,876 [ERROR] ConditionMgr:805 - Attr not supported : Dmpu
2025-06-26 16:33:33,876 [ERROR] ConditionMgr:805 - Attr not supported : Dmpu
2025-06-26 16:33:33,876 [ERROR] ConditionMgr:805 - Attr not supported : Dmpu
2025-06-26 16:33:33,876 [ERROR] ConditionMgr:805 - Attr not supported : Dmpu
2025-06-26 16:33:33,876 [ERROR] ConditionMgr:805 - Attr not supported : Dmpu
2025-06-26 16:33:33,876 [ERROR] ConditionMgr:805 - Attr not supported : Dmpu
2025-06-26 16:33:33,876 [ERROR] ConditionMgr:805 - Attr not supported : Dmpu
2025-06-26 16:33:33,876 [ERROR] ConditionMgr:805 - Attr not supported : Dmpu
2025-06-26 16:33:33,876 [ERROR] ConditionMgr:805 - Attr not supported : Dmpu
2025-06-26 16:33:33,876 [ERROR] ConditionMgr:805 - Attr not supported : Dmpu
2025-06-26 16:33:33,876 [ERROR] ConditionMgr:805 - Attr not supported : Dmpu
2025-06-26 16:33:33,892 [ERROR] ConditionMgr:805 - Attr not supported : Dmpu
2025-06-26 16:33:33,892 [ERROR] ConditionMgr:805 - Attr not supported : Dmpu
2025-06-26 16:33:33,892 [ERROR] ConditionMgr:805 - Attr not supported : Dmpu
2025-06-26 16:33:33,892 [ERROR] ConditionMgr:805 - Attr not supported : Dmpu
2025-06-26 16:33:33,892 [ERROR] ConditionMgr:805 - Attr not supported : Dmpu
2025-06-26 16:33:33,892 [ERROR] ConditionMgr:805 - Attr not supported : Dmpu
2025-06-26 16:33:33,892 [ERROR] ConditionMgr:805 - Attr not supported : Dmpu
2025-06-26 16:33:33,892 [ERROR] ConditionMgr:805 - Attr not supported : Dmpu
2025-06-26 16:33:33,892 [ERROR] ConditionMgr:805 - Attr not supported : Dmpu
2025-06-26 16:33:33,892 [ERROR] ConditionMgr:805 - Attr not supported : Dmpu
2025-06-26 16:33:33,892 [ERROR] ConditionMgr:805 - Attr not supported : Dmpu
2025-06-26 16:33:33,892 [ERROR] ConditionMgr:805 - Attr not supported : Dmpu
2025-06-26 16:33:33,892 [ERROR] ConditionMgr:805 - Attr not supported : Dmpu
2025-06-26 16:33:33,892 [ERROR] ConditionMgr:805 - Attr not supported : Dmpu
2025-06-26 16:33:33,892 [ERROR] ConditionMgr:805 - Attr not supported : Dmpu
2025-06-26 16:33:33,892 [ERROR] ConditionMgr:805 - Attr not supported : Dmpu
2025-06-26 16:33:33,892 [ERROR] ConditionMgr:805 - Attr not supported : Dmpu
2025-06-26 16:33:33,892 [ERROR] ConditionMgr:805 - Attr not supported : Dmpu
2025-06-26 16:33:33,892 [ERROR] ConditionMgr:805 - Attr not supported : Dmpu
2025-06-26 16:33:33,892 [ERROR] ConditionMgr:805 - Attr not supported : Dmpu
2025-06-26 16:33:33,892 [ERROR] ConditionMgr:805 - Attr not supported : Dmpu
2025-06-26 16:33:33,892 [ERROR] ConditionMgr:805 - Attr not supported : Dmpu
2025-06-26 16:33:33,892 [ERROR] ConditionMgr:805 - Attr not supported : Dmpu
2025-06-26 16:33:33,892 [ERROR] ConditionMgr:805 - Attr not supported : Dmpu
2025-06-26 16:33:33,892 [ERROR] ConditionMgr:805 - Attr not supported : Dmpu
2025-06-26 16:33:33,892 [WARN] PackLoader:240 - Cannot read IP mode file for STMicroelectronics.X-CUBE-WB05N.2.0.0
2025-06-26 16:33:33,931 [ERROR] Engine:466 - C:\Users\nisha\.stm32cubemx\thirdparties\pdsc\STMicroelectronics.X-CUBE-TCPP.4.2.0.pdsc: PDSC version is not supported
2025-06-26 16:33:33,950 [WARN] PackLoader:240 - Cannot read IP mode file for RealThread.X-CUBE-RT-Thread_Nano.4.1.1
2025-06-26 16:33:33,955 [WARN] PackLoader:240 - Cannot read IP mode file for wolfSSL.I-CUBE-wolfSSL.5.7.0
2025-06-26 16:33:33,988 [WARN] PackLoader:240 - Cannot read IP mode file for STMicroelectronics.FP-ATR-SIGFOX1.3.2.0
2025-06-26 16:33:34,002 [WARN] ConditionMgr:438 - getConditionDescription Invalid condition id : Cortex-A Device cause : null
2025-06-26 16:33:34,018 [WARN] ConditionMgr:1039 - genDependencies : Invalid condition id : Cortex-A Device cause : null
2025-06-26 16:33:34,018 [WARN] ConditionMgr:1039 - genDependencies : Invalid condition id : Cortex-A Device cause : null
2025-06-26 16:33:34,018 [WARN] ConditionMgr:1039 - genDependencies : Invalid condition id : Cortex-A Device cause : null
2025-06-26 16:33:34,034 [WARN] PackLoader:240 - Cannot read IP mode file for STMicroelectronics.X-CUBE-EEPRMA1.5.1.0
2025-06-26 16:33:34,049 [WARN] PackLoader:240 - Cannot read IP mode file for ITTIA_DB.I-CUBE-ITTIADB.8.9.0
2025-06-26 16:33:34,065 [ERROR] Engine:466 - C:\Users\nisha\.stm32cubemx\thirdparties\pdsc\STMicroelectronics.X-CUBE-ST67W61.1.0.0.pdsc: PDSC version is not supported
2025-06-26 16:33:34,112 [WARN] PackLoader:240 - Cannot read IP mode file for SEGGER.I-CUBE-embOS.1.3.1
2025-06-26 16:33:34,160 [WARN] PackLoader:240 - Cannot read IP mode file for STMicroelectronics.X-CUBE-ALGOBUILD.1.4.0
2025-06-26 16:33:34,210 [WARN] PackLoader:240 - Cannot read IP mode file for STMicroelectronics.X-CUBE-MEMS1.11.3.0
2025-06-26 16:33:34,347 [WARN] PackLoader:240 - Cannot read IP mode file for STMicroelectronics.X-CUBE-AI.9.1.0
2025-06-26 16:33:34,366 [WARN] PackLoader:240 - Cannot read IP mode file for STMicroelectronics.X-CUBE-PM33A1.1.0.0
2025-06-26 16:33:34,381 [WARN] PackLoader:240 - Cannot read IP mode file for STMicroelectronics.X-CUBE-GNSS1.6.0.0
2025-06-26 16:33:34,411 [WARN] PackLoader:240 - Cannot read IP mode file for STMicroelectronics.X-CUBE-AZRTOS-F4.1.1.0
2025-06-26 16:33:34,413 [ERROR] Engine:466 - C:\Users\nisha\.stm32cubemx\thirdparties\pdsc\Avnet-IotConnect.X-CUBE-IoTC-DA16k-PMOD.1.0.0.pdsc: PDSC version is not supported
2025-06-26 16:33:34,428 [WARN] PackLoader:240 - Cannot read IP mode file for STMicroelectronics.X-CUBE-ISPU.2.1.0
2025-06-26 16:33:34,444 [WARN] PackLoader:240 - Cannot read IP mode file for STMicroelectronics.X-CUBE-FREERTOS.1.2.0
2025-06-26 16:33:34,468 [WARN] PackLoader:240 - Cannot read IP mode file for STMicroelectronics.X-CUBE-AZRTOS-L5.2.0.0
2025-06-26 16:33:34,476 [WARN] PackLoader:240 - Cannot read IP mode file for STMicroelectronics.X-CUBE-NFC6.3.1.0
2025-06-26 16:33:34,500 [WARN] PackLoader:240 - Cannot read IP mode file for STMicroelectronics.X-CUBE-DPower.1.2.0
2025-06-26 16:33:34,511 [WARN] PackLoader:240 - Cannot read IP mode file for STMicroelectronics.X-CUBE-AI.9.0.0
2025-06-26 16:33:34,523 [WARN] PackLoader:240 - Cannot read IP mode file for STMicroelectronics.X-CUBE-FREERTOS.1.3.1
2025-06-26 16:33:34,539 [WARN] PackLoader:240 - Cannot read IP mode file for STMicroelectronics.X-CUBE-NFC7.1.0.1
2025-06-26 16:33:34,554 [WARN] PackLoader:240 - Cannot read IP mode file for wolfSSL.I-CUBE-wolfTPM.3.2.0
2025-06-26 16:33:34,570 [ERROR] Engine:466 - C:\Users\nisha\.stm32cubemx\thirdparties\pdsc\STMicroelectronics.FP-SNS-STAIOTCFT.1.0.0.pdsc: PDSC version is not supported
2025-06-26 16:33:34,595 [WARN] PackLoader:240 - Cannot read IP mode file for STMicroelectronics.X-CUBE-DPower.1.3.0
2025-06-26 16:33:34,617 [WARN] ConditionMgr:438 - getConditionDescription Invalid condition id : LAN8742 Phy interface Condition cause : null
2025-06-26 16:33:34,617 [WARN] PackLoader:240 - Cannot read IP mode file for STMicroelectronics.X-CUBE-AZRTOS-L4.2.0.0
2025-06-26 16:33:34,617 [WARN] ConditionMgr:1039 - genDependencies : Invalid condition id : LAN8742 Phy interface Condition cause : null
2025-06-26 16:33:34,617 [WARN] ConditionMgr:1039 - genDependencies : Invalid condition id : LAN8742 Phy interface Condition cause : null
2025-06-26 16:33:34,617 [WARN] ConditionMgr:1039 - genDependencies : Invalid condition id : LAN8742 Phy interface Condition cause : null
2025-06-26 16:33:34,639 [WARN] PackLoader:240 - Cannot read IP mode file for STMicroelectronics.X-CUBE-SFXS2LP1.4.0.0
2025-06-26 16:33:34,664 [WARN] PackLoader:240 - Cannot read IP mode file for STMicroelectronics.X-CUBE-AZRTOS-H7.3.3.0
2025-06-26 16:33:34,681 [WARN] PackLoader:240 - Cannot read IP mode file for STMicroelectronics.X-CUBE-IPS.3.0.0
2025-06-26 16:33:34,712 [WARN] ConditionMgr:438 - getConditionDescription Invalid condition id : UX DEVICE CLASS RTOS Condition cause : null
2025-06-26 16:33:34,712 [WARN] ConditionMgr:438 - getConditionDescription Invalid condition id : UX DEVICE CLASS RTOS Condition cause : null
2025-06-26 16:33:34,712 [WARN] PackLoader:240 - Cannot read IP mode file for STMicroelectronics.X-CUBE-AZRTOS-WB.2.0.0
2025-06-26 16:33:34,712 [WARN] ConditionMgr:1039 - genDependencies : Invalid condition id : UX DEVICE CLASS RTOS Condition cause : null
2025-06-26 16:33:34,712 [WARN] ConditionMgr:1039 - genDependencies : Invalid condition id : UX DEVICE CLASS RTOS Condition cause : null
2025-06-26 16:33:34,712 [WARN] ConditionMgr:1039 - genDependencies : Invalid condition id : UX DEVICE CLASS RTOS Condition cause : null
2025-06-26 16:33:34,712 [WARN] ConditionMgr:1039 - genDependencies : Invalid condition id : UX DEVICE CLASS RTOS Condition cause : null
2025-06-26 16:33:34,712 [WARN] ConditionMgr:1039 - genDependencies : Invalid condition id : UX DEVICE CLASS RTOS Condition cause : null
2025-06-26 16:33:34,728 [WARN] PackLoader:240 - Cannot read IP mode file for STMicroelectronics.X-CUBE-GNSS1.7.0.0
2025-06-26 16:33:34,728 [WARN] PackLoader:240 - Cannot read IP mode file for STMicroelectronics.X-CUBE-GNSS1.7.0.1
2025-06-26 16:33:34,759 [WARN] PackLoader:240 - Cannot read IP mode file for STMicroelectronics.X-CUBE-TOUCHGFX.4.25.0
2025-06-26 16:33:34,766 [WARN] PackLoader:240 - Cannot read IP mode file for STMicroelectronics.FP-SNS-STBOX1.2.0.0
2025-06-26 16:33:34,804 [WARN] PackLoader:240 - Cannot read IP mode file for STMicroelectronics.X-CUBE-SUBG2.5.0.0
2025-06-26 16:33:34,852 [WARN] PackLoader:240 - Cannot read IP mode file for STMicroelectronics.X-CUBE-AZRTOS-H7RS.1.1.0
2025-06-26 16:33:34,881 [WARN] PackLoader:240 - Cannot read IP mode file for Cesanta.I-CUBE-Mongoose.7.13.0
2025-06-26 16:33:34,914 [WARN] PackLoader:240 - Cannot read IP mode file for STMicroelectronics.X-CUBE-AZRTOS-G4.2.0.0
2025-06-26 16:33:34,938 [WARN] PackLoader:240 - Cannot read IP mode file for STMicroelectronics.X-CUBE-NFC7.2.0.0
2025-06-26 16:33:34,958 [WARN] PackLoader:240 - Cannot read IP mode file for STMicroelectronics.X-CUBE-ISPU.2.0.0
2025-06-26 16:33:34,969 [ERROR] Engine:466 - C:\Users\nisha\.stm32cubemx\thirdparties\pdsc\STMicroelectronics.X-CUBE-IPS.3.1.0.pdsc: PDSC version is not supported
2025-06-26 16:33:34,985 [WARN] PackLoader:240 - Cannot read IP mode file for STMicroelectronics.X-CUBE-ALS.1.0.2
2025-06-26 16:33:35,036 [WARN] PackLoader:240 - Cannot read IP mode file for STMicroelectronics.X-CUBE-MEMS1.10.0.0
2025-06-26 16:33:35,096 [WARN] PackLoader:240 - Cannot read IP mode file for STMicroelectronics.X-CUBE-TOUCHGFX.4.24.0
2025-06-26 16:33:35,111 [WARN] PackLoader:240 - Cannot read IP mode file for STMicroelectronics.X-CUBE-TOUCHGFX.4.24.1
2025-06-26 16:33:35,127 [WARN] PackLoader:240 - Cannot read IP mode file for portGmbH.I-Cube-SoM-uGOAL.1.1.0
2025-06-26 16:33:35,143 [WARN] PackLoader:240 - Cannot read IP mode file for STMicroelectronics.X-CUBE-AZRTOS-H7RS.1.0.0
2025-06-26 16:33:35,159 [WARN] PackLoader:240 - Cannot read IP mode file for STMicroelectronics.FP-ATR-ASTRA1.2.0.0
2025-06-26 16:33:35,175 [WARN] PackLoader:240 - Cannot read IP mode file for STMicroelectronics.X-CUBE-TOF1.3.4.2
2025-06-26 16:33:35,206 [ERROR] Engine:466 - C:\Users\nisha\.stm32cubemx\thirdparties\pdsc\STMicroelectronics.X-CUBE-TOF1.3.4.3.pdsc: PDSC version is not supported
2025-06-26 16:33:35,222 [WARN] PackLoader:240 - Cannot read IP mode file for STMicroelectronics.X-CUBE-TOF1.3.4.1
2025-06-26 16:33:35,251 [WARN] PackLoader:240 - Cannot read IP mode file for STMicroelectronics.X-CUBE-AZRTOS-H7.3.2.0
2025-06-26 16:33:35,275 [WARN] PackLoader:240 - Cannot read IP mode file for Infineon.AIROC-Wi-Fi-Bluetooth-STM32.1.6.0
2025-06-26 16:33:35,291 [WARN] PackLoader:240 - Cannot read IP mode file for wolfSSL.I-CUBE-wolfSSH.1.4.17
2025-06-26 16:33:35,291 [INFO] ThirdParty:978 - Integrity check success = true
2025-06-26 16:33:35,291 [INFO] IntegrityCheckThread:100 - exiting critical section [integrity check]
2025-06-26 16:33:35,291 [INFO] IntegrityCheckThread:103 - End integrity checks thread
2025-06-26 16:33:35,611 [INFO] WebApp:167 - Instantiating new browser for Auth
2025-06-26 16:33:36,277 [INFO] WebApp:448 - Apply proxy settings
2025-06-26 16:33:36,277 [INFO] WebApp:533 - Chromium requires no authentication
2025-06-26 16:33:36,279 [INFO] WebApp:476 - Direct internet connection detected
2025-06-26 16:33:36,301 [INFO] WebApp:869 - Register for checkConnection events
2025-06-26 16:33:36,301 [INFO] WebApp:448 - Apply proxy settings
2025-06-26 16:33:36,302 [INFO] WebApp:533 - Chromium requires no authentication
2025-06-26 16:33:36,302 [INFO] WebApp:476 - Direct internet connection detected
2025-06-26 16:33:36,420 [INFO] WebApp:220 - Starting web application
2025-06-26 16:33:36,420 [INFO] WebApp:578 - Web application path used C:\ST\STM32CubeIDE_1.16.0\STM32CubeIDE\plugins\com.st.stm32cube.common.mx_6.12.0.202406281431\db\plugins\mcufinder\reactClient1\index.html
2025-06-26 16:33:36,541 [INFO] UserAuth:417 - Internet connection configuration mode: 1
2025-06-26 16:33:37,283 [INFO] McuFinderGlobals:63 - Set McuFinder mode to 2 (CubeIDE integrated)
2025-06-26 16:33:37,319 [INFO] MainUpdater:2873 - connection check result : 10
2025-06-26 16:33:37,413 [INFO] WebApp:186 - Connection restablished
2025-06-26 16:33:37,966 [INFO] ApiDb:581 - Connected to CubeFinder SQLite database (C:\Users\nisha\.stmcufinder\plugins\mcufinder\mcu\cube-finder-db.db)
2025-06-26 16:33:38,042 [INFO] ApiDb:668 - CubeFinder database Data Model version=2.1
2025-06-26 16:33:38,043 [INFO] ApiDb:669 - CubeFinder database Configuration version=3.0.39
2025-06-26 16:33:38,044 [INFO] ApiDb:670 - CubeFinder database generation date=2025-06-16 (1750072209)
2025-06-26 16:33:38,045 [INFO] ApiDb:671 - CubeFinder database FW Pack versions=[FP-ATR-ASTRA1_V2.0.0, FP-SNS-FLIGHT1_V5.1.0, FP-SNS-MOTENV1_V5.0.0, FP-SNS-MOTENVWB1_V1.4.0, FP-SNS-SMARTAG2_V1.2.0, FP-SNS-STBOX1_V2.0.0, STM32Cube_FW_C0_V1.4.0, STM32Cube_FW_F4_V1.28.2, STM32Cube_FW_F7_V1.17.3, STM32Cube_FW_G0_V1.6.2, STM32Cube_FW_G4_V1.6.1, STM32Cube_FW_H5_V1.5.0, STM32Cube_FW_H7RS_V1.2.0, STM32Cube_FW_H7_V1.12.1, STM32Cube_FW_L0_V1.12.2, STM32Cube_FW_L4_V1.18.1, STM32Cube_FW_L5_V1.5.1, STM32Cube_FW_N6_V1.1.1, STM32Cube_FW_U0_V1.2.0, STM32Cube_FW_U3_V1.1.0, STM32Cube_FW_U5_V1.7.0, STM32Cube_FW_WB0_V1.2.0, STM32Cube_FW_WBA_V1.6.0, STM32Cube_FW_WB_V1.22.0, STM32Cube_FW_WL3_V1.1.0, STM32Cube_FW_WL_V1.3.1, X-CUBE-ALGOBUILD_V1.4.0, X-CUBE-ALS_V1.0.2, X-CUBE-AZRTOS-F4_V1.1.0, X-CUBE-AZRTOS-F7_V1.1.0, X-CUBE-AZRTOS-G0_V1.1.0, X-CUBE-AZRTOS-G4_V2.0.0, X-CUBE-AZRTOS-H7RS_V1.1.0, X-CUBE-AZRTOS-H7_V3.3.0, X-CUBE-AZRTOS-L4_V2.0.0, X-CUBE-AZRTOS-L5_V2.0.0, X-CUBE-AZRTOS-WB_V2.0.0, X-CUBE-AZRTOS-WL_V2.0.0, X-CUBE-BLE1_V7.1.0, X-CUBE-BLE2_V3.3.0, X-CUBE-BLEMGR_V4.0.0, X-CUBE-EEPRMA1_V5.1.0, X-CUBE-FREERTOS_V1.3.1, X-CUBE-GNSS1_V6.0.0, X-CUBE-MEMS1_V11.3.0, X-CUBE-NFC4_V3.0.0, X-CUBE-NFC7_V2.0.0, X-CUBE-SFXS2LP1_V4.0.0, X-CUBE-SUBG2_V5.0.0, X-CUBE-TOF1_V3.4.3]
2025-06-26 16:33:38,113 [INFO] DbBoardsSqlite:226 - include board P-NUCLEO-WB55-NUCLEO as a kit item of type 'Nucleo-64'
2025-06-26 16:33:38,113 [INFO] DbBoardsSqlite:226 - include board P-NUCLEO-WB55-USBDONGLE as a kit item of type 'Nucleo USB Dongle'
2025-06-26 16:33:38,114 [INFO] DbBoardsSqlite:226 - include board STEVAL-IDP005V1 as a kit item of type 'Evaluation Board'
2025-06-26 16:33:38,114 [INFO] DbBoardsSqlite:226 - include board STEVAL-IDP005V2 as a kit item of type 'Evaluation Board'
2025-06-26 16:33:38,195 [INFO] ApiDb:240 - Found 646 in-development CPN: [B-G473E-ZEST1S, B-WB1M-WPAN1, B-WL5M-SUBG1, NUCLEO-C031C6, NUCLEO-C071RB, NUCLEO-H503RB, NUCLEO-H533RE, NUCLEO-H563ZI, NUCLEO-H7S3L8, NUCLEO-U031R8, NUCLEO-U083RC, NUCLEO-U545RE-Q, NUCLEO-U5A5ZJ-Q, NUCLEO-WB05KZ, NUCLEO-WB07CC, NUCLEO-WB09KE, NUCLEO-WBA52CG, NUCLEO-WBA55CG, STEVAL-PROTEUS1, STEVAL-SMARTAG2, STEVAL-STWINBX1, STM320518-EVAL, STM32C0116-DK, STM32C011D6Y3TR, STM32C011D6Y6TR, STM32C011F4P3, STM32C011F4P6, STM32C011F4U3, STM32C011F4U6TR, STM32C011F6P3, STM32C011F6P6, STM32C011F6U3, STM32C011F6U6TR, STM32C011J4M3, STM32C011J4M6, STM32C011J6M3, STM32C011J6M6, STM32C0316-DK, STM32C031C4T3, STM32C031C4T6, STM32C031C4U3, STM32C031C4U6, STM32C031C6T3, STM32C031C6T6, STM32C031C6U3, STM32C031C6U6, STM32C031F4P3, STM32C031F4P6, STM32C031F6P3, STM32C031F6P6, STM32C031G4U3, STM32C031G4U6, STM32C031G6U3, STM32C031G6U6, STM32C031K4T3, STM32C031K4T6, STM32C031K4U3, STM32C031K4U6, STM32C031K6T3, STM32C031K6T6, STM32C031K6U3, STM32C031K6U6, STM32C071C8T6, STM32C071C8T6N, STM32C071C8U6, STM32C071C8U6N, STM32C071CBT6, STM32C071CBT6N, STM32C071CBU6, STM32C071CBU6N, STM32C071F8P6, STM32C071F8P6N, STM32C071FBP6, STM32C071FBP6N, STM32C071FBY6TR, STM32C071G8U6, STM32C071G8U6N, STM32C071GBU6, STM32C071GBU6N, STM32C071K8T6, STM32C071K8T6N, STM32C071K8U6, STM32C071K8U6N, STM32C071KBT6, STM32C071KBT6N, STM32C071KBU6, STM32C071KBU6N, STM32C071R8T6, STM32C071R8T6N, STM32C071RBI6N, STM32C071RBT6, STM32C071RBT6N, STM32G071K8TXN, STM32G071K8UXN, STM32G081GBU6N, STM32G081KBT6N, STM32G081KBUXN, STM32G0B1CCT6N, STM32G0B1KCT6, STM32G0B1NEY6TR, STM32G0B1RCT6N, STM32G0C1CCT6, STM32G0C1CCT6N, STM32G0C1CCU6N, STM32G0C1CET6N, STM32G0C1CEU6N, STM32G0C1KCT6, STM32G0C1NEY6TR, STM32G0C1RCI6N, STM32G0C1RCT6N, STM32G0C1REI6N, STM32G0C1RET6N, STM32G0C1VCI6, STM32G0C1VEI6, STM32G411C6T3, STM32G411C6T6, STM32G411C6U3, STM32G411C6U6, STM32G411C8T3, STM32G411C8T6, STM32G411C8U3, STM32G411C8U6, STM32G411CBT3, STM32G411CBT6, STM32G411CBU3, STM32G411CBU6, STM32G411K6T3, STM32G411K6T6, STM32G411K6U3, STM32G411K6U6, STM32G411K8T3, STM32G411K8T6, STM32G411K8U3, STM32G411K8U6, STM32G411KBT3, STM32G411KBT6, STM32G411KBU3, STM32G411KBU6, STM32G411M6T3, STM32G411M6T6, STM32G411M8T3, STM32G411M8T6, STM32G411MBT3, STM32G411MBT6, STM32G411R6T3, STM32G411R6T6, STM32G411R8T3, STM32G411R8T6, STM32G411RBT3, STM32G411RBT6, STM32G414CBT3, STM32G414CBT6, STM32G414CBU3, STM32G414CBU6, STM32G414CCT3, STM32G414CCT6, STM32G414CCU3, STM32G414CCU6, STM32G414MBT3, STM32G414MBT6, STM32G414MCT3, STM32G414MCT6, STM32G414RBT3, STM32G414RBT6, STM32G414RCT3, STM32G414RCT6, STM32G414VBT3, STM32G414VBT6, STM32G414VCT3, STM32G414VCT6, STM32G431CBT3Z, STM32G431RBT3Z, STM32G471CCT6, STM32G471CCU6, STM32G471CET3, STM32G471CET6, STM32G471CEU3, STM32G471CEU6, STM32G471MCT6, STM32G471MET3, STM32G471MET6, STM32G471MEY6TR, STM32G471QCT6, STM32G471QET3, STM32G471RCT6, STM32G471RET3, STM32G471RET6, STM32G471VCH6, STM32G471VCI6, STM32G471VCT6, STM32G471VEH3, STM32G471VEH6, STM32G471VEI3, STM32G471VEI6, STM32G471VET3, STM32G471VET6, STM32G473QET3Z, STM32G473RET3Z, STM32G474CCT6, STM32G491RET3Z, STM32H503CBT6, STM32H503CBU6, STM32H503EBY6TR, STM32H503KBU6, STM32H503RBT6, STM32H523CCT6, STM32H523CCU6, STM32H523CET6, STM32H523CEU6, STM32H523HEY6TR, STM32H523RCT6, STM32H523RET6, STM32H523VCI6, STM32H523VCT6, STM32H523VEI6, STM32H523VET6, STM32H523ZCJ6, STM32H523ZCT6, STM32H523ZEJ6, STM32H523ZET6, STM32H533CET6, STM32H533CEU6, STM32H533HEY6TR, STM32H533RET6, STM32H533VEI6, STM32H533VET6, STM32H533ZEJ6, STM32H533ZET6, STM32H562AGI6, STM32H562AII6, STM32H562IGK6, STM32H562IGT6, STM32H562IIK6, STM32H562IIT6, STM32H562RGT6, STM32H562RGV6, STM32H562RIT6, STM32H562RIV6, STM32H562VGT6, STM32H562VIT6, STM32H562ZGT6, STM32H562ZIT6, STM32H563AGI6, STM32H563AII3Q, STM32H563AII6, STM32H563IGK6, STM32H563IGT6, STM32H563IIK3Q, STM32H563IIK6, STM32H563IIT3Q, STM32H563IIT6, STM32H563MIY3QTR, STM32H563RGT6, STM32H563RGV6, STM32H563RIT6, STM32H563RIV6, STM32H563VGT6, STM32H563VIT3Q, STM32H563VIT6, STM32H563ZGT6, STM32H563ZIT3Q, STM32H563ZIT6, STM32H573AII3Q, STM32H573AII6, STM32H573I-DK, STM32H573IIK3Q, STM32H573IIK6, STM32H573IIT3Q, STM32H573IIT6, STM32H573MIY3QTR, STM32H573RIT6, STM32H573RIV6, STM32H573VIT3Q, STM32H573VIT6, STM32H573ZIT3Q, STM32H573ZIT6, STM32H7R3A8I6, STM32H7R3I8K6, STM32H7R3I8T6, STM32H7R3L8H6, STM32H7R3L8H6H, STM32H7R3R8V6, STM32H7R3V8H6, STM32H7R3V8T6, STM32H7R3V8Y6TR, STM32H7R3Z8J6, STM32H7R3Z8T6, STM32H7R7A8I6, STM32H7R7I8K6, STM32H7R7I8T6, STM32H7R7L8H6, STM32H7R7L8H6H, STM32H7R7Z8J6, STM32H7S3A8I6, STM32H7S3I8K6, STM32H7S3I8T6, STM32H7S3L8H6, STM32H7S3L8H6H, STM32H7S3R8V6, STM32H7S3V8H6, STM32H7S3V8T6, STM32H7S3V8Y6TR, STM32H7S3Z8J6, STM32H7S3Z8T6, STM32H7S78-DK, STM32H7S7A8I6, STM32H7S7I8K6, STM32H7S7I8T6, STM32H7S7L8H6, STM32H7S7L8H6H, STM32H7S7Z8J6, STM32L4R5QGI6STR, STM32MP131AAE3, STM32MP131AAF3, STM32MP131AAG3, STM32MP131CAE3, STM32MP131CAF3, STM32MP131CAG3, STM32MP131DAE7, STM32MP131DAF7, STM32MP131DAG7, STM32MP131FAE7, STM32MP131FAF7, STM32MP131FAG7, STM32MP133AAE3, STM32MP133AAF3, STM32MP133AAG3, STM32MP133CAE3, STM32MP133CAF3, STM32MP133CAG3, STM32MP133DAE7, STM32MP133DAF7, STM32MP133DAG7, STM32MP133FAE7, STM32MP133FAF7, STM32MP133FAG7, STM32MP135AAE3, STM32MP135AAF3, STM32MP135AAG3, STM32MP135CAE3, STM32MP135CAF3, STM32MP135CAG3, STM32MP135DAE7, STM32MP135DAF7, STM32MP135DAG7, STM32MP135F-DK, STM32MP135FAE7, STM32MP135FAF7, STM32MP135FAF7T, STM32MP135FAF7U, STM32MP135FAG7, STM32MP251AAI3, STM32MP251AAK3, STM32MP251AAL3, STM32MP251CAI3, STM32MP251CAK3, STM32MP251CAL3, STM32MP251DAI3, STM32MP251DAK3, STM32MP251DAL3, STM32MP251FAI3, STM32MP251FAK3, STM32MP251FAL3, STM32MP253AAI3, STM32MP253AAK3, STM32MP253AAL3, STM32MP253CAI3, STM32MP253CAK3, STM32MP253CAL3, STM32MP253DAI3, STM32MP253DAK3, STM32MP253DAL3, STM32MP253FAI3, STM32MP253FAK3, STM32MP253FAL3, STM32MP255AAI3, STM32MP255AAK3, STM32MP255AAL3, STM32MP255CAI3, STM32MP255CAK3, STM32MP255CAL3, STM32MP255DAI3, STM32MP255DAK3, STM32MP255DAL3, STM32MP255FAI3, STM32MP255FAK3, STM32MP255FAL3, STM32MP257AAI3, STM32MP257AAK3, STM32MP257AAL3, STM32MP257CAI3, STM32MP257CAK3, STM32MP257CAL3, STM32MP257DAI3, STM32MP257DAK3, STM32MP257DAL3, STM32MP257F-DK, STM32MP257F-EV1, STM32MP257FAI3, STM32MP257FAK3, STM32MP257FAL3, STM32U031C6T6, STM32U031C6U6, STM32U031C8T6, STM32U031C8U6, STM32U031F4P6, STM32U031F6P6, STM32U031F8P6, STM32U031G6Y6TR, STM32U031G8Y6TR, STM32U031K4U6, STM32U031K6U6, STM32U031K8U6, STM32U031R6I6, STM32U031R6T6, STM32U031R8I6, STM32U031R8T6, STM32U073C8T6, STM32U073C8U6, STM32U073CBT6, STM32U073CBU6, STM32U073CCT6, STM32U073CCU6, STM32U073H8Y6TR, STM32U073HBY6TR, STM32U073HCY6TR, STM32U073K8U6, STM32U073KBU6, STM32U073KCU6, STM32U073M8I6, STM32U073M8T6, STM32U073MBI6, STM32U073MBT6, STM32U073MCI6, STM32U073MCT6, STM32U073R8I6, STM32U073R8T6, STM32U073RBI6, STM32U073RBT6, STM32U073RCI6, STM32U073RCT6, STM32U083C-DK, STM32U083CCT6, STM32U083CCU6, STM32U083HCY6TR, STM32U083KCU6, STM32U083MCI6, STM32U083MCT6, STM32U083RCI6, STM32U083RCT6, STM32U535CBT6, STM32U535CBT6Q, STM32U535CBU6, STM32U535CBU6Q, STM32U535CCT6, STM32U535CCT6Q, STM32U535CCU6, STM32U535CCU6Q, STM32U535CET6, STM32U535CET6Q, STM32U535CEU6, STM32U535CEU6Q, STM32U535JEY6QTR, STM32U535NCY6QTR, STM32U535NEY6QTR, STM32U535RBI6, STM32U535RBI6Q, STM32U535RBT6, STM32U535RBT6Q, STM32U535RCI6, STM32U535RCI6Q, STM32U535RCT6, STM32U535RCT6Q, STM32U535REI6, STM32U535REI6Q, STM32U535RET6, STM32U535RET6Q, STM32U535VCI6, STM32U535VCI6Q, STM32U535VCT6, STM32U535VCT6Q, STM32U535VEI6, STM32U535VEI6Q, STM32U535VET6, STM32U535VET6Q, STM32U545CET6, STM32U545CET6Q, STM32U545CEU6, STM32U545CEU6Q, STM32U545JEY6QTR, STM32U545NEY6QTR, STM32U545REI6, STM32U545REI6Q, STM32U545RET6, STM32U545RET6Q, STM32U545VEI6, STM32U545VEI6Q, STM32U545VET6, STM32U545VET6Q, STM32U595AIH6, STM32U595AIH6Q, STM32U595AJH6, STM32U595AJH6Q, STM32U595QII6, STM32U595QII6Q, STM32U595QJI6, STM32U595QJI6Q, STM32U595RIT6, STM32U595RIT6Q, STM32U595RJT6, STM32U595RJT6Q, STM32U595VIT6, STM32U595VIT6Q, STM32U595VJT6, STM32U595VJT6Q, STM32U595ZIT6, STM32U595ZIT6Q, STM32U595ZIY6QTR, STM32U595ZJT6, STM32U595ZJT6Q, STM32U595ZJY6QTR, STM32U599BJY6QTR, STM32U599NIH6Q, STM32U599NJH6Q, STM32U599VIT6Q, STM32U599VJT6, STM32U599VJT6Q, STM32U599ZIT6Q, STM32U599ZIY6QTR, STM32U599ZJT6Q, STM32U599ZJY6QTR, STM32U5A5AJH6, STM32U5A5AJH6Q, STM32U5A5QII3Q , STM32U5A5QJI6, STM32U5A5QJI6Q, STM32U5A5RJT6, STM32U5A5RJT6Q, STM32U5A5VJT6, STM32U5A5VJT6Q, STM32U5A5ZJT6, STM32U5A5ZJT6Q, STM32U5A5ZJY6QTR, STM32U5A9BJY6QTR, STM32U5A9J-DK, STM32U5A9NJH6Q, STM32U5A9VJT6Q, STM32U5A9ZJT6Q, STM32U5A9ZJY6QTR, STM32U5F7VIT6, STM32U5F7VIT6Q, STM32U5F7VJT6, STM32U5F7VJT6Q, STM32U5F9BJY6QTR, STM32U5F9NJH6Q, STM32U5F9VIT6Q, STM32U5F9VJT6Q, STM32U5F9ZIJ6QTR, STM32U5F9ZIT6Q, STM32U5F9ZJJ6QTR, STM32U5F9ZJT6Q, STM32U5G7VJT6, STM32U5G7VJT6Q, STM32U5G9BJY6QTR, STM32U5G9J-DK1, STM32U5G9J-DK2, STM32U5G9NJH6Q, STM32U5G9VJT6Q, STM32U5G9ZJJ6QTR, STM32U5G9ZJT6Q, STM32WB05KZV6TR, STM32WB05KZV7TR, STM32WB05TZF6TR, STM32WB05TZF7TR, STM32WB06CCF6TR, STM32WB06CCF7TR, STM32WB06CCV6TR, STM32WB06CCV7TR, STM32WB06KCV6TR, STM32WB06KCV7TR, STM32WB07CCF6TR, STM32WB07CCF7TR, STM32WB07CCV6TR, STM32WB07CCV7TR, STM32WB07KCV6TR, STM32WB07KCV7TR, STM32WB09KEV6TR, STM32WB09KEV7TR, STM32WB09TEF6TR, STM32WB09TEF7TR, STM32WB1MMCH6, STM32WBA50KGU6, STM32WBA50KGU6TR, STM32WBA52CEU6, STM32WBA52CEU6TR, STM32WBA52CEU7, STM32WBA52CEU7TR, STM32WBA52CGU6, STM32WBA52CGU6TR, STM32WBA52CGU6U, STM32WBA52CGU7, STM32WBA52CGU7TR, STM32WBA52KEU6, STM32WBA52KEU6TR, STM32WBA52KGU6, STM32WBA52KGU6TR, STM32WBA54CEU6, STM32WBA54CEU6TR, STM32WBA54CEU7, STM32WBA54CEU7TR, STM32WBA54CGU6, STM32WBA54CGU6TR, STM32WBA54CGU7, STM32WBA54CGU7TR, STM32WBA54KEU6, STM32WBA54KEU6TR, STM32WBA54KEU7, STM32WBA54KEU7TR, STM32WBA54KGU6, STM32WBA54KGU6TR, STM32WBA54KGU7, STM32WBA54KGU7TR, STM32WBA55CEU6, STM32WBA55CEU6TR, STM32WBA55CEU7, STM32WBA55CEU7TR, STM32WBA55CGU6, STM32WBA55CGU6TR, STM32WBA55CGU6U, STM32WBA55CGU7, STM32WBA55CGU7TR, STM32WBA55G-DK1, STM32WBA55HEF6, STM32WBA55HEF7, STM32WBA55HGF6, STM32WBA55HGF7, STM32WBA55UEI6, STM32WBA55UEI6TR, STM32WBA55UEI7, STM32WBA55UEI7TR, STM32WBA55UGI6, STM32WBA55UGI6TR, STM32WBA55UGI7, STM32WBA55UGI7TR, STM32WL5MOCH6, STM32WL5MOCH6TR]
2025-06-26 16:33:38,211 [INFO] BoardInfo:889 - No configuration file found for board B-WBA5M-WPAN
2025-06-26 16:33:38,211 [INFO] DbBoards:161 - Board is not supported: B-WBA5M-WPAN
2025-06-26 16:33:38,216 [INFO] BoardInfo:889 - No configuration file found for board NUCLEO-C051C8
2025-06-26 16:33:38,216 [INFO] DbBoards:161 - Board is not supported: NUCLEO-C051C8
2025-06-26 16:33:38,219 [INFO] BoardInfo:889 - No configuration file found for board NUCLEO-C092RC
2025-06-26 16:33:38,220 [INFO] DbBoards:161 - Board is not supported: NUCLEO-C092RC
2025-06-26 16:33:38,334 [INFO] BoardInfo:889 - No configuration file found for board NUCLEO-N657X0-Q
2025-06-26 16:33:38,334 [INFO] DbBoards:161 - Board is not supported: NUCLEO-N657X0-Q
2025-06-26 16:33:38,339 [INFO] BoardInfo:889 - No configuration file found for board NUCLEO-U385RG-Q
2025-06-26 16:33:38,340 [INFO] DbBoards:161 - Board is not supported: NUCLEO-U385RG-Q
2025-06-26 16:33:38,355 [INFO] BoardInfo:889 - No configuration file found for board NUCLEO-WBA65RI
2025-06-26 16:33:38,356 [INFO] DbBoards:161 - Board is not supported: NUCLEO-WBA65RI
2025-06-26 16:33:38,357 [INFO] BoardInfo:889 - No configuration file found for board NUCLEO-WL33CC1
2025-06-26 16:33:38,357 [INFO] DbBoards:161 - Board is not supported: NUCLEO-WL33CC1
2025-06-26 16:33:38,358 [INFO] BoardInfo:889 - No configuration file found for board NUCLEO-WL33CC2
2025-06-26 16:33:38,359 [INFO] DbBoards:161 - Board is not supported: NUCLEO-WL33CC2
2025-06-26 16:33:38,365 [INFO] BoardInfo:889 - No configuration file found for board P-NUCLEO-WB55
2025-06-26 16:33:38,366 [INFO] DbBoards:161 - Kit is not supported: P-NUCLEO-WB55
2025-06-26 16:33:38,370 [INFO] BoardInfo:889 - No configuration file found for board STEVAL-BFA001V1B
2025-06-26 16:33:38,371 [INFO] DbBoards:161 - Kit is not supported: STEVAL-BFA001V1B
2025-06-26 16:33:38,372 [INFO] BoardInfo:889 - No configuration file found for board STEVAL-BFA001V2B
2025-06-26 16:33:38,374 [INFO] DbBoards:161 - Kit is not supported: STEVAL-BFA001V2B
2025-06-26 16:33:38,506 [INFO] BoardInfo:889 - No configuration file found for board STM32N6570-DK
2025-06-26 16:33:38,507 [INFO] DbBoards:161 - Board is not supported: STM32N6570-DK
2025-06-26 16:33:38,518 [INFO] BoardInfo:889 - No configuration file found for board STM32WBA65I-DK1
2025-06-26 16:33:38,518 [INFO] DbBoards:161 - Board is not supported: STM32WBA65I-DK1
2025-06-26 16:33:38,518 [INFO] DbBoards:168 - Found 211 boards, 198 are supported
2025-06-26 16:33:38,519 [INFO] DbBoards:169 - Found 211 boards, 25 of them is supported for  Bsp
2025-06-26 16:33:38,521 [INFO] ApiDb:668 - CubeFinder database Data Model version=2.1
2025-06-26 16:33:38,522 [INFO] ApiDb:669 - CubeFinder database Configuration version=3.0.39
2025-06-26 16:33:38,522 [INFO] ApiDb:670 - CubeFinder database generation date=2025-06-16 (1750072209)
2025-06-26 16:33:38,522 [INFO] ApiDb:671 - CubeFinder database FW Pack versions=[FP-ATR-ASTRA1_V2.0.0, FP-SNS-FLIGHT1_V5.1.0, FP-SNS-MOTENV1_V5.0.0, FP-SNS-MOTENVWB1_V1.4.0, FP-SNS-SMARTAG2_V1.2.0, FP-SNS-STBOX1_V2.0.0, STM32Cube_FW_C0_V1.4.0, STM32Cube_FW_F4_V1.28.2, STM32Cube_FW_F7_V1.17.3, STM32Cube_FW_G0_V1.6.2, STM32Cube_FW_G4_V1.6.1, STM32Cube_FW_H5_V1.5.0, STM32Cube_FW_H7RS_V1.2.0, STM32Cube_FW_H7_V1.12.1, STM32Cube_FW_L0_V1.12.2, STM32Cube_FW_L4_V1.18.1, STM32Cube_FW_L5_V1.5.1, STM32Cube_FW_N6_V1.1.1, STM32Cube_FW_U0_V1.2.0, STM32Cube_FW_U3_V1.1.0, STM32Cube_FW_U5_V1.7.0, STM32Cube_FW_WB0_V1.2.0, STM32Cube_FW_WBA_V1.6.0, STM32Cube_FW_WB_V1.22.0, STM32Cube_FW_WL3_V1.1.0, STM32Cube_FW_WL_V1.3.1, X-CUBE-ALGOBUILD_V1.4.0, X-CUBE-ALS_V1.0.2, X-CUBE-AZRTOS-F4_V1.1.0, X-CUBE-AZRTOS-F7_V1.1.0, X-CUBE-AZRTOS-G0_V1.1.0, X-CUBE-AZRTOS-G4_V2.0.0, X-CUBE-AZRTOS-H7RS_V1.1.0, X-CUBE-AZRTOS-H7_V3.3.0, X-CUBE-AZRTOS-L4_V2.0.0, X-CUBE-AZRTOS-L5_V2.0.0, X-CUBE-AZRTOS-WB_V2.0.0, X-CUBE-AZRTOS-WL_V2.0.0, X-CUBE-BLE1_V7.1.0, X-CUBE-BLE2_V3.3.0, X-CUBE-BLEMGR_V4.0.0, X-CUBE-EEPRMA1_V5.1.0, X-CUBE-FREERTOS_V1.3.1, X-CUBE-GNSS1_V6.0.0, X-CUBE-MEMS1_V11.3.0, X-CUBE-NFC4_V3.0.0, X-CUBE-NFC7_V2.0.0, X-CUBE-SFXS2LP1_V4.0.0, X-CUBE-SUBG2_V5.0.0, X-CUBE-TOF1_V3.4.3]
2025-06-26 16:33:40,150 [INFO] ApiDb:240 - Found 646 in-development CPN: [B-G473E-ZEST1S, B-WB1M-WPAN1, B-WL5M-SUBG1, NUCLEO-C031C6, NUCLEO-C071RB, NUCLEO-H503RB, NUCLEO-H533RE, NUCLEO-H563ZI, NUCLEO-H7S3L8, NUCLEO-U031R8, NUCLEO-U083RC, NUCLEO-U545RE-Q, NUCLEO-U5A5ZJ-Q, NUCLEO-WB05KZ, NUCLEO-WB07CC, NUCLEO-WB09KE, NUCLEO-WBA52CG, NUCLEO-WBA55CG, STEVAL-PROTEUS1, STEVAL-SMARTAG2, STEVAL-STWINBX1, STM320518-EVAL, STM32C0116-DK, STM32C011D6Y3TR, STM32C011D6Y6TR, STM32C011F4P3, STM32C011F4P6, STM32C011F4U3, STM32C011F4U6TR, STM32C011F6P3, STM32C011F6P6, STM32C011F6U3, STM32C011F6U6TR, STM32C011J4M3, STM32C011J4M6, STM32C011J6M3, STM32C011J6M6, STM32C0316-DK, STM32C031C4T3, STM32C031C4T6, STM32C031C4U3, STM32C031C4U6, STM32C031C6T3, STM32C031C6T6, STM32C031C6U3, STM32C031C6U6, STM32C031F4P3, STM32C031F4P6, STM32C031F6P3, STM32C031F6P6, STM32C031G4U3, STM32C031G4U6, STM32C031G6U3, STM32C031G6U6, STM32C031K4T3, STM32C031K4T6, STM32C031K4U3, STM32C031K4U6, STM32C031K6T3, STM32C031K6T6, STM32C031K6U3, STM32C031K6U6, STM32C071C8T6, STM32C071C8T6N, STM32C071C8U6, STM32C071C8U6N, STM32C071CBT6, STM32C071CBT6N, STM32C071CBU6, STM32C071CBU6N, STM32C071F8P6, STM32C071F8P6N, STM32C071FBP6, STM32C071FBP6N, STM32C071FBY6TR, STM32C071G8U6, STM32C071G8U6N, STM32C071GBU6, STM32C071GBU6N, STM32C071K8T6, STM32C071K8T6N, STM32C071K8U6, STM32C071K8U6N, STM32C071KBT6, STM32C071KBT6N, STM32C071KBU6, STM32C071KBU6N, STM32C071R8T6, STM32C071R8T6N, STM32C071RBI6N, STM32C071RBT6, STM32C071RBT6N, STM32G071K8TXN, STM32G071K8UXN, STM32G081GBU6N, STM32G081KBT6N, STM32G081KBUXN, STM32G0B1CCT6N, STM32G0B1KCT6, STM32G0B1NEY6TR, STM32G0B1RCT6N, STM32G0C1CCT6, STM32G0C1CCT6N, STM32G0C1CCU6N, STM32G0C1CET6N, STM32G0C1CEU6N, STM32G0C1KCT6, STM32G0C1NEY6TR, STM32G0C1RCI6N, STM32G0C1RCT6N, STM32G0C1REI6N, STM32G0C1RET6N, STM32G0C1VCI6, STM32G0C1VEI6, STM32G411C6T3, STM32G411C6T6, STM32G411C6U3, STM32G411C6U6, STM32G411C8T3, STM32G411C8T6, STM32G411C8U3, STM32G411C8U6, STM32G411CBT3, STM32G411CBT6, STM32G411CBU3, STM32G411CBU6, STM32G411K6T3, STM32G411K6T6, STM32G411K6U3, STM32G411K6U6, STM32G411K8T3, STM32G411K8T6, STM32G411K8U3, STM32G411K8U6, STM32G411KBT3, STM32G411KBT6, STM32G411KBU3, STM32G411KBU6, STM32G411M6T3, STM32G411M6T6, STM32G411M8T3, STM32G411M8T6, STM32G411MBT3, STM32G411MBT6, STM32G411R6T3, STM32G411R6T6, STM32G411R8T3, STM32G411R8T6, STM32G411RBT3, STM32G411RBT6, STM32G414CBT3, STM32G414CBT6, STM32G414CBU3, STM32G414CBU6, STM32G414CCT3, STM32G414CCT6, STM32G414CCU3, STM32G414CCU6, STM32G414MBT3, STM32G414MBT6, STM32G414MCT3, STM32G414MCT6, STM32G414RBT3, STM32G414RBT6, STM32G414RCT3, STM32G414RCT6, STM32G414VBT3, STM32G414VBT6, STM32G414VCT3, STM32G414VCT6, STM32G431CBT3Z, STM32G431RBT3Z, STM32G471CCT6, STM32G471CCU6, STM32G471CET3, STM32G471CET6, STM32G471CEU3, STM32G471CEU6, STM32G471MCT6, STM32G471MET3, STM32G471MET6, STM32G471MEY6TR, STM32G471QCT6, STM32G471QET3, STM32G471RCT6, STM32G471RET3, STM32G471RET6, STM32G471VCH6, STM32G471VCI6, STM32G471VCT6, STM32G471VEH3, STM32G471VEH6, STM32G471VEI3, STM32G471VEI6, STM32G471VET3, STM32G471VET6, STM32G473QET3Z, STM32G473RET3Z, STM32G474CCT6, STM32G491RET3Z, STM32H503CBT6, STM32H503CBU6, STM32H503EBY6TR, STM32H503KBU6, STM32H503RBT6, STM32H523CCT6, STM32H523CCU6, STM32H523CET6, STM32H523CEU6, STM32H523HEY6TR, STM32H523RCT6, STM32H523RET6, STM32H523VCI6, STM32H523VCT6, STM32H523VEI6, STM32H523VET6, STM32H523ZCJ6, STM32H523ZCT6, STM32H523ZEJ6, STM32H523ZET6, STM32H533CET6, STM32H533CEU6, STM32H533HEY6TR, STM32H533RET6, STM32H533VEI6, STM32H533VET6, STM32H533ZEJ6, STM32H533ZET6, STM32H562AGI6, STM32H562AII6, STM32H562IGK6, STM32H562IGT6, STM32H562IIK6, STM32H562IIT6, STM32H562RGT6, STM32H562RGV6, STM32H562RIT6, STM32H562RIV6, STM32H562VGT6, STM32H562VIT6, STM32H562ZGT6, STM32H562ZIT6, STM32H563AGI6, STM32H563AII3Q, STM32H563AII6, STM32H563IGK6, STM32H563IGT6, STM32H563IIK3Q, STM32H563IIK6, STM32H563IIT3Q, STM32H563IIT6, STM32H563MIY3QTR, STM32H563RGT6, STM32H563RGV6, STM32H563RIT6, STM32H563RIV6, STM32H563VGT6, STM32H563VIT3Q, STM32H563VIT6, STM32H563ZGT6, STM32H563ZIT3Q, STM32H563ZIT6, STM32H573AII3Q, STM32H573AII6, STM32H573I-DK, STM32H573IIK3Q, STM32H573IIK6, STM32H573IIT3Q, STM32H573IIT6, STM32H573MIY3QTR, STM32H573RIT6, STM32H573RIV6, STM32H573VIT3Q, STM32H573VIT6, STM32H573ZIT3Q, STM32H573ZIT6, STM32H7R3A8I6, STM32H7R3I8K6, STM32H7R3I8T6, STM32H7R3L8H6, STM32H7R3L8H6H, STM32H7R3R8V6, STM32H7R3V8H6, STM32H7R3V8T6, STM32H7R3V8Y6TR, STM32H7R3Z8J6, STM32H7R3Z8T6, STM32H7R7A8I6, STM32H7R7I8K6, STM32H7R7I8T6, STM32H7R7L8H6, STM32H7R7L8H6H, STM32H7R7Z8J6, STM32H7S3A8I6, STM32H7S3I8K6, STM32H7S3I8T6, STM32H7S3L8H6, STM32H7S3L8H6H, STM32H7S3R8V6, STM32H7S3V8H6, STM32H7S3V8T6, STM32H7S3V8Y6TR, STM32H7S3Z8J6, STM32H7S3Z8T6, STM32H7S78-DK, STM32H7S7A8I6, STM32H7S7I8K6, STM32H7S7I8T6, STM32H7S7L8H6, STM32H7S7L8H6H, STM32H7S7Z8J6, STM32L4R5QGI6STR, STM32MP131AAE3, STM32MP131AAF3, STM32MP131AAG3, STM32MP131CAE3, STM32MP131CAF3, STM32MP131CAG3, STM32MP131DAE7, STM32MP131DAF7, STM32MP131DAG7, STM32MP131FAE7, STM32MP131FAF7, STM32MP131FAG7, STM32MP133AAE3, STM32MP133AAF3, STM32MP133AAG3, STM32MP133CAE3, STM32MP133CAF3, STM32MP133CAG3, STM32MP133DAE7, STM32MP133DAF7, STM32MP133DAG7, STM32MP133FAE7, STM32MP133FAF7, STM32MP133FAG7, STM32MP135AAE3, STM32MP135AAF3, STM32MP135AAG3, STM32MP135CAE3, STM32MP135CAF3, STM32MP135CAG3, STM32MP135DAE7, STM32MP135DAF7, STM32MP135DAG7, STM32MP135F-DK, STM32MP135FAE7, STM32MP135FAF7, STM32MP135FAF7T, STM32MP135FAF7U, STM32MP135FAG7, STM32MP251AAI3, STM32MP251AAK3, STM32MP251AAL3, STM32MP251CAI3, STM32MP251CAK3, STM32MP251CAL3, STM32MP251DAI3, STM32MP251DAK3, STM32MP251DAL3, STM32MP251FAI3, STM32MP251FAK3, STM32MP251FAL3, STM32MP253AAI3, STM32MP253AAK3, STM32MP253AAL3, STM32MP253CAI3, STM32MP253CAK3, STM32MP253CAL3, STM32MP253DAI3, STM32MP253DAK3, STM32MP253DAL3, STM32MP253FAI3, STM32MP253FAK3, STM32MP253FAL3, STM32MP255AAI3, STM32MP255AAK3, STM32MP255AAL3, STM32MP255CAI3, STM32MP255CAK3, STM32MP255CAL3, STM32MP255DAI3, STM32MP255DAK3, STM32MP255DAL3, STM32MP255FAI3, STM32MP255FAK3, STM32MP255FAL3, STM32MP257AAI3, STM32MP257AAK3, STM32MP257AAL3, STM32MP257CAI3, STM32MP257CAK3, STM32MP257CAL3, STM32MP257DAI3, STM32MP257DAK3, STM32MP257DAL3, STM32MP257F-DK, STM32MP257F-EV1, STM32MP257FAI3, STM32MP257FAK3, STM32MP257FAL3, STM32U031C6T6, STM32U031C6U6, STM32U031C8T6, STM32U031C8U6, STM32U031F4P6, STM32U031F6P6, STM32U031F8P6, STM32U031G6Y6TR, STM32U031G8Y6TR, STM32U031K4U6, STM32U031K6U6, STM32U031K8U6, STM32U031R6I6, STM32U031R6T6, STM32U031R8I6, STM32U031R8T6, STM32U073C8T6, STM32U073C8U6, STM32U073CBT6, STM32U073CBU6, STM32U073CCT6, STM32U073CCU6, STM32U073H8Y6TR, STM32U073HBY6TR, STM32U073HCY6TR, STM32U073K8U6, STM32U073KBU6, STM32U073KCU6, STM32U073M8I6, STM32U073M8T6, STM32U073MBI6, STM32U073MBT6, STM32U073MCI6, STM32U073MCT6, STM32U073R8I6, STM32U073R8T6, STM32U073RBI6, STM32U073RBT6, STM32U073RCI6, STM32U073RCT6, STM32U083C-DK, STM32U083CCT6, STM32U083CCU6, STM32U083HCY6TR, STM32U083KCU6, STM32U083MCI6, STM32U083MCT6, STM32U083RCI6, STM32U083RCT6, STM32U535CBT6, STM32U535CBT6Q, STM32U535CBU6, STM32U535CBU6Q, STM32U535CCT6, STM32U535CCT6Q, STM32U535CCU6, STM32U535CCU6Q, STM32U535CET6, STM32U535CET6Q, STM32U535CEU6, STM32U535CEU6Q, STM32U535JEY6QTR, STM32U535NCY6QTR, STM32U535NEY6QTR, STM32U535RBI6, STM32U535RBI6Q, STM32U535RBT6, STM32U535RBT6Q, STM32U535RCI6, STM32U535RCI6Q, STM32U535RCT6, STM32U535RCT6Q, STM32U535REI6, STM32U535REI6Q, STM32U535RET6, STM32U535RET6Q, STM32U535VCI6, STM32U535VCI6Q, STM32U535VCT6, STM32U535VCT6Q, STM32U535VEI6, STM32U535VEI6Q, STM32U535VET6, STM32U535VET6Q, STM32U545CET6, STM32U545CET6Q, STM32U545CEU6, STM32U545CEU6Q, STM32U545JEY6QTR, STM32U545NEY6QTR, STM32U545REI6, STM32U545REI6Q, STM32U545RET6, STM32U545RET6Q, STM32U545VEI6, STM32U545VEI6Q, STM32U545VET6, STM32U545VET6Q, STM32U595AIH6, STM32U595AIH6Q, STM32U595AJH6, STM32U595AJH6Q, STM32U595QII6, STM32U595QII6Q, STM32U595QJI6, STM32U595QJI6Q, STM32U595RIT6, STM32U595RIT6Q, STM32U595RJT6, STM32U595RJT6Q, STM32U595VIT6, STM32U595VIT6Q, STM32U595VJT6, STM32U595VJT6Q, STM32U595ZIT6, STM32U595ZIT6Q, STM32U595ZIY6QTR, STM32U595ZJT6, STM32U595ZJT6Q, STM32U595ZJY6QTR, STM32U599BJY6QTR, STM32U599NIH6Q, STM32U599NJH6Q, STM32U599VIT6Q, STM32U599VJT6, STM32U599VJT6Q, STM32U599ZIT6Q, STM32U599ZIY6QTR, STM32U599ZJT6Q, STM32U599ZJY6QTR, STM32U5A5AJH6, STM32U5A5AJH6Q, STM32U5A5QII3Q , STM32U5A5QJI6, STM32U5A5QJI6Q, STM32U5A5RJT6, STM32U5A5RJT6Q, STM32U5A5VJT6, STM32U5A5VJT6Q, STM32U5A5ZJT6, STM32U5A5ZJT6Q, STM32U5A5ZJY6QTR, STM32U5A9BJY6QTR, STM32U5A9J-DK, STM32U5A9NJH6Q, STM32U5A9VJT6Q, STM32U5A9ZJT6Q, STM32U5A9ZJY6QTR, STM32U5F7VIT6, STM32U5F7VIT6Q, STM32U5F7VJT6, STM32U5F7VJT6Q, STM32U5F9BJY6QTR, STM32U5F9NJH6Q, STM32U5F9VIT6Q, STM32U5F9VJT6Q, STM32U5F9ZIJ6QTR, STM32U5F9ZIT6Q, STM32U5F9ZJJ6QTR, STM32U5F9ZJT6Q, STM32U5G7VJT6, STM32U5G7VJT6Q, STM32U5G9BJY6QTR, STM32U5G9J-DK1, STM32U5G9J-DK2, STM32U5G9NJH6Q, STM32U5G9VJT6Q, STM32U5G9ZJJ6QTR, STM32U5G9ZJT6Q, STM32WB05KZV6TR, STM32WB05KZV7TR, STM32WB05TZF6TR, STM32WB05TZF7TR, STM32WB06CCF6TR, STM32WB06CCF7TR, STM32WB06CCV6TR, STM32WB06CCV7TR, STM32WB06KCV6TR, STM32WB06KCV7TR, STM32WB07CCF6TR, STM32WB07CCF7TR, STM32WB07CCV6TR, STM32WB07CCV7TR, STM32WB07KCV6TR, STM32WB07KCV7TR, STM32WB09KEV6TR, STM32WB09KEV7TR, STM32WB09TEF6TR, STM32WB09TEF7TR, STM32WB1MMCH6, STM32WBA50KGU6, STM32WBA50KGU6TR, STM32WBA52CEU6, STM32WBA52CEU6TR, STM32WBA52CEU7, STM32WBA52CEU7TR, STM32WBA52CGU6, STM32WBA52CGU6TR, STM32WBA52CGU6U, STM32WBA52CGU7, STM32WBA52CGU7TR, STM32WBA52KEU6, STM32WBA52KEU6TR, STM32WBA52KGU6, STM32WBA52KGU6TR, STM32WBA54CEU6, STM32WBA54CEU6TR, STM32WBA54CEU7, STM32WBA54CEU7TR, STM32WBA54CGU6, STM32WBA54CGU6TR, STM32WBA54CGU7, STM32WBA54CGU7TR, STM32WBA54KEU6, STM32WBA54KEU6TR, STM32WBA54KEU7, STM32WBA54KEU7TR, STM32WBA54KGU6, STM32WBA54KGU6TR, STM32WBA54KGU7, STM32WBA54KGU7TR, STM32WBA55CEU6, STM32WBA55CEU6TR, STM32WBA55CEU7, STM32WBA55CEU7TR, STM32WBA55CGU6, STM32WBA55CGU6TR, STM32WBA55CGU6U, STM32WBA55CGU7, STM32WBA55CGU7TR, STM32WBA55G-DK1, STM32WBA55HEF6, STM32WBA55HEF7, STM32WBA55HGF6, STM32WBA55HGF7, STM32WBA55UEI6, STM32WBA55UEI6TR, STM32WBA55UEI7, STM32WBA55UEI7TR, STM32WBA55UGI6, STM32WBA55UGI6TR, STM32WBA55UGI7, STM32WBA55UGI7TR, STM32WL5MOCH6, STM32WL5MOCH6TR]
2025-06-26 16:33:40,153 [INFO] DbMcus:218 - Found 4657 MCUs, 4657 are supported
2025-06-26 16:33:40,154 [INFO] ApiDb:423 - Load user favorites file C:\Users\nisha/.stm32cubeide/favorites.mcus.txt: 0 item(s)
2025-06-26 16:33:40,154 [INFO] ApiDb:427 - User favorites MCUs=[]
2025-06-26 16:33:40,154 [INFO] DbMcus:224 - Set 0 / 0 favorites MCUs
2025-06-26 16:33:40,428 [INFO] ApiDb:423 - Load user favorites file C:\Users\nisha/.stm32cubeide/favorites.boards.txt: 1 item(s)
2025-06-26 16:33:40,428 [INFO] ApiDb:427 - User favorites Boards=[STM32F407G-DISC1]
2025-06-26 16:33:40,428 [INFO] DbBoards:198 - Set 1 / 1 favorites Boards
2025-06-26 16:33:40,428 [INFO] McuFinderGlobals:76 - Set McuFinderConnectedMode to true
2025-06-26 16:33:40,433 [INFO] MultiScanPanel:200 - Auto-refresh data requested => check proxy status ongoing
2025-06-26 16:33:40,434 [INFO] FinderPluginLoader:95 - Searching for filters in installed packs
2025-06-26 16:33:41,535 [INFO] LoadUrlFilesThread:185 - End of LoadServerUrlFiles without Thread
2025-06-26 16:33:41,576 [INFO] DetailPanel:341 - Set advertising image to C:/Users/nisha/STM32Cube/Repository/\en.cubemxfinderstm32wba6.jpg
2025-06-26 16:33:56,032 [INFO] MultiScanPanel:200 - Auto-refresh data requested => check proxy status ongoing
2025-06-26 16:33:56,157 [INFO] LoadUrlFilesThread:185 - End of LoadServerUrlFiles without Thread
2025-06-26 16:33:56,157 [INFO] DetailPanel:341 - Set advertising image to C:/Users/nisha/STM32Cube/Repository/\en.cubemxfinderstm32wba6.jpg
2025-06-26 16:33:56,174 [INFO] DbBoards:642 - Loading board mini-images...
2025-06-26 16:33:58,252 [INFO] DbBoards:665 - Loaded 211 board mini-images
2025-06-26 16:34:19,856 [INFO] ServerAccessManage:473 - Download File 
2025-06-26 16:34:20,565 [INFO] LoadUrlFilesThread:185 - End of LoadServerUrlFiles without Thread
2025-06-26 16:34:20,592 [INFO] BoardAction:170 - Large Picture
2025-06-26 16:34:38,450 [INFO] ServerAccessManage:473 - Download File 
2025-06-26 16:34:40,153 [INFO] LoadUrlFilesThread:185 - End of LoadServerUrlFiles without Thread
2025-06-26 16:34:40,266 [INFO] BoardAction:170 - Large Picture
2025-06-26 16:34:44,065 [INFO] BoardAction:48 - Features
2025-06-26 16:37:25,612 [INFO] MainUpdater:2873 - connection check result : 10
2025-06-26 16:37:25,612 [INFO] MainUpdater:2873 - connection check result : 10
2025-06-26 16:37:25,676 [INFO] RulesReader:64 - Compatibility file has been processed (297 Rules)
2025-06-26 16:37:25,685 [INFO] RulesReader:64 - Compatibility file has been processed (297 Rules)
2025-06-26 16:37:25,693 [INFO] MicroXplorer:468 - Change Database Path : 
2025-06-26 16:37:25,694 [INFO] MicroXplorer:498 - Change Database Version : DB.6.0.120
2025-06-26 16:37:25,708 [WARN] ThirdParty:871 - waiting for thirdparty lock release [close project]
2025-06-26 16:37:25,708 [INFO] ThirdParty:873 - entering critical section [close project]
2025-06-26 16:37:25,710 [INFO] ThirdParty:883 - exiting critical section [close project]
2025-06-26 16:37:25,714 [INFO] PinOutPanel:1561 - setPackage(No Configuration,No Configuration)
2025-06-26 16:37:25,722 [INFO] UtilMem:75 - Begin LoadConfig() Used Memory: 895443176 Bytes (1073741824)
2025-06-26 16:37:25,728 [INFO] OpenFileManager:332 - Change cursor
2025-06-26 16:37:25,784 [INFO] ProjectFactory:442 - No CPN specified for board STM32F407G-DISC1 => set CPN to STM32F407VGT6
2025-06-26 16:37:25,785 [INFO] Mcu:2032 - Initializing MCU STM32F407V(E-G)Tx STM32F407VGTx STM32F407VGT6
2025-06-26 16:37:27,623 [INFO] Context:742 - Trying to add GPIOservice into a context  which must be forbidden
2025-06-26 16:37:27,999 [INFO] Rule:228 - rule 117617 - U5Cobra4M][GTZC] default value MPCBB3 and MPCBB5 - Not Secured memory - MPCBB1 is applicable
2025-06-26 16:37:27,999 [INFO] Rule:228 - rule 117617 - U5Cobra4M][GTZC] default value MPCBB3 and MPCBB5 - Not Secured memory - MPCBB1 is applicable
2025-06-26 16:37:28,000 [INFO] Rule:228 - rule 117617 - U5Cobra4M][GTZC] default value MPCBB3 and MPCBB5 - Not Secured memory - MPCBB2 is applicable
2025-06-26 16:37:28,000 [INFO] Rule:228 - rule 117617 - U5Cobra4M][GTZC] default value MPCBB3 and MPCBB5 - Not Secured memory - MPCBB2 is applicable
2025-06-26 16:37:28,000 [INFO] Rule:228 - rule 117617 - U5Cobra4M][GTZC] default value MPCBB3 and MPCBB5 - Not Secured memory - MPCBB3 is applicable
2025-06-26 16:37:28,000 [INFO] Rule:228 - rule 117617 - U5Cobra4M][GTZC] default value MPCBB3 and MPCBB5 - Not Secured memory - MPCBB3 is applicable
2025-06-26 16:37:28,000 [INFO] Rule:228 - rule 117617 - U5Cobra4M][GTZC] default value MPCBB3 and MPCBB5 - Not Secured memory - MPCBB4 is applicable
2025-06-26 16:37:28,000 [INFO] Rule:228 - rule 117617 - U5Cobra4M][GTZC] default value MPCBB3 and MPCBB5 - Not Secured memory - MPCBB4 is applicable
2025-06-26 16:37:28,000 [INFO] Rule:228 - rule 117617 - U5Cobra4M][GTZC] default value MPCBB3 and MPCBB5 - Secured memory - MPCBB1 is applicable
2025-06-26 16:37:28,000 [INFO] Rule:228 - rule 117617 - U5Cobra4M][GTZC] default value MPCBB3 and MPCBB5 - Secured memory - MPCBB2 is applicable
2025-06-26 16:37:28,000 [INFO] Rule:228 - rule 117617 - U5Cobra4M][GTZC] default value MPCBB3 and MPCBB5 - Secured memory - MPCBB3 is applicable
2025-06-26 16:37:28,000 [INFO] Rule:228 - rule 117617 - U5Cobra4M][GTZC] default value MPCBB3 and MPCBB5 - Secured memory - MPCBB4 is applicable
2025-06-26 16:37:28,000 [INFO] Rule:228 - rule 117617 - U5Cobra4M][GTZC] default value MPCBB3 and MPCBB5 - Privileged memory - MPCBB1 is applicable
2025-06-26 16:37:28,000 [INFO] Rule:228 - rule 117617 - U5Cobra4M][GTZC] default value MPCBB3 and MPCBB5 - Privileged memory - MPCBB2 is applicable
2025-06-26 16:37:28,000 [INFO] Rule:228 - rule 117617 - U5Cobra4M][GTZC] default value MPCBB3 and MPCBB5 - Privileged memory - MPCBB3 is applicable
2025-06-26 16:37:28,000 [INFO] Rule:228 - rule 117617 - U5Cobra4M][GTZC] default value MPCBB3 and MPCBB5 - Privileged memory - MPCBB4 is applicable
2025-06-26 16:37:28,000 [INFO] Rule:228 - rule 117617 - U5Cobra4M][GTZC] default value MPCBB3 and MPCBB5 - Not Privileged memory - MPCBB1 is applicable
2025-06-26 16:37:28,000 [INFO] Rule:228 - rule 117617 - U5Cobra4M][GTZC] default value MPCBB3 and MPCBB5 - Not Privileged memory - MPCBB2 is applicable
2025-06-26 16:37:28,000 [INFO] Rule:228 - rule 117617 - U5Cobra4M][GTZC] default value MPCBB3 and MPCBB5 - Not Privileged memory - MPCBB3 is applicable
2025-06-26 16:37:28,000 [INFO] Rule:228 - rule 117617 - U5Cobra4M][GTZC] default value MPCBB3 and MPCBB5 - Not Privileged memory - MPCBB4 is applicable
2025-06-26 16:37:28,000 [INFO] Rule:228 - rule 117617 - U5Cobra4M][GTZC] default value MPCBB3 and MPCBB5 - Privileged memory - MPCBB1 is applicable
2025-06-26 16:37:28,000 [INFO] Rule:228 - rule 117617 - U5Cobra4M][GTZC] default value MPCBB3 and MPCBB5 - Privileged memory - MPCBB2 is applicable
2025-06-26 16:37:28,000 [INFO] Rule:228 - rule 117617 - U5Cobra4M][GTZC] default value MPCBB3 and MPCBB5 - Privileged memory - MPCBB3 is applicable
2025-06-26 16:37:28,000 [INFO] Rule:228 - rule 117617 - U5Cobra4M][GTZC] default value MPCBB3 and MPCBB5 - Privileged memory - MPCBB4 is applicable
2025-06-26 16:37:28,000 [INFO] Rule:228 - rule 117617 - U5Cobra4M][GTZC] default value MPCBB3 and MPCBB5 - Privileged memory - MPCBB1 is applicable
2025-06-26 16:37:28,000 [INFO] Rule:228 - rule 117617 - U5Cobra4M][GTZC] default value MPCBB3 and MPCBB5 - Privileged memory - MPCBB2 is applicable
2025-06-26 16:37:28,000 [INFO] Rule:228 - rule 117617 - U5Cobra4M][GTZC] default value MPCBB3 and MPCBB5 - Privileged memory - MPCBB3 is applicable
2025-06-26 16:37:28,000 [INFO] Rule:228 - rule 117617 - U5Cobra4M][GTZC] default value MPCBB3 and MPCBB5 - Privileged memory - MPCBB4 is applicable
2025-06-26 16:37:28,000 [INFO] Rule:228 - rule 117617 - U5Cobra4M][GTZC] default value MPCBB3 and MPCBB5 - Not Privileged memory - MPCBB1 is applicable
2025-06-26 16:37:28,000 [INFO] Rule:228 - rule 117617 - U5Cobra4M][GTZC] default value MPCBB3 and MPCBB5 - Not Privileged memory - MPCBB2 is applicable
2025-06-26 16:37:28,000 [INFO] Rule:228 - rule 117617 - U5Cobra4M][GTZC] default value MPCBB3 and MPCBB5 - Not Privileged memory - MPCBB3 is applicable
2025-06-26 16:37:28,000 [INFO] Rule:228 - rule 117617 - U5Cobra4M][GTZC] default value MPCBB3 and MPCBB5 - Not Privileged memory - MPCBB4 is applicable
2025-06-26 16:37:28,001 [INFO] Rule:228 - rule 117617 - U5Cobra4M][GTZC] default value MPCBB3 and MPCBB5 - Privileged memory - MPCBB1 is applicable
2025-06-26 16:37:28,001 [INFO] Rule:228 - rule 117617 - U5Cobra4M][GTZC] default value MPCBB3 and MPCBB5 - Privileged memory - MPCBB2 is applicable
2025-06-26 16:37:28,001 [INFO] Rule:228 - rule 117617 - U5Cobra4M][GTZC] default value MPCBB3 and MPCBB5 - Privileged memory - MPCBB3 is applicable
2025-06-26 16:37:28,001 [INFO] Rule:228 - rule 117617 - U5Cobra4M][GTZC] default value MPCBB3 and MPCBB5 - Privileged memory - MPCBB4 is applicable
2025-06-26 16:37:28,001 [INFO] Rule:228 - rule Rename SubGHz_Phy SUBGHZ_APPLICATION SUBGHZ_PINGPONG to SUBGHZ_ADV_APPLICATION is applicable
2025-06-26 16:37:28,001 [INFO] Rule:228 - rule Rename Enabled to IBEACON is applicable
2025-06-26 16:37:28,001 [INFO] Rule:228 - rule GTZC_S instance for project manager is applicable
2025-06-26 16:37:28,001 [INFO] Rule:228 - rule GTZC_S instance for context M33S is applicable
2025-06-26 16:37:28,001 [INFO] Rule:228 - rule GTZC_S instance value for IP GTZC is applicable
2025-06-26 16:37:28,001 [INFO] Rule:228 - rule GTZC_S instance for mcu.IP is applicable
2025-06-26 16:37:28,001 [INFO] Rule:228 - rule GTZC_S instance for VP is applicable
2025-06-26 16:37:28,001 [INFO] Rule:228 - rule GTZC_S instance for signal is applicable
2025-06-26 16:37:28,001 [INFO] Rule:228 - rule GTZC_S instance for mcu.Pin is applicable
2025-06-26 16:37:28,001 [INFO] Rule:228 - rule GTZC_S instance for VP is applicable
2025-06-26 16:37:28,001 [INFO] Rule:228 - rule GTZC_S instance for signal is applicable
2025-06-26 16:37:28,001 [INFO] Rule:228 - rule GTZC_S instance for mcu is applicable
2025-06-26 16:37:28,001 [INFO] Rule:228 - rule GTZC_S instance for mcu.Pin is applicable
2025-06-26 16:37:28,001 [INFO] Rule:228 - rule GTZC_S instance value for IP GTZC is applicable
2025-06-26 16:37:28,001 [INFO] Rule:228 - rule GTZC_S instance for project manager is applicable
2025-06-26 16:37:28,001 [INFO] Rule:228 - rule GTZC_S instance for context M33S is applicable
2025-06-26 16:37:28,001 [INFO] Rule:228 - rule GTZC_S instance for VP is applicable
2025-06-26 16:37:28,001 [INFO] Rule:228 - rule GTZC_S instance for signal is applicable
2025-06-26 16:37:28,001 [INFO] Rule:228 - rule SPDIFRX instance for mcu is applicable
2025-06-26 16:37:28,001 [INFO] Rule:228 - rule Rename Tracer Mode is applicable
2025-06-26 16:37:28,001 [INFO] Rule:228 - rule SPDIFRX instance value for IP SPDIFRX is applicable
2025-06-26 16:37:28,001 [INFO] Rule:228 - rule SPDIFRX instance for signal is applicable
2025-06-26 16:37:28,001 [INFO] Rule:228 - rule SPDIFRX instance for project manager is applicable
2025-06-26 16:37:28,001 [INFO] Rule:228 - rule SPDIFRX instance for project manager is applicable
2025-06-26 16:37:28,002 [INFO] Rule:228 - rule ADC Scan  fix with FW F7 is applicable
2025-06-26 16:37:28,002 [INFO] Rule:228 - rule ADC Scan  fix with FW F7 is applicable
2025-06-26 16:37:28,002 [INFO] Rule:228 - rule WakeUp0 Mode is applicable
2025-06-26 16:37:28,002 [INFO] Rule:228 - rule WakeUp0 SIGNAL is applicable
2025-06-26 16:37:28,002 [INFO] Rule:228 - rule WakeUp1 Mode is applicable
2025-06-26 16:37:28,002 [INFO] Rule:228 - rule WakeUp1 SIGNAL is applicable
2025-06-26 16:37:28,002 [INFO] Rule:228 - rule WakeUp2 Mode is applicable
2025-06-26 16:37:28,002 [INFO] Rule:228 - rule WakeUp2 SIGNAL is applicable
2025-06-26 16:37:28,002 [INFO] Rule:228 - rule WakeUp4 Mode is applicable
2025-06-26 16:37:28,002 [INFO] Rule:228 - rule WakeUp4 SIGNAL is applicable
2025-06-26 16:37:28,002 [INFO] Rule:228 - rule WakeUp5 Mode is applicable
2025-06-26 16:37:28,002 [INFO] Rule:228 - rule WakeUp5 SIGNAL is applicable
2025-06-26 16:37:28,002 [INFO] Rule:228 - rule UART/USART WORD LENGTH 7 is applicable
2025-06-26 16:37:28,002 [INFO] Rule:228 - rule UART/USART WORD LENGTH 8 is applicable
2025-06-26 16:37:28,002 [INFO] Rule:228 - rule UART/USART WORD LENGTH 9 is applicable
2025-06-26 16:37:28,002 [INFO] Rule:228 - rule Change Default Value for LSE Drive Capability for WB family is applicable
2025-06-26 16:37:28,002 [INFO] Rule:228 - rule Change Default Value for ADC Clock Prescaler G0 family is applicable
2025-06-26 16:37:28,002 [INFO] Rule:228 - rule ADC SamplingTime fix with FW L0  is applicable
2025-06-26 16:37:28,002 [INFO] Rule:228 - rule ADC SamplingTime fix with FW L0  is applicable
2025-06-26 16:37:28,002 [INFO] Rule:228 - rule ADC SamplingTime fix with FW L0 is applicable
2025-06-26 16:37:28,002 [INFO] Rule:228 - rule ADC SamplingTime fix with FW L0 is applicable
2025-06-26 16:37:28,002 [INFO] Rule:228 - rule ADC SamplingTime fix with FW L0  is applicable
2025-06-26 16:37:28,002 [INFO] Rule:228 - rule ADC SamplingTime fix with FW L0 is applicable
2025-06-26 16:37:28,002 [INFO] Rule:228 - rule Rename USB_OE Signal is applicable
2025-06-26 16:37:28,002 [INFO] Rule:228 - rule Rename Activate_OE Mode is applicable
2025-06-26 16:37:28,002 [INFO] Rule:228 - rule Rename DIE462/DIE415 pin PC14/OSC32_IN -> PC14-OSC32_IN (PC14) is applicable
2025-06-26 16:37:28,002 [INFO] Rule:228 - rule Rename DIE462/DIE415 pin PC15/OSC32_OUT -> PC15-OSC32_OUT (PC15) is applicable
2025-06-26 16:37:28,002 [INFO] Rule:228 - rule Rename DIE462/DIE415 pin PH0/OSC_IN -> PH0-OSC_IN (PH0) is applicable
2025-06-26 16:37:28,002 [INFO] Rule:228 - rule Rename DIE462/DIE415 pin PH1/OSC_OUT -> PH1-OSC_OUT (PH1) is applicable
2025-06-26 16:37:28,002 [INFO] Rule:228 - rule Rename DIE462 pin PA13 -> PA13 (JTMS/SWDIO) is applicable
2025-06-26 16:37:28,002 [INFO] Rule:228 - rule Rename DIE415 pin PA13 -> PA13 (JTMS/SWDIO) is applicable
2025-06-26 16:37:28,002 [INFO] Rule:228 - rule Rename DIE462 pin PA14 -> PA14 (JTCK/SWCLK) is applicable
2025-06-26 16:37:28,002 [INFO] Rule:228 - rule Rename DIE415 pin PA14 -> PA14 (JTCK/SWCLK) is applicable
2025-06-26 16:37:28,002 [INFO] Rule:228 - rule Rename DIE462/DIE415 pin PA15 -> PA15 (JTDI) is applicable
2025-06-26 16:37:28,002 [INFO] Rule:228 - rule Rename DIE462 pin PB3 -> PB3 (JTD0/TRACESWO) is applicable
2025-06-26 16:37:28,002 [INFO] Rule:228 - rule Rename DIE415 pin PB3 -> PB3 (JTD0-TRACESWO) is applicable
2025-06-26 16:37:28,002 [INFO] Rule:228 - rule Rename DIE462/DIE415 pin PB4 -> PB4 (NJTRST) is applicable
2025-06-26 16:37:28,002 [INFO] Rule:228 - rule Rename DIE462 pin PH3/BOOT0 -> PH3-BOOT0 (BOOT0) is applicable
2025-06-26 16:37:28,002 [INFO] Rule:228 - rule Rename CRYP DataEncryptionTypesList to Algorithm is applicable
2025-06-26 16:37:28,002 [INFO] Rule:228 - rule Rename AES DataEncryptionTypesList to Algorithm is applicable
2025-06-26 16:37:28,003 [INFO] Rule:228 - rule Rename TDESECB to CRYP_TDES_ECB is applicable
2025-06-26 16:37:28,003 [INFO] Rule:228 - rule Rename TDESCBC to CRYP_TDES_CBC is applicable
2025-06-26 16:37:28,003 [INFO] Rule:228 - rule Rename DESECB to CRYP_DES_ECB is applicable
2025-06-26 16:37:28,003 [INFO] Rule:228 - rule Rename DESCBC to CRYP_DES_CBC is applicable
2025-06-26 16:37:28,003 [INFO] Rule:228 - rule Rename AESECB to CRYP_AES_ECB is applicable
2025-06-26 16:37:28,003 [INFO] Rule:228 - rule Rename AESCBC to CRYP_AES_CBC is applicable
2025-06-26 16:37:28,003 [INFO] Rule:228 - rule Rename AESCTR to CRYP_AES_CTR is applicable
2025-06-26 16:37:28,003 [INFO] Rule:228 - rule Rename AESGCM to CRYP_AES_GCM is applicable
2025-06-26 16:37:28,003 [INFO] Rule:228 - rule Rename AESCCM to CRYP_AES_CCM is applicable
2025-06-26 16:37:28,003 [INFO] Rule:228 - rule Rename CAN TimeSeg1 to BS1 is applicable
2025-06-26 16:37:28,003 [INFO] Rule:228 - rule Rename CAN TimeSeg2 to BS2 is applicable
2025-06-26 16:37:28,003 [INFO] Rule:228 - rule Rename CAN SyncJumpWidth to SJW is applicable
2025-06-26 16:37:28,003 [INFO] Rule:228 - rule TimeTriggeredMode to TTCM is applicable
2025-06-26 16:37:28,003 [INFO] Rule:228 - rule Rename CAN AutoBusOff to ABOM is applicable
2025-06-26 16:37:28,003 [INFO] Rule:228 - rule Rename CAN AutoWakeUp to AWUM is applicable
2025-06-26 16:37:28,003 [INFO] Rule:228 - rule Rename CAN AutoRetransmission to NART is applicable
2025-06-26 16:37:28,003 [INFO] Rule:228 - rule Rename CAN ReceiveFifoLocked to RFLM is applicable
2025-06-26 16:37:28,003 [INFO] Rule:228 - rule Rename CAN TransmitFifoPriority to TXFP is applicable
2025-06-26 16:37:28,003 [INFO] Rule:228 - rule Rename HRTIMER HRTIM_OUTPUTFAULTLEVEL_HIGH in HRTIMER HRTIM_OUTPUTFAULTLEVEL_HIGHZ is applicable
2025-06-26 16:37:28,003 [INFO] Rule:228 - rule Rename TIMER TIM_CLEARINPUTSOURCE_OCREFCLR in  TIMER TIM_CLEARINPUTSOURCE_NONE for F7 family is applicable
2025-06-26 16:37:28,003 [INFO] Rule:228 - rule FDCAN_R1 - Rename FDCAN mode Master into Classic is applicable
2025-06-26 16:37:28,003 [INFO] Rule:228 - rule FDCAN_R2 - Rename FDCAN mode Slave into Classic is applicable
2025-06-26 16:37:28,003 [INFO] Rule:228 - rule FDCAN1_R3 - if PA10.Mode=FullDuplex, add Pin PA12 is applicable
2025-06-26 16:37:28,003 [INFO] Rule:228 - rule FDCAN1_R3 - if PA9.Mode=FullDuplex, add Pin PA11 is applicable
2025-06-26 16:37:28,003 [INFO] Rule:228 - rule FDCAN1_R3 - Alternatepin_1 - if PE1.Mode=FullDuplex, add Pin PB9 is applicable
2025-06-26 16:37:28,003 [INFO] Rule:228 - rule FDCAN1_R3 - Alternatepin_1 - if PE0.Mode=FullDuplex, add Pin PB8 is applicable
2025-06-26 16:37:28,003 [INFO] Rule:228 - rule FDCAN1_R3 - Alternatepin_2 - if PD5.Mode=FullDuplex, add Pin PD1 is applicable
2025-06-26 16:37:28,003 [INFO] Rule:228 - rule FDCAN1_R3 - Alternatepin_2 - if PD4.Mode=FullDuplex, add Pin PD0 is applicable
2025-06-26 16:37:28,003 [INFO] Rule:228 - rule FDCAN1_R4 - Rename Mode FullDuplex into Enable FDCAN_TXFD for pin PA10 is applicable
2025-06-26 16:37:28,003 [INFO] Rule:228 - rule FDCAN1_R4 - Rename Mode FullDuplex into Enable FDCAN_TXFD for pin PA9 is applicable
2025-06-26 16:37:28,003 [INFO] Rule:228 - rule FDCAN1_R4 - Alternatepin_1 - Rename Mode FullDuplex into Enable FDCAN_TXFD for pin PE1 is applicable
2025-06-26 16:37:28,003 [INFO] Rule:228 - rule FDCAN1_R4 - Alternatepin_1 - Rename Mode FullDuplex into Enable FDCAN_TXFD for pin PE0 is applicable
2025-06-26 16:37:28,003 [INFO] Rule:228 - rule FDCAN1_R4 - Alternatepin_2 - Rename Mode FullDuplex into Enable FDCAN_TXFD for pin PD5 is applicable
2025-06-26 16:37:28,003 [INFO] Rule:228 - rule FDCAN1_R4 - Alternatepin_2 - Rename Mode FullDuplex into Enable FDCAN_TXFD for pin PD4 is applicable
2025-06-26 16:37:28,003 [INFO] Rule:228 - rule FDCAN2_R3 - if PD10.Mode=FullDuplex, add Pin PB13 is applicable
2025-06-26 16:37:28,003 [INFO] Rule:228 - rule FDCAN2_R3 - if PD9.Mode=FullDuplex, add Pin PB12 is applicable
2025-06-26 16:37:28,003 [INFO] Rule:228 - rule FDCAN2_R3 - Alternatepin_1 - if PB7.Mode=FullDuplex, add Pin PB6 is applicable
2025-06-26 16:37:28,004 [INFO] Rule:228 - rule FDCAN2_R3 - Alternatepin_1 - if PD9.Mode=FullDuplex, add Pin PB12 is applicable
2025-06-26 16:37:28,004 [INFO] Rule:228 - rule FDCAN2_R4 - Rename Mode FullDuplex into Enable FDCAN_TXFD for pin PD10 is applicable
2025-06-26 16:37:28,004 [INFO] Rule:228 - rule FDCAN2_R4 - Rename Mode FullDuplex into Enable FDCAN_TXFD for pin PD9 is applicable
2025-06-26 16:37:28,004 [INFO] Rule:228 - rule FDCAN2_R4 - Alternatepin_1 - Rename Mode FullDuplex into Enable FDCAN_TXFD for pin PB7 is applicable
2025-06-26 16:37:28,004 [INFO] Rule:228 - rule FDCAN2_R4 - Alternatepin_1 - Rename Mode FullDuplex into Enable FDCAN_TXFD for pin PD6 is applicable
2025-06-26 16:37:28,004 [INFO] Rule:228 - rule USART TxPinLevelInvertParam Mode is applicable
2025-06-26 16:37:28,004 [INFO] Rule:228 - rule USART RxPinLevelInvertParam Mode is applicable
2025-06-26 16:37:28,004 [INFO] Rule:228 - rule USART DataInvertParam Mode is applicable
2025-06-26 16:37:28,004 [INFO] Rule:228 - rule USART SwapParam Mode is applicable
2025-06-26 16:37:28,004 [INFO] Rule:228 - rule USART OverrunDisableParam Mode is applicable
2025-06-26 16:37:28,004 [INFO] Rule:228 - rule USART DMADisableonRxErrorParam Mode is applicable
2025-06-26 16:37:28,004 [INFO] Rule:228 - rule USART MSBFirstParam Mode is applicable
2025-06-26 16:37:28,004 [INFO] Rule:228 - rule Update MwName for USB_DEVICE is applicable
2025-06-26 16:37:28,004 [INFO] Rule:228 - rule Change PWR_Regulator_Voltage_Scale Default Value for RCC  H7 family is applicable
2025-06-26 16:37:28,004 [INFO] Rule:228 - rule UART/USART IPParameter rename Prescaler parameter to ClockPrescaler is applicable
2025-06-26 16:37:28,004 [INFO] Rule:228 - rule UART/USART Prescaler rename Prescaler parameter to ClockPrescaler is applicable
2025-06-26 16:37:28,004 [INFO] Rule:228 - rule TIM1CLockSelection is applicable
2025-06-26 16:37:28,004 [INFO] Rule:228 - rule TIM15CLockSelection is applicable
2025-06-26 16:37:28,004 [INFO] Rule:228 - rule align RCC SDMMC3CLockSelection default value on MP1 is applicable
2025-06-26 16:37:28,004 [INFO] Rule:228 - rule align RCC SDMMC12CLockSelection default value on MP1 is applicable
2025-06-26 16:37:28,004 [INFO] Rule:228 - rule align RCC QSPICLockSelection default value on MP1 is applicable
2025-06-26 16:37:28,004 [INFO] Rule:228 - rule align RCC QSPICLockSelection default value on MP1 is applicable
2025-06-26 16:37:28,004 [INFO] Rule:228 - rule align RCC SPI6CLockSelection default value on MP1 is applicable
2025-06-26 16:37:28,004 [INFO] Rule:228 - rule align RCC LPTIM23CLockSelection default value on MP1 is applicable
2025-06-26 16:37:28,004 [INFO] Rule:228 - rule align RCC LPTIM1CLockSelection default value on MP1 is applicable
2025-06-26 16:37:28,004 [INFO] Rule:228 - rule align RCC USART1CLockSelection default value on MP1 is applicable
2025-06-26 16:37:28,004 [INFO] Rule:228 - rule align RCC USART24CLockSelection default value on MP1 is applicable
2025-06-26 16:37:28,004 [INFO] Rule:228 - rule align RCC USART6CLockSelection default value on MP1 is applicable
2025-06-26 16:37:28,004 [INFO] Rule:228 - rule align RCC UART78CLockSelection default value on MP1 is applicable
2025-06-26 16:37:28,004 [INFO] Rule:228 - rule align RCC USART35CLockSelection default value on MP1 is applicable
2025-06-26 16:37:28,004 [INFO] Rule:228 - rule align RCC SPI45CLockSelection default value on MP1 is applicable
2025-06-26 16:37:28,004 [INFO] Rule:228 - rule align RCC I2C46CLockSelection BCLK value on MP1 is applicable
2025-06-26 16:37:28,005 [INFO] Rule:228 - rule align RCC SPI45CLockSelection default value on MP1 is applicable
2025-06-26 16:37:28,005 [INFO] Rule:228 - rule align RCC I2C12CLockSelection default value on MP1 is applicable
2025-06-26 16:37:28,005 [INFO] Rule:228 - rule align RCC I2C35CLockSelection default value on MP1 is applicable
2025-06-26 16:37:28,005 [INFO] Rule:228 - rule align RCC LPTIM45CLockSelection default value on MP1 is applicable
2025-06-26 16:37:28,005 [INFO] Rule:228 - rule Rename DCMI PIXCK signal is applicable
2025-06-26 16:37:28,005 [INFO] Rule:228 - rule Change Default Value for I2C46CLockSelection MP1 family is applicable
2025-06-26 16:37:28,005 [INFO] Rule:228 - rule Change Default Value for UART for G4, G0 and WB families is applicable
2025-06-26 16:37:28,005 [INFO] Rule:228 - rule Change Default Value for USART for G4, G0 and WB families is applicable
2025-06-26 16:37:28,005 [INFO] Rule:228 - rule Change Default Value for USART for G4 family is applicable
2025-06-26 16:37:28,005 [INFO] Rule:228 - rule Change USART1CLockSelection refparam name for MP1 is applicable
2025-06-26 16:37:28,005 [INFO] Rule:228 - rule Change USART2CLockSelection refparam name for MP1 is applicable
2025-06-26 16:37:28,005 [INFO] Rule:228 - rule Change USART3CLockSelection refparam name for MP1 is applicable
2025-06-26 16:37:28,005 [INFO] Rule:228 - rule Change UART4CLockSelection refparam name for MP1 is applicable
2025-06-26 16:37:28,005 [INFO] Rule:228 - rule Change UART5CLockSelection refparam name for MP1 is applicable
2025-06-26 16:37:28,005 [INFO] Rule:228 - rule Change LPUART1CLockSelection refparam name for MP1 is applicable
2025-06-26 16:37:28,005 [INFO] Rule:228 - rule Change LPTIM1CLockSelection refparam name for MP1 is applicable
2025-06-26 16:37:28,005 [INFO] Rule:228 - rule Change LPTIM2CLockSelection refparam name for MP1 is applicable
2025-06-26 16:37:28,005 [INFO] Rule:228 - rule Change RCC_MCO1Source refparam name for MP1 is applicable
2025-06-26 16:37:28,005 [INFO] Rule:228 - rule Change LSCOSource1 refparam name for MP1 is applicable
2025-06-26 16:37:28,005 [INFO] Rule:228 - rule Change SMPSCLockSelection refparam name for MP1 is applicable
2025-06-26 16:37:28,005 [INFO] Rule:228 - rule Change LPTIM3CLockSelection refparam name for MP1 is applicable
2025-06-26 16:37:28,005 [INFO] Rule:228 - rule Change MPCBB* Default Template Mode to Parameters is applicable
2025-06-26 16:37:28,005 [INFO] Rule:228 - rule Change MPCWM* or MPCBB* Secure Mode to Parameters is applicable
2025-06-26 16:37:28,005 [INFO] Rule:228 - rule Change MPCWM* or MPCBB* No Secure Mode to Parameters is applicable
2025-06-26 16:37:28,006 [INFO] Rule:228 - rule Change TZSC IP Secure Mode to Parameters is applicable
2025-06-26 16:37:28,006 [INFO] Rule:228 - rule Change TZSC IP No Secure Mode to Parameters is applicable
2025-06-26 16:37:28,006 [INFO] Rule:228 - rule Change TZSC IP Privilege Mode to Parameters is applicable
2025-06-26 16:37:28,006 [INFO] Rule:228 - rule Change TZSC IP No Privilege Mode to Parameters is applicable
2025-06-26 16:37:28,006 [INFO] Rule:228 - rule Change TZIC IT Secure Mode to Parameters is applicable
2025-06-26 16:37:28,006 [INFO] Rule:228 - rule Change TZIC IT No Secure Mode to Parameters is applicable
2025-06-26 16:37:28,006 [INFO] Rule:228 - rule Add MPCBB1_NonSecureArea_Start_Address value with referenced to MPCBB1_NonSecureArea_Start value is applicable
2025-06-26 16:37:28,006 [INFO] Rule:228 - rule Add MPCBB2_NonSecureArea_Start_Address value with referenced to MPCBB2_NonSecureArea_Start value is applicable
2025-06-26 16:37:28,006 [INFO] Rule:228 - rule Add MPCWM1_NonSecureArea*_Start_Address value with referenced to MPCWM1_NonSecureArea*_Start value is applicable
2025-06-26 16:37:28,006 [INFO] Rule:228 - rule Add MPCWM2_NonSecureArea*_Start_Address value with referenced to MPCWM2_NonSecureArea*_Start value is applicable
2025-06-26 16:37:28,006 [INFO] Rule:228 - rule Add MPCWM3_NonSecureArea_Start_Address value with referenced to MPCWM3_NonSecureArea_Start value is applicable
2025-06-26 16:37:28,006 [INFO] Rule:228 - rule Change Default Value for PLL1UserDefinedConfig is applicable
2025-06-26 16:37:28,006 [INFO] Rule:228 - rule Change GPIO_PuPd Default Value for USART in async mode is applicable
2025-06-26 16:37:28,006 [INFO] Rule:228 - rule Change SMPSDivider Default Value is applicable
2025-06-26 16:37:28,006 [INFO] Rule:228 - rule OPAMP is applicable
2025-06-26 16:37:28,006 [INFO] Rule:228 - rule LPUART IPParameter rename Prescaler parameter to ClockPrescaler for STM32H7 is applicable
2025-06-26 16:37:28,006 [INFO] Rule:228 - rule LPUART IPParameter rename Prescaler parameter to ClockPrescaler for STM32H7 is applicable
2025-06-26 16:37:28,006 [INFO] Rule:228 - rule LPUART IPParameter rename Prescaler parameter to ClockPrescaler for STM32WB is applicable
2025-06-26 16:37:28,006 [INFO] Rule:228 - rule LPUART IPParameter rename Prescaler parameter to ClockPrescaler for STM32WB is applicable
2025-06-26 16:37:28,007 [INFO] Rule:228 - rule LPUART IPParameter rename Prescaler parameter to ClockPrescaler for STM32G4 is applicable
2025-06-26 16:37:28,007 [INFO] Rule:228 - rule LPUART IPParameter rename Prescaler parameter to ClockPrescaler for STM32G4 is applicable
2025-06-26 16:37:28,007 [INFO] Rule:228 - rule LPUART IPParameter rename Prescaler parameter to ClockPrescaler for STM32L5 is applicable
2025-06-26 16:37:28,007 [INFO] Rule:228 - rule LPUART IPParameter rename Prescaler parameter to ClockPrescaler for STM32L5 is applicable
2025-06-26 16:37:28,007 [INFO] Rule:228 - rule LPUART IPParameter rename Prescaler parameter to ClockPrescaler for STM32G4 is applicable
2025-06-26 16:37:28,007 [INFO] Rule:228 - rule LPUART IPParameter rename Prescaler parameter to ClockPrescaler for STM32G4 is applicable
2025-06-26 16:37:28,007 [INFO] Rule:228 - rule USB device lib V2.5.3 for L0 rename USBD_SUPPORT_USER_STRING parameter to USBD_SUPPORT_USER_STRING_DESC4 is applicable
2025-06-26 16:37:28,007 [INFO] Rule:228 - rule I2SCLockSelection clock entry align is applicable
2025-06-26 16:37:28,007 [INFO] Rule:228 - rule Assign TIMx context if used as SYS timebase is applicable
2025-06-26 16:37:28,007 [INFO] Rule:228 - rule Change GPIO_Pu Default Value for I2C is applicable
2025-06-26 16:37:28,007 [INFO] Rule:228 - rule Change GPIO_Pu Default Value for SMBus is applicable
2025-06-26 16:37:28,007 [INFO] Rule:228 - rule change FDCAN default value is applicable
2025-06-26 16:37:28,007 [INFO] Rule:228 - rule Change mode sai is applicable
2025-06-26 16:37:28,007 [INFO] Rule:228 - rule **Change sai mode is applicable
2025-06-26 16:37:28,007 [INFO] Rule:228 - rule Rename STM32WPAN CFG_BLE_IRK to CFG_BLE_IR is applicable
2025-06-26 16:37:28,007 [INFO] Rule:228 - rule Rename STM32WPAN CFG_BLE_ERK to CFG_BLE_ER is applicable
2025-06-26 16:37:28,007 [INFO] Rule:228 - rule Rename STM32WPAN CFG_BLE_IRK_HEX to CFG_BLE_IR_HEX is applicable
2025-06-26 16:37:28,007 [INFO] Rule:228 - rule Rename STM32WPAN CFG_BLE_ERK_HEX to CFG_BLE_ER_HEX is applicable
2025-06-26 16:37:28,019 [INFO] DbConfProperties:307 - Apply Compatibility (34/230 Rules)
2025-06-26 16:37:28,046 [INFO] ImportTextPane:205 - (OptionalMessage_ERROR) Unable to find key (Mcu.ThirdPartyNb) in loaded IOC file
2025-06-26 16:37:28,337 [INFO] RtosManager:555 - Registered RTOS mode: class=CMSIS, group=RTOS, mode=CMSIS_V1, owner=FREERTOS
2025-06-26 16:37:28,337 [INFO] RtosManager:555 - Registered RTOS mode: class=CMSIS, group=RTOS2, mode=CMSIS_V2, owner=FREERTOS
2025-06-26 16:37:28,338 [INFO] RtosManager:555 - Registered RTOS mode: class=RTOS, group=Core, mode=CMSIS_V1, owner=FREERTOS
2025-06-26 16:37:28,338 [INFO] RtosManager:555 - Registered RTOS mode: class=RTOS, group=Core, mode=CMSIS_V2, owner=FREERTOS
2025-06-26 16:37:28,338 [WARN] ModelIntegratedComponent:184 - Missing modes for component STMicroelectronics:FreeRTOS:0.0.1:STMicroelectronics:RTOS:FreeRTOS:Core:::10.2.0:
2025-06-26 16:37:28,366 [WARN] ModelIntegratedComponent:63 - No mode defined for component null
2025-06-26 16:37:28,366 [WARN] ModelIntegratedComponent:63 - No mode defined for component null
2025-06-26 16:37:28,366 [WARN] ModelIntegratedComponent:63 - No mode defined for component null
2025-06-26 16:37:28,366 [WARN] ModelIntegratedComponent:63 - No mode defined for component null
2025-06-26 16:37:28,366 [WARN] ModelIntegratedComponent:63 - No mode defined for component null
2025-06-26 16:37:28,366 [WARN] ModelIntegratedComponent:63 - No mode defined for component null
2025-06-26 16:37:28,367 [WARN] ModelIntegratedComponent:63 - No mode defined for component null
2025-06-26 16:37:28,367 [WARN] ModelIntegratedComponent:63 - No mode defined for component null
2025-06-26 16:37:28,367 [WARN] ModelIntegratedComponent:63 - No mode defined for component null
2025-06-26 16:37:28,367 [WARN] ModelIntegratedComponent:63 - No mode defined for component null
2025-06-26 16:37:28,367 [WARN] ModelIntegratedComponent:63 - No mode defined for component null
2025-06-26 16:37:28,367 [WARN] ModelIntegratedComponent:63 - No mode defined for component null
2025-06-26 16:37:28,367 [WARN] ModelIntegratedComponent:63 - No mode defined for component null
2025-06-26 16:37:28,367 [WARN] ModelIntegratedComponent:63 - No mode defined for component null
2025-06-26 16:37:28,367 [WARN] ModelIntegratedComponent:63 - No mode defined for component null
2025-06-26 16:37:28,367 [WARN] ModelIntegratedComponent:63 - No mode defined for component null
2025-06-26 16:37:28,367 [WARN] ModelIntegratedComponent:63 - No mode defined for component null
2025-06-26 16:37:28,367 [WARN] ModelIntegratedComponent:63 - No mode defined for component null
2025-06-26 16:37:28,367 [WARN] ModelIntegratedComponent:63 - No mode defined for component null
2025-06-26 16:37:28,367 [WARN] ModelIntegratedComponent:63 - No mode defined for component null
2025-06-26 16:37:28,367 [WARN] ModelIntegratedComponent:63 - No mode defined for component null
2025-06-26 16:37:28,367 [WARN] ModelIntegratedComponent:63 - No mode defined for component null
2025-06-26 16:37:28,367 [WARN] ModelIntegratedComponent:63 - No mode defined for component null
2025-06-26 16:37:28,367 [WARN] ModelIntegratedComponent:63 - No mode defined for component null
2025-06-26 16:37:28,367 [WARN] ModelIntegratedComponent:63 - No mode defined for component null
2025-06-26 16:37:28,367 [WARN] ModelIntegratedComponent:63 - No mode defined for component null
2025-06-26 16:37:28,367 [WARN] ModelIntegratedComponent:63 - No mode defined for component null
2025-06-26 16:37:28,367 [WARN] ModelIntegratedComponent:63 - No mode defined for component null
2025-06-26 16:37:28,367 [WARN] ModelIntegratedComponent:63 - No mode defined for component null
2025-06-26 16:37:28,367 [WARN] ModelIntegratedComponent:63 - No mode defined for component null
2025-06-26 16:37:28,367 [WARN] ModelIntegratedComponent:63 - No mode defined for component null
2025-06-26 16:37:28,367 [WARN] ModelIntegratedComponent:63 - No mode defined for component null
2025-06-26 16:37:28,367 [WARN] ModelIntegratedComponent:63 - No mode defined for component null
2025-06-26 16:37:28,367 [WARN] ModelIntegratedComponent:63 - No mode defined for component null
2025-06-26 16:37:28,367 [WARN] ModelIntegratedComponent:63 - No mode defined for component null
2025-06-26 16:37:28,368 [WARN] ModelPack:524 - Component already loaded: STMicroelectronics:HAL Drivers:0.0.0:STMicroelectronics:Device:STMicro_Driver:XSPI:HAL::0.0.1:HAL_XSPI
2025-06-26 16:37:28,569 [INFO] ThirdPartyModel:298 - Start build external matchings
2025-06-26 16:37:29,439 [INFO] ThirdPartyModel:316 - End build external matchings
2025-06-26 16:37:29,836 [INFO] UtilMem:75 - End LoadConfig() Used Memory: 857350192 Bytes (1073741824)
2025-06-26 16:37:29,965 [WARN] ThirdParty:833 - waiting for thirdparty lock release [change project]
2025-06-26 16:37:29,965 [INFO] ThirdParty:835 - entering critical section [change project]
2025-06-26 16:37:29,965 [INFO] ThirdParty:1030 - CMSIS Pack Vendor :STMicroelectronics X-CUBE-PM33A1 1.0.0
2025-06-26 16:37:29,966 [INFO] ThirdParty:1030 - CMSIS Pack Vendor :STMicroelectronics USBPD 4.1
2025-06-26 16:37:29,966 [INFO] ThirdParty:1030 - CMSIS Pack Vendor :STMicroelectronics X-CUBE-AZRTOS-H7 3.3.0
2025-06-26 16:37:29,966 [INFO] ThirdParty:1030 - CMSIS Pack Vendor :STMicroelectronics X-CUBE-NFC9 1.0.0
2025-06-26 16:37:29,966 [INFO] ThirdParty:1030 - CMSIS Pack Vendor :STMicroelectronics X-CUBE-GNSS1 6.0.0
2025-06-26 16:37:29,966 [INFO] ThirdParty:1030 - CMSIS Pack Vendor :STMicroelectronics USB_HOST 2.0.0
2025-06-26 16:37:29,966 [INFO] ThirdParty:1030 - CMSIS Pack Vendor :STMicroelectronics FP-SNS-MOTENVWB1 1.4.0
2025-06-26 16:37:29,966 [INFO] ThirdParty:1030 - CMSIS Pack Vendor :STMicroelectronics X-CUBE-AZRTOS-F4 1.1.0
2025-06-26 16:37:29,966 [INFO] ThirdParty:1030 - CMSIS Pack Vendor :STMicroelectronics LIBJPEG 8.0.0
2025-06-26 16:37:29,966 [INFO] ThirdParty:1030 - CMSIS Pack Vendor :STMicroelectronics X-CUBE-BLE1 7.1.0
2025-06-26 16:37:29,966 [INFO] ThirdParty:1030 - CMSIS Pack Vendor :STMicroelectronics X-CUBE-SMBUS 2.1.0
2025-06-26 16:37:29,966 [INFO] ThirdParty:1030 - CMSIS Pack Vendor :STMicroelectronics X-CUBE-WB05N 1.1.0
2025-06-26 16:37:29,966 [INFO] ThirdParty:1030 - CMSIS Pack Vendor :STMicroelectronics USB_DEVICE 3.0.0
2025-06-26 16:37:29,966 [INFO] ThirdParty:1030 - CMSIS Pack Vendor :STMicroelectronics X-CUBE-TCPP 4.1.0
2025-06-26 16:37:29,966 [INFO] ThirdParty:1030 - CMSIS Pack Vendor :STMicroelectronics X-CUBE-ISPU 2.1.0
2025-06-26 16:37:29,966 [INFO] ThirdParty:1030 - CMSIS Pack Vendor :STMicroelectronics X-CUBE-FREERTOS 1.2.0
2025-06-26 16:37:29,966 [INFO] ThirdParty:1030 - CMSIS Pack Vendor :STMicroelectronics X-CUBE-IPS 3.0.0
2025-06-26 16:37:29,966 [INFO] ThirdParty:1030 - CMSIS Pack Vendor :STMicroelectronics X-CUBE-AZRTOS-WB 2.0.0
2025-06-26 16:37:29,966 [INFO] ThirdParty:1030 - CMSIS Pack Vendor :STMicroelectronics X-CUBE-GNSS1 7.0.0
2025-06-26 16:37:29,966 [INFO] ThirdParty:1030 - CMSIS Pack Vendor :STMicroelectronics X-CUBE-GNSS1 7.0.1
2025-06-26 16:37:29,966 [INFO] ThirdParty:1030 - CMSIS Pack Vendor :STMicroelectronics X-CUBE-AZRTOS-F7 1.1.0
2025-06-26 16:37:29,966 [INFO] ThirdParty:1030 - CMSIS Pack Vendor :STMicroelectronics X-CUBE-AZRTOS-L5 2.0.0
2025-06-26 16:37:29,966 [INFO] ThirdParty:1030 - CMSIS Pack Vendor :STMicroelectronics X-CUBE-TOUCHGFX 4.25.0
2025-06-26 16:37:29,966 [INFO] ThirdParty:1030 - CMSIS Pack Vendor :STMicroelectronics USB_DEVICE 2.0.0
2025-06-26 16:37:29,966 [INFO] ThirdParty:1030 - CMSIS Pack Vendor :STMicroelectronics X-CUBE-NFC6 3.1.0
2025-06-26 16:37:29,966 [INFO] ThirdParty:1030 - CMSIS Pack Vendor :STMicroelectronics X-CUBE-AI 10.1.0
2025-06-26 16:37:29,966 [INFO] ThirdParty:1030 - CMSIS Pack Vendor :STMicroelectronics FP-SNS-STBOX1 2.0.0
2025-06-26 16:37:29,966 [INFO] ThirdParty:1030 - CMSIS Pack Vendor :STMicroelectronics X-CUBE-MEMS1 11.0.0
2025-06-26 16:37:29,967 [INFO] ThirdParty:1030 - CMSIS Pack Vendor :STMicroelectronics FreeRTOS 0.0.1
2025-06-26 16:37:29,967 [INFO] ThirdParty:1030 - CMSIS Pack Vendor :STMicroelectronics X-CUBE-AZRTOS-G0 1.1.0
2025-06-26 16:37:29,967 [INFO] ThirdParty:1030 - CMSIS Pack Vendor :STMicroelectronics X-CUBE-SAFEA1 1.2.2
2025-06-26 16:37:29,967 [INFO] ThirdParty:1030 - CMSIS Pack Vendor :STMicroelectronics X-CUBE-NFC4 3.0.0
2025-06-26 16:37:29,967 [INFO] ThirdParty:1030 - CMSIS Pack Vendor :STMicroelectronics X-CUBE-DPower 1.2.0
2025-06-26 16:37:29,967 [INFO] ThirdParty:1030 - CMSIS Pack Vendor :STMicroelectronics X-CUBE-SUBG2 5.0.0
2025-06-26 16:37:29,967 [INFO] ThirdParty:1030 - CMSIS Pack Vendor :STMicroelectronics X-CUBE-AZRTOS-H7RS 1.1.0
2025-06-26 16:37:29,967 [INFO] ThirdParty:1030 - CMSIS Pack Vendor :STMicroelectronics STM32_WPAN 1.0.0
2025-06-26 16:37:29,968 [INFO] ThirdParty:1030 - CMSIS Pack Vendor :EmbeddedOffice I-CUBE-FS-RTOS 1.0.1
2025-06-26 16:37:29,968 [INFO] ThirdParty:1030 - CMSIS Pack Vendor :STMicroelectronics lwIP 2.0.3
2025-06-26 16:37:29,968 [INFO] ThirdParty:1030 - CMSIS Pack Vendor :STMicroelectronics FP-SNS-FLIGHT1 5.0.2
2025-06-26 16:37:29,968 [INFO] ThirdParty:1030 - CMSIS Pack Vendor :Cesanta I-CUBE-Mongoose 7.13.0
2025-06-26 16:37:29,968 [INFO] ThirdParty:1030 - CMSIS Pack Vendor :STMicroelectronics USB_HOST 1.0.0
2025-06-26 16:37:29,968 [INFO] ThirdParty:1030 - CMSIS Pack Vendor :STMicroelectronics X-CUBE-AI 9.0.0
2025-06-26 16:37:29,968 [INFO] ThirdParty:1030 - CMSIS Pack Vendor :STMicroelectronics X-CUBE-AZRTOS-G4 2.0.0
2025-06-26 16:37:29,969 [INFO] ThirdParty:1030 - CMSIS Pack Vendor :STMicroelectronics X-CUBE-WB05N 2.0.0
2025-06-26 16:37:29,969 [INFO] ThirdParty:1030 - CMSIS Pack Vendor :STMicroelectronics PDM2PCM 3.1.0
2025-06-26 16:37:29,969 [INFO] ThirdParty:1030 - CMSIS Pack Vendor :STMicroelectronics PDM2PCM 3.3.0
2025-06-26 16:37:29,969 [INFO] ThirdParty:1030 - CMSIS Pack Vendor :STMicroelectronics X-CUBE-DISPLAY 3.0.0
2025-06-26 16:37:29,969 [INFO] ThirdParty:1030 - CMSIS Pack Vendor :STMicroelectronics X-CUBE-NFC7 2.0.0
2025-06-26 16:37:29,969 [INFO] ThirdParty:1030 - CMSIS Pack Vendor :RealThread X-CUBE-RT-Thread_Nano 4.1.1
2025-06-26 16:37:29,969 [INFO] ThirdParty:1030 - CMSIS Pack Vendor :wolfSSL I-CUBE-wolfSSL 5.7.0
2025-06-26 16:37:29,969 [INFO] ThirdParty:1030 - CMSIS Pack Vendor :STMicroelectronics X-CUBE-BLE1 7.0.0
2025-06-26 16:37:29,969 [INFO] ThirdParty:1030 - CMSIS Pack Vendor :STMicroelectronics FP-ATR-SIGFOX1 3.2.0
2025-06-26 16:37:29,969 [INFO] ThirdParty:1030 - CMSIS Pack Vendor :STMicroelectronics X-CUBE-NFC10 1.0.0
2025-06-26 16:37:29,969 [INFO] ThirdParty:1030 - CMSIS Pack Vendor :quantropi X-CUBE-qispace-sdk-base 1.9.3
2025-06-26 16:37:29,969 [INFO] ThirdParty:1030 - CMSIS Pack Vendor :STMicroelectronics X-CUBE-ISPU 2.0.0
2025-06-26 16:37:29,969 [INFO] ThirdParty:1030 - CMSIS Pack Vendor :STMicroelectronics X-CUBE-EEPRMA1 5.1.0
2025-06-26 16:37:29,969 [INFO] ThirdParty:1030 - CMSIS Pack Vendor :STMicroelectronics X-CUBE-FREERTOS 1.3.1
2025-06-26 16:37:29,969 [INFO] ThirdParty:1030 - CMSIS Pack Vendor :STMicroelectronics HAL Drivers 0.0.0
2025-06-26 16:37:29,969 [INFO] ThirdParty:1030 - CMSIS Pack Vendor :STMicroelectronics MBEDTLS 2.16.2
2025-06-26 16:37:29,969 [INFO] ThirdParty:1030 - CMSIS Pack Vendor :STMicroelectronics X-CUBE-ALS 1.0.2
2025-06-26 16:37:29,969 [INFO] ThirdParty:1030 - CMSIS Pack Vendor :emotas I-CUBE-CANOPEN 1.3.0
2025-06-26 16:37:29,969 [INFO] ThirdParty:1030 - CMSIS Pack Vendor :STMicroelectronics X-CUBE-MEMS1 10.0.0
2025-06-26 16:37:29,969 [INFO] ThirdParty:1030 - CMSIS Pack Vendor :STMicroelectronics X-CUBE-NFC7 1.0.1
2025-06-26 16:37:29,969 [INFO] ThirdParty:1030 - CMSIS Pack Vendor :STMicroelectronics MBEDTLS 2.14.1
2025-06-26 16:37:29,969 [INFO] ThirdParty:1030 - CMSIS Pack Vendor :STMicroelectronics X-CUBE-TOUCHGFX 4.24.0
2025-06-26 16:37:29,969 [INFO] ThirdParty:1030 - CMSIS Pack Vendor :ITTIA_DB I-CUBE-ITTIADB 8.9.0
2025-06-26 16:37:29,969 [INFO] ThirdParty:1030 - CMSIS Pack Vendor :wolfSSL I-CUBE-wolfTPM 3.2.0
2025-06-26 16:37:29,969 [INFO] ThirdParty:1030 - CMSIS Pack Vendor :STMicroelectronics X-CUBE-TOUCHGFX 4.24.1
2025-06-26 16:37:29,969 [INFO] ThirdParty:1030 - CMSIS Pack Vendor :portGmbH I-Cube-SoM-uGOAL 1.1.0
2025-06-26 16:37:29,969 [INFO] ThirdParty:1030 - CMSIS Pack Vendor :STMicroelectronics X-CUBE-BLEMGR 3.1.0
2025-06-26 16:37:29,969 [INFO] ThirdParty:1030 - CMSIS Pack Vendor :STMicroelectronics ThreadX 1.0.0
2025-06-26 16:37:29,969 [INFO] ThirdParty:1030 - CMSIS Pack Vendor :STMicroelectronics FP-SNS-SMARTAG2 1.2.0
2025-06-26 16:37:29,969 [INFO] ThirdParty:1030 - CMSIS Pack Vendor :STMicroelectronics X-CUBE-AZRTOS-WL 2.0.0
2025-06-26 16:37:29,970 [INFO] ThirdParty:1030 - CMSIS Pack Vendor :SEGGER I-CUBE-embOS 1.3.1
2025-06-26 16:37:29,970 [INFO] ThirdParty:1030 - CMSIS Pack Vendor :STMicroelectronics X-CUBE-ALGOBUILD 1.4.0
2025-06-26 16:37:29,970 [INFO] ThirdParty:1030 - CMSIS Pack Vendor :STMicroelectronics X-CUBE-DPower 1.3.0
2025-06-26 16:37:29,970 [INFO] ThirdParty:1030 - CMSIS Pack Vendor :STMicroelectronics X-CUBE-MEMS1 11.3.0
2025-06-26 16:37:29,970 [INFO] ThirdParty:1030 - CMSIS Pack Vendor :STMicroelectronics FP-SNS-MOTENV1 5.0.0
2025-06-26 16:37:29,970 [INFO] ThirdParty:1030 - CMSIS Pack Vendor :STMicroelectronics USB_DEVICE 1.0.0
2025-06-26 16:37:29,970 [INFO] ThirdParty:1030 - CMSIS Pack Vendor :STMicroelectronics X-CUBE-AZRTOS-H7RS 1.0.0
2025-06-26 16:37:29,970 [INFO] ThirdParty:1030 - CMSIS Pack Vendor :wolfSSL I-CUBE-wolfMQTT 1.19.0
2025-06-26 16:37:29,970 [INFO] ThirdParty:1030 - CMSIS Pack Vendor :STMicroelectronics X-CUBE-AZRTOS-L4 2.0.0
2025-06-26 16:37:29,970 [INFO] ThirdParty:1030 - CMSIS Pack Vendor :STMicroelectronics ThreadX 0.0.2
2025-06-26 16:37:29,970 [INFO] ThirdParty:1030 - CMSIS Pack Vendor :WES I-CUBE-Cesium 1.3.0
2025-06-26 16:37:29,970 [INFO] ThirdParty:1030 - CMSIS Pack Vendor :STMicroelectronics FP-ATR-ASTRA1 2.0.0
2025-06-26 16:37:29,970 [INFO] ThirdParty:1030 - CMSIS Pack Vendor :STMicroelectronics lwIP 2.1.2
2025-06-26 16:37:29,970 [INFO] ThirdParty:1030 - CMSIS Pack Vendor :STMicroelectronics X-CUBE-SFXS2LP1 4.0.0
2025-06-26 16:37:29,970 [INFO] ThirdParty:1030 - CMSIS Pack Vendor :STMicroelectronics X-CUBE-BLE2 3.3.0
2025-06-26 16:37:29,970 [INFO] ThirdParty:1030 - CMSIS Pack Vendor :STMicroelectronics X-CUBE-TOF1 3.4.2
2025-06-26 16:37:29,970 [INFO] ThirdParty:1030 - CMSIS Pack Vendor :STMicroelectronics X-CUBE-AI 9.1.0
2025-06-26 16:37:29,970 [INFO] ThirdParty:1030 - CMSIS Pack Vendor :STMicroelectronics X-CUBE-TOF1 3.4.1
2025-06-26 16:37:29,970 [INFO] ThirdParty:1030 - CMSIS Pack Vendor :STMicroelectronics X-CUBE-AZRTOS-H7 3.2.0
2025-06-26 16:37:29,970 [INFO] ThirdParty:1030 - CMSIS Pack Vendor :Infineon AIROC-Wi-Fi-Bluetooth-STM32 1.6.0
2025-06-26 16:37:29,970 [INFO] ThirdParty:1030 - CMSIS Pack Vendor :STMicroelectronics PDM2PCM 3.2.0
2025-06-26 16:37:29,970 [INFO] ThirdParty:1030 - CMSIS Pack Vendor :wolfSSL I-CUBE-wolfSSH 1.4.17
2025-06-26 16:37:29,970 [INFO] ThirdParty:841 - exiting critical section [change project]
2025-06-26 16:37:30,274 [INFO] PinOutPanel:1561 - setPackage(No Configuration,No Configuration)
2025-06-26 16:37:30,275 [INFO] PinOutPanel:1561 - setPackage(STM32F407VGTx,LQFP100)
2025-06-26 16:37:30,734 [INFO] UtilMem:75 - Before build in PCC Used Memory: 752784080 Bytes (1073741824)
2025-06-26 16:37:31,837 [INFO] UtilMem:75 - After build in PCC Used Memory: 813601488 Bytes (1073741824)
2025-06-26 16:37:31,863 [INFO] IPUIPlugin:80 - create IPUIPlugin
2025-06-26 16:37:31,864 [INFO] IPUIPlugin:80 - create IPUIPlugin
2025-06-26 16:37:31,864 [INFO] IPUIPlugin:80 - create IPUIPlugin
2025-06-26 16:37:31,864 [INFO] IPUIPlugin:80 - create IPUIPlugin
2025-06-26 16:37:31,864 [INFO] IPUIPlugin:80 - create IPUIPlugin
2025-06-26 16:37:31,864 [INFO] IPUIPlugin:80 - create IPUIPlugin
2025-06-26 16:37:31,864 [INFO] IPUIPlugin:80 - create IPUIPlugin
2025-06-26 16:37:31,864 [INFO] IPUIPlugin:80 - create IPUIPlugin
2025-06-26 16:37:31,864 [INFO] IPUIPlugin:80 - create IPUIPlugin
2025-06-26 16:37:31,864 [INFO] IPUIPlugin:80 - create IPUIPlugin
2025-06-26 16:37:31,864 [INFO] IPUIPlugin:80 - create IPUIPlugin
2025-06-26 16:37:31,864 [INFO] IPUIPlugin:80 - create IPUIPlugin
2025-06-26 16:37:31,864 [INFO] IPUIPlugin:80 - create IPUIPlugin
2025-06-26 16:37:31,864 [INFO] IPUIPlugin:80 - create IPUIPlugin
2025-06-26 16:37:31,864 [INFO] IPUIPlugin:80 - create IPUIPlugin
2025-06-26 16:37:31,865 [INFO] IPUIPlugin:80 - create IPUIPlugin
2025-06-26 16:37:31,865 [INFO] IPUIPlugin:80 - create IPUIPlugin
2025-06-26 16:37:31,865 [INFO] IPUIPlugin:80 - create IPUIPlugin
2025-06-26 16:37:31,865 [INFO] IPUIPlugin:80 - create IPUIPlugin
2025-06-26 16:37:31,865 [INFO] IPUIPlugin:80 - create IPUIPlugin
2025-06-26 16:37:31,865 [INFO] IPUIPlugin:80 - create IPUIPlugin
2025-06-26 16:37:31,865 [INFO] IPUIPlugin:80 - create IPUIPlugin
2025-06-26 16:37:31,865 [INFO] IPUIPlugin:80 - create IPUIPlugin
2025-06-26 16:37:31,865 [INFO] IPUIPlugin:80 - create IPUIPlugin
2025-06-26 16:37:31,865 [INFO] IPUIPlugin:80 - create IPUIPlugin
2025-06-26 16:37:31,865 [INFO] IPUIPlugin:80 - create IPUIPlugin
2025-06-26 16:37:31,865 [INFO] IPUIPlugin:80 - create IPUIPlugin
2025-06-26 16:37:31,866 [INFO] IPUIPlugin:80 - create IPUIPlugin
2025-06-26 16:37:31,866 [INFO] IPUIPlugin:80 - create IPUIPlugin
2025-06-26 16:37:31,866 [INFO] IPUIPlugin:80 - create IPUIPlugin
2025-06-26 16:37:31,866 [INFO] IPUIPlugin:80 - create IPUIPlugin
2025-06-26 16:37:31,866 [INFO] IPUIPlugin:80 - create IPUIPlugin
2025-06-26 16:37:31,866 [INFO] IPUIPlugin:80 - create IPUIPlugin
2025-06-26 16:37:31,866 [INFO] IPUIPlugin:80 - create IPUIPlugin
2025-06-26 16:37:31,866 [INFO] IPUIPlugin:80 - create IPUIPlugin
2025-06-26 16:37:31,866 [INFO] IPUIPlugin:80 - create IPUIPlugin
2025-06-26 16:37:31,867 [INFO] IPUIPlugin:80 - create IPUIPlugin
2025-06-26 16:37:31,867 [INFO] IPUIPlugin:80 - create IPUIPlugin
2025-06-26 16:37:31,867 [INFO] IPUIPlugin:80 - create IPUIPlugin
2025-06-26 16:37:31,867 [INFO] IPUIPlugin:80 - create IPUIPlugin
2025-06-26 16:37:31,867 [INFO] IPUIPlugin:80 - create IPUIPlugin
2025-06-26 16:37:31,867 [INFO] IPUIPlugin:80 - create IPUIPlugin
2025-06-26 16:37:31,867 [INFO] IPUIPlugin:80 - create IPUIPlugin
2025-06-26 16:37:31,867 [INFO] IPUIPlugin:80 - create IPUIPlugin
2025-06-26 16:37:31,868 [INFO] IPUIPlugin:80 - create IPUIPlugin
2025-06-26 16:37:31,868 [INFO] IPUIPlugin:80 - create IPUIPlugin
2025-06-26 16:37:31,868 [INFO] IPUIPlugin:80 - create IPUIPlugin
2025-06-26 16:37:31,868 [INFO] IPUIPlugin:80 - create IPUIPlugin
2025-06-26 16:37:31,868 [INFO] IPUIPlugin:80 - create IPUIPlugin
2025-06-26 16:37:31,868 [INFO] IPUIPlugin:80 - create IPUIPlugin
2025-06-26 16:37:31,868 [INFO] IPUIPlugin:80 - create IPUIPlugin
2025-06-26 16:37:31,869 [INFO] IPUIPlugin:80 - create IPUIPlugin
2025-06-26 16:37:31,869 [INFO] IPUIPlugin:80 - create IPUIPlugin
2025-06-26 16:37:31,869 [INFO] IPUIPlugin:80 - create IPUIPlugin
2025-06-26 16:37:31,869 [INFO] IPUIPlugin:80 - create IPUIPlugin
2025-06-26 16:37:31,870 [INFO] IPUIPlugin:80 - create IPUIPlugin
2025-06-26 16:37:31,870 [INFO] IPUIPlugin:80 - create IPUIPlugin
2025-06-26 16:37:31,870 [INFO] IPUIPlugin:80 - create IPUIPlugin
2025-06-26 16:37:32,066 [INFO] ApiDbMcu:508 - Load IP Config File for PDM2PCM
2025-06-26 16:37:32,249 [INFO] CADModel:165 - CPN selected for project levelSTM32F407VGT6
2025-06-26 16:37:32,249 [INFO] CADModel:114 - Register for checkConnection events
2025-06-26 16:37:32,297 [INFO] OpenFileManager:363 - Restore cursor
2025-06-26 16:37:34,454 [INFO] UtilMem:75 - End SaveConfig() Used Memory: 934835064 Bytes (1073741824)
2025-06-26 16:37:34,536 [INFO] UtilMem:75 - End SaveConfig() Used Memory: 955449760 Bytes (1073741824)
2025-06-26 16:37:35,010 [INFO] BlockDiagram:2766 - set Specific Code input for plugin: SYS
2025-06-26 16:37:35,011 [INFO] BlockDiagram:2766 - set Specific Code input for plugin: RCC
2025-06-26 16:37:35,011 [INFO] BlockDiagram:2766 - set Specific Code input for plugin: NVIC
2025-06-26 16:37:35,012 [INFO] BlockDiagram:2766 - set Specific Code input for plugin: GPIO
2025-06-26 16:37:35,015 [INFO] CodeGenerator:807 - code generatio: config db path: C:\ST\STM32CubeIDE_1.16.0\STM32CubeIDE\plugins\com.st.stm32cube.common.mx_6.12.0.202406281431\\db\
2025-06-26 16:37:35,304 [INFO] CodeEngine:255 - oldGeneratedFile, C:\Users\nisha\OneDrive\Desktop\stm32f407\freertos\007_LED_BLINK\MXTmpFiles\license.tmp_save
2025-06-26 16:37:35,686 [INFO] CodeEngine:279 - Generated code: C:\Users\nisha\OneDrive\Desktop\stm32f407\freertos\007_LED_BLINK\MXTmpFiles\license.tmp
2025-06-26 16:37:35,826 [INFO] CodeEngine:255 - oldGeneratedFile, C:\Users\nisha\OneDrive\Desktop\stm32f407\freertos\007_LED_BLINK\MXTmpFiles\gpio.tmp_save
2025-06-26 16:37:35,989 [INFO] CodeEngine:279 - Generated code: C:\Users\nisha\OneDrive\Desktop\stm32f407\freertos\007_LED_BLINK\MXTmpFiles\gpio.tmp
2025-06-26 16:37:36,101 [INFO] CodeEngine:255 - oldGeneratedFile, C:\Users\nisha\OneDrive\Desktop\stm32f407\freertos\007_LED_BLINK\Core\Src\stm32f4xx_it.c_save
2025-06-26 16:37:36,240 [INFO] CodeEngine:279 - Generated code: C:\Users\nisha\OneDrive\Desktop\stm32f407\freertos\007_LED_BLINK\Core\Src\stm32f4xx_it.c
2025-06-26 16:37:36,250 [INFO] CodeEngine:255 - oldGeneratedFile, C:\Users\nisha\OneDrive\Desktop\stm32f407\freertos\007_LED_BLINK\Core\Inc\stm32f4xx_it.h_save
2025-06-26 16:37:36,350 [INFO] CodeEngine:279 - Generated code: C:\Users\nisha\OneDrive\Desktop\stm32f407\freertos\007_LED_BLINK\Core\Inc\stm32f4xx_it.h
2025-06-26 16:37:36,389 [INFO] CodeEngine:255 - oldGeneratedFile, C:\Users\nisha\OneDrive\Desktop\stm32f407\freertos\007_LED_BLINK\Core\Src\stm32f4xx_hal_msp.c_save
2025-06-26 16:37:36,517 [INFO] CodeEngine:279 - Generated code: C:\Users\nisha\OneDrive\Desktop\stm32f407\freertos\007_LED_BLINK\Core\Src\stm32f4xx_hal_msp.c
2025-06-26 16:37:36,523 [INFO] CodeEngine:255 - oldGeneratedFile, C:\Users\nisha\OneDrive\Desktop\stm32f407\freertos\007_LED_BLINK\MXTmpFiles\system.tmp_save
2025-06-26 16:37:36,586 [INFO] CodeEngine:279 - Generated code: C:\Users\nisha\OneDrive\Desktop\stm32f407\freertos\007_LED_BLINK\MXTmpFiles\system.tmp
2025-06-26 16:37:36,606 [INFO] CodeEngine:311 - oldGeneratedFile, C:\Users\nisha\OneDrive\Desktop\stm32f407\freertos\007_LED_BLINK\Core\Inc\stm32f4xx_hal_conf.h_save
2025-06-26 16:37:36,709 [INFO] CodeEngine:335 - Generated code: C:\Users\nisha\OneDrive\Desktop\stm32f407\freertos\007_LED_BLINK\Core\Inc\stm32f4xx_hal_conf.h
2025-06-26 16:37:36,803 [INFO] CodeEngine:255 - oldGeneratedFile, C:\Users\nisha\OneDrive\Desktop\stm32f407\freertos\007_LED_BLINK\Core\Inc\main.h_save
2025-06-26 16:37:36,921 [INFO] CodeEngine:279 - Generated code: C:\Users\nisha\OneDrive\Desktop\stm32f407\freertos\007_LED_BLINK\Core\Inc\main.h
2025-06-26 16:37:36,936 [INFO] CodeEngine:255 - oldGeneratedFile, C:\Users\nisha\OneDrive\Desktop\stm32f407\freertos\007_LED_BLINK\Core\Src\main.c_save
2025-06-26 16:37:37,154 [INFO] CodeEngine:279 - Generated code: C:\Users\nisha\OneDrive\Desktop\stm32f407\freertos\007_LED_BLINK\Core\Src\main.c
2025-06-26 16:37:37,682 [INFO] ProjectBuilder:3249 - Time for Copy HAL[1] : 162mS.
2025-06-26 16:37:37,688 [INFO] ProjectBuilder:4828 - Project Generator version: 4.4.0-B60
2025-06-26 16:37:37,755 [INFO] ConfigFileManager:1531 - The Die is : DIE413
2025-06-26 16:37:37,786 [INFO] ApiDbMcu:508 - Load IP Config File for FATFS
2025-06-26 16:37:37,801 [INFO] ApiDbMcu:508 - Load IP Config File for FREERTOS
2025-06-26 16:37:37,815 [INFO] ApiDbMcu:508 - Load IP Config File for LIBJPEG
2025-06-26 16:37:37,834 [INFO] ApiDbMcu:508 - Load IP Config File for LWIP
2025-06-26 16:37:37,852 [INFO] ApiDbMcu:508 - Load IP Config File for MBEDTLS
2025-06-26 16:37:37,870 [INFO] ApiDbMcu:508 - Load IP Config File for USB_DEVICE
2025-06-26 16:37:37,885 [INFO] ApiDbMcu:508 - Load IP Config File for USB_HOST
2025-06-26 16:37:38,413 [INFO] LogOutputStream:77 - [STDOUT_REDIRECT] 
2025-06-26 16:37:41,486 [INFO] ProjectBuilder:5097 - Time for Generating toolchain IDE Files: 3798mS.
2025-06-26 16:37:41,488 [INFO] ProjectBuilder:3107 - Time for Copy CMSIS : 2mS.
2025-06-26 16:37:41,492 [INFO] ProjectBuilder:3107 - Time for Copy CMSIS : 0mS.
2025-06-26 16:37:43,023 [INFO] McuFinderGlobals:76 - Set McuFinderConnectedMode to true
2025-06-26 16:37:43,027 [INFO] ApiDb:448 - Save user favorites file C:\Users\nisha/.stm32cubeide/favorites.mcus.txt: 0 item(s)
2025-06-26 16:37:43,028 [INFO] ApiDb:452 - User favorites MCUs=[]
2025-06-26 16:37:43,030 [INFO] ApiDb:448 - Save user favorites file C:\Users\nisha/.stm32cubeide/favorites.boards.txt: 1 item(s)
2025-06-26 16:37:43,030 [INFO] ApiDb:452 - User favorites Boards=[STM32F407G-DISC1]
2025-06-26 16:37:57,654 [INFO] Gpio:277 - dependency for GPIO []
2025-06-26 16:37:59,931 [INFO] Gpio:277 - dependency for GPIO []
2025-06-26 16:38:29,625 [INFO] UtilMem:75 - End SaveConfig() Used Memory: 784227640 Bytes (1073741824)
2025-06-26 16:38:31,621 [INFO] UtilMem:75 - End SaveConfig() Used Memory: 807296312 Bytes (1073741824)
2025-06-26 16:38:32,281 [INFO] UtilMem:75 - End SaveConfig() Used Memory: 873356600 Bytes (1073741824)
2025-06-26 16:38:32,548 [INFO] BlockDiagram:2766 - set Specific Code input for plugin: SYS
2025-06-26 16:38:32,548 [INFO] BlockDiagram:2766 - set Specific Code input for plugin: RCC
2025-06-26 16:38:32,548 [INFO] BlockDiagram:2766 - set Specific Code input for plugin: NVIC
2025-06-26 16:38:32,549 [INFO] BlockDiagram:2766 - set Specific Code input for plugin: GPIO
2025-06-26 16:38:32,552 [INFO] CodeGenerator:807 - code generatio: config db path: C:\ST\STM32CubeIDE_1.16.0\STM32CubeIDE\plugins\com.st.stm32cube.common.mx_6.12.0.202406281431\\db\
2025-06-26 16:38:32,614 [INFO] CodeEngine:255 - oldGeneratedFile, C:\Users\nisha\OneDrive\Desktop\stm32f407\freertos\007_LED_BLINK\MXTmpFiles\license.tmp_save
2025-06-26 16:38:32,679 [INFO] CodeEngine:279 - Generated code: C:\Users\nisha\OneDrive\Desktop\stm32f407\freertos\007_LED_BLINK\MXTmpFiles\license.tmp
2025-06-26 16:38:32,711 [INFO] CodeEngine:255 - oldGeneratedFile, C:\Users\nisha\OneDrive\Desktop\stm32f407\freertos\007_LED_BLINK\MXTmpFiles\gpio.tmp_save
2025-06-26 16:38:32,782 [INFO] CodeEngine:279 - Generated code: C:\Users\nisha\OneDrive\Desktop\stm32f407\freertos\007_LED_BLINK\MXTmpFiles\gpio.tmp
2025-06-26 16:38:32,841 [INFO] CodeEngine:255 - oldGeneratedFile, C:\Users\nisha\OneDrive\Desktop\stm32f407\freertos\007_LED_BLINK\Core\Src\stm32f4xx_it.c_save
2025-06-26 16:38:32,949 [INFO] CodeEngine:279 - Generated code: C:\Users\nisha\OneDrive\Desktop\stm32f407\freertos\007_LED_BLINK\Core\Src\stm32f4xx_it.c
2025-06-26 16:38:32,958 [INFO] CodeEngine:255 - oldGeneratedFile, C:\Users\nisha\OneDrive\Desktop\stm32f407\freertos\007_LED_BLINK\Core\Inc\stm32f4xx_it.h_save
2025-06-26 16:38:33,028 [INFO] CodeEngine:279 - Generated code: C:\Users\nisha\OneDrive\Desktop\stm32f407\freertos\007_LED_BLINK\Core\Inc\stm32f4xx_it.h
2025-06-26 16:38:33,065 [INFO] CodeEngine:255 - oldGeneratedFile, C:\Users\nisha\OneDrive\Desktop\stm32f407\freertos\007_LED_BLINK\Core\Src\stm32f4xx_hal_msp.c_save
2025-06-26 16:38:33,158 [INFO] CodeEngine:279 - Generated code: C:\Users\nisha\OneDrive\Desktop\stm32f407\freertos\007_LED_BLINK\Core\Src\stm32f4xx_hal_msp.c
2025-06-26 16:38:33,164 [INFO] CodeEngine:255 - oldGeneratedFile, C:\Users\nisha\OneDrive\Desktop\stm32f407\freertos\007_LED_BLINK\MXTmpFiles\system.tmp_save
2025-06-26 16:38:33,214 [INFO] CodeEngine:279 - Generated code: C:\Users\nisha\OneDrive\Desktop\stm32f407\freertos\007_LED_BLINK\MXTmpFiles\system.tmp
2025-06-26 16:38:33,225 [INFO] CodeEngine:255 - oldGeneratedFile, C:\Users\nisha\OneDrive\Desktop\stm32f407\freertos\007_LED_BLINK\Core\Src\stm32f4xx_hal_timebase_tim.c_save
2025-06-26 16:38:33,299 [INFO] CodeEngine:279 - Generated code: C:\Users\nisha\OneDrive\Desktop\stm32f407\freertos\007_LED_BLINK\Core\Src\stm32f4xx_hal_timebase_tim.c
2025-06-26 16:38:33,318 [INFO] CodeEngine:311 - oldGeneratedFile, C:\Users\nisha\OneDrive\Desktop\stm32f407\freertos\007_LED_BLINK\Core\Inc\stm32f4xx_hal_conf.h_save
2025-06-26 16:38:33,404 [INFO] CodeEngine:335 - Generated code: C:\Users\nisha\OneDrive\Desktop\stm32f407\freertos\007_LED_BLINK\Core\Inc\stm32f4xx_hal_conf.h
2025-06-26 16:38:33,457 [INFO] CodeEngine:255 - oldGeneratedFile, C:\Users\nisha\OneDrive\Desktop\stm32f407\freertos\007_LED_BLINK\Core\Inc\main.h_save
2025-06-26 16:38:33,512 [INFO] CodeEngine:279 - Generated code: C:\Users\nisha\OneDrive\Desktop\stm32f407\freertos\007_LED_BLINK\Core\Inc\main.h
2025-06-26 16:38:33,530 [INFO] CodeEngine:255 - oldGeneratedFile, C:\Users\nisha\OneDrive\Desktop\stm32f407\freertos\007_LED_BLINK\Core\Src\main.c_save
2025-06-26 16:38:33,650 [INFO] CodeEngine:279 - Generated code: C:\Users\nisha\OneDrive\Desktop\stm32f407\freertos\007_LED_BLINK\Core\Src\main.c
2025-06-26 16:38:33,996 [INFO] ProjectBuilder:3249 - Time for Copy HAL[1] : 224mS.
2025-06-26 16:38:34,002 [INFO] ProjectBuilder:4828 - Project Generator version: 4.4.0-B60
2025-06-26 16:38:34,049 [INFO] ConfigFileManager:1531 - The Die is : DIE413
2025-06-26 16:38:35,169 [INFO] ProjectBuilder:5097 - Time for Generating toolchain IDE Files: 1167mS.
2025-06-26 16:38:35,170 [INFO] ProjectBuilder:3107 - Time for Copy CMSIS : 0mS.
2025-06-26 16:38:35,172 [INFO] ProjectBuilder:3107 - Time for Copy CMSIS : 0mS.
2025-06-26 17:16:18,246 [ERROR] LogOutputStream:75 - [STDERR_REDIRECT] 
2025-06-26 21:50:50,362 [INFO] Activator:176 - 


2025-06-26 21:50:50,365 [INFO] Activator:177 - !SESSION log4j initialized
2025-06-26 21:50:58,119 [INFO] LogOutputStream:77 - [STDOUT_REDIRECT] 
2025-06-26 21:51:00,442 [INFO] ApplicationProperties:184 - Using Application install path: C:\ST\STM32CubeIDE_1.16.0\STM32CubeIDE\plugins\com.st.stm32cube.common.mx_6.12.0.202406281431
2025-06-26 21:51:00,470 [INFO] DbMcusXml:78 - Set database path to: C:\ST\STM32CubeIDE_1.16.0\STM32CubeIDE\plugins\com.st.stm32cube.common.mx_6.12.0.202406281431\\db\/mcu/
2025-06-26 21:51:00,471 [INFO] ApiDb:274 - Set plugin database path to: C:\ST\STM32CubeIDE_1.16.0\STM32CubeIDE\plugins\com.st.stm32cube.common.mx_6.12.0.202406281431\\db\/plugins/boardmanager/
2025-06-26 21:51:00,471 [WARN] ApiDb:259 - Overriding images path with different value:  => C:\ST\STM32CubeIDE_1.16.0\STM32CubeIDE\plugins\com.st.stm32cube.common.mx_6.12.0.202406281431\\db\/plugins/mcufinder/images/
2025-06-26 21:51:00,476 [INFO] ApiDb:250 - Set database path to: C:\Users\nisha\.stmcufinder\plugins\mcufinder//mcu/
2025-06-26 21:51:00,477 [INFO] DbMcusAds:125 - Set database path to: C:\Users\nisha\.stmcufinder\plugins\mcufinder//mcu/
2025-06-26 21:51:00,479 [INFO] CrossReferenceDbSqlite:203 - Set database path to: C:\Users\nisha\.stmcufinder\plugins\mcufinder//mcu/cs/
2025-06-26 21:51:00,658 [INFO] RulesReader:64 - Compatibility file has been processed (297 Rules)
2025-06-26 21:51:00,765 [INFO] DbMcusXml:78 - Set database path to: C:\ST\STM32CubeIDE_1.16.0\STM32CubeIDE\plugins\com.st.stm32cube.common.mx_6.12.0.202406281431\\db\/mcu/
2025-06-26 21:51:00,765 [INFO] ApiDb:274 - Set plugin database path to: C:\ST\STM32CubeIDE_1.16.0\STM32CubeIDE\plugins\com.st.stm32cube.common.mx_6.12.0.202406281431\\db\/plugins/boardmanager/
2025-06-26 21:51:00,766 [INFO] ApiDb:261 - Set plugin images path to: C:\ST\STM32CubeIDE_1.16.0\STM32CubeIDE\plugins\com.st.stm32cube.common.mx_6.12.0.202406281431\\db\/plugins/mcufinder/images/
2025-06-26 21:51:00,766 [WARN] DbFile:41 - Overriding database path with different value: C:\Users\nisha\.stmcufinder\plugins\mcufinder/ => C:\Users\nisha\.stmcufinder\plugins\mcufinder
2025-06-26 21:51:00,766 [INFO] ApiDb:250 - Set database path to: C:\Users\nisha\.stmcufinder\plugins\mcufinder//mcu/
2025-06-26 21:51:00,766 [WARN] DbFile:41 - Overriding database path with different value: C:\Users\nisha\.stmcufinder\plugins\mcufinder/ => C:\Users\nisha\.stmcufinder\plugins\mcufinder
2025-06-26 21:51:00,766 [INFO] DbMcusAds:125 - Set database path to: C:\Users\nisha\.stmcufinder\plugins\mcufinder//mcu/
2025-06-26 21:51:00,767 [WARN] DbFile:41 - Overriding database path with different value: C:\Users\nisha\.stmcufinder\plugins\mcufinder/ => C:\Users\nisha\.stmcufinder\plugins\mcufinder
2025-06-26 21:51:00,767 [WARN] DbFile:41 - Overriding database path with different value: C:\Users\nisha\.stmcufinder\plugins\mcufinder/ => C:\Users\nisha\.stmcufinder\plugins\mcufinder
2025-06-26 21:51:00,767 [INFO] CrossReferenceDbSqlite:203 - Set database path to: C:\Users\nisha\.stmcufinder\plugins\mcufinder//mcu/cs/
2025-06-26 21:51:00,862 [INFO] MainPanel:268 - HeapMemory: 268435456
2025-06-26 21:51:00,962 [INFO] DbMcusXml:78 - Set database path to: C:\ST\STM32CubeIDE_1.16.0\STM32CubeIDE\plugins\com.st.stm32cube.common.mx_6.12.0.202406281431\\db\/mcu/
2025-06-26 21:51:00,962 [INFO] ApiDb:274 - Set plugin database path to: C:\ST\STM32CubeIDE_1.16.0\STM32CubeIDE\plugins\com.st.stm32cube.common.mx_6.12.0.202406281431\\db\/plugins/boardmanager/
2025-06-26 21:51:00,962 [INFO] ApiDb:261 - Set plugin images path to: C:\ST\STM32CubeIDE_1.16.0\STM32CubeIDE\plugins\com.st.stm32cube.common.mx_6.12.0.202406281431\\db\/plugins/mcufinder/images/
2025-06-26 21:51:00,963 [WARN] DbFile:41 - Overriding database path with different value: C:\Users\nisha\.stmcufinder\plugins\mcufinder/ => C:\Users\nisha\.stmcufinder\plugins\mcufinder
2025-06-26 21:51:00,963 [INFO] ApiDb:250 - Set database path to: C:\Users\nisha\.stmcufinder\plugins\mcufinder//mcu/
2025-06-26 21:51:00,963 [WARN] DbFile:41 - Overriding database path with different value: C:\Users\nisha\.stmcufinder\plugins\mcufinder/ => C:\Users\nisha\.stmcufinder\plugins\mcufinder
2025-06-26 21:51:00,963 [INFO] DbMcusAds:125 - Set database path to: C:\Users\nisha\.stmcufinder\plugins\mcufinder//mcu/
2025-06-26 21:51:00,963 [WARN] DbFile:41 - Overriding database path with different value: C:\Users\nisha\.stmcufinder\plugins\mcufinder/ => C:\Users\nisha\.stmcufinder\plugins\mcufinder
2025-06-26 21:51:00,963 [WARN] DbFile:41 - Overriding database path with different value: C:\Users\nisha\.stmcufinder\plugins\mcufinder/ => C:\Users\nisha\.stmcufinder\plugins\mcufinder
2025-06-26 21:51:00,964 [INFO] CrossReferenceDbSqlite:203 - Set database path to: C:\Users\nisha\.stmcufinder\plugins\mcufinder//mcu/cs/
2025-06-26 21:51:00,984 [INFO] ApplicationProperties:184 - Using Application install path: C:\ST\STM32CubeIDE_1.16.0\STM32CubeIDE\plugins\com.st.stm32cube.common.mx_6.12.0.202406281431
2025-06-26 21:51:00,986 [INFO] PluginManage:196 - Search for loadable plugins [exclusion list=, ]
2025-06-26 21:51:00,989 [INFO] PluginManage:310 - Check plugin analytics
2025-06-26 21:51:01,387 [INFO] AnalyticsPlugin:253 - Accepted Software Licenses: 
2025-06-26 21:51:01,388 [INFO] AnalyticsPlugin:255 - Accepted CMSIS Pack Licenses: 
2025-06-26 21:51:01,388 [INFO] AnalyticsPlugin:257 - Accepted Firmware Licenses: FW.F4.1.28.0
2025-06-26 21:51:01,396 [INFO] PluginManage:359 - Loaded plugin analytics (category:tool,tabindex:-1)
2025-06-26 21:51:01,397 [INFO] PluginManage:310 - Check plugin cadmodel
2025-06-26 21:51:01,409 [INFO] CADModel:105 - Init CAD model plugin
2025-06-26 21:51:01,410 [INFO] PluginManage:359 - Loaded plugin cadmodel (category:power,tabindex:5)
2025-06-26 21:51:01,412 [INFO] PluginManage:310 - Check plugin clock
2025-06-26 21:51:01,451 [INFO] PluginManage:359 - Loaded plugin clock (category:base,tabindex:2)
2025-06-26 21:51:01,452 [INFO] PluginManage:310 - Check plugin ddr
2025-06-26 21:51:01,461 [INFO] PluginManage:359 - Loaded plugin ddr (category:tool,tabindex:6)
2025-06-26 21:51:01,462 [INFO] PluginManage:310 - Check plugin filemanager
2025-06-26 21:51:01,701 [INFO] PluginManage:359 - Loaded plugin filemanager (category:base,tabindex:10)
2025-06-26 21:51:01,701 [INFO] PluginManage:310 - Check plugin ipmanager
2025-06-26 21:51:01,711 [INFO] PluginManage:359 - Loaded plugin ipmanager (category:base,tabindex:5)
2025-06-26 21:51:01,711 [INFO] PluginManage:310 - Check plugin lpbam
2025-06-26 21:51:01,720 [INFO] PluginManage:359 - Loaded plugin lpbam (category:base,tabindex:0)
2025-06-26 21:51:01,720 [INFO] PluginManage:310 - Check plugin memorymap
2025-06-26 21:51:01,730 [INFO] PluginManage:359 - Loaded plugin memorymap (category:base,tabindex:4)
2025-06-26 21:51:01,730 [INFO] PluginManage:310 - Check plugin pinoutandconfiguration
2025-06-26 21:51:01,738 [INFO] PluginManage:359 - Loaded plugin pinoutandconfiguration (category:base,tabindex:1)
2025-06-26 21:51:01,738 [INFO] PluginManage:310 - Check plugin pinoutconfig
2025-06-26 21:51:01,845 [WARN] SupportedApi:132 - Cannot load RTOS API schema: s4s-elt-must-match.1: The content of 'definitions' must match (annotation?, (simpleType | complexType)?, (unique | key | keyref)*)). A problem was found starting at: attribute.
2025-06-26 21:51:01,980 [INFO] PluginManage:359 - Loaded plugin pinoutconfig (category:base,tabindex:0)
2025-06-26 21:51:01,980 [INFO] PluginManage:310 - Check plugin power
2025-06-26 21:51:01,989 [INFO] PluginManage:359 - Loaded plugin power (category:power,tabindex:4)
2025-06-26 21:51:01,989 [INFO] PluginManage:310 - Check plugin projectmanager
2025-06-26 21:51:02,006 [INFO] PluginManage:359 - Loaded plugin projectmanager (category:projectmanager,tabindex:4)
2025-06-26 21:51:02,006 [INFO] PluginManage:310 - Check plugin rif
2025-06-26 21:51:02,012 [INFO] PluginManage:359 - Loaded plugin rif (category:base,tabindex:3)
2025-06-26 21:51:02,012 [INFO] PluginManage:310 - Check plugin thirdparty
2025-06-26 21:51:02,142 [WARN] IntegrityCheckThread:84 - waiting for thirdparty lock release [integrity check]
2025-06-26 21:51:02,142 [INFO] PluginManage:359 - Loaded plugin thirdparty (category:base,tabindex:-1)
2025-06-26 21:51:02,142 [INFO] IntegrityCheckThread:86 - entering critical section [integrity check]
2025-06-26 21:51:02,143 [INFO] PluginManage:310 - Check plugin tools
2025-06-26 21:51:02,143 [INFO] ThirdPartyUpdaterWithRetryManager:70 - Updater plugin not ready yet. [1/15]
2025-06-26 21:51:02,145 [INFO] PluginManage:359 - Loaded plugin tools (category:base,tabindex:7)
2025-06-26 21:51:02,145 [INFO] PluginManage:310 - Check plugin tutovideos
2025-06-26 21:51:02,320 [INFO] PluginManage:359 - Loaded plugin tutovideos (category:base,tabindex:-1)
2025-06-26 21:51:02,320 [INFO] PluginManage:310 - Check plugin updater
2025-06-26 21:51:02,341 [INFO] PluginManage:359 - Loaded plugin updater (category:base,tabindex:12)
2025-06-26 21:51:02,341 [INFO] PluginManage:310 - Check plugin userauth
2025-06-26 21:51:02,346 [INFO] UserAuth:113 - Init User Auth plugin
2025-06-26 21:51:02,346 [INFO] PluginManage:359 - Loaded plugin userauth (category:base,tabindex:14)
2025-06-26 21:51:02,347 [INFO] PluginManage:283 - PluginManage : Loaded plugins [18]
2025-06-26 21:51:02,635 [INFO] PinOutPanel:1561 - setPackage(No Configuration,No Configuration)
2025-06-26 21:51:02,735 [INFO] CADModel:165 - CPN selected for project level
2025-06-26 21:51:02,735 [INFO] CADModel:114 - Register for checkConnection events
2025-06-26 21:51:02,753 [INFO] IPUIPlugin:80 - create IPUIPlugin
2025-06-26 21:51:02,753 [INFO] PluginManager:220 - loadIPPluginJar : add adc
2025-06-26 21:51:02,756 [INFO] IPUIPlugin:80 - create IPUIPlugin
2025-06-26 21:51:02,757 [INFO] PluginManager:220 - loadIPPluginJar : add aes
2025-06-26 21:51:02,759 [INFO] IPUIPlugin:80 - create IPUIPlugin
2025-06-26 21:51:02,760 [INFO] PluginManager:220 - loadIPPluginJar : add can
2025-06-26 21:51:02,762 [INFO] IPUIPlugin:80 - create IPUIPlugin
2025-06-26 21:51:02,762 [INFO] PluginManager:220 - loadIPPluginJar : add comp
2025-06-26 21:51:02,765 [INFO] IPUIPlugin:80 - create IPUIPlugin
2025-06-26 21:51:02,765 [INFO] PluginManager:220 - loadIPPluginJar : add cryp
2025-06-26 21:51:02,768 [INFO] IPUIPlugin:80 - create IPUIPlugin
2025-06-26 21:51:02,768 [INFO] PluginManager:220 - loadIPPluginJar : add ddr_ctrl_phy
2025-06-26 21:51:02,770 [INFO] IPUIPlugin:80 - create IPUIPlugin
2025-06-26 21:51:02,770 [INFO] PluginManager:220 - loadIPPluginJar : add dfsdm
2025-06-26 21:51:02,775 [INFO] IPUIPlugin:80 - create IPUIPlugin
2025-06-26 21:51:02,776 [INFO] PluginManager:220 - loadIPPluginJar : add dma
2025-06-26 21:51:02,777 [INFO] IPUIPlugin:80 - create IPUIPlugin
2025-06-26 21:51:02,778 [INFO] PluginManager:220 - loadIPPluginJar : add dma3
2025-06-26 21:51:02,779 [INFO] IPUIPlugin:80 - create IPUIPlugin
2025-06-26 21:51:02,780 [INFO] PluginManager:220 - loadIPPluginJar : add extmemmanager
2025-06-26 21:51:02,781 [INFO] IPUIPlugin:80 - create IPUIPlugin
2025-06-26 21:51:02,781 [INFO] PluginManager:220 - loadIPPluginJar : add fatfs
2025-06-26 21:51:02,786 [INFO] IPUIPlugin:80 - create IPUIPlugin
2025-06-26 21:51:02,786 [INFO] PluginManager:220 - loadIPPluginJar : add fmc
2025-06-26 21:51:02,791 [INFO] IPUIPlugin:80 - create IPUIPlugin
2025-06-26 21:51:02,791 [INFO] PluginManager:220 - loadIPPluginJar : add freertos
2025-06-26 21:51:02,792 [INFO] IPUIPlugin:80 - create IPUIPlugin
2025-06-26 21:51:02,792 [INFO] PluginManager:220 - loadIPPluginJar : add genericplugin
2025-06-26 21:51:02,794 [INFO] IPUIPlugin:80 - create IPUIPlugin
2025-06-26 21:51:02,795 [INFO] PluginManager:220 - loadIPPluginJar : add gfxmmu
2025-06-26 21:51:02,800 [INFO] IPUIPlugin:80 - create IPUIPlugin
2025-06-26 21:51:02,800 [INFO] PluginManager:220 - loadIPPluginJar : add gic
2025-06-26 21:51:02,805 [INFO] IPUIPlugin:80 - create IPUIPlugin
2025-06-26 21:51:02,805 [INFO] PluginManager:220 - loadIPPluginJar : add gpio
2025-06-26 21:51:02,809 [INFO] IPUIPlugin:80 - create IPUIPlugin
2025-06-26 21:51:02,809 [INFO] PluginManager:220 - loadIPPluginJar : add gtzc
2025-06-26 21:51:02,812 [INFO] IPUIPlugin:80 - create IPUIPlugin
2025-06-26 21:51:02,812 [INFO] PluginManager:220 - loadIPPluginJar : add hash
2025-06-26 21:51:02,817 [INFO] IPUIPlugin:80 - create IPUIPlugin
2025-06-26 21:51:02,817 [INFO] PluginManager:220 - loadIPPluginJar : add i2c
2025-06-26 21:51:02,821 [INFO] IPUIPlugin:80 - create IPUIPlugin
2025-06-26 21:51:02,821 [INFO] PluginManager:220 - loadIPPluginJar : add i2s
2025-06-26 21:51:02,826 [INFO] IPUIPlugin:80 - create IPUIPlugin
2025-06-26 21:51:02,826 [INFO] PluginManager:220 - loadIPPluginJar : add i3c
2025-06-26 21:51:02,830 [INFO] IPUIPlugin:80 - create IPUIPlugin
2025-06-26 21:51:02,831 [INFO] PluginManager:220 - loadIPPluginJar : add ipddr
2025-06-26 21:51:02,841 [INFO] IPUIPlugin:80 - create IPUIPlugin
2025-06-26 21:51:02,844 [INFO] PluginManager:220 - loadIPPluginJar : add linkedlist
2025-06-26 21:51:02,849 [INFO] IPUIPlugin:80 - create IPUIPlugin
2025-06-26 21:51:02,850 [INFO] PluginManager:220 - loadIPPluginJar : add lorawan
2025-06-26 21:51:02,852 [INFO] IPUIPlugin:80 - create IPUIPlugin
2025-06-26 21:51:02,852 [INFO] PluginManager:220 - loadIPPluginJar : add ltdc
2025-06-26 21:51:02,861 [INFO] IPUIPlugin:80 - create IPUIPlugin
2025-06-26 21:51:02,861 [INFO] PluginManager:220 - loadIPPluginJar : add mdma
2025-06-26 21:51:02,867 [INFO] IPUIPlugin:80 - create IPUIPlugin
2025-06-26 21:51:02,867 [INFO] PluginManager:220 - loadIPPluginJar : add nvic
2025-06-26 21:51:02,871 [INFO] IPUIPlugin:80 - create IPUIPlugin
2025-06-26 21:51:02,871 [INFO] PluginManager:220 - loadIPPluginJar : add opamp
2025-06-26 21:51:02,874 [INFO] IPUIPlugin:80 - create IPUIPlugin
2025-06-26 21:51:02,874 [INFO] PluginManager:220 - loadIPPluginJar : add openamp
2025-06-26 21:51:02,877 [INFO] IPUIPlugin:80 - create IPUIPlugin
2025-06-26 21:51:02,877 [INFO] PluginManager:220 - loadIPPluginJar : add pdm2pcm
2025-06-26 21:51:02,883 [INFO] IPUIPlugin:80 - create IPUIPlugin
2025-06-26 21:51:02,885 [INFO] PluginManager:220 - loadIPPluginJar : add plateformsettings
2025-06-26 21:51:02,887 [INFO] IPUIPlugin:80 - create IPUIPlugin
2025-06-26 21:51:02,887 [INFO] PluginManager:220 - loadIPPluginJar : add quadspi
2025-06-26 21:51:02,889 [INFO] IPUIPlugin:80 - create IPUIPlugin
2025-06-26 21:51:02,889 [INFO] PluginManager:220 - loadIPPluginJar : add radio
2025-06-26 21:51:02,892 [INFO] IPUIPlugin:80 - create IPUIPlugin
2025-06-26 21:51:02,892 [INFO] PluginManager:220 - loadIPPluginJar : add resmgrutility
2025-06-26 21:51:02,894 [INFO] IPUIPlugin:80 - create IPUIPlugin
2025-06-26 21:51:02,894 [INFO] PluginManager:220 - loadIPPluginJar : add sai
2025-06-26 21:51:02,897 [INFO] IPUIPlugin:80 - create IPUIPlugin
2025-06-26 21:51:02,897 [INFO] PluginManager:220 - loadIPPluginJar : add spi
2025-06-26 21:51:02,905 [INFO] IPUIPlugin:80 - create IPUIPlugin
2025-06-26 21:51:02,906 [INFO] PluginManager:220 - loadIPPluginJar : add stm32_wpan
2025-06-26 21:51:02,907 [INFO] IPUIPlugin:80 - create IPUIPlugin
2025-06-26 21:51:02,907 [INFO] PluginManager:220 - loadIPPluginJar : add tim
2025-06-26 21:51:02,911 [INFO] IPUIPlugin:80 - create IPUIPlugin
2025-06-26 21:51:02,911 [INFO] PluginManager:220 - loadIPPluginJar : add touchsensing
2025-06-26 21:51:02,913 [INFO] IPUIPlugin:80 - create IPUIPlugin
2025-06-26 21:51:02,913 [INFO] PluginManager:220 - loadIPPluginJar : add tracer_emb
2025-06-26 21:51:02,915 [INFO] IPUIPlugin:80 - create IPUIPlugin
2025-06-26 21:51:02,915 [INFO] PluginManager:220 - loadIPPluginJar : add ts
2025-06-26 21:51:02,916 [INFO] IPUIPlugin:80 - create IPUIPlugin
2025-06-26 21:51:02,917 [INFO] PluginManager:220 - loadIPPluginJar : add tsc
2025-06-26 21:51:02,918 [INFO] IPUIPlugin:80 - create IPUIPlugin
2025-06-26 21:51:02,918 [INFO] PluginManager:220 - loadIPPluginJar : add ucpd
2025-06-26 21:51:02,921 [INFO] IPUIPlugin:80 - create IPUIPlugin
2025-06-26 21:51:02,922 [INFO] PluginManager:220 - loadIPPluginJar : add usart
2025-06-26 21:51:02,925 [INFO] IPUIPlugin:80 - create IPUIPlugin
2025-06-26 21:51:02,925 [INFO] PluginManager:220 - loadIPPluginJar : add usbx
2025-06-26 21:51:03,072 [INFO] CADModel:165 - CPN selected for project level
2025-06-26 21:51:03,073 [INFO] CADModel:114 - Register for checkConnection events
2025-06-26 21:51:03,073 [FATAL] Updater:334 - Updater called before beeing initialized
2025-06-26 21:51:03,073 [ERROR] CADModel:125 - Updater not yet initialized, retry later 
2025-06-26 21:51:03,223 [INFO] CADModel:165 - CPN selected for project level
2025-06-26 21:51:03,223 [INFO] CADModel:114 - Register for checkConnection events
2025-06-26 21:51:03,223 [FATAL] Updater:334 - Updater called before beeing initialized
2025-06-26 21:51:03,223 [ERROR] CADModel:125 - Updater not yet initialized, retry later 
2025-06-26 21:51:03,226 [FATAL] Updater:334 - Updater called before beeing initialized
2025-06-26 21:51:03,342 [FATAL] Updater:334 - Updater called before beeing initialized
2025-06-26 21:51:03,345 [INFO] DbMcusAds:53 - JSON generation date=Thu Jun 19 14:02:34 IST 2025 (1750321954415)
2025-06-26 21:51:03,346 [FATAL] Updater:334 - Updater called before beeing initialized
2025-06-26 21:51:03,374 [WARN] DetailPanel:346 - Failed to get advertising image, set to default
2025-06-26 21:51:03,502 [FATAL] Updater:334 - Updater called before beeing initialized
2025-06-26 21:51:03,504 [FATAL] Updater:334 - Updater called before beeing initialized
2025-06-26 21:51:03,511 [FATAL] Updater:334 - Updater called before beeing initialized
2025-06-26 21:51:03,512 [WARN] DetailPanel:346 - Failed to get advertising image, set to default
2025-06-26 21:51:03,515 [FATAL] Updater:334 - Updater called before beeing initialized
2025-06-26 21:51:03,578 [ERROR] Updater:1164 - MainUpdater not yet initialized. External WinMGr cannot be set.
2025-06-26 21:51:03,580 [INFO] Updater:1100 - Updater Version found : 6.12.0
2025-06-26 21:51:03,606 [INFO] ApplicationProperties:184 - Using Application install path: C:\ST\STM32CubeIDE_1.16.0\STM32CubeIDE\plugins\com.st.stm32cube.common.mx_6.12.0.202406281431
2025-06-26 21:51:05,144 [INFO] ThirdPartyUpdaterWithRetryManager:70 - Updater plugin not ready yet. [2/15]
2025-06-26 21:51:05,192 [ERROR] LogOutputStream:75 - [STDERR_REDIRECT] Jun 26, 2025 9:51:05 PM java.util.prefs.WindowsPreferences <init>
2025-06-26 21:51:05,194 [ERROR] LogOutputStream:75 - [STDERR_REDIRECT] WARNING: Could not open/create prefs root node Software\JavaSoft\Prefs at root 0xffffffff80000002. Windows RegCreateKeyEx(...) returned error code 5.
2025-06-26 21:51:05,195 [ERROR] LogOutputStream:75 - [STDERR_REDIRECT] 
2025-06-26 21:51:05,683 [INFO] MainUpdater:2873 - connection check result : 10
2025-06-26 21:51:05,684 [INFO] MainUpdater:290 - Updater Check For Update Now.
2025-06-26 21:51:05,684 [INFO] MicroXplorer:498 - Change Database Version : DB.6.0.120
2025-06-26 21:51:05,704 [INFO] McuFinderGlobals:63 - Set McuFinder mode to 2 (CubeIDE integrated)
2025-06-26 21:51:05,715 [INFO] UserAuth:417 - Internet connection configuration mode: 1
2025-06-26 21:51:05,747 [INFO] JxBrowserEngine:152 - Initiate JxBrowser Engine with user profile folder
2025-06-26 21:51:05,928 [INFO] CheckServerUpdateThread:120 - End of CheckServer Thread
2025-06-26 21:51:06,500 [INFO] WebApp:167 - Instantiating new browser for Auth
2025-06-26 21:51:07,268 [INFO] WebApp:448 - Apply proxy settings
2025-06-26 21:51:07,269 [INFO] WebApp:533 - Chromium requires no authentication
2025-06-26 21:51:07,277 [INFO] WebApp:476 - Direct internet connection detected
2025-06-26 21:51:07,300 [INFO] WebApp:869 - Register for checkConnection events
2025-06-26 21:51:07,301 [INFO] WebApp:448 - Apply proxy settings
2025-06-26 21:51:07,301 [INFO] WebApp:533 - Chromium requires no authentication
2025-06-26 21:51:07,302 [INFO] WebApp:476 - Direct internet connection detected
2025-06-26 21:51:07,447 [INFO] WebApp:220 - Starting web application
2025-06-26 21:51:07,447 [INFO] WebApp:578 - Web application path used C:\ST\STM32CubeIDE_1.16.0\STM32CubeIDE\plugins\com.st.stm32cube.common.mx_6.12.0.202406281431\db\plugins\mcufinder\reactClient1\index.html
2025-06-26 21:51:07,533 [INFO] UserAuth:417 - Internet connection configuration mode: 1
2025-06-26 21:51:07,807 [INFO] WebApp:186 - Connection restablished
2025-06-26 21:51:08,491 [WARN] PackLoader:240 - Cannot read IP mode file for STMicroelectronics.FP-SNS-MOTENVWB1.1.4.0
2025-06-26 21:51:08,507 [WARN] PackLoader:240 - Cannot read IP mode file for STMicroelectronics.X-CUBE-SMBUS.2.1.0
2025-06-26 21:51:08,526 [WARN] PackLoader:240 - Cannot read IP mode file for STMicroelectronics.X-CUBE-WB05N.1.1.0
2025-06-26 21:51:08,535 [ERROR] Engine:466 - C:\Users\nisha\.stm32cubemx\thirdparties\pdsc\STMicroelectronics.X-CUBE-ST60.1.0.0.pdsc: PDSC version is not supported
2025-06-26 21:51:08,573 [WARN] PackLoader:240 - Cannot read IP mode file for STMicroelectronics.X-CUBE-AZRTOS-F7.1.1.0
2025-06-26 21:51:08,654 [WARN] PackLoader:240 - Cannot read IP mode file for STMicroelectronics.X-CUBE-MEMS1.11.0.0
2025-06-26 21:51:08,903 [WARN] PackLoader:240 - Cannot read IP mode file for STMicroelectronics.FP-SNS-FLIGHT1.5.0.2
2025-06-26 21:51:08,929 [WARN] PackLoader:240 - Cannot read IP mode file for STMicroelectronics.X-CUBE-DISPLAY.3.0.0
2025-06-26 21:51:08,942 [WARN] PackLoader:240 - Cannot read IP mode file for STMicroelectronics.X-CUBE-BLE1.7.0.0
2025-06-26 21:51:08,953 [WARN] PackLoader:240 - Cannot read IP mode file for STMicroelectronics.X-CUBE-NFC10.1.0.0
2025-06-26 21:51:08,963 [WARN] PackLoader:240 - Cannot read IP mode file for emotas.I-CUBE-CANOPEN.1.3.0
2025-06-26 21:51:08,978 [WARN] PackLoader:240 - Cannot read IP mode file for STMicroelectronics.X-CUBE-BLEMGR.3.1.0
2025-06-26 21:51:08,988 [WARN] PackLoader:240 - Cannot read IP mode file for STMicroelectronics.FP-SNS-SMARTAG2.1.2.0
2025-06-26 21:51:08,993 [ERROR] Engine:466 - C:\Users\nisha\.stm32cubemx\thirdparties\pdsc\STMicroelectronics.FP-SNS-FLIGHT1.5.1.0.pdsc: PDSC version is not supported
2025-06-26 21:51:09,006 [INFO] LogOutputStream:77 - [STDOUT_REDIRECT] 1 : Invalid condition id : UX_CORESTACK_Condition cause : null
2025-06-26 21:51:09,009 [INFO] LogOutputStream:77 - [STDOUT_REDIRECT] 1 : Invalid condition id : UX_CORESTACK_Condition cause : null
2025-06-26 21:51:09,012 [INFO] LogOutputStream:77 - [STDOUT_REDIRECT] 1 : Invalid condition id : UX_CORESTACK_Condition cause : null
2025-06-26 21:51:09,017 [INFO] LogOutputStream:77 - [STDOUT_REDIRECT] 1 : Invalid condition id : UX_CORESTACK_Condition cause : null
2025-06-26 21:51:09,020 [INFO] LogOutputStream:77 - [STDOUT_REDIRECT] 1 : Invalid condition id : UX_CORESTACK_Condition cause : null
2025-06-26 21:51:09,023 [WARN] PackLoader:240 - Cannot read IP mode file for STMicroelectronics.X-CUBE-AZRTOS-WL.2.0.0
2025-06-26 21:51:09,033 [WARN] PackLoader:240 - Cannot read IP mode file for STMicroelectronics.FP-SNS-MOTENV1.5.0.0
2025-06-26 21:51:09,041 [WARN] PackLoader:240 - Cannot read IP mode file for wolfSSL.I-CUBE-wolfMQTT.1.19.0
2025-06-26 21:51:09,061 [WARN] PackLoader:240 - Cannot read IP mode file for WES.I-CUBE-Cesium.1.3.0
2025-06-26 21:51:09,071 [WARN] PackLoader:240 - Cannot read IP mode file for STMicroelectronics.X-CUBE-BLE2.3.3.0
2025-06-26 21:51:09,079 [WARN] PackLoader:240 - Cannot read IP mode file for STMicroelectronics.X-CUBE-NFC9.1.0.0
2025-06-26 21:51:09,088 [WARN] PackLoader:240 - Cannot read IP mode file for STMicroelectronics.X-CUBE-BLE1.7.1.0
2025-06-26 21:51:09,102 [WARN] PackLoader:240 - Cannot read IP mode file for STMicroelectronics.X-CUBE-TCPP.4.1.0
2025-06-26 21:51:09,111 [WARN] PackLoader:240 - Cannot read IP mode file for STMicroelectronics.X-CUBE-AI.10.1.0
2025-06-26 21:51:09,139 [WARN] PackLoader:240 - Cannot read IP mode file for STMicroelectronics.X-CUBE-AZRTOS-G0.1.1.0
2025-06-26 21:51:09,151 [WARN] PackLoader:240 - Cannot read IP mode file for STMicroelectronics.X-CUBE-SAFEA1.1.2.2
2025-06-26 21:51:09,158 [WARN] PackLoader:240 - Cannot read IP mode file for STMicroelectronics.X-CUBE-NFC4.3.0.0
2025-06-26 21:51:09,174 [WARN] PackLoader:240 - Cannot read IP mode file for EmbeddedOffice.I-CUBE-FS-RTOS.1.0.1
2025-06-26 21:51:09,175 [ERROR] ConditionMgr:805 - Attr not supported : Dmpu
2025-06-26 21:51:09,175 [ERROR] ConditionMgr:805 - Attr not supported : Dmpu
2025-06-26 21:51:09,175 [ERROR] ConditionMgr:805 - Attr not supported : Dmpu
2025-06-26 21:51:09,176 [ERROR] ConditionMgr:805 - Attr not supported : Dmpu
2025-06-26 21:51:09,176 [ERROR] ConditionMgr:805 - Attr not supported : Dmpu
2025-06-26 21:51:09,176 [ERROR] ConditionMgr:805 - Attr not supported : Dmpu
2025-06-26 21:51:09,177 [ERROR] ConditionMgr:805 - Attr not supported : Dmpu
2025-06-26 21:51:09,177 [ERROR] ConditionMgr:805 - Attr not supported : Dmpu
2025-06-26 21:51:09,177 [ERROR] ConditionMgr:805 - Attr not supported : Dmpu
2025-06-26 21:51:09,178 [ERROR] ConditionMgr:805 - Attr not supported : Dmpu
2025-06-26 21:51:09,178 [ERROR] ConditionMgr:805 - Attr not supported : Dmpu
2025-06-26 21:51:09,178 [ERROR] ConditionMgr:805 - Attr not supported : Dmpu
2025-06-26 21:51:09,178 [ERROR] ConditionMgr:805 - Attr not supported : Dmpu
2025-06-26 21:51:09,178 [ERROR] ConditionMgr:805 - Attr not supported : Dmpu
2025-06-26 21:51:09,178 [ERROR] ConditionMgr:805 - Attr not supported : Dmpu
2025-06-26 21:51:09,178 [ERROR] ConditionMgr:805 - Attr not supported : Dmpu
2025-06-26 21:51:09,179 [ERROR] ConditionMgr:805 - Attr not supported : Dmpu
2025-06-26 21:51:09,179 [ERROR] ConditionMgr:805 - Attr not supported : Dmpu
2025-06-26 21:51:09,179 [ERROR] ConditionMgr:805 - Attr not supported : Dmpu
2025-06-26 21:51:09,179 [ERROR] ConditionMgr:805 - Attr not supported : Dmpu
2025-06-26 21:51:09,179 [ERROR] ConditionMgr:805 - Attr not supported : Dmpu
2025-06-26 21:51:09,179 [ERROR] ConditionMgr:805 - Attr not supported : Dmpu
2025-06-26 21:51:09,179 [ERROR] ConditionMgr:805 - Attr not supported : Dmpu
2025-06-26 21:51:09,179 [ERROR] ConditionMgr:805 - Attr not supported : Dmpu
2025-06-26 21:51:09,179 [ERROR] ConditionMgr:805 - Attr not supported : Dmpu
2025-06-26 21:51:09,179 [ERROR] ConditionMgr:805 - Attr not supported : Dmpu
2025-06-26 21:51:09,179 [ERROR] ConditionMgr:805 - Attr not supported : Dmpu
2025-06-26 21:51:09,179 [ERROR] ConditionMgr:805 - Attr not supported : Dmpu
2025-06-26 21:51:09,179 [ERROR] ConditionMgr:805 - Attr not supported : Dmpu
2025-06-26 21:51:09,180 [ERROR] ConditionMgr:805 - Attr not supported : Dmpu
2025-06-26 21:51:09,180 [ERROR] ConditionMgr:805 - Attr not supported : Dmpu
2025-06-26 21:51:09,180 [ERROR] ConditionMgr:805 - Attr not supported : Dmpu
2025-06-26 21:51:09,180 [ERROR] ConditionMgr:805 - Attr not supported : Dmpu
2025-06-26 21:51:09,180 [ERROR] ConditionMgr:805 - Attr not supported : Dmpu
2025-06-26 21:51:09,181 [ERROR] ConditionMgr:805 - Attr not supported : Dmpu
2025-06-26 21:51:09,181 [ERROR] ConditionMgr:805 - Attr not supported : Dmpu
2025-06-26 21:51:09,181 [ERROR] ConditionMgr:805 - Attr not supported : Dmpu
2025-06-26 21:51:09,181 [ERROR] ConditionMgr:805 - Attr not supported : Dmpu
2025-06-26 21:51:09,182 [ERROR] ConditionMgr:805 - Attr not supported : Dmpu
2025-06-26 21:51:09,182 [ERROR] ConditionMgr:805 - Attr not supported : Dmpu
2025-06-26 21:51:09,182 [ERROR] ConditionMgr:805 - Attr not supported : Dmpu
2025-06-26 21:51:09,182 [ERROR] ConditionMgr:805 - Attr not supported : Dmpu
2025-06-26 21:51:09,182 [ERROR] ConditionMgr:805 - Attr not supported : Dmpu
2025-06-26 21:51:09,182 [ERROR] ConditionMgr:805 - Attr not supported : Dmpu
2025-06-26 21:51:09,182 [ERROR] ConditionMgr:805 - Attr not supported : Dmpu
2025-06-26 21:51:09,182 [ERROR] ConditionMgr:805 - Attr not supported : Dmpu
2025-06-26 21:51:09,182 [ERROR] ConditionMgr:805 - Attr not supported : Dmpu
2025-06-26 21:51:09,182 [ERROR] ConditionMgr:805 - Attr not supported : Dmpu
2025-06-26 21:51:09,182 [ERROR] ConditionMgr:805 - Attr not supported : Dmpu
2025-06-26 21:51:09,183 [ERROR] ConditionMgr:805 - Attr not supported : Dmpu
2025-06-26 21:51:09,183 [ERROR] ConditionMgr:805 - Attr not supported : Dmpu
2025-06-26 21:51:09,183 [ERROR] ConditionMgr:805 - Attr not supported : Dmpu
2025-06-26 21:51:09,183 [ERROR] ConditionMgr:805 - Attr not supported : Dmpu
2025-06-26 21:51:09,183 [ERROR] ConditionMgr:805 - Attr not supported : Dmpu
2025-06-26 21:51:09,184 [ERROR] ConditionMgr:805 - Attr not supported : Dmpu
2025-06-26 21:51:09,184 [ERROR] ConditionMgr:805 - Attr not supported : Dmpu
2025-06-26 21:51:09,184 [ERROR] ConditionMgr:805 - Attr not supported : Dmpu
2025-06-26 21:51:09,185 [ERROR] ConditionMgr:805 - Attr not supported : Dmpu
2025-06-26 21:51:09,185 [ERROR] ConditionMgr:805 - Attr not supported : Dmpu
2025-06-26 21:51:09,185 [ERROR] ConditionMgr:805 - Attr not supported : Dmpu
2025-06-26 21:51:09,185 [ERROR] ConditionMgr:805 - Attr not supported : Dmpu
2025-06-26 21:51:09,185 [ERROR] ConditionMgr:805 - Attr not supported : Dmpu
2025-06-26 21:51:09,185 [ERROR] ConditionMgr:805 - Attr not supported : Dmpu
2025-06-26 21:51:09,185 [ERROR] ConditionMgr:805 - Attr not supported : Dmpu
2025-06-26 21:51:09,201 [WARN] PackLoader:240 - Cannot read IP mode file for STMicroelectronics.X-CUBE-WB05N.2.0.0
2025-06-26 21:51:09,206 [ERROR] Engine:466 - C:\Users\nisha\.stm32cubemx\thirdparties\pdsc\STMicroelectronics.X-CUBE-TCPP.4.2.0.pdsc: PDSC version is not supported
2025-06-26 21:51:09,217 [WARN] PackLoader:240 - Cannot read IP mode file for RealThread.X-CUBE-RT-Thread_Nano.4.1.1
2025-06-26 21:51:09,226 [WARN] PackLoader:240 - Cannot read IP mode file for wolfSSL.I-CUBE-wolfSSL.5.7.0
2025-06-26 21:51:09,237 [WARN] PackLoader:240 - Cannot read IP mode file for STMicroelectronics.FP-ATR-SIGFOX1.3.2.0
2025-06-26 21:51:09,244 [WARN] ConditionMgr:438 - getConditionDescription Invalid condition id : Cortex-A Device cause : null
2025-06-26 21:51:09,303 [WARN] ConditionMgr:1039 - genDependencies : Invalid condition id : Cortex-A Device cause : null
2025-06-26 21:51:09,304 [WARN] ConditionMgr:1039 - genDependencies : Invalid condition id : Cortex-A Device cause : null
2025-06-26 21:51:09,304 [WARN] ConditionMgr:1039 - genDependencies : Invalid condition id : Cortex-A Device cause : null
2025-06-26 21:51:09,313 [WARN] PackLoader:240 - Cannot read IP mode file for STMicroelectronics.X-CUBE-EEPRMA1.5.1.0
2025-06-26 21:51:09,327 [WARN] PackLoader:240 - Cannot read IP mode file for ITTIA_DB.I-CUBE-ITTIADB.8.9.0
2025-06-26 21:51:09,332 [ERROR] Engine:466 - C:\Users\nisha\.stm32cubemx\thirdparties\pdsc\STMicroelectronics.X-CUBE-ST67W61.1.0.0.pdsc: PDSC version is not supported
2025-06-26 21:51:09,376 [WARN] PackLoader:240 - Cannot read IP mode file for SEGGER.I-CUBE-embOS.1.3.1
2025-06-26 21:51:09,424 [WARN] PackLoader:240 - Cannot read IP mode file for STMicroelectronics.X-CUBE-ALGOBUILD.1.4.0
2025-06-26 21:51:09,479 [WARN] PackLoader:240 - Cannot read IP mode file for STMicroelectronics.X-CUBE-MEMS1.11.3.0
2025-06-26 21:51:09,691 [WARN] PackLoader:240 - Cannot read IP mode file for STMicroelectronics.X-CUBE-AI.9.1.0
2025-06-26 21:51:09,701 [WARN] PackLoader:240 - Cannot read IP mode file for STMicroelectronics.X-CUBE-PM33A1.1.0.0
2025-06-26 21:51:09,709 [WARN] PackLoader:240 - Cannot read IP mode file for STMicroelectronics.X-CUBE-GNSS1.6.0.0
2025-06-26 21:51:09,731 [WARN] PackLoader:240 - Cannot read IP mode file for STMicroelectronics.X-CUBE-AZRTOS-F4.1.1.0
2025-06-26 21:51:09,738 [ERROR] Engine:466 - C:\Users\nisha\.stm32cubemx\thirdparties\pdsc\Avnet-IotConnect.X-CUBE-IoTC-DA16k-PMOD.1.0.0.pdsc: PDSC version is not supported
2025-06-26 21:51:09,750 [WARN] PackLoader:240 - Cannot read IP mode file for STMicroelectronics.X-CUBE-ISPU.2.1.0
2025-06-26 21:51:09,761 [WARN] PackLoader:240 - Cannot read IP mode file for STMicroelectronics.X-CUBE-FREERTOS.1.2.0
2025-06-26 21:51:09,784 [WARN] PackLoader:240 - Cannot read IP mode file for STMicroelectronics.X-CUBE-AZRTOS-L5.2.0.0
2025-06-26 21:51:09,798 [WARN] PackLoader:240 - Cannot read IP mode file for STMicroelectronics.X-CUBE-NFC6.3.1.0
2025-06-26 21:51:09,807 [WARN] PackLoader:240 - Cannot read IP mode file for STMicroelectronics.X-CUBE-DPower.1.2.0
2025-06-26 21:51:09,813 [WARN] PackLoader:240 - Cannot read IP mode file for STMicroelectronics.X-CUBE-AI.9.0.0
2025-06-26 21:51:09,821 [WARN] PackLoader:240 - Cannot read IP mode file for STMicroelectronics.X-CUBE-FREERTOS.1.3.1
2025-06-26 21:51:09,832 [WARN] PackLoader:240 - Cannot read IP mode file for STMicroelectronics.X-CUBE-NFC7.1.0.1
2025-06-26 21:51:09,840 [WARN] PackLoader:240 - Cannot read IP mode file for wolfSSL.I-CUBE-wolfTPM.3.2.0
2025-06-26 21:51:09,844 [ERROR] Engine:466 - C:\Users\nisha\.stm32cubemx\thirdparties\pdsc\STMicroelectronics.FP-SNS-STAIOTCFT.1.0.0.pdsc: PDSC version is not supported
2025-06-26 21:51:09,853 [WARN] PackLoader:240 - Cannot read IP mode file for STMicroelectronics.X-CUBE-DPower.1.3.0
2025-06-26 21:51:09,876 [WARN] ConditionMgr:438 - getConditionDescription Invalid condition id : LAN8742 Phy interface Condition cause : null
2025-06-26 21:51:09,877 [WARN] PackLoader:240 - Cannot read IP mode file for STMicroelectronics.X-CUBE-AZRTOS-L4.2.0.0
2025-06-26 21:51:09,878 [WARN] ConditionMgr:1039 - genDependencies : Invalid condition id : LAN8742 Phy interface Condition cause : null
2025-06-26 21:51:09,879 [WARN] ConditionMgr:1039 - genDependencies : Invalid condition id : LAN8742 Phy interface Condition cause : null
2025-06-26 21:51:09,879 [WARN] ConditionMgr:1039 - genDependencies : Invalid condition id : LAN8742 Phy interface Condition cause : null
2025-06-26 21:51:09,890 [WARN] PackLoader:240 - Cannot read IP mode file for STMicroelectronics.X-CUBE-SFXS2LP1.4.0.0
2025-06-26 21:51:09,920 [WARN] PackLoader:240 - Cannot read IP mode file for STMicroelectronics.X-CUBE-AZRTOS-H7.3.3.0
2025-06-26 21:51:09,937 [WARN] PackLoader:240 - Cannot read IP mode file for STMicroelectronics.X-CUBE-IPS.3.0.0
2025-06-26 21:51:09,955 [WARN] ConditionMgr:438 - getConditionDescription Invalid condition id : UX DEVICE CLASS RTOS Condition cause : null
2025-06-26 21:51:09,955 [WARN] ConditionMgr:438 - getConditionDescription Invalid condition id : UX DEVICE CLASS RTOS Condition cause : null
2025-06-26 21:51:09,957 [WARN] PackLoader:240 - Cannot read IP mode file for STMicroelectronics.X-CUBE-AZRTOS-WB.2.0.0
2025-06-26 21:51:09,958 [WARN] ConditionMgr:1039 - genDependencies : Invalid condition id : UX DEVICE CLASS RTOS Condition cause : null
2025-06-26 21:51:09,958 [WARN] ConditionMgr:1039 - genDependencies : Invalid condition id : UX DEVICE CLASS RTOS Condition cause : null
2025-06-26 21:51:09,959 [WARN] ConditionMgr:1039 - genDependencies : Invalid condition id : UX DEVICE CLASS RTOS Condition cause : null
2025-06-26 21:51:09,959 [WARN] ConditionMgr:1039 - genDependencies : Invalid condition id : UX DEVICE CLASS RTOS Condition cause : null
2025-06-26 21:51:09,959 [WARN] ConditionMgr:1039 - genDependencies : Invalid condition id : UX DEVICE CLASS RTOS Condition cause : null
2025-06-26 21:51:09,965 [WARN] PackLoader:240 - Cannot read IP mode file for STMicroelectronics.X-CUBE-GNSS1.7.0.0
2025-06-26 21:51:09,972 [WARN] PackLoader:240 - Cannot read IP mode file for STMicroelectronics.X-CUBE-GNSS1.7.0.1
2025-06-26 21:51:09,987 [WARN] PackLoader:240 - Cannot read IP mode file for STMicroelectronics.X-CUBE-TOUCHGFX.4.25.0
2025-06-26 21:51:09,999 [WARN] PackLoader:240 - Cannot read IP mode file for STMicroelectronics.FP-SNS-STBOX1.2.0.0
2025-06-26 21:51:10,020 [WARN] PackLoader:240 - Cannot read IP mode file for STMicroelectronics.X-CUBE-SUBG2.5.0.0
2025-06-26 21:51:10,045 [WARN] PackLoader:240 - Cannot read IP mode file for STMicroelectronics.X-CUBE-AZRTOS-H7RS.1.1.0
2025-06-26 21:51:10,056 [WARN] PackLoader:240 - Cannot read IP mode file for Cesanta.I-CUBE-Mongoose.7.13.0
2025-06-26 21:51:10,072 [WARN] PackLoader:240 - Cannot read IP mode file for STMicroelectronics.X-CUBE-AZRTOS-G4.2.0.0
2025-06-26 21:51:10,079 [WARN] PackLoader:240 - Cannot read IP mode file for STMicroelectronics.X-CUBE-NFC7.2.0.0
2025-06-26 21:51:10,087 [WARN] PackLoader:240 - Cannot read IP mode file for STMicroelectronics.X-CUBE-ISPU.2.0.0
2025-06-26 21:51:10,093 [ERROR] Engine:466 - C:\Users\nisha\.stm32cubemx\thirdparties\pdsc\STMicroelectronics.X-CUBE-IPS.3.1.0.pdsc: PDSC version is not supported
2025-06-26 21:51:10,101 [WARN] PackLoader:240 - Cannot read IP mode file for STMicroelectronics.X-CUBE-ALS.1.0.2
2025-06-26 21:51:10,139 [WARN] PackLoader:240 - Cannot read IP mode file for STMicroelectronics.X-CUBE-MEMS1.10.0.0
2025-06-26 21:51:10,341 [WARN] PackLoader:240 - Cannot read IP mode file for STMicroelectronics.X-CUBE-TOUCHGFX.4.24.0
2025-06-26 21:51:10,346 [WARN] PackLoader:240 - Cannot read IP mode file for STMicroelectronics.X-CUBE-TOUCHGFX.4.24.1
2025-06-26 21:51:10,355 [WARN] PackLoader:240 - Cannot read IP mode file for portGmbH.I-Cube-SoM-uGOAL.1.1.0
2025-06-26 21:51:10,372 [WARN] PackLoader:240 - Cannot read IP mode file for STMicroelectronics.X-CUBE-AZRTOS-H7RS.1.0.0
2025-06-26 21:51:10,383 [WARN] PackLoader:240 - Cannot read IP mode file for STMicroelectronics.FP-ATR-ASTRA1.2.0.0
2025-06-26 21:51:10,395 [WARN] PackLoader:240 - Cannot read IP mode file for STMicroelectronics.X-CUBE-TOF1.3.4.2
2025-06-26 21:51:10,412 [ERROR] Engine:466 - C:\Users\nisha\.stm32cubemx\thirdparties\pdsc\STMicroelectronics.X-CUBE-TOF1.3.4.3.pdsc: PDSC version is not supported
2025-06-26 21:51:10,425 [WARN] PackLoader:240 - Cannot read IP mode file for STMicroelectronics.X-CUBE-TOF1.3.4.1
2025-06-26 21:51:10,451 [WARN] PackLoader:240 - Cannot read IP mode file for STMicroelectronics.X-CUBE-AZRTOS-H7.3.2.0
2025-06-26 21:51:10,471 [WARN] PackLoader:240 - Cannot read IP mode file for Infineon.AIROC-Wi-Fi-Bluetooth-STM32.1.6.0
2025-06-26 21:51:10,488 [WARN] PackLoader:240 - Cannot read IP mode file for wolfSSL.I-CUBE-wolfSSH.1.4.17
2025-06-26 21:51:10,491 [INFO] ThirdParty:978 - Integrity check success = true
2025-06-26 21:51:10,491 [INFO] IntegrityCheckThread:100 - exiting critical section [integrity check]
2025-06-26 21:51:10,491 [INFO] IntegrityCheckThread:103 - End integrity checks thread
2025-06-26 22:20:34,973 [ERROR] LogOutputStream:75 - [STDERR_REDIRECT] 
2025-06-26 22:21:14,334 [INFO] Activator:176 - 


2025-06-26 22:21:14,336 [INFO] Activator:177 - !SESSION log4j initialized
2025-06-26 22:21:42,877 [INFO] LogOutputStream:77 - [STDOUT_REDIRECT] 
2025-06-26 22:21:57,126 [INFO] ApplicationProperties:184 - Using Application install path: C:\ST\STM32CubeIDE_1.16.0\STM32CubeIDE\plugins\com.st.stm32cube.common.mx_6.14.1.202504091515
2025-06-26 22:21:57,394 [INFO] DbMcusXml:78 - Set database path to: C:\ST\STM32CubeIDE_1.16.0\STM32CubeIDE\plugins\com.st.stm32cube.common.mx_6.14.1.202504091515\\db\/mcu/
2025-06-26 22:21:57,394 [INFO] ApiDb:274 - Set plugin database path to: C:\ST\STM32CubeIDE_1.16.0\STM32CubeIDE\plugins\com.st.stm32cube.common.mx_6.14.1.202504091515\\db\/plugins/boardmanager/
2025-06-26 22:21:57,394 [WARN] ApiDb:259 - Overriding images path with different value:  => C:\ST\STM32CubeIDE_1.16.0\STM32CubeIDE\plugins\com.st.stm32cube.common.mx_6.14.1.202504091515\\db\/plugins/mcufinder/images/
2025-06-26 22:21:57,506 [INFO] ApiDb:250 - Set database path to: C:\Users\nisha\.stmcufinder\plugins\mcufinder//mcu/
2025-06-26 22:21:57,522 [INFO] DbMcusAds:125 - Set database path to: C:\Users\nisha\.stmcufinder\plugins\mcufinder//mcu/
2025-06-26 22:21:57,588 [INFO] CrossReferenceDbSqlite:203 - Set database path to: C:\Users\nisha\.stmcufinder\plugins\mcufinder//mcu/cs/
2025-06-26 22:21:59,319 [INFO] RulesReader:64 - Compatibility file has been processed (302 Rules)
2025-06-26 22:21:59,993 [INFO] DbMcusXml:78 - Set database path to: C:\ST\STM32CubeIDE_1.16.0\STM32CubeIDE\plugins\com.st.stm32cube.common.mx_6.14.1.202504091515\\db\/mcu/
2025-06-26 22:21:59,993 [INFO] ApiDb:274 - Set plugin database path to: C:\ST\STM32CubeIDE_1.16.0\STM32CubeIDE\plugins\com.st.stm32cube.common.mx_6.14.1.202504091515\\db\/plugins/boardmanager/
2025-06-26 22:21:59,993 [INFO] ApiDb:261 - Set plugin images path to: C:\ST\STM32CubeIDE_1.16.0\STM32CubeIDE\plugins\com.st.stm32cube.common.mx_6.14.1.202504091515\\db\/plugins/mcufinder/images/
2025-06-26 22:21:59,993 [WARN] DbFile:41 - Overriding database path with different value: C:\Users\nisha\.stmcufinder\plugins\mcufinder/ => C:\Users\nisha\.stmcufinder\plugins\mcufinder
2025-06-26 22:21:59,993 [INFO] ApiDb:250 - Set database path to: C:\Users\nisha\.stmcufinder\plugins\mcufinder//mcu/
2025-06-26 22:21:59,993 [WARN] DbFile:41 - Overriding database path with different value: C:\Users\nisha\.stmcufinder\plugins\mcufinder/ => C:\Users\nisha\.stmcufinder\plugins\mcufinder
2025-06-26 22:21:59,998 [INFO] DbMcusAds:125 - Set database path to: C:\Users\nisha\.stmcufinder\plugins\mcufinder//mcu/
2025-06-26 22:21:59,998 [WARN] DbFile:41 - Overriding database path with different value: C:\Users\nisha\.stmcufinder\plugins\mcufinder/ => C:\Users\nisha\.stmcufinder\plugins\mcufinder
2025-06-26 22:21:59,999 [WARN] DbFile:41 - Overriding database path with different value: C:\Users\nisha\.stmcufinder\plugins\mcufinder/ => C:\Users\nisha\.stmcufinder\plugins\mcufinder
2025-06-26 22:21:59,999 [INFO] CrossReferenceDbSqlite:203 - Set database path to: C:\Users\nisha\.stmcufinder\plugins\mcufinder//mcu/cs/
2025-06-26 22:22:00,818 [INFO] MainPanel:272 - HeapMemory: 268435456
2025-06-26 22:22:01,633 [INFO] DbMcusXml:78 - Set database path to: C:\ST\STM32CubeIDE_1.16.0\STM32CubeIDE\plugins\com.st.stm32cube.common.mx_6.14.1.202504091515\\db\/mcu/
2025-06-26 22:22:01,652 [INFO] ApiDb:274 - Set plugin database path to: C:\ST\STM32CubeIDE_1.16.0\STM32CubeIDE\plugins\com.st.stm32cube.common.mx_6.14.1.202504091515\\db\/plugins/boardmanager/
2025-06-26 22:22:01,652 [INFO] ApiDb:261 - Set plugin images path to: C:\ST\STM32CubeIDE_1.16.0\STM32CubeIDE\plugins\com.st.stm32cube.common.mx_6.14.1.202504091515\\db\/plugins/mcufinder/images/
2025-06-26 22:22:01,652 [WARN] DbFile:41 - Overriding database path with different value: C:\Users\nisha\.stmcufinder\plugins\mcufinder/ => C:\Users\nisha\.stmcufinder\plugins\mcufinder
2025-06-26 22:22:01,652 [INFO] ApiDb:250 - Set database path to: C:\Users\nisha\.stmcufinder\plugins\mcufinder//mcu/
2025-06-26 22:22:01,652 [WARN] DbFile:41 - Overriding database path with different value: C:\Users\nisha\.stmcufinder\plugins\mcufinder/ => C:\Users\nisha\.stmcufinder\plugins\mcufinder
2025-06-26 22:22:01,652 [INFO] DbMcusAds:125 - Set database path to: C:\Users\nisha\.stmcufinder\plugins\mcufinder//mcu/
2025-06-26 22:22:01,652 [WARN] DbFile:41 - Overriding database path with different value: C:\Users\nisha\.stmcufinder\plugins\mcufinder/ => C:\Users\nisha\.stmcufinder\plugins\mcufinder
2025-06-26 22:22:01,652 [WARN] DbFile:41 - Overriding database path with different value: C:\Users\nisha\.stmcufinder\plugins\mcufinder/ => C:\Users\nisha\.stmcufinder\plugins\mcufinder
2025-06-26 22:22:01,652 [INFO] CrossReferenceDbSqlite:203 - Set database path to: C:\Users\nisha\.stmcufinder\plugins\mcufinder//mcu/cs/
2025-06-26 22:22:01,737 [INFO] ApplicationProperties:184 - Using Application install path: C:\ST\STM32CubeIDE_1.16.0\STM32CubeIDE\plugins\com.st.stm32cube.common.mx_6.14.1.202504091515
2025-06-26 22:22:01,739 [INFO] PluginManage:196 - Search for loadable plugins [exclusion list=, ]
2025-06-26 22:22:01,741 [INFO] PluginManage:310 - Check plugin analytics
2025-06-26 22:22:03,276 [INFO] AnalyticsPlugin:253 - Accepted Software Licenses: 
2025-06-26 22:22:03,276 [INFO] AnalyticsPlugin:255 - Accepted CMSIS Pack Licenses: 
2025-06-26 22:22:03,276 [INFO] AnalyticsPlugin:257 - Accepted Firmware Licenses: FW.F4.1.28.0
2025-06-26 22:22:03,403 [INFO] PluginManage:359 - Loaded plugin analytics (category:tool,tabindex:-1)
2025-06-26 22:22:03,403 [INFO] PluginManage:310 - Check plugin cadmodel
2025-06-26 22:22:03,419 [INFO] CADModel:105 - Init CAD model plugin
2025-06-26 22:22:03,419 [INFO] PluginManage:359 - Loaded plugin cadmodel (category:power,tabindex:5)
2025-06-26 22:22:03,419 [INFO] PluginManage:310 - Check plugin clock
2025-06-26 22:22:03,539 [INFO] PluginManage:359 - Loaded plugin clock (category:base,tabindex:2)
2025-06-26 22:22:03,539 [INFO] PluginManage:310 - Check plugin ddr
2025-06-26 22:22:03,543 [INFO] PluginManage:359 - Loaded plugin ddr (category:tool,tabindex:6)
2025-06-26 22:22:03,543 [INFO] PluginManage:310 - Check plugin filemanager
2025-06-26 22:22:04,932 [INFO] PluginManage:359 - Loaded plugin filemanager (category:base,tabindex:10)
2025-06-26 22:22:04,932 [INFO] PluginManage:310 - Check plugin ipmanager
2025-06-26 22:22:04,953 [INFO] PluginManage:359 - Loaded plugin ipmanager (category:base,tabindex:5)
2025-06-26 22:22:04,953 [INFO] PluginManage:310 - Check plugin lpbam
2025-06-26 22:22:04,968 [INFO] PluginManage:359 - Loaded plugin lpbam (category:base,tabindex:0)
2025-06-26 22:22:04,970 [INFO] PluginManage:310 - Check plugin memorymap
2025-06-26 22:22:05,047 [INFO] PluginManage:359 - Loaded plugin memorymap (category:base,tabindex:4)
2025-06-26 22:22:05,047 [INFO] PluginManage:310 - Check plugin pinoutandconfiguration
2025-06-26 22:22:05,082 [INFO] PluginManage:359 - Loaded plugin pinoutandconfiguration (category:base,tabindex:1)
2025-06-26 22:22:05,083 [INFO] PluginManage:310 - Check plugin pinoutconfig
2025-06-26 22:22:05,422 [WARN] SupportedApi:132 - Cannot load RTOS API schema: s4s-elt-must-match.1: The content of 'definitions' must match (annotation?, (simpleType | complexType)?, (unique | key | keyref)*)). A problem was found starting at: attribute.
2025-06-26 22:22:06,254 [INFO] PluginManage:359 - Loaded plugin pinoutconfig (category:base,tabindex:0)
2025-06-26 22:22:06,254 [INFO] PluginManage:310 - Check plugin power
2025-06-26 22:22:06,314 [INFO] PluginManage:359 - Loaded plugin power (category:power,tabindex:4)
2025-06-26 22:22:06,314 [INFO] PluginManage:310 - Check plugin projectmanager
2025-06-26 22:22:06,392 [INFO] PluginManage:359 - Loaded plugin projectmanager (category:projectmanager,tabindex:4)
2025-06-26 22:22:06,394 [INFO] PluginManage:310 - Check plugin rif
2025-06-26 22:22:06,507 [INFO] PluginManage:359 - Loaded plugin rif (category:base,tabindex:3)
2025-06-26 22:22:06,507 [INFO] PluginManage:310 - Check plugin thirdparty
2025-06-26 22:22:07,899 [INFO] PluginManage:359 - Loaded plugin thirdparty (category:base,tabindex:-1)
2025-06-26 22:22:07,899 [INFO] PluginManage:310 - Check plugin tools
2025-06-26 22:22:07,899 [WARN] IntegrityCheckThread:84 - waiting for thirdparty lock release [integrity check]
2025-06-26 22:22:07,901 [INFO] IntegrityCheckThread:86 - entering critical section [integrity check]
2025-06-26 22:22:07,902 [INFO] ThirdPartyUpdaterWithRetryManager:70 - Updater plugin not ready yet. [1/15]
2025-06-26 22:22:07,906 [INFO] PluginManage:359 - Loaded plugin tools (category:base,tabindex:7)
2025-06-26 22:22:07,906 [INFO] PluginManage:310 - Check plugin tutovideos
2025-06-26 22:22:09,325 [INFO] PluginManage:359 - Loaded plugin tutovideos (category:base,tabindex:-1)
2025-06-26 22:22:09,326 [INFO] PluginManage:310 - Check plugin updater
2025-06-26 22:22:09,543 [INFO] PluginManage:359 - Loaded plugin updater (category:base,tabindex:12)
2025-06-26 22:22:09,543 [INFO] PluginManage:310 - Check plugin userauth
2025-06-26 22:22:09,555 [INFO] UserAuth:118 - Init User Auth plugin
2025-06-26 22:22:09,557 [INFO] PluginManage:359 - Loaded plugin userauth (category:base,tabindex:14)
2025-06-26 22:22:09,557 [INFO] PluginManage:283 - PluginManage : Loaded plugins [18]
2025-06-26 22:22:10,912 [INFO] ThirdPartyUpdaterWithRetryManager:70 - Updater plugin not ready yet. [2/15]
2025-06-26 22:22:11,883 [INFO] PinOutPanel:1589 - setPackage(No Configuration,No Configuration)
2025-06-26 22:22:13,168 [INFO] CADModel:165 - CPN selected for project level
2025-06-26 22:22:13,170 [INFO] CADModel:114 - Register for checkConnection events
2025-06-26 22:22:13,218 [INFO] IPUIPlugin:80 - create IPUIPlugin
2025-06-26 22:22:13,218 [INFO] PluginManager:220 - loadIPPluginJar : add adc
2025-06-26 22:22:13,353 [INFO] IPUIPlugin:80 - create IPUIPlugin
2025-06-26 22:22:13,353 [INFO] PluginManager:220 - loadIPPluginJar : add aes
2025-06-26 22:22:13,379 [INFO] IPUIPlugin:80 - create IPUIPlugin
2025-06-26 22:22:13,379 [INFO] PluginManager:220 - loadIPPluginJar : add can
2025-06-26 22:22:13,384 [INFO] IPUIPlugin:80 - create IPUIPlugin
2025-06-26 22:22:13,384 [INFO] PluginManager:220 - loadIPPluginJar : add comp
2025-06-26 22:22:13,389 [INFO] IPUIPlugin:80 - create IPUIPlugin
2025-06-26 22:22:13,389 [INFO] PluginManager:220 - loadIPPluginJar : add cryp
2025-06-26 22:22:13,392 [INFO] IPUIPlugin:80 - create IPUIPlugin
2025-06-26 22:22:13,394 [INFO] PluginManager:220 - loadIPPluginJar : add ddr_ctrl_phy
2025-06-26 22:22:13,398 [INFO] IPUIPlugin:80 - create IPUIPlugin
2025-06-26 22:22:13,398 [INFO] PluginManager:220 - loadIPPluginJar : add dfsdm
2025-06-26 22:22:13,534 [INFO] IPUIPlugin:80 - create IPUIPlugin
2025-06-26 22:22:13,540 [INFO] PluginManager:220 - loadIPPluginJar : add dma
2025-06-26 22:22:13,657 [INFO] IPUIPlugin:80 - create IPUIPlugin
2025-06-26 22:22:13,657 [INFO] PluginManager:220 - loadIPPluginJar : add dma3
2025-06-26 22:22:13,670 [INFO] IPUIPlugin:80 - create IPUIPlugin
2025-06-26 22:22:13,670 [INFO] PluginManager:220 - loadIPPluginJar : add extmemmanager
2025-06-26 22:22:13,773 [INFO] IPUIPlugin:80 - create IPUIPlugin
2025-06-26 22:22:13,773 [INFO] PluginManager:220 - loadIPPluginJar : add fatfs
2025-06-26 22:22:13,788 [INFO] IPUIPlugin:80 - create IPUIPlugin
2025-06-26 22:22:13,788 [INFO] PluginManager:220 - loadIPPluginJar : add fmc
2025-06-26 22:22:13,801 [INFO] IPUIPlugin:80 - create IPUIPlugin
2025-06-26 22:22:13,801 [INFO] PluginManager:220 - loadIPPluginJar : add freertos
2025-06-26 22:22:13,806 [INFO] IPUIPlugin:80 - create IPUIPlugin
2025-06-26 22:22:13,806 [INFO] PluginManager:220 - loadIPPluginJar : add genericplugin
2025-06-26 22:22:13,816 [INFO] IPUIPlugin:80 - create IPUIPlugin
2025-06-26 22:22:13,816 [INFO] PluginManager:220 - loadIPPluginJar : add gfxmmu
2025-06-26 22:22:13,923 [INFO] ThirdPartyUpdaterWithRetryManager:70 - Updater plugin not ready yet. [3/15]
2025-06-26 22:22:13,925 [INFO] IPUIPlugin:80 - create IPUIPlugin
2025-06-26 22:22:13,925 [INFO] PluginManager:220 - loadIPPluginJar : add gic
2025-06-26 22:22:13,939 [INFO] IPUIPlugin:80 - create IPUIPlugin
2025-06-26 22:22:13,939 [INFO] PluginManager:220 - loadIPPluginJar : add gpio
2025-06-26 22:22:13,947 [INFO] IPUIPlugin:80 - create IPUIPlugin
2025-06-26 22:22:13,949 [INFO] PluginManager:220 - loadIPPluginJar : add gtzc
2025-06-26 22:22:13,952 [INFO] IPUIPlugin:80 - create IPUIPlugin
2025-06-26 22:22:13,954 [INFO] PluginManager:220 - loadIPPluginJar : add hash
2025-06-26 22:22:13,959 [INFO] IPUIPlugin:80 - create IPUIPlugin
2025-06-26 22:22:13,959 [INFO] PluginManager:220 - loadIPPluginJar : add i2c
2025-06-26 22:22:14,067 [INFO] IPUIPlugin:80 - create IPUIPlugin
2025-06-26 22:22:14,067 [INFO] PluginManager:220 - loadIPPluginJar : add i2s
2025-06-26 22:22:14,086 [INFO] IPUIPlugin:80 - create IPUIPlugin
2025-06-26 22:22:14,088 [INFO] PluginManager:220 - loadIPPluginJar : add i3c
2025-06-26 22:22:14,097 [INFO] IPUIPlugin:80 - create IPUIPlugin
2025-06-26 22:22:14,097 [INFO] PluginManager:220 - loadIPPluginJar : add ipddr
2025-06-26 22:22:14,117 [INFO] IPUIPlugin:80 - create IPUIPlugin
2025-06-26 22:22:14,117 [INFO] PluginManager:220 - loadIPPluginJar : add linkedlist
2025-06-26 22:22:14,124 [INFO] IPUIPlugin:80 - create IPUIPlugin
2025-06-26 22:22:14,124 [INFO] PluginManager:220 - loadIPPluginJar : add lorawan
2025-06-26 22:22:14,131 [INFO] IPUIPlugin:80 - create IPUIPlugin
2025-06-26 22:22:14,131 [INFO] PluginManager:220 - loadIPPluginJar : add ltdc
2025-06-26 22:22:14,144 [INFO] IPUIPlugin:80 - create IPUIPlugin
2025-06-26 22:22:14,147 [INFO] PluginManager:220 - loadIPPluginJar : add mdma
2025-06-26 22:22:14,266 [INFO] IPUIPlugin:80 - create IPUIPlugin
2025-06-26 22:22:14,266 [INFO] PluginManager:220 - loadIPPluginJar : add nvic
2025-06-26 22:22:14,275 [INFO] IPUIPlugin:80 - create IPUIPlugin
2025-06-26 22:22:14,275 [INFO] PluginManager:220 - loadIPPluginJar : add opamp
2025-06-26 22:22:14,286 [INFO] IPUIPlugin:80 - create IPUIPlugin
2025-06-26 22:22:14,286 [INFO] PluginManager:220 - loadIPPluginJar : add openamp
2025-06-26 22:22:14,296 [INFO] IPUIPlugin:80 - create IPUIPlugin
2025-06-26 22:22:14,296 [INFO] PluginManager:220 - loadIPPluginJar : add pdm2pcm
2025-06-26 22:22:14,436 [INFO] IPUIPlugin:80 - create IPUIPlugin
2025-06-26 22:22:14,440 [INFO] PluginManager:220 - loadIPPluginJar : add plateformsettings
2025-06-26 22:22:14,449 [INFO] IPUIPlugin:80 - create IPUIPlugin
2025-06-26 22:22:14,453 [INFO] PluginManager:220 - loadIPPluginJar : add quadspi
2025-06-26 22:22:14,458 [INFO] IPUIPlugin:80 - create IPUIPlugin
2025-06-26 22:22:14,458 [INFO] PluginManager:220 - loadIPPluginJar : add radio
2025-06-26 22:22:14,469 [INFO] IPUIPlugin:80 - create IPUIPlugin
2025-06-26 22:22:14,469 [INFO] PluginManager:220 - loadIPPluginJar : add resmgrutility
2025-06-26 22:22:14,475 [INFO] IPUIPlugin:80 - create IPUIPlugin
2025-06-26 22:22:14,475 [INFO] PluginManager:220 - loadIPPluginJar : add sai
2025-06-26 22:22:14,524 [INFO] IPUIPlugin:80 - create IPUIPlugin
2025-06-26 22:22:14,524 [INFO] PluginManager:220 - loadIPPluginJar : add spi
2025-06-26 22:22:14,575 [INFO] IPUIPlugin:80 - create IPUIPlugin
2025-06-26 22:22:14,575 [INFO] PluginManager:220 - loadIPPluginJar : add stm32_wpan
2025-06-26 22:22:14,592 [INFO] IPUIPlugin:80 - create IPUIPlugin
2025-06-26 22:22:14,592 [INFO] PluginManager:220 - loadIPPluginJar : add tim
2025-06-26 22:22:14,604 [INFO] IPUIPlugin:80 - create IPUIPlugin
2025-06-26 22:22:14,604 [INFO] PluginManager:220 - loadIPPluginJar : add touchsensing
2025-06-26 22:22:14,609 [INFO] IPUIPlugin:80 - create IPUIPlugin
2025-06-26 22:22:14,609 [INFO] PluginManager:220 - loadIPPluginJar : add tracer_emb
2025-06-26 22:22:14,614 [INFO] IPUIPlugin:80 - create IPUIPlugin
2025-06-26 22:22:14,614 [INFO] PluginManager:220 - loadIPPluginJar : add ts
2025-06-26 22:22:14,616 [INFO] IPUIPlugin:80 - create IPUIPlugin
2025-06-26 22:22:14,616 [INFO] PluginManager:220 - loadIPPluginJar : add tsc
2025-06-26 22:22:14,622 [INFO] IPUIPlugin:80 - create IPUIPlugin
2025-06-26 22:22:14,623 [INFO] PluginManager:220 - loadIPPluginJar : add ucpd
2025-06-26 22:22:14,731 [INFO] IPUIPlugin:80 - create IPUIPlugin
2025-06-26 22:22:14,731 [INFO] PluginManager:220 - loadIPPluginJar : add usart
2025-06-26 22:22:14,735 [INFO] IPUIPlugin:80 - create IPUIPlugin
2025-06-26 22:22:14,735 [INFO] PluginManager:220 - loadIPPluginJar : add usbx
2025-06-26 22:22:15,421 [FATAL] Updater:351 - Updater called before beeing initialized
2025-06-26 22:22:15,635 [INFO] RulesReader:64 - Compatibility file has been processed (302 Rules)
2025-06-26 22:22:15,907 [INFO] RulesReader:64 - Compatibility file has been processed (302 Rules)
2025-06-26 22:22:16,082 [INFO] CADModel:165 - CPN selected for project level
2025-06-26 22:22:16,084 [INFO] CADModel:114 - Register for checkConnection events
2025-06-26 22:22:16,084 [FATAL] Updater:351 - Updater called before beeing initialized
2025-06-26 22:22:16,084 [ERROR] CADModel:125 - Updater not yet initialized, retry later 
2025-06-26 22:22:16,989 [INFO] ThirdPartyUpdaterWithRetryManager:70 - Updater plugin not ready yet. [4/15]
2025-06-26 22:22:17,445 [FATAL] Updater:351 - Updater called before beeing initialized
2025-06-26 22:22:17,449 [INFO] CADModel:165 - CPN selected for project level
2025-06-26 22:22:17,449 [INFO] CADModel:114 - Register for checkConnection events
2025-06-26 22:22:17,449 [FATAL] Updater:351 - Updater called before beeing initialized
2025-06-26 22:22:17,449 [ERROR] CADModel:125 - Updater not yet initialized, retry later 
2025-06-26 22:22:17,457 [FATAL] Updater:351 - Updater called before beeing initialized
2025-06-26 22:22:18,218 [FATAL] Updater:351 - Updater called before beeing initialized
2025-06-26 22:22:18,226 [INFO] DbMcusAds:53 - JSON generation date=Thu Jun 19 14:02:34 IST 2025 (1750321954415)
2025-06-26 22:22:18,226 [FATAL] Updater:351 - Updater called before beeing initialized
2025-06-26 22:22:18,447 [WARN] DetailPanel:346 - Failed to get advertising image, set to default
2025-06-26 22:22:19,554 [FATAL] Updater:351 - Updater called before beeing initialized
2025-06-26 22:22:19,559 [FATAL] Updater:351 - Updater called before beeing initialized
2025-06-26 22:22:19,559 [FATAL] Updater:351 - Updater called before beeing initialized
2025-06-26 22:22:19,559 [WARN] DetailPanel:346 - Failed to get advertising image, set to default
2025-06-26 22:22:19,564 [FATAL] Updater:351 - Updater called before beeing initialized
2025-06-26 22:22:19,964 [ERROR] Updater:1198 - MainUpdater not yet initialized. External WinMGr cannot be set.
2025-06-26 22:22:19,969 [INFO] Updater:1134 - Updater Version found : 6.14.1
2025-06-26 22:22:19,997 [FATAL] Updater:351 - Updater called before beeing initialized
2025-06-26 22:22:19,997 [ERROR] IntegrityCheckThread:130 - Cannot retrieve database content from updater: error 21
2025-06-26 22:22:19,997 [INFO] ThirdParty:978 - Integrity check success = false
2025-06-26 22:22:19,997 [INFO] IntegrityCheckThread:100 - exiting critical section [integrity check]
2025-06-26 22:22:19,997 [INFO] IntegrityCheckThread:103 - End integrity checks thread
2025-06-26 22:22:20,004 [INFO] ApplicationProperties:184 - Using Application install path: C:\ST\STM32CubeIDE_1.16.0\STM32CubeIDE\plugins\com.st.stm32cube.common.mx_6.14.1.202504091515
2025-06-26 22:22:21,858 [ERROR] LogOutputStream:75 - [STDERR_REDIRECT] Jun 26, 2025 10:22:21 PM java.util.prefs.WindowsPreferences <init>
2025-06-26 22:22:21,861 [ERROR] LogOutputStream:75 - [STDERR_REDIRECT] WARNING: Could not open/create prefs root node Software\JavaSoft\Prefs at root 0xffffffff80000002. Windows RegCreateKeyEx(...) returned error code 5.
2025-06-26 22:22:21,861 [ERROR] LogOutputStream:75 - [STDERR_REDIRECT] 
2025-06-26 22:22:21,911 [INFO] MainUpdater:525 - Copy updater definitions from MX database
2025-06-26 22:22:22,589 [INFO] MainUpdater:2872 - connection check result : 10
2025-06-26 22:22:22,589 [INFO] MainUpdater:3566 - Updater definition file requires update
2025-06-26 22:22:22,591 [INFO] MainUpdater:289 - Updater Check For Update Now.
2025-06-26 22:22:22,591 [INFO] MicroXplorer:498 - Change Database Version : DB.6.0.141
2025-06-26 22:22:22,613 [INFO] McuFinderGlobals:63 - Set McuFinder mode to 2 (CubeIDE integrated)
2025-06-26 22:22:22,641 [INFO] UserAuth:484 - Internet connection configuration mode: 1
2025-06-26 22:22:22,666 [INFO] JxBrowserEngine:152 - Initiate JxBrowser Engine with user profile folder
2025-06-26 22:22:22,731 [INFO] ServerAccessManage:473 - Download File updaters.zip
2025-06-26 22:22:22,972 [INFO] FileExtend:242 - Unzip File : updaters.zip
2025-06-26 22:22:22,972 [INFO] FileExtend:257 - Standard Zip Deflate
2025-06-26 22:22:29,120 [INFO] ServerAccessManage:473 - Download File PacksControlFlags.xml
2025-06-26 22:22:29,528 [INFO] ServerAccessManage:473 - Download File cubemx.pidx
2025-06-26 22:22:29,858 [INFO] LoadServerUpdatesThread:375 - End of LoadServerUpdate Thread
2025-06-26 22:22:30,168 [INFO] CheckServerUpdateThread:120 - End of CheckServer Thread
2025-06-26 22:22:35,082 [INFO] WebApp:169 - Instantiating new browser for Auth
2025-06-26 22:22:36,653 [INFO] WebApp:463 - Apply proxy settings
2025-06-26 22:22:36,653 [INFO] WebApp:548 - Chromium requires no authentication
2025-06-26 22:22:36,666 [INFO] WebApp:491 - Direct internet connection detected
2025-06-26 22:22:36,711 [INFO] WebApp:894 - Register for checkConnection events
2025-06-26 22:22:36,711 [INFO] WebApp:463 - Apply proxy settings
2025-06-26 22:22:36,711 [INFO] WebApp:548 - Chromium requires no authentication
2025-06-26 22:22:36,722 [INFO] WebApp:491 - Direct internet connection detected
2025-06-26 22:22:37,168 [INFO] WebApp:191 - Connection restablished
2025-06-26 22:22:37,245 [INFO] WebApp:225 - Starting web application
2025-06-26 22:22:37,245 [INFO] WebApp:593 - Web application path used C:\ST\STM32CubeIDE_1.16.0\STM32CubeIDE\plugins\com.st.stm32cube.common.mx_6.14.1.202504091515\db\plugins\mcufinder\reactClient1\index.html
2025-06-26 22:22:37,588 [INFO] UserAuth:484 - Internet connection configuration mode: 1
2025-06-26 23:03:05,809 [INFO] WebApp:194 - Connection lost
2025-06-26 23:03:06,557 [INFO] WebApp:191 - Connection restablished
2025-06-26 23:03:08,117 [INFO] WebApp:194 - Connection lost
2025-06-26 23:03:08,525 [INFO] WebApp:191 - Connection restablished
2025-06-26 23:03:14,785 [INFO] WebApp:194 - Connection lost
2025-06-26 23:03:15,239 [INFO] WebApp:191 - Connection restablished
2025-06-26 23:03:18,361 [INFO] WebApp:194 - Connection lost
2025-06-26 23:03:18,731 [INFO] WebApp:191 - Connection restablished
2025-06-26 23:04:03,428 [INFO] WebApp:194 - Connection lost
2025-06-26 23:04:03,829 [INFO] WebApp:191 - Connection restablished
2025-06-26 23:04:06,394 [INFO] WebApp:194 - Connection lost
2025-06-26 23:04:06,676 [INFO] WebApp:191 - Connection restablished
2025-06-26 23:40:17,596 [INFO] WebApp:194 - Connection lost
2025-06-26 23:40:18,204 [INFO] WebApp:191 - Connection restablished
2025-06-26 23:40:21,132 [INFO] WebApp:194 - Connection lost
2025-06-26 23:40:21,815 [INFO] WebApp:191 - Connection restablished
2025-06-26 23:50:25,306 [INFO] WebApp:403 - JxBrowser engine has been closed 
