2025-06-24 11:16:23,354 [INFO] Activator:176 - 


2025-06-24 11:16:23,362 [INFO] Activator:177 - !SESSION log4j initialized
2025-06-24 11:16:33,358 [INFO] LogOutputStream:77 - [STDOUT_REDIRECT] 
2025-06-24 11:16:37,443 [INFO] ApplicationProperties:184 - Using Application install path: C:\ST\STM32CubeIDE_1.16.0\STM32CubeIDE\plugins\com.st.stm32cube.common.mx_6.12.0.202406281431
2025-06-24 11:16:37,479 [INFO] DbMcusXml:78 - Set database path to: C:\ST\STM32CubeIDE_1.16.0\STM32CubeIDE\plugins\com.st.stm32cube.common.mx_6.12.0.202406281431\\db\/mcu/
2025-06-24 11:16:37,479 [INFO] ApiDb:274 - Set plugin database path to: C:\ST\STM32CubeIDE_1.16.0\STM32CubeIDE\plugins\com.st.stm32cube.common.mx_6.12.0.202406281431\\db\/plugins/boardmanager/
2025-06-24 11:16:37,480 [WARN] ApiDb:259 - Overriding images path with different value:  => C:\ST\STM32CubeIDE_1.16.0\STM32CubeIDE\plugins\com.st.stm32cube.common.mx_6.12.0.202406281431\\db\/plugins/mcufinder/images/
2025-06-24 11:16:37,495 [INFO] ApiDb:250 - Set database path to: C:\Users\nisha\.stmcufinder\plugins\mcufinder//mcu/
2025-06-24 11:16:37,496 [INFO] DbMcusAds:125 - Set database path to: C:\Users\nisha\.stmcufinder\plugins\mcufinder//mcu/
2025-06-24 11:16:37,500 [INFO] CrossReferenceDbSqlite:203 - Set database path to: C:\Users\nisha\.stmcufinder\plugins\mcufinder//mcu/cs/
2025-06-24 11:16:37,717 [INFO] RulesReader:64 - Compatibility file has been processed (297 Rules)
2025-06-24 11:16:37,855 [INFO] DbMcusXml:78 - Set database path to: C:\ST\STM32CubeIDE_1.16.0\STM32CubeIDE\plugins\com.st.stm32cube.common.mx_6.12.0.202406281431\\db\/mcu/
2025-06-24 11:16:37,855 [INFO] ApiDb:274 - Set plugin database path to: C:\ST\STM32CubeIDE_1.16.0\STM32CubeIDE\plugins\com.st.stm32cube.common.mx_6.12.0.202406281431\\db\/plugins/boardmanager/
2025-06-24 11:16:37,855 [INFO] ApiDb:261 - Set plugin images path to: C:\ST\STM32CubeIDE_1.16.0\STM32CubeIDE\plugins\com.st.stm32cube.common.mx_6.12.0.202406281431\\db\/plugins/mcufinder/images/
2025-06-24 11:16:37,856 [WARN] DbFile:41 - Overriding database path with different value: C:\Users\nisha\.stmcufinder\plugins\mcufinder/ => C:\Users\nisha\.stmcufinder\plugins\mcufinder
2025-06-24 11:16:37,856 [INFO] ApiDb:250 - Set database path to: C:\Users\nisha\.stmcufinder\plugins\mcufinder//mcu/
2025-06-24 11:16:37,856 [WARN] DbFile:41 - Overriding database path with different value: C:\Users\nisha\.stmcufinder\plugins\mcufinder/ => C:\Users\nisha\.stmcufinder\plugins\mcufinder
2025-06-24 11:16:37,856 [INFO] DbMcusAds:125 - Set database path to: C:\Users\nisha\.stmcufinder\plugins\mcufinder//mcu/
2025-06-24 11:16:37,856 [WARN] DbFile:41 - Overriding database path with different value: C:\Users\nisha\.stmcufinder\plugins\mcufinder/ => C:\Users\nisha\.stmcufinder\plugins\mcufinder
2025-06-24 11:16:37,856 [WARN] DbFile:41 - Overriding database path with different value: C:\Users\nisha\.stmcufinder\plugins\mcufinder/ => C:\Users\nisha\.stmcufinder\plugins\mcufinder
2025-06-24 11:16:37,856 [INFO] CrossReferenceDbSqlite:203 - Set database path to: C:\Users\nisha\.stmcufinder\plugins\mcufinder//mcu/cs/
2025-06-24 11:16:37,988 [INFO] MainPanel:268 - HeapMemory: 268435456
2025-06-24 11:16:38,260 [INFO] DbMcusXml:78 - Set database path to: C:\ST\STM32CubeIDE_1.16.0\STM32CubeIDE\plugins\com.st.stm32cube.common.mx_6.12.0.202406281431\\db\/mcu/
2025-06-24 11:16:38,260 [INFO] ApiDb:274 - Set plugin database path to: C:\ST\STM32CubeIDE_1.16.0\STM32CubeIDE\plugins\com.st.stm32cube.common.mx_6.12.0.202406281431\\db\/plugins/boardmanager/
2025-06-24 11:16:38,260 [INFO] ApiDb:261 - Set plugin images path to: C:\ST\STM32CubeIDE_1.16.0\STM32CubeIDE\plugins\com.st.stm32cube.common.mx_6.12.0.202406281431\\db\/plugins/mcufinder/images/
2025-06-24 11:16:38,261 [WARN] DbFile:41 - Overriding database path with different value: C:\Users\nisha\.stmcufinder\plugins\mcufinder/ => C:\Users\nisha\.stmcufinder\plugins\mcufinder
2025-06-24 11:16:38,261 [INFO] ApiDb:250 - Set database path to: C:\Users\nisha\.stmcufinder\plugins\mcufinder//mcu/
2025-06-24 11:16:38,261 [WARN] DbFile:41 - Overriding database path with different value: C:\Users\nisha\.stmcufinder\plugins\mcufinder/ => C:\Users\nisha\.stmcufinder\plugins\mcufinder
2025-06-24 11:16:38,261 [INFO] DbMcusAds:125 - Set database path to: C:\Users\nisha\.stmcufinder\plugins\mcufinder//mcu/
2025-06-24 11:16:38,261 [WARN] DbFile:41 - Overriding database path with different value: C:\Users\nisha\.stmcufinder\plugins\mcufinder/ => C:\Users\nisha\.stmcufinder\plugins\mcufinder
2025-06-24 11:16:38,262 [WARN] DbFile:41 - Overriding database path with different value: C:\Users\nisha\.stmcufinder\plugins\mcufinder/ => C:\Users\nisha\.stmcufinder\plugins\mcufinder
2025-06-24 11:16:38,262 [INFO] CrossReferenceDbSqlite:203 - Set database path to: C:\Users\nisha\.stmcufinder\plugins\mcufinder//mcu/cs/
2025-06-24 11:16:38,303 [INFO] ApplicationProperties:184 - Using Application install path: C:\ST\STM32CubeIDE_1.16.0\STM32CubeIDE\plugins\com.st.stm32cube.common.mx_6.12.0.202406281431
2025-06-24 11:16:38,306 [INFO] PluginManage:196 - Search for loadable plugins [exclusion list=, ]
2025-06-24 11:16:38,310 [INFO] PluginManage:310 - Check plugin analytics
2025-06-24 11:16:38,713 [INFO] AnalyticsPlugin:253 - Accepted Software Licenses: 
2025-06-24 11:16:38,713 [INFO] AnalyticsPlugin:255 - Accepted CMSIS Pack Licenses: 
2025-06-24 11:16:38,713 [INFO] AnalyticsPlugin:257 - Accepted Firmware Licenses: FW.F4.1.28.0
2025-06-24 11:16:38,720 [INFO] PluginManage:359 - Loaded plugin analytics (category:tool,tabindex:-1)
2025-06-24 11:16:38,721 [INFO] PluginManage:310 - Check plugin cadmodel
2025-06-24 11:16:38,748 [INFO] CADModel:105 - Init CAD model plugin
2025-06-24 11:16:38,749 [INFO] PluginManage:359 - Loaded plugin cadmodel (category:power,tabindex:5)
2025-06-24 11:16:38,749 [INFO] PluginManage:310 - Check plugin clock
2025-06-24 11:16:38,776 [INFO] PluginManage:359 - Loaded plugin clock (category:base,tabindex:2)
2025-06-24 11:16:38,776 [INFO] PluginManage:310 - Check plugin ddr
2025-06-24 11:16:38,781 [INFO] PluginManage:359 - Loaded plugin ddr (category:tool,tabindex:6)
2025-06-24 11:16:38,781 [INFO] PluginManage:310 - Check plugin filemanager
2025-06-24 11:16:39,007 [INFO] PluginManage:359 - Loaded plugin filemanager (category:base,tabindex:10)
2025-06-24 11:16:39,007 [INFO] PluginManage:310 - Check plugin ipmanager
2025-06-24 11:16:39,022 [INFO] PluginManage:359 - Loaded plugin ipmanager (category:base,tabindex:5)
2025-06-24 11:16:39,022 [INFO] PluginManage:310 - Check plugin lpbam
2025-06-24 11:16:39,058 [INFO] PluginManage:359 - Loaded plugin lpbam (category:base,tabindex:0)
2025-06-24 11:16:39,059 [INFO] PluginManage:310 - Check plugin memorymap
2025-06-24 11:16:39,137 [INFO] PluginManage:359 - Loaded plugin memorymap (category:base,tabindex:4)
2025-06-24 11:16:39,137 [INFO] PluginManage:310 - Check plugin pinoutandconfiguration
2025-06-24 11:16:39,184 [INFO] PluginManage:359 - Loaded plugin pinoutandconfiguration (category:base,tabindex:1)
2025-06-24 11:16:39,185 [INFO] PluginManage:310 - Check plugin pinoutconfig
2025-06-24 11:16:39,421 [WARN] SupportedApi:132 - Cannot load RTOS API schema: s4s-elt-must-match.1: The content of 'definitions' must match (annotation?, (simpleType | complexType)?, (unique | key | keyref)*)). A problem was found starting at: attribute.
2025-06-24 11:16:39,628 [INFO] McuFinderGlobals:63 - Set McuFinder mode to 2 (CubeIDE integrated)
2025-06-24 11:16:39,631 [INFO] PluginManage:359 - Loaded plugin pinoutconfig (category:base,tabindex:0)
2025-06-24 11:16:39,631 [INFO] PluginManage:310 - Check plugin power
2025-06-24 11:16:39,665 [INFO] PluginManage:359 - Loaded plugin power (category:power,tabindex:4)
2025-06-24 11:16:39,665 [INFO] PluginManage:310 - Check plugin projectmanager
2025-06-24 11:16:39,691 [INFO] PluginManage:359 - Loaded plugin projectmanager (category:projectmanager,tabindex:4)
2025-06-24 11:16:39,691 [INFO] PluginManage:310 - Check plugin rif
2025-06-24 11:16:39,709 [INFO] PluginManage:359 - Loaded plugin rif (category:base,tabindex:3)
2025-06-24 11:16:39,709 [INFO] PluginManage:310 - Check plugin thirdparty
2025-06-24 11:16:40,184 [INFO] PluginManage:359 - Loaded plugin thirdparty (category:base,tabindex:-1)
2025-06-24 11:16:40,184 [INFO] PluginManage:310 - Check plugin tools
2025-06-24 11:16:40,184 [WARN] IntegrityCheckThread:84 - waiting for thirdparty lock release [integrity check]
2025-06-24 11:16:40,185 [INFO] IntegrityCheckThread:86 - entering critical section [integrity check]
2025-06-24 11:16:40,185 [INFO] ThirdPartyUpdaterWithRetryManager:70 - Updater plugin not ready yet. [1/15]
2025-06-24 11:16:40,232 [INFO] PluginManage:359 - Loaded plugin tools (category:base,tabindex:7)
2025-06-24 11:16:40,232 [INFO] PluginManage:310 - Check plugin tutovideos
2025-06-24 11:16:40,640 [INFO] PluginManage:359 - Loaded plugin tutovideos (category:base,tabindex:-1)
2025-06-24 11:16:40,640 [INFO] PluginManage:310 - Check plugin updater
2025-06-24 11:16:40,667 [INFO] PluginManage:359 - Loaded plugin updater (category:base,tabindex:12)
2025-06-24 11:16:40,667 [INFO] PluginManage:310 - Check plugin userauth
2025-06-24 11:16:40,676 [INFO] UserAuth:113 - Init User Auth plugin
2025-06-24 11:16:40,676 [INFO] PluginManage:359 - Loaded plugin userauth (category:base,tabindex:14)
2025-06-24 11:16:40,677 [INFO] PluginManage:283 - PluginManage : Loaded plugins [18]
2025-06-24 11:16:41,107 [INFO] PinOutPanel:1561 - setPackage(No Configuration,No Configuration)
2025-06-24 11:16:41,223 [INFO] CADModel:165 - CPN selected for project level
2025-06-24 11:16:41,223 [INFO] CADModel:114 - Register for checkConnection events
2025-06-24 11:16:41,270 [INFO] IPUIPlugin:80 - create IPUIPlugin
2025-06-24 11:16:41,271 [INFO] PluginManager:220 - loadIPPluginJar : add adc
2025-06-24 11:16:41,311 [INFO] IPUIPlugin:80 - create IPUIPlugin
2025-06-24 11:16:41,311 [INFO] PluginManager:220 - loadIPPluginJar : add aes
2025-06-24 11:16:41,349 [INFO] IPUIPlugin:80 - create IPUIPlugin
2025-06-24 11:16:41,349 [INFO] PluginManager:220 - loadIPPluginJar : add can
2025-06-24 11:16:41,373 [INFO] IPUIPlugin:80 - create IPUIPlugin
2025-06-24 11:16:41,373 [INFO] PluginManager:220 - loadIPPluginJar : add comp
2025-06-24 11:16:41,415 [INFO] IPUIPlugin:80 - create IPUIPlugin
2025-06-24 11:16:41,416 [INFO] PluginManager:220 - loadIPPluginJar : add cryp
2025-06-24 11:16:41,432 [INFO] IPUIPlugin:80 - create IPUIPlugin
2025-06-24 11:16:41,432 [INFO] PluginManager:220 - loadIPPluginJar : add ddr_ctrl_phy
2025-06-24 11:16:41,469 [INFO] IPUIPlugin:80 - create IPUIPlugin
2025-06-24 11:16:41,469 [INFO] PluginManager:220 - loadIPPluginJar : add dfsdm
2025-06-24 11:16:41,487 [INFO] IPUIPlugin:80 - create IPUIPlugin
2025-06-24 11:16:41,488 [INFO] PluginManager:220 - loadIPPluginJar : add dma
2025-06-24 11:16:41,534 [INFO] IPUIPlugin:80 - create IPUIPlugin
2025-06-24 11:16:41,534 [INFO] PluginManager:220 - loadIPPluginJar : add dma3
2025-06-24 11:16:41,594 [INFO] IPUIPlugin:80 - create IPUIPlugin
2025-06-24 11:16:41,594 [INFO] PluginManager:220 - loadIPPluginJar : add extmemmanager
2025-06-24 11:16:41,631 [INFO] IPUIPlugin:80 - create IPUIPlugin
2025-06-24 11:16:41,631 [INFO] PluginManager:220 - loadIPPluginJar : add fatfs
2025-06-24 11:16:41,690 [INFO] IPUIPlugin:80 - create IPUIPlugin
2025-06-24 11:16:41,690 [INFO] PluginManager:220 - loadIPPluginJar : add fmc
2025-06-24 11:16:41,705 [INFO] IPUIPlugin:80 - create IPUIPlugin
2025-06-24 11:16:41,706 [INFO] PluginManager:220 - loadIPPluginJar : add freertos
2025-06-24 11:16:41,735 [INFO] IPUIPlugin:80 - create IPUIPlugin
2025-06-24 11:16:41,736 [INFO] PluginManager:220 - loadIPPluginJar : add genericplugin
2025-06-24 11:16:41,846 [INFO] IPUIPlugin:80 - create IPUIPlugin
2025-06-24 11:16:41,846 [INFO] PluginManager:220 - loadIPPluginJar : add gfxmmu
2025-06-24 11:16:41,984 [INFO] IPUIPlugin:80 - create IPUIPlugin
2025-06-24 11:16:41,984 [INFO] PluginManager:220 - loadIPPluginJar : add gic
2025-06-24 11:16:42,005 [INFO] IPUIPlugin:80 - create IPUIPlugin
2025-06-24 11:16:42,006 [INFO] PluginManager:220 - loadIPPluginJar : add gpio
2025-06-24 11:16:42,119 [INFO] IPUIPlugin:80 - create IPUIPlugin
2025-06-24 11:16:42,122 [INFO] PluginManager:220 - loadIPPluginJar : add gtzc
2025-06-24 11:16:42,174 [INFO] IPUIPlugin:80 - create IPUIPlugin
2025-06-24 11:16:42,175 [INFO] PluginManager:220 - loadIPPluginJar : add hash
2025-06-24 11:16:42,225 [INFO] IPUIPlugin:80 - create IPUIPlugin
2025-06-24 11:16:42,225 [INFO] PluginManager:220 - loadIPPluginJar : add i2c
2025-06-24 11:16:42,281 [INFO] IPUIPlugin:80 - create IPUIPlugin
2025-06-24 11:16:42,281 [INFO] PluginManager:220 - loadIPPluginJar : add i2s
2025-06-24 11:16:42,329 [INFO] IPUIPlugin:80 - create IPUIPlugin
2025-06-24 11:16:42,330 [INFO] PluginManager:220 - loadIPPluginJar : add i3c
2025-06-24 11:16:42,415 [INFO] IPUIPlugin:80 - create IPUIPlugin
2025-06-24 11:16:42,415 [INFO] PluginManager:220 - loadIPPluginJar : add ipddr
2025-06-24 11:16:42,512 [INFO] IPUIPlugin:80 - create IPUIPlugin
2025-06-24 11:16:42,514 [INFO] PluginManager:220 - loadIPPluginJar : add linkedlist
2025-06-24 11:16:42,563 [INFO] IPUIPlugin:80 - create IPUIPlugin
2025-06-24 11:16:42,564 [INFO] PluginManager:220 - loadIPPluginJar : add lorawan
2025-06-24 11:16:42,625 [INFO] IPUIPlugin:80 - create IPUIPlugin
2025-06-24 11:16:42,625 [INFO] PluginManager:220 - loadIPPluginJar : add ltdc
2025-06-24 11:16:42,651 [INFO] IPUIPlugin:80 - create IPUIPlugin
2025-06-24 11:16:42,651 [INFO] PluginManager:220 - loadIPPluginJar : add mdma
2025-06-24 11:16:42,675 [INFO] IPUIPlugin:80 - create IPUIPlugin
2025-06-24 11:16:42,676 [INFO] PluginManager:220 - loadIPPluginJar : add nvic
2025-06-24 11:16:42,744 [INFO] IPUIPlugin:80 - create IPUIPlugin
2025-06-24 11:16:42,744 [INFO] PluginManager:220 - loadIPPluginJar : add opamp
2025-06-24 11:16:42,844 [INFO] IPUIPlugin:80 - create IPUIPlugin
2025-06-24 11:16:42,844 [INFO] PluginManager:220 - loadIPPluginJar : add openamp
2025-06-24 11:16:42,913 [INFO] IPUIPlugin:80 - create IPUIPlugin
2025-06-24 11:16:42,913 [INFO] PluginManager:220 - loadIPPluginJar : add pdm2pcm
2025-06-24 11:16:42,937 [INFO] IPUIPlugin:80 - create IPUIPlugin
2025-06-24 11:16:42,940 [INFO] PluginManager:220 - loadIPPluginJar : add plateformsettings
2025-06-24 11:16:42,980 [INFO] IPUIPlugin:80 - create IPUIPlugin
2025-06-24 11:16:42,980 [INFO] PluginManager:220 - loadIPPluginJar : add quadspi
2025-06-24 11:16:43,020 [INFO] IPUIPlugin:80 - create IPUIPlugin
2025-06-24 11:16:43,020 [INFO] PluginManager:220 - loadIPPluginJar : add radio
2025-06-24 11:16:43,035 [INFO] IPUIPlugin:80 - create IPUIPlugin
2025-06-24 11:16:43,035 [INFO] PluginManager:220 - loadIPPluginJar : add resmgrutility
2025-06-24 11:16:43,084 [INFO] IPUIPlugin:80 - create IPUIPlugin
2025-06-24 11:16:43,084 [INFO] PluginManager:220 - loadIPPluginJar : add sai
2025-06-24 11:16:43,131 [INFO] IPUIPlugin:80 - create IPUIPlugin
2025-06-24 11:16:43,131 [INFO] PluginManager:220 - loadIPPluginJar : add spi
2025-06-24 11:16:43,186 [INFO] ThirdPartyUpdaterWithRetryManager:70 - Updater plugin not ready yet. [2/15]
2025-06-24 11:16:43,226 [INFO] IPUIPlugin:80 - create IPUIPlugin
2025-06-24 11:16:43,226 [INFO] PluginManager:220 - loadIPPluginJar : add stm32_wpan
2025-06-24 11:16:43,256 [INFO] IPUIPlugin:80 - create IPUIPlugin
2025-06-24 11:16:43,256 [INFO] PluginManager:220 - loadIPPluginJar : add tim
2025-06-24 11:16:43,340 [INFO] IPUIPlugin:80 - create IPUIPlugin
2025-06-24 11:16:43,340 [INFO] PluginManager:220 - loadIPPluginJar : add touchsensing
2025-06-24 11:16:43,376 [INFO] IPUIPlugin:80 - create IPUIPlugin
2025-06-24 11:16:43,376 [INFO] PluginManager:220 - loadIPPluginJar : add tracer_emb
2025-06-24 11:16:43,406 [INFO] IPUIPlugin:80 - create IPUIPlugin
2025-06-24 11:16:43,407 [INFO] PluginManager:220 - loadIPPluginJar : add ts
2025-06-24 11:16:43,429 [INFO] IPUIPlugin:80 - create IPUIPlugin
2025-06-24 11:16:43,429 [INFO] PluginManager:220 - loadIPPluginJar : add tsc
2025-06-24 11:16:43,462 [INFO] IPUIPlugin:80 - create IPUIPlugin
2025-06-24 11:16:43,463 [INFO] PluginManager:220 - loadIPPluginJar : add ucpd
2025-06-24 11:16:43,544 [INFO] IPUIPlugin:80 - create IPUIPlugin
2025-06-24 11:16:43,544 [INFO] PluginManager:220 - loadIPPluginJar : add usart
2025-06-24 11:16:43,597 [INFO] IPUIPlugin:80 - create IPUIPlugin
2025-06-24 11:16:43,597 [INFO] PluginManager:220 - loadIPPluginJar : add usbx
2025-06-24 11:16:43,745 [INFO] CADModel:165 - CPN selected for project level
2025-06-24 11:16:43,745 [INFO] CADModel:114 - Register for checkConnection events
2025-06-24 11:16:43,746 [FATAL] Updater:334 - Updater called before beeing initialized
2025-06-24 11:16:43,746 [ERROR] CADModel:125 - Updater not yet initialized, retry later 
2025-06-24 11:16:44,064 [INFO] CADModel:165 - CPN selected for project level
2025-06-24 11:16:44,064 [INFO] CADModel:114 - Register for checkConnection events
2025-06-24 11:16:44,064 [FATAL] Updater:334 - Updater called before beeing initialized
2025-06-24 11:16:44,065 [ERROR] CADModel:125 - Updater not yet initialized, retry later 
2025-06-24 11:16:44,071 [FATAL] Updater:334 - Updater called before beeing initialized
2025-06-24 11:16:44,248 [FATAL] Updater:334 - Updater called before beeing initialized
2025-06-24 11:16:44,268 [INFO] DbMcusAds:53 - JSON generation date=Thu Jun 19 14:02:34 IST 2025 (1750321954384)
2025-06-24 11:16:44,268 [FATAL] Updater:334 - Updater called before beeing initialized
2025-06-24 11:16:44,356 [WARN] DetailPanel:346 - Failed to get advertising image, set to default
2025-06-24 11:16:44,525 [FATAL] Updater:334 - Updater called before beeing initialized
2025-06-24 11:16:44,528 [FATAL] Updater:334 - Updater called before beeing initialized
2025-06-24 11:16:44,529 [FATAL] Updater:334 - Updater called before beeing initialized
2025-06-24 11:16:44,531 [WARN] DetailPanel:346 - Failed to get advertising image, set to default
2025-06-24 11:16:44,534 [FATAL] Updater:334 - Updater called before beeing initialized
2025-06-24 11:16:44,619 [ERROR] Updater:1164 - MainUpdater not yet initialized. External WinMGr cannot be set.
2025-06-24 11:16:44,632 [INFO] Updater:1100 - Updater Version found : 6.12.0
2025-06-24 11:16:44,652 [INFO] ApplicationProperties:184 - Using Application install path: C:\ST\STM32CubeIDE_1.16.0\STM32CubeIDE\plugins\com.st.stm32cube.common.mx_6.12.0.202406281431
2025-06-24 11:16:46,187 [INFO] ThirdPartyUpdaterWithRetryManager:70 - Updater plugin not ready yet. [3/15]
2025-06-24 11:16:46,246 [ERROR] LogOutputStream:75 - [STDERR_REDIRECT] Jun 24, 2025 11:16:46 AM java.util.prefs.WindowsPreferences <init>
2025-06-24 11:16:46,248 [ERROR] LogOutputStream:75 - [STDERR_REDIRECT] WARNING: Could not open/create prefs root node Software\JavaSoft\Prefs at root 0xffffffff80000002. Windows RegCreateKeyEx(...) returned error code 5.
2025-06-24 11:16:46,248 [ERROR] LogOutputStream:75 - [STDERR_REDIRECT] 
2025-06-24 11:16:47,145 [INFO] MainUpdater:2873 - connection check result : 10
2025-06-24 11:16:47,146 [INFO] MainUpdater:290 - Updater Check For Update Now.
2025-06-24 11:16:47,147 [INFO] MicroXplorer:498 - Change Database Version : DB.6.0.120
2025-06-24 11:16:47,236 [INFO] McuFinderGlobals:63 - Set McuFinder mode to 2 (CubeIDE integrated)
2025-06-24 11:16:47,261 [INFO] UserAuth:417 - Internet connection configuration mode: 1
2025-06-24 11:16:47,315 [INFO] JxBrowserEngine:152 - Initiate JxBrowser Engine with user profile folder
2025-06-24 11:16:47,457 [INFO] CheckServerUpdateThread:120 - End of CheckServer Thread
2025-06-24 11:16:47,485 [INFO] MainUpdater:2873 - connection check result : 10
2025-06-24 11:16:48,616 [INFO] ApiDb:581 - Connected to CubeFinder SQLite database (C:\Users\nisha\.stmcufinder\plugins\mcufinder\mcu\cube-finder-db.db)
2025-06-24 11:16:48,764 [INFO] ApiDb:668 - CubeFinder database Data Model version=2.1
2025-06-24 11:16:48,764 [INFO] ApiDb:669 - CubeFinder database Configuration version=3.0.39
2025-06-24 11:16:48,764 [INFO] ApiDb:670 - CubeFinder database generation date=2025-06-16 (1750072209)
2025-06-24 11:16:48,764 [INFO] ApiDb:671 - CubeFinder database FW Pack versions=[FP-ATR-ASTRA1_V2.0.0, FP-SNS-FLIGHT1_V5.1.0, FP-SNS-MOTENV1_V5.0.0, FP-SNS-MOTENVWB1_V1.4.0, FP-SNS-SMARTAG2_V1.2.0, FP-SNS-STBOX1_V2.0.0, STM32Cube_FW_C0_V1.4.0, STM32Cube_FW_F4_V1.28.2, STM32Cube_FW_F7_V1.17.3, STM32Cube_FW_G0_V1.6.2, STM32Cube_FW_G4_V1.6.1, STM32Cube_FW_H5_V1.5.0, STM32Cube_FW_H7RS_V1.2.0, STM32Cube_FW_H7_V1.12.1, STM32Cube_FW_L0_V1.12.2, STM32Cube_FW_L4_V1.18.1, STM32Cube_FW_L5_V1.5.1, STM32Cube_FW_N6_V1.1.1, STM32Cube_FW_U0_V1.2.0, STM32Cube_FW_U3_V1.1.0, STM32Cube_FW_U5_V1.7.0, STM32Cube_FW_WB0_V1.2.0, STM32Cube_FW_WBA_V1.6.0, STM32Cube_FW_WB_V1.22.0, STM32Cube_FW_WL3_V1.1.0, STM32Cube_FW_WL_V1.3.1, X-CUBE-ALGOBUILD_V1.4.0, X-CUBE-ALS_V1.0.2, X-CUBE-AZRTOS-F4_V1.1.0, X-CUBE-AZRTOS-F7_V1.1.0, X-CUBE-AZRTOS-G0_V1.1.0, X-CUBE-AZRTOS-G4_V2.0.0, X-CUBE-AZRTOS-H7RS_V1.1.0, X-CUBE-AZRTOS-H7_V3.3.0, X-CUBE-AZRTOS-L4_V2.0.0, X-CUBE-AZRTOS-L5_V2.0.0, X-CUBE-AZRTOS-WB_V2.0.0, X-CUBE-AZRTOS-WL_V2.0.0, X-CUBE-BLE1_V7.1.0, X-CUBE-BLE2_V3.3.0, X-CUBE-BLEMGR_V4.0.0, X-CUBE-EEPRMA1_V5.1.0, X-CUBE-FREERTOS_V1.3.1, X-CUBE-GNSS1_V6.0.0, X-CUBE-MEMS1_V11.3.0, X-CUBE-NFC4_V3.0.0, X-CUBE-NFC7_V2.0.0, X-CUBE-SFXS2LP1_V4.0.0, X-CUBE-SUBG2_V5.0.0, X-CUBE-TOF1_V3.4.3]
2025-06-24 11:16:48,962 [INFO] DbBoardsSqlite:226 - include board P-NUCLEO-WB55-NUCLEO as a kit item of type 'Nucleo-64'
2025-06-24 11:16:48,962 [INFO] DbBoardsSqlite:226 - include board P-NUCLEO-WB55-USBDONGLE as a kit item of type 'Nucleo USB Dongle'
2025-06-24 11:16:48,963 [INFO] DbBoardsSqlite:226 - include board STEVAL-IDP005V1 as a kit item of type 'Evaluation Board'
2025-06-24 11:16:48,964 [INFO] DbBoardsSqlite:226 - include board STEVAL-IDP005V2 as a kit item of type 'Evaluation Board'
2025-06-24 11:16:49,566 [WARN] PackLoader:240 - Cannot read IP mode file for STMicroelectronics.FP-SNS-MOTENVWB1.1.4.0
2025-06-24 11:16:49,590 [WARN] PackLoader:240 - Cannot read IP mode file for STMicroelectronics.X-CUBE-SMBUS.2.1.0
2025-06-24 11:16:49,613 [WARN] PackLoader:240 - Cannot read IP mode file for STMicroelectronics.X-CUBE-WB05N.1.1.0
2025-06-24 11:16:49,627 [ERROR] Engine:466 - C:\Users\nisha\.stm32cubemx\thirdparties\pdsc\STMicroelectronics.X-CUBE-ST60.1.0.0.pdsc: PDSC version is not supported
2025-06-24 11:16:49,683 [WARN] PackLoader:240 - Cannot read IP mode file for STMicroelectronics.X-CUBE-AZRTOS-F7.1.1.0
2025-06-24 11:16:49,800 [WARN] PackLoader:240 - Cannot read IP mode file for STMicroelectronics.X-CUBE-MEMS1.11.0.0
2025-06-24 11:16:50,014 [WARN] PackLoader:240 - Cannot read IP mode file for STMicroelectronics.FP-SNS-FLIGHT1.5.0.2
2025-06-24 11:16:50,044 [WARN] PackLoader:240 - Cannot read IP mode file for STMicroelectronics.X-CUBE-DISPLAY.3.0.0
2025-06-24 11:16:50,068 [WARN] PackLoader:240 - Cannot read IP mode file for STMicroelectronics.X-CUBE-BLE1.7.0.0
2025-06-24 11:16:50,094 [WARN] PackLoader:240 - Cannot read IP mode file for STMicroelectronics.X-CUBE-NFC10.1.0.0
2025-06-24 11:16:50,152 [WARN] PackLoader:240 - Cannot read IP mode file for emotas.I-CUBE-CANOPEN.1.3.0
2025-06-24 11:16:50,241 [WARN] PackLoader:240 - Cannot read IP mode file for STMicroelectronics.X-CUBE-BLEMGR.3.1.0
2025-06-24 11:16:50,244 [INFO] ApiDb:240 - Found 646 in-development CPN: [B-G473E-ZEST1S, B-WB1M-WPAN1, B-WL5M-SUBG1, NUCLEO-C031C6, NUCLEO-C071RB, NUCLEO-H503RB, NUCLEO-H533RE, NUCLEO-H563ZI, NUCLEO-H7S3L8, NUCLEO-U031R8, NUCLEO-U083RC, NUCLEO-U545RE-Q, NUCLEO-U5A5ZJ-Q, NUCLEO-WB05KZ, NUCLEO-WB07CC, NUCLEO-WB09KE, NUCLEO-WBA52CG, NUCLEO-WBA55CG, STEVAL-PROTEUS1, STEVAL-SMARTAG2, STEVAL-STWINBX1, STM320518-EVAL, STM32C0116-DK, STM32C011D6Y3TR, STM32C011D6Y6TR, STM32C011F4P3, STM32C011F4P6, STM32C011F4U3, STM32C011F4U6TR, STM32C011F6P3, STM32C011F6P6, STM32C011F6U3, STM32C011F6U6TR, STM32C011J4M3, STM32C011J4M6, STM32C011J6M3, STM32C011J6M6, STM32C0316-DK, STM32C031C4T3, STM32C031C4T6, STM32C031C4U3, STM32C031C4U6, STM32C031C6T3, STM32C031C6T6, STM32C031C6U3, STM32C031C6U6, STM32C031F4P3, STM32C031F4P6, STM32C031F6P3, STM32C031F6P6, STM32C031G4U3, STM32C031G4U6, STM32C031G6U3, STM32C031G6U6, STM32C031K4T3, STM32C031K4T6, STM32C031K4U3, STM32C031K4U6, STM32C031K6T3, STM32C031K6T6, STM32C031K6U3, STM32C031K6U6, STM32C071C8T6, STM32C071C8T6N, STM32C071C8U6, STM32C071C8U6N, STM32C071CBT6, STM32C071CBT6N, STM32C071CBU6, STM32C071CBU6N, STM32C071F8P6, STM32C071F8P6N, STM32C071FBP6, STM32C071FBP6N, STM32C071FBY6TR, STM32C071G8U6, STM32C071G8U6N, STM32C071GBU6, STM32C071GBU6N, STM32C071K8T6, STM32C071K8T6N, STM32C071K8U6, STM32C071K8U6N, STM32C071KBT6, STM32C071KBT6N, STM32C071KBU6, STM32C071KBU6N, STM32C071R8T6, STM32C071R8T6N, STM32C071RBI6N, STM32C071RBT6, STM32C071RBT6N, STM32G071K8TXN, STM32G071K8UXN, STM32G081GBU6N, STM32G081KBT6N, STM32G081KBUXN, STM32G0B1CCT6N, STM32G0B1KCT6, STM32G0B1NEY6TR, STM32G0B1RCT6N, STM32G0C1CCT6, STM32G0C1CCT6N, STM32G0C1CCU6N, STM32G0C1CET6N, STM32G0C1CEU6N, STM32G0C1KCT6, STM32G0C1NEY6TR, STM32G0C1RCI6N, STM32G0C1RCT6N, STM32G0C1REI6N, STM32G0C1RET6N, STM32G0C1VCI6, STM32G0C1VEI6, STM32G411C6T3, STM32G411C6T6, STM32G411C6U3, STM32G411C6U6, STM32G411C8T3, STM32G411C8T6, STM32G411C8U3, STM32G411C8U6, STM32G411CBT3, STM32G411CBT6, STM32G411CBU3, STM32G411CBU6, STM32G411K6T3, STM32G411K6T6, STM32G411K6U3, STM32G411K6U6, STM32G411K8T3, STM32G411K8T6, STM32G411K8U3, STM32G411K8U6, STM32G411KBT3, STM32G411KBT6, STM32G411KBU3, STM32G411KBU6, STM32G411M6T3, STM32G411M6T6, STM32G411M8T3, STM32G411M8T6, STM32G411MBT3, STM32G411MBT6, STM32G411R6T3, STM32G411R6T6, STM32G411R8T3, STM32G411R8T6, STM32G411RBT3, STM32G411RBT6, STM32G414CBT3, STM32G414CBT6, STM32G414CBU3, STM32G414CBU6, STM32G414CCT3, STM32G414CCT6, STM32G414CCU3, STM32G414CCU6, STM32G414MBT3, STM32G414MBT6, STM32G414MCT3, STM32G414MCT6, STM32G414RBT3, STM32G414RBT6, STM32G414RCT3, STM32G414RCT6, STM32G414VBT3, STM32G414VBT6, STM32G414VCT3, STM32G414VCT6, STM32G431CBT3Z, STM32G431RBT3Z, STM32G471CCT6, STM32G471CCU6, STM32G471CET3, STM32G471CET6, STM32G471CEU3, STM32G471CEU6, STM32G471MCT6, STM32G471MET3, STM32G471MET6, STM32G471MEY6TR, STM32G471QCT6, STM32G471QET3, STM32G471RCT6, STM32G471RET3, STM32G471RET6, STM32G471VCH6, STM32G471VCI6, STM32G471VCT6, STM32G471VEH3, STM32G471VEH6, STM32G471VEI3, STM32G471VEI6, STM32G471VET3, STM32G471VET6, STM32G473QET3Z, STM32G473RET3Z, STM32G474CCT6, STM32G491RET3Z, STM32H503CBT6, STM32H503CBU6, STM32H503EBY6TR, STM32H503KBU6, STM32H503RBT6, STM32H523CCT6, STM32H523CCU6, STM32H523CET6, STM32H523CEU6, STM32H523HEY6TR, STM32H523RCT6, STM32H523RET6, STM32H523VCI6, STM32H523VCT6, STM32H523VEI6, STM32H523VET6, STM32H523ZCJ6, STM32H523ZCT6, STM32H523ZEJ6, STM32H523ZET6, STM32H533CET6, STM32H533CEU6, STM32H533HEY6TR, STM32H533RET6, STM32H533VEI6, STM32H533VET6, STM32H533ZEJ6, STM32H533ZET6, STM32H562AGI6, STM32H562AII6, STM32H562IGK6, STM32H562IGT6, STM32H562IIK6, STM32H562IIT6, STM32H562RGT6, STM32H562RGV6, STM32H562RIT6, STM32H562RIV6, STM32H562VGT6, STM32H562VIT6, STM32H562ZGT6, STM32H562ZIT6, STM32H563AGI6, STM32H563AII3Q, STM32H563AII6, STM32H563IGK6, STM32H563IGT6, STM32H563IIK3Q, STM32H563IIK6, STM32H563IIT3Q, STM32H563IIT6, STM32H563MIY3QTR, STM32H563RGT6, STM32H563RGV6, STM32H563RIT6, STM32H563RIV6, STM32H563VGT6, STM32H563VIT3Q, STM32H563VIT6, STM32H563ZGT6, STM32H563ZIT3Q, STM32H563ZIT6, STM32H573AII3Q, STM32H573AII6, STM32H573I-DK, STM32H573IIK3Q, STM32H573IIK6, STM32H573IIT3Q, STM32H573IIT6, STM32H573MIY3QTR, STM32H573RIT6, STM32H573RIV6, STM32H573VIT3Q, STM32H573VIT6, STM32H573ZIT3Q, STM32H573ZIT6, STM32H7R3A8I6, STM32H7R3I8K6, STM32H7R3I8T6, STM32H7R3L8H6, STM32H7R3L8H6H, STM32H7R3R8V6, STM32H7R3V8H6, STM32H7R3V8T6, STM32H7R3V8Y6TR, STM32H7R3Z8J6, STM32H7R3Z8T6, STM32H7R7A8I6, STM32H7R7I8K6, STM32H7R7I8T6, STM32H7R7L8H6, STM32H7R7L8H6H, STM32H7R7Z8J6, STM32H7S3A8I6, STM32H7S3I8K6, STM32H7S3I8T6, STM32H7S3L8H6, STM32H7S3L8H6H, STM32H7S3R8V6, STM32H7S3V8H6, STM32H7S3V8T6, STM32H7S3V8Y6TR, STM32H7S3Z8J6, STM32H7S3Z8T6, STM32H7S78-DK, STM32H7S7A8I6, STM32H7S7I8K6, STM32H7S7I8T6, STM32H7S7L8H6, STM32H7S7L8H6H, STM32H7S7Z8J6, STM32L4R5QGI6STR, STM32MP131AAE3, STM32MP131AAF3, STM32MP131AAG3, STM32MP131CAE3, STM32MP131CAF3, STM32MP131CAG3, STM32MP131DAE7, STM32MP131DAF7, STM32MP131DAG7, STM32MP131FAE7, STM32MP131FAF7, STM32MP131FAG7, STM32MP133AAE3, STM32MP133AAF3, STM32MP133AAG3, STM32MP133CAE3, STM32MP133CAF3, STM32MP133CAG3, STM32MP133DAE7, STM32MP133DAF7, STM32MP133DAG7, STM32MP133FAE7, STM32MP133FAF7, STM32MP133FAG7, STM32MP135AAE3, STM32MP135AAF3, STM32MP135AAG3, STM32MP135CAE3, STM32MP135CAF3, STM32MP135CAG3, STM32MP135DAE7, STM32MP135DAF7, STM32MP135DAG7, STM32MP135F-DK, STM32MP135FAE7, STM32MP135FAF7, STM32MP135FAF7T, STM32MP135FAF7U, STM32MP135FAG7, STM32MP251AAI3, STM32MP251AAK3, STM32MP251AAL3, STM32MP251CAI3, STM32MP251CAK3, STM32MP251CAL3, STM32MP251DAI3, STM32MP251DAK3, STM32MP251DAL3, STM32MP251FAI3, STM32MP251FAK3, STM32MP251FAL3, STM32MP253AAI3, STM32MP253AAK3, STM32MP253AAL3, STM32MP253CAI3, STM32MP253CAK3, STM32MP253CAL3, STM32MP253DAI3, STM32MP253DAK3, STM32MP253DAL3, STM32MP253FAI3, STM32MP253FAK3, STM32MP253FAL3, STM32MP255AAI3, STM32MP255AAK3, STM32MP255AAL3, STM32MP255CAI3, STM32MP255CAK3, STM32MP255CAL3, STM32MP255DAI3, STM32MP255DAK3, STM32MP255DAL3, STM32MP255FAI3, STM32MP255FAK3, STM32MP255FAL3, STM32MP257AAI3, STM32MP257AAK3, STM32MP257AAL3, STM32MP257CAI3, STM32MP257CAK3, STM32MP257CAL3, STM32MP257DAI3, STM32MP257DAK3, STM32MP257DAL3, STM32MP257F-DK, STM32MP257F-EV1, STM32MP257FAI3, STM32MP257FAK3, STM32MP257FAL3, STM32U031C6T6, STM32U031C6U6, STM32U031C8T6, STM32U031C8U6, STM32U031F4P6, STM32U031F6P6, STM32U031F8P6, STM32U031G6Y6TR, STM32U031G8Y6TR, STM32U031K4U6, STM32U031K6U6, STM32U031K8U6, STM32U031R6I6, STM32U031R6T6, STM32U031R8I6, STM32U031R8T6, STM32U073C8T6, STM32U073C8U6, STM32U073CBT6, STM32U073CBU6, STM32U073CCT6, STM32U073CCU6, STM32U073H8Y6TR, STM32U073HBY6TR, STM32U073HCY6TR, STM32U073K8U6, STM32U073KBU6, STM32U073KCU6, STM32U073M8I6, STM32U073M8T6, STM32U073MBI6, STM32U073MBT6, STM32U073MCI6, STM32U073MCT6, STM32U073R8I6, STM32U073R8T6, STM32U073RBI6, STM32U073RBT6, STM32U073RCI6, STM32U073RCT6, STM32U083C-DK, STM32U083CCT6, STM32U083CCU6, STM32U083HCY6TR, STM32U083KCU6, STM32U083MCI6, STM32U083MCT6, STM32U083RCI6, STM32U083RCT6, STM32U535CBT6, STM32U535CBT6Q, STM32U535CBU6, STM32U535CBU6Q, STM32U535CCT6, STM32U535CCT6Q, STM32U535CCU6, STM32U535CCU6Q, STM32U535CET6, STM32U535CET6Q, STM32U535CEU6, STM32U535CEU6Q, STM32U535JEY6QTR, STM32U535NCY6QTR, STM32U535NEY6QTR, STM32U535RBI6, STM32U535RBI6Q, STM32U535RBT6, STM32U535RBT6Q, STM32U535RCI6, STM32U535RCI6Q, STM32U535RCT6, STM32U535RCT6Q, STM32U535REI6, STM32U535REI6Q, STM32U535RET6, STM32U535RET6Q, STM32U535VCI6, STM32U535VCI6Q, STM32U535VCT6, STM32U535VCT6Q, STM32U535VEI6, STM32U535VEI6Q, STM32U535VET6, STM32U535VET6Q, STM32U545CET6, STM32U545CET6Q, STM32U545CEU6, STM32U545CEU6Q, STM32U545JEY6QTR, STM32U545NEY6QTR, STM32U545REI6, STM32U545REI6Q, STM32U545RET6, STM32U545RET6Q, STM32U545VEI6, STM32U545VEI6Q, STM32U545VET6, STM32U545VET6Q, STM32U595AIH6, STM32U595AIH6Q, STM32U595AJH6, STM32U595AJH6Q, STM32U595QII6, STM32U595QII6Q, STM32U595QJI6, STM32U595QJI6Q, STM32U595RIT6, STM32U595RIT6Q, STM32U595RJT6, STM32U595RJT6Q, STM32U595VIT6, STM32U595VIT6Q, STM32U595VJT6, STM32U595VJT6Q, STM32U595ZIT6, STM32U595ZIT6Q, STM32U595ZIY6QTR, STM32U595ZJT6, STM32U595ZJT6Q, STM32U595ZJY6QTR, STM32U599BJY6QTR, STM32U599NIH6Q, STM32U599NJH6Q, STM32U599VIT6Q, STM32U599VJT6, STM32U599VJT6Q, STM32U599ZIT6Q, STM32U599ZIY6QTR, STM32U599ZJT6Q, STM32U599ZJY6QTR, STM32U5A5AJH6, STM32U5A5AJH6Q, STM32U5A5QII3Q , STM32U5A5QJI6, STM32U5A5QJI6Q, STM32U5A5RJT6, STM32U5A5RJT6Q, STM32U5A5VJT6, STM32U5A5VJT6Q, STM32U5A5ZJT6, STM32U5A5ZJT6Q, STM32U5A5ZJY6QTR, STM32U5A9BJY6QTR, STM32U5A9J-DK, STM32U5A9NJH6Q, STM32U5A9VJT6Q, STM32U5A9ZJT6Q, STM32U5A9ZJY6QTR, STM32U5F7VIT6, STM32U5F7VIT6Q, STM32U5F7VJT6, STM32U5F7VJT6Q, STM32U5F9BJY6QTR, STM32U5F9NJH6Q, STM32U5F9VIT6Q, STM32U5F9VJT6Q, STM32U5F9ZIJ6QTR, STM32U5F9ZIT6Q, STM32U5F9ZJJ6QTR, STM32U5F9ZJT6Q, STM32U5G7VJT6, STM32U5G7VJT6Q, STM32U5G9BJY6QTR, STM32U5G9J-DK1, STM32U5G9J-DK2, STM32U5G9NJH6Q, STM32U5G9VJT6Q, STM32U5G9ZJJ6QTR, STM32U5G9ZJT6Q, STM32WB05KZV6TR, STM32WB05KZV7TR, STM32WB05TZF6TR, STM32WB05TZF7TR, STM32WB06CCF6TR, STM32WB06CCF7TR, STM32WB06CCV6TR, STM32WB06CCV7TR, STM32WB06KCV6TR, STM32WB06KCV7TR, STM32WB07CCF6TR, STM32WB07CCF7TR, STM32WB07CCV6TR, STM32WB07CCV7TR, STM32WB07KCV6TR, STM32WB07KCV7TR, STM32WB09KEV6TR, STM32WB09KEV7TR, STM32WB09TEF6TR, STM32WB09TEF7TR, STM32WB1MMCH6, STM32WBA50KGU6, STM32WBA50KGU6TR, STM32WBA52CEU6, STM32WBA52CEU6TR, STM32WBA52CEU7, STM32WBA52CEU7TR, STM32WBA52CGU6, STM32WBA52CGU6TR, STM32WBA52CGU6U, STM32WBA52CGU7, STM32WBA52CGU7TR, STM32WBA52KEU6, STM32WBA52KEU6TR, STM32WBA52KGU6, STM32WBA52KGU6TR, STM32WBA54CEU6, STM32WBA54CEU6TR, STM32WBA54CEU7, STM32WBA54CEU7TR, STM32WBA54CGU6, STM32WBA54CGU6TR, STM32WBA54CGU7, STM32WBA54CGU7TR, STM32WBA54KEU6, STM32WBA54KEU6TR, STM32WBA54KEU7, STM32WBA54KEU7TR, STM32WBA54KGU6, STM32WBA54KGU6TR, STM32WBA54KGU7, STM32WBA54KGU7TR, STM32WBA55CEU6, STM32WBA55CEU6TR, STM32WBA55CEU7, STM32WBA55CEU7TR, STM32WBA55CGU6, STM32WBA55CGU6TR, STM32WBA55CGU6U, STM32WBA55CGU7, STM32WBA55CGU7TR, STM32WBA55G-DK1, STM32WBA55HEF6, STM32WBA55HEF7, STM32WBA55HGF6, STM32WBA55HGF7, STM32WBA55UEI6, STM32WBA55UEI6TR, STM32WBA55UEI7, STM32WBA55UEI7TR, STM32WBA55UGI6, STM32WBA55UGI6TR, STM32WBA55UGI7, STM32WBA55UGI7TR, STM32WL5MOCH6, STM32WL5MOCH6TR]
2025-06-24 11:16:50,262 [WARN] PackLoader:240 - Cannot read IP mode file for STMicroelectronics.FP-SNS-SMARTAG2.1.2.0
2025-06-24 11:16:50,279 [ERROR] Engine:466 - C:\Users\nisha\.stm32cubemx\thirdparties\pdsc\STMicroelectronics.FP-SNS-FLIGHT1.5.1.0.pdsc: PDSC version is not supported
2025-06-24 11:16:50,311 [INFO] LogOutputStream:77 - [STDOUT_REDIRECT] 1 : Invalid condition id : UX_CORESTACK_Condition cause : null
2025-06-24 11:16:50,315 [INFO] LogOutputStream:77 - [STDOUT_REDIRECT] 1 : Invalid condition id : UX_CORESTACK_Condition cause : null
2025-06-24 11:16:50,319 [INFO] LogOutputStream:77 - [STDOUT_REDIRECT] 1 : Invalid condition id : UX_CORESTACK_Condition cause : null
2025-06-24 11:16:50,324 [INFO] LogOutputStream:77 - [STDOUT_REDIRECT] 1 : Invalid condition id : UX_CORESTACK_Condition cause : null
2025-06-24 11:16:50,327 [INFO] LogOutputStream:77 - [STDOUT_REDIRECT] 1 : Invalid condition id : UX_CORESTACK_Condition cause : null
2025-06-24 11:16:50,329 [WARN] PackLoader:240 - Cannot read IP mode file for STMicroelectronics.X-CUBE-AZRTOS-WL.2.0.0
2025-06-24 11:16:50,346 [INFO] BoardInfo:889 - No configuration file found for board B-WBA5M-WPAN
2025-06-24 11:16:50,348 [INFO] DbBoards:161 - Board is not supported: B-WBA5M-WPAN
2025-06-24 11:16:50,353 [WARN] PackLoader:240 - Cannot read IP mode file for STMicroelectronics.FP-SNS-MOTENV1.5.0.0
2025-06-24 11:16:50,357 [INFO] BoardInfo:889 - No configuration file found for board NUCLEO-C051C8
2025-06-24 11:16:50,358 [INFO] DbBoards:161 - Board is not supported: NUCLEO-C051C8
2025-06-24 11:16:50,366 [INFO] BoardInfo:889 - No configuration file found for board NUCLEO-C092RC
2025-06-24 11:16:50,367 [INFO] DbBoards:161 - Board is not supported: NUCLEO-C092RC
2025-06-24 11:16:50,374 [WARN] PackLoader:240 - Cannot read IP mode file for wolfSSL.I-CUBE-wolfMQTT.1.19.0
2025-06-24 11:16:50,409 [WARN] PackLoader:240 - Cannot read IP mode file for WES.I-CUBE-Cesium.1.3.0
2025-06-24 11:16:50,430 [WARN] PackLoader:240 - Cannot read IP mode file for STMicroelectronics.X-CUBE-BLE2.3.3.0
2025-06-24 11:16:50,454 [WARN] PackLoader:240 - Cannot read IP mode file for STMicroelectronics.X-CUBE-NFC9.1.0.0
2025-06-24 11:16:50,487 [WARN] PackLoader:240 - Cannot read IP mode file for STMicroelectronics.X-CUBE-BLE1.7.1.0
2025-06-24 11:16:50,518 [WARN] PackLoader:240 - Cannot read IP mode file for STMicroelectronics.X-CUBE-TCPP.4.1.0
2025-06-24 11:16:50,547 [WARN] PackLoader:240 - Cannot read IP mode file for STMicroelectronics.X-CUBE-AI.10.1.0
2025-06-24 11:16:50,588 [WARN] PackLoader:240 - Cannot read IP mode file for STMicroelectronics.X-CUBE-AZRTOS-G0.1.1.0
2025-06-24 11:16:50,593 [INFO] BoardInfo:889 - No configuration file found for board NUCLEO-N657X0-Q
2025-06-24 11:16:50,594 [INFO] DbBoards:161 - Board is not supported: NUCLEO-N657X0-Q
2025-06-24 11:16:50,601 [INFO] BoardInfo:889 - No configuration file found for board NUCLEO-U385RG-Q
2025-06-24 11:16:50,602 [INFO] DbBoards:161 - Board is not supported: NUCLEO-U385RG-Q
2025-06-24 11:16:50,612 [WARN] PackLoader:240 - Cannot read IP mode file for STMicroelectronics.X-CUBE-SAFEA1.1.2.2
2025-06-24 11:16:50,631 [INFO] BoardInfo:889 - No configuration file found for board NUCLEO-WBA65RI
2025-06-24 11:16:50,632 [INFO] DbBoards:161 - Board is not supported: NUCLEO-WBA65RI
2025-06-24 11:16:50,634 [INFO] BoardInfo:889 - No configuration file found for board NUCLEO-WL33CC1
2025-06-24 11:16:50,635 [WARN] PackLoader:240 - Cannot read IP mode file for STMicroelectronics.X-CUBE-NFC4.3.0.0
2025-06-24 11:16:50,636 [INFO] DbBoards:161 - Board is not supported: NUCLEO-WL33CC1
2025-06-24 11:16:50,638 [INFO] BoardInfo:889 - No configuration file found for board NUCLEO-WL33CC2
2025-06-24 11:16:50,639 [INFO] DbBoards:161 - Board is not supported: NUCLEO-WL33CC2
2025-06-24 11:16:50,650 [INFO] BoardInfo:889 - No configuration file found for board P-NUCLEO-WB55
2025-06-24 11:16:50,654 [INFO] DbBoards:161 - Kit is not supported: P-NUCLEO-WB55
2025-06-24 11:16:50,665 [INFO] BoardInfo:889 - No configuration file found for board STEVAL-BFA001V1B
2025-06-24 11:16:50,666 [INFO] DbBoards:161 - Kit is not supported: STEVAL-BFA001V1B
2025-06-24 11:16:50,670 [INFO] BoardInfo:889 - No configuration file found for board STEVAL-BFA001V2B
2025-06-24 11:16:50,671 [INFO] DbBoards:161 - Kit is not supported: STEVAL-BFA001V2B
2025-06-24 11:16:50,675 [WARN] PackLoader:240 - Cannot read IP mode file for EmbeddedOffice.I-CUBE-FS-RTOS.1.0.1
2025-06-24 11:16:50,675 [ERROR] ConditionMgr:805 - Attr not supported : Dmpu
2025-06-24 11:16:50,676 [ERROR] ConditionMgr:805 - Attr not supported : Dmpu
2025-06-24 11:16:50,676 [ERROR] ConditionMgr:805 - Attr not supported : Dmpu
2025-06-24 11:16:50,676 [ERROR] ConditionMgr:805 - Attr not supported : Dmpu
2025-06-24 11:16:50,676 [ERROR] ConditionMgr:805 - Attr not supported : Dmpu
2025-06-24 11:16:50,676 [ERROR] ConditionMgr:805 - Attr not supported : Dmpu
2025-06-24 11:16:50,676 [ERROR] ConditionMgr:805 - Attr not supported : Dmpu
2025-06-24 11:16:50,676 [ERROR] ConditionMgr:805 - Attr not supported : Dmpu
2025-06-24 11:16:50,676 [ERROR] ConditionMgr:805 - Attr not supported : Dmpu
2025-06-24 11:16:50,676 [ERROR] ConditionMgr:805 - Attr not supported : Dmpu
2025-06-24 11:16:50,676 [ERROR] ConditionMgr:805 - Attr not supported : Dmpu
2025-06-24 11:16:50,676 [ERROR] ConditionMgr:805 - Attr not supported : Dmpu
2025-06-24 11:16:50,676 [ERROR] ConditionMgr:805 - Attr not supported : Dmpu
2025-06-24 11:16:50,677 [ERROR] ConditionMgr:805 - Attr not supported : Dmpu
2025-06-24 11:16:50,677 [ERROR] ConditionMgr:805 - Attr not supported : Dmpu
2025-06-24 11:16:50,677 [ERROR] ConditionMgr:805 - Attr not supported : Dmpu
2025-06-24 11:16:50,677 [ERROR] ConditionMgr:805 - Attr not supported : Dmpu
2025-06-24 11:16:50,677 [ERROR] ConditionMgr:805 - Attr not supported : Dmpu
2025-06-24 11:16:50,677 [ERROR] ConditionMgr:805 - Attr not supported : Dmpu
2025-06-24 11:16:50,677 [ERROR] ConditionMgr:805 - Attr not supported : Dmpu
2025-06-24 11:16:50,677 [ERROR] ConditionMgr:805 - Attr not supported : Dmpu
2025-06-24 11:16:50,677 [ERROR] ConditionMgr:805 - Attr not supported : Dmpu
2025-06-24 11:16:50,677 [ERROR] ConditionMgr:805 - Attr not supported : Dmpu
2025-06-24 11:16:50,677 [ERROR] ConditionMgr:805 - Attr not supported : Dmpu
2025-06-24 11:16:50,677 [ERROR] ConditionMgr:805 - Attr not supported : Dmpu
2025-06-24 11:16:50,677 [ERROR] ConditionMgr:805 - Attr not supported : Dmpu
2025-06-24 11:16:50,677 [ERROR] ConditionMgr:805 - Attr not supported : Dmpu
2025-06-24 11:16:50,677 [ERROR] ConditionMgr:805 - Attr not supported : Dmpu
2025-06-24 11:16:50,677 [ERROR] ConditionMgr:805 - Attr not supported : Dmpu
2025-06-24 11:16:50,678 [ERROR] ConditionMgr:805 - Attr not supported : Dmpu
2025-06-24 11:16:50,678 [ERROR] ConditionMgr:805 - Attr not supported : Dmpu
2025-06-24 11:16:50,678 [ERROR] ConditionMgr:805 - Attr not supported : Dmpu
2025-06-24 11:16:50,678 [ERROR] ConditionMgr:805 - Attr not supported : Dmpu
2025-06-24 11:16:50,678 [ERROR] ConditionMgr:805 - Attr not supported : Dmpu
2025-06-24 11:16:50,678 [ERROR] ConditionMgr:805 - Attr not supported : Dmpu
2025-06-24 11:16:50,678 [ERROR] ConditionMgr:805 - Attr not supported : Dmpu
2025-06-24 11:16:50,678 [ERROR] ConditionMgr:805 - Attr not supported : Dmpu
2025-06-24 11:16:50,678 [ERROR] ConditionMgr:805 - Attr not supported : Dmpu
2025-06-24 11:16:50,678 [ERROR] ConditionMgr:805 - Attr not supported : Dmpu
2025-06-24 11:16:50,678 [ERROR] ConditionMgr:805 - Attr not supported : Dmpu
2025-06-24 11:16:50,678 [ERROR] ConditionMgr:805 - Attr not supported : Dmpu
2025-06-24 11:16:50,678 [ERROR] ConditionMgr:805 - Attr not supported : Dmpu
2025-06-24 11:16:50,679 [ERROR] ConditionMgr:805 - Attr not supported : Dmpu
2025-06-24 11:16:50,679 [ERROR] ConditionMgr:805 - Attr not supported : Dmpu
2025-06-24 11:16:50,679 [ERROR] ConditionMgr:805 - Attr not supported : Dmpu
2025-06-24 11:16:50,679 [ERROR] ConditionMgr:805 - Attr not supported : Dmpu
2025-06-24 11:16:50,679 [ERROR] ConditionMgr:805 - Attr not supported : Dmpu
2025-06-24 11:16:50,679 [ERROR] ConditionMgr:805 - Attr not supported : Dmpu
2025-06-24 11:16:50,679 [ERROR] ConditionMgr:805 - Attr not supported : Dmpu
2025-06-24 11:16:50,679 [ERROR] ConditionMgr:805 - Attr not supported : Dmpu
2025-06-24 11:16:50,679 [ERROR] ConditionMgr:805 - Attr not supported : Dmpu
2025-06-24 11:16:50,679 [ERROR] ConditionMgr:805 - Attr not supported : Dmpu
2025-06-24 11:16:50,679 [ERROR] ConditionMgr:805 - Attr not supported : Dmpu
2025-06-24 11:16:50,679 [ERROR] ConditionMgr:805 - Attr not supported : Dmpu
2025-06-24 11:16:50,679 [ERROR] ConditionMgr:805 - Attr not supported : Dmpu
2025-06-24 11:16:50,679 [ERROR] ConditionMgr:805 - Attr not supported : Dmpu
2025-06-24 11:16:50,679 [ERROR] ConditionMgr:805 - Attr not supported : Dmpu
2025-06-24 11:16:50,679 [ERROR] ConditionMgr:805 - Attr not supported : Dmpu
2025-06-24 11:16:50,679 [ERROR] ConditionMgr:805 - Attr not supported : Dmpu
2025-06-24 11:16:50,679 [ERROR] ConditionMgr:805 - Attr not supported : Dmpu
2025-06-24 11:16:50,680 [ERROR] ConditionMgr:805 - Attr not supported : Dmpu
2025-06-24 11:16:50,680 [ERROR] ConditionMgr:805 - Attr not supported : Dmpu
2025-06-24 11:16:50,680 [ERROR] ConditionMgr:805 - Attr not supported : Dmpu
2025-06-24 11:16:50,680 [ERROR] ConditionMgr:805 - Attr not supported : Dmpu
2025-06-24 11:16:50,734 [WARN] PackLoader:240 - Cannot read IP mode file for STMicroelectronics.X-CUBE-WB05N.2.0.0
2025-06-24 11:16:50,777 [ERROR] Engine:466 - C:\Users\nisha\.stm32cubemx\thirdparties\pdsc\STMicroelectronics.X-CUBE-TCPP.4.2.0.pdsc: PDSC version is not supported
2025-06-24 11:16:50,813 [WARN] PackLoader:240 - Cannot read IP mode file for RealThread.X-CUBE-RT-Thread_Nano.4.1.1
2025-06-24 11:16:50,841 [WARN] PackLoader:240 - Cannot read IP mode file for wolfSSL.I-CUBE-wolfSSL.5.7.0
2025-06-24 11:16:50,863 [WARN] PackLoader:240 - Cannot read IP mode file for STMicroelectronics.FP-ATR-SIGFOX1.3.2.0
2025-06-24 11:16:50,885 [WARN] ConditionMgr:438 - getConditionDescription Invalid condition id : Cortex-A Device cause : null
2025-06-24 11:16:50,959 [WARN] ConditionMgr:1039 - genDependencies : Invalid condition id : Cortex-A Device cause : null
2025-06-24 11:16:50,960 [WARN] ConditionMgr:1039 - genDependencies : Invalid condition id : Cortex-A Device cause : null
2025-06-24 11:16:50,960 [WARN] ConditionMgr:1039 - genDependencies : Invalid condition id : Cortex-A Device cause : null
2025-06-24 11:16:51,054 [WARN] PackLoader:240 - Cannot read IP mode file for STMicroelectronics.X-CUBE-EEPRMA1.5.1.0
2025-06-24 11:16:51,064 [INFO] BoardInfo:889 - No configuration file found for board STM32N6570-DK
2025-06-24 11:16:51,065 [INFO] DbBoards:161 - Board is not supported: STM32N6570-DK
2025-06-24 11:16:51,080 [WARN] PackLoader:240 - Cannot read IP mode file for ITTIA_DB.I-CUBE-ITTIADB.8.9.0
2025-06-24 11:16:51,094 [INFO] BoardInfo:889 - No configuration file found for board STM32WBA65I-DK1
2025-06-24 11:16:51,095 [INFO] DbBoards:161 - Board is not supported: STM32WBA65I-DK1
2025-06-24 11:16:51,096 [INFO] DbBoards:168 - Found 211 boards, 198 are supported
2025-06-24 11:16:51,096 [INFO] DbBoards:169 - Found 211 boards, 25 of them is supported for  Bsp
2025-06-24 11:16:51,099 [ERROR] Engine:466 - C:\Users\nisha\.stm32cubemx\thirdparties\pdsc\STMicroelectronics.X-CUBE-ST67W61.1.0.0.pdsc: PDSC version is not supported
2025-06-24 11:16:51,116 [INFO] ApiDb:668 - CubeFinder database Data Model version=2.1
2025-06-24 11:16:51,116 [INFO] ApiDb:669 - CubeFinder database Configuration version=3.0.39
2025-06-24 11:16:51,116 [INFO] ApiDb:670 - CubeFinder database generation date=2025-06-16 (1750072209)
2025-06-24 11:16:51,116 [INFO] ApiDb:671 - CubeFinder database FW Pack versions=[FP-ATR-ASTRA1_V2.0.0, FP-SNS-FLIGHT1_V5.1.0, FP-SNS-MOTENV1_V5.0.0, FP-SNS-MOTENVWB1_V1.4.0, FP-SNS-SMARTAG2_V1.2.0, FP-SNS-STBOX1_V2.0.0, STM32Cube_FW_C0_V1.4.0, STM32Cube_FW_F4_V1.28.2, STM32Cube_FW_F7_V1.17.3, STM32Cube_FW_G0_V1.6.2, STM32Cube_FW_G4_V1.6.1, STM32Cube_FW_H5_V1.5.0, STM32Cube_FW_H7RS_V1.2.0, STM32Cube_FW_H7_V1.12.1, STM32Cube_FW_L0_V1.12.2, STM32Cube_FW_L4_V1.18.1, STM32Cube_FW_L5_V1.5.1, STM32Cube_FW_N6_V1.1.1, STM32Cube_FW_U0_V1.2.0, STM32Cube_FW_U3_V1.1.0, STM32Cube_FW_U5_V1.7.0, STM32Cube_FW_WB0_V1.2.0, STM32Cube_FW_WBA_V1.6.0, STM32Cube_FW_WB_V1.22.0, STM32Cube_FW_WL3_V1.1.0, STM32Cube_FW_WL_V1.3.1, X-CUBE-ALGOBUILD_V1.4.0, X-CUBE-ALS_V1.0.2, X-CUBE-AZRTOS-F4_V1.1.0, X-CUBE-AZRTOS-F7_V1.1.0, X-CUBE-AZRTOS-G0_V1.1.0, X-CUBE-AZRTOS-G4_V2.0.0, X-CUBE-AZRTOS-H7RS_V1.1.0, X-CUBE-AZRTOS-H7_V3.3.0, X-CUBE-AZRTOS-L4_V2.0.0, X-CUBE-AZRTOS-L5_V2.0.0, X-CUBE-AZRTOS-WB_V2.0.0, X-CUBE-AZRTOS-WL_V2.0.0, X-CUBE-BLE1_V7.1.0, X-CUBE-BLE2_V3.3.0, X-CUBE-BLEMGR_V4.0.0, X-CUBE-EEPRMA1_V5.1.0, X-CUBE-FREERTOS_V1.3.1, X-CUBE-GNSS1_V6.0.0, X-CUBE-MEMS1_V11.3.0, X-CUBE-NFC4_V3.0.0, X-CUBE-NFC7_V2.0.0, X-CUBE-SFXS2LP1_V4.0.0, X-CUBE-SUBG2_V5.0.0, X-CUBE-TOF1_V3.4.3]
2025-06-24 11:16:51,161 [WARN] PackLoader:240 - Cannot read IP mode file for SEGGER.I-CUBE-embOS.1.3.1
2025-06-24 11:16:51,223 [WARN] PackLoader:240 - Cannot read IP mode file for STMicroelectronics.X-CUBE-ALGOBUILD.1.4.0
2025-06-24 11:16:51,287 [WARN] PackLoader:240 - Cannot read IP mode file for STMicroelectronics.X-CUBE-MEMS1.11.3.0
2025-06-24 11:16:51,604 [WARN] PackLoader:240 - Cannot read IP mode file for STMicroelectronics.X-CUBE-AI.9.1.0
2025-06-24 11:16:51,635 [WARN] PackLoader:240 - Cannot read IP mode file for STMicroelectronics.X-CUBE-PM33A1.1.0.0
2025-06-24 11:16:51,669 [WARN] PackLoader:240 - Cannot read IP mode file for STMicroelectronics.X-CUBE-GNSS1.6.0.0
2025-06-24 11:16:51,726 [WARN] PackLoader:240 - Cannot read IP mode file for STMicroelectronics.X-CUBE-AZRTOS-F4.1.1.0
2025-06-24 11:16:51,751 [ERROR] Engine:466 - C:\Users\nisha\.stm32cubemx\thirdparties\pdsc\Avnet-IotConnect.X-CUBE-IoTC-DA16k-PMOD.1.0.0.pdsc: PDSC version is not supported
2025-06-24 11:16:51,773 [WARN] PackLoader:240 - Cannot read IP mode file for STMicroelectronics.X-CUBE-ISPU.2.1.0
2025-06-24 11:16:51,797 [WARN] PackLoader:240 - Cannot read IP mode file for STMicroelectronics.X-CUBE-FREERTOS.1.2.0
2025-06-24 11:16:51,850 [WARN] PackLoader:240 - Cannot read IP mode file for STMicroelectronics.X-CUBE-AZRTOS-L5.2.0.0
2025-06-24 11:16:51,899 [WARN] PackLoader:240 - Cannot read IP mode file for STMicroelectronics.X-CUBE-NFC6.3.1.0
2025-06-24 11:16:51,922 [WARN] PackLoader:240 - Cannot read IP mode file for STMicroelectronics.X-CUBE-DPower.1.2.0
2025-06-24 11:16:51,944 [WARN] PackLoader:240 - Cannot read IP mode file for STMicroelectronics.X-CUBE-AI.9.0.0
2025-06-24 11:16:51,965 [WARN] PackLoader:240 - Cannot read IP mode file for STMicroelectronics.X-CUBE-FREERTOS.1.3.1
2025-06-24 11:16:51,986 [WARN] PackLoader:240 - Cannot read IP mode file for STMicroelectronics.X-CUBE-NFC7.1.0.1
2025-06-24 11:16:52,009 [WARN] PackLoader:240 - Cannot read IP mode file for wolfSSL.I-CUBE-wolfTPM.3.2.0
2025-06-24 11:16:52,032 [WARN] PackLoader:240 - Cannot read IP mode file for STMicroelectronics.X-CUBE-DPower.1.3.0
2025-06-24 11:16:52,078 [WARN] ConditionMgr:438 - getConditionDescription Invalid condition id : LAN8742 Phy interface Condition cause : null
2025-06-24 11:16:52,078 [WARN] PackLoader:240 - Cannot read IP mode file for STMicroelectronics.X-CUBE-AZRTOS-L4.2.0.0
2025-06-24 11:16:52,079 [WARN] ConditionMgr:1039 - genDependencies : Invalid condition id : LAN8742 Phy interface Condition cause : null
2025-06-24 11:16:52,081 [WARN] ConditionMgr:1039 - genDependencies : Invalid condition id : LAN8742 Phy interface Condition cause : null
2025-06-24 11:16:52,081 [WARN] ConditionMgr:1039 - genDependencies : Invalid condition id : LAN8742 Phy interface Condition cause : null
2025-06-24 11:16:52,103 [WARN] PackLoader:240 - Cannot read IP mode file for STMicroelectronics.X-CUBE-SFXS2LP1.4.0.0
2025-06-24 11:16:52,147 [WARN] PackLoader:240 - Cannot read IP mode file for STMicroelectronics.X-CUBE-AZRTOS-H7.3.3.0
2025-06-24 11:16:52,177 [WARN] PackLoader:240 - Cannot read IP mode file for STMicroelectronics.X-CUBE-IPS.3.0.0
2025-06-24 11:16:52,219 [WARN] ConditionMgr:438 - getConditionDescription Invalid condition id : UX DEVICE CLASS RTOS Condition cause : null
2025-06-24 11:16:52,219 [WARN] ConditionMgr:438 - getConditionDescription Invalid condition id : UX DEVICE CLASS RTOS Condition cause : null
2025-06-24 11:16:52,221 [WARN] PackLoader:240 - Cannot read IP mode file for STMicroelectronics.X-CUBE-AZRTOS-WB.2.0.0
2025-06-24 11:16:52,222 [WARN] ConditionMgr:1039 - genDependencies : Invalid condition id : UX DEVICE CLASS RTOS Condition cause : null
2025-06-24 11:16:52,222 [WARN] ConditionMgr:1039 - genDependencies : Invalid condition id : UX DEVICE CLASS RTOS Condition cause : null
2025-06-24 11:16:52,223 [WARN] ConditionMgr:1039 - genDependencies : Invalid condition id : UX DEVICE CLASS RTOS Condition cause : null
2025-06-24 11:16:52,223 [WARN] ConditionMgr:1039 - genDependencies : Invalid condition id : UX DEVICE CLASS RTOS Condition cause : null
2025-06-24 11:16:52,223 [WARN] ConditionMgr:1039 - genDependencies : Invalid condition id : UX DEVICE CLASS RTOS Condition cause : null
2025-06-24 11:16:52,245 [WARN] PackLoader:240 - Cannot read IP mode file for STMicroelectronics.X-CUBE-GNSS1.7.0.0
2025-06-24 11:16:52,266 [WARN] PackLoader:240 - Cannot read IP mode file for STMicroelectronics.X-CUBE-GNSS1.7.0.1
2025-06-24 11:16:52,299 [WARN] PackLoader:240 - Cannot read IP mode file for STMicroelectronics.X-CUBE-TOUCHGFX.4.25.0
2025-06-24 11:16:52,320 [WARN] PackLoader:240 - Cannot read IP mode file for STMicroelectronics.FP-SNS-STBOX1.2.0.0
2025-06-24 11:16:52,351 [WARN] PackLoader:240 - Cannot read IP mode file for STMicroelectronics.X-CUBE-SUBG2.5.0.0
2025-06-24 11:16:52,399 [WARN] PackLoader:240 - Cannot read IP mode file for STMicroelectronics.X-CUBE-AZRTOS-H7RS.1.1.0
2025-06-24 11:16:52,425 [WARN] PackLoader:240 - Cannot read IP mode file for Cesanta.I-CUBE-Mongoose.7.13.0
2025-06-24 11:16:52,490 [WARN] PackLoader:240 - Cannot read IP mode file for STMicroelectronics.X-CUBE-AZRTOS-G4.2.0.0
2025-06-24 11:16:52,523 [WARN] PackLoader:240 - Cannot read IP mode file for STMicroelectronics.X-CUBE-NFC7.2.0.0
2025-06-24 11:16:52,570 [WARN] PackLoader:240 - Cannot read IP mode file for STMicroelectronics.X-CUBE-ISPU.2.0.0
2025-06-24 11:16:52,614 [ERROR] Engine:466 - C:\Users\nisha\.stm32cubemx\thirdparties\pdsc\STMicroelectronics.X-CUBE-IPS.3.1.0.pdsc: PDSC version is not supported
2025-06-24 11:16:52,639 [WARN] PackLoader:240 - Cannot read IP mode file for STMicroelectronics.X-CUBE-ALS.1.0.2
2025-06-24 11:16:52,716 [WARN] PackLoader:240 - Cannot read IP mode file for STMicroelectronics.X-CUBE-MEMS1.10.0.0
2025-06-24 11:16:52,865 [WARN] PackLoader:240 - Cannot read IP mode file for STMicroelectronics.X-CUBE-TOUCHGFX.4.24.0
2025-06-24 11:16:52,884 [WARN] PackLoader:240 - Cannot read IP mode file for STMicroelectronics.X-CUBE-TOUCHGFX.4.24.1
2025-06-24 11:16:52,905 [WARN] PackLoader:240 - Cannot read IP mode file for portGmbH.I-Cube-SoM-uGOAL.1.1.0
2025-06-24 11:16:52,939 [WARN] PackLoader:240 - Cannot read IP mode file for STMicroelectronics.X-CUBE-AZRTOS-H7RS.1.0.0
2025-06-24 11:16:52,962 [WARN] PackLoader:240 - Cannot read IP mode file for STMicroelectronics.FP-ATR-ASTRA1.2.0.0
2025-06-24 11:16:52,992 [WARN] PackLoader:240 - Cannot read IP mode file for STMicroelectronics.X-CUBE-TOF1.3.4.2
2025-06-24 11:16:53,031 [ERROR] Engine:466 - C:\Users\nisha\.stm32cubemx\thirdparties\pdsc\STMicroelectronics.X-CUBE-TOF1.3.4.3.pdsc: PDSC version is not supported
2025-06-24 11:16:53,058 [WARN] PackLoader:240 - Cannot read IP mode file for STMicroelectronics.X-CUBE-TOF1.3.4.1
2025-06-24 11:16:53,114 [WARN] PackLoader:240 - Cannot read IP mode file for STMicroelectronics.X-CUBE-AZRTOS-H7.3.2.0
2025-06-24 11:16:53,154 [WARN] PackLoader:240 - Cannot read IP mode file for Infineon.AIROC-Wi-Fi-Bluetooth-STM32.1.6.0
2025-06-24 11:16:53,183 [WARN] PackLoader:240 - Cannot read IP mode file for wolfSSL.I-CUBE-wolfSSH.1.4.17
2025-06-24 11:16:53,185 [INFO] ThirdParty:978 - Integrity check success = true
2025-06-24 11:16:53,185 [INFO] IntegrityCheckThread:100 - exiting critical section [integrity check]
2025-06-24 11:16:53,185 [INFO] IntegrityCheckThread:103 - End integrity checks thread
2025-06-24 11:16:53,872 [INFO] WebApp:167 - Instantiating new browser for Auth
2025-06-24 11:16:54,727 [INFO] ApiDb:240 - Found 646 in-development CPN: [B-G473E-ZEST1S, B-WB1M-WPAN1, B-WL5M-SUBG1, NUCLEO-C031C6, NUCLEO-C071RB, NUCLEO-H503RB, NUCLEO-H533RE, NUCLEO-H563ZI, NUCLEO-H7S3L8, NUCLEO-U031R8, NUCLEO-U083RC, NUCLEO-U545RE-Q, NUCLEO-U5A5ZJ-Q, NUCLEO-WB05KZ, NUCLEO-WB07CC, NUCLEO-WB09KE, NUCLEO-WBA52CG, NUCLEO-WBA55CG, STEVAL-PROTEUS1, STEVAL-SMARTAG2, STEVAL-STWINBX1, STM320518-EVAL, STM32C0116-DK, STM32C011D6Y3TR, STM32C011D6Y6TR, STM32C011F4P3, STM32C011F4P6, STM32C011F4U3, STM32C011F4U6TR, STM32C011F6P3, STM32C011F6P6, STM32C011F6U3, STM32C011F6U6TR, STM32C011J4M3, STM32C011J4M6, STM32C011J6M3, STM32C011J6M6, STM32C0316-DK, STM32C031C4T3, STM32C031C4T6, STM32C031C4U3, STM32C031C4U6, STM32C031C6T3, STM32C031C6T6, STM32C031C6U3, STM32C031C6U6, STM32C031F4P3, STM32C031F4P6, STM32C031F6P3, STM32C031F6P6, STM32C031G4U3, STM32C031G4U6, STM32C031G6U3, STM32C031G6U6, STM32C031K4T3, STM32C031K4T6, STM32C031K4U3, STM32C031K4U6, STM32C031K6T3, STM32C031K6T6, STM32C031K6U3, STM32C031K6U6, STM32C071C8T6, STM32C071C8T6N, STM32C071C8U6, STM32C071C8U6N, STM32C071CBT6, STM32C071CBT6N, STM32C071CBU6, STM32C071CBU6N, STM32C071F8P6, STM32C071F8P6N, STM32C071FBP6, STM32C071FBP6N, STM32C071FBY6TR, STM32C071G8U6, STM32C071G8U6N, STM32C071GBU6, STM32C071GBU6N, STM32C071K8T6, STM32C071K8T6N, STM32C071K8U6, STM32C071K8U6N, STM32C071KBT6, STM32C071KBT6N, STM32C071KBU6, STM32C071KBU6N, STM32C071R8T6, STM32C071R8T6N, STM32C071RBI6N, STM32C071RBT6, STM32C071RBT6N, STM32G071K8TXN, STM32G071K8UXN, STM32G081GBU6N, STM32G081KBT6N, STM32G081KBUXN, STM32G0B1CCT6N, STM32G0B1KCT6, STM32G0B1NEY6TR, STM32G0B1RCT6N, STM32G0C1CCT6, STM32G0C1CCT6N, STM32G0C1CCU6N, STM32G0C1CET6N, STM32G0C1CEU6N, STM32G0C1KCT6, STM32G0C1NEY6TR, STM32G0C1RCI6N, STM32G0C1RCT6N, STM32G0C1REI6N, STM32G0C1RET6N, STM32G0C1VCI6, STM32G0C1VEI6, STM32G411C6T3, STM32G411C6T6, STM32G411C6U3, STM32G411C6U6, STM32G411C8T3, STM32G411C8T6, STM32G411C8U3, STM32G411C8U6, STM32G411CBT3, STM32G411CBT6, STM32G411CBU3, STM32G411CBU6, STM32G411K6T3, STM32G411K6T6, STM32G411K6U3, STM32G411K6U6, STM32G411K8T3, STM32G411K8T6, STM32G411K8U3, STM32G411K8U6, STM32G411KBT3, STM32G411KBT6, STM32G411KBU3, STM32G411KBU6, STM32G411M6T3, STM32G411M6T6, STM32G411M8T3, STM32G411M8T6, STM32G411MBT3, STM32G411MBT6, STM32G411R6T3, STM32G411R6T6, STM32G411R8T3, STM32G411R8T6, STM32G411RBT3, STM32G411RBT6, STM32G414CBT3, STM32G414CBT6, STM32G414CBU3, STM32G414CBU6, STM32G414CCT3, STM32G414CCT6, STM32G414CCU3, STM32G414CCU6, STM32G414MBT3, STM32G414MBT6, STM32G414MCT3, STM32G414MCT6, STM32G414RBT3, STM32G414RBT6, STM32G414RCT3, STM32G414RCT6, STM32G414VBT3, STM32G414VBT6, STM32G414VCT3, STM32G414VCT6, STM32G431CBT3Z, STM32G431RBT3Z, STM32G471CCT6, STM32G471CCU6, STM32G471CET3, STM32G471CET6, STM32G471CEU3, STM32G471CEU6, STM32G471MCT6, STM32G471MET3, STM32G471MET6, STM32G471MEY6TR, STM32G471QCT6, STM32G471QET3, STM32G471RCT6, STM32G471RET3, STM32G471RET6, STM32G471VCH6, STM32G471VCI6, STM32G471VCT6, STM32G471VEH3, STM32G471VEH6, STM32G471VEI3, STM32G471VEI6, STM32G471VET3, STM32G471VET6, STM32G473QET3Z, STM32G473RET3Z, STM32G474CCT6, STM32G491RET3Z, STM32H503CBT6, STM32H503CBU6, STM32H503EBY6TR, STM32H503KBU6, STM32H503RBT6, STM32H523CCT6, STM32H523CCU6, STM32H523CET6, STM32H523CEU6, STM32H523HEY6TR, STM32H523RCT6, STM32H523RET6, STM32H523VCI6, STM32H523VCT6, STM32H523VEI6, STM32H523VET6, STM32H523ZCJ6, STM32H523ZCT6, STM32H523ZEJ6, STM32H523ZET6, STM32H533CET6, STM32H533CEU6, STM32H533HEY6TR, STM32H533RET6, STM32H533VEI6, STM32H533VET6, STM32H533ZEJ6, STM32H533ZET6, STM32H562AGI6, STM32H562AII6, STM32H562IGK6, STM32H562IGT6, STM32H562IIK6, STM32H562IIT6, STM32H562RGT6, STM32H562RGV6, STM32H562RIT6, STM32H562RIV6, STM32H562VGT6, STM32H562VIT6, STM32H562ZGT6, STM32H562ZIT6, STM32H563AGI6, STM32H563AII3Q, STM32H563AII6, STM32H563IGK6, STM32H563IGT6, STM32H563IIK3Q, STM32H563IIK6, STM32H563IIT3Q, STM32H563IIT6, STM32H563MIY3QTR, STM32H563RGT6, STM32H563RGV6, STM32H563RIT6, STM32H563RIV6, STM32H563VGT6, STM32H563VIT3Q, STM32H563VIT6, STM32H563ZGT6, STM32H563ZIT3Q, STM32H563ZIT6, STM32H573AII3Q, STM32H573AII6, STM32H573I-DK, STM32H573IIK3Q, STM32H573IIK6, STM32H573IIT3Q, STM32H573IIT6, STM32H573MIY3QTR, STM32H573RIT6, STM32H573RIV6, STM32H573VIT3Q, STM32H573VIT6, STM32H573ZIT3Q, STM32H573ZIT6, STM32H7R3A8I6, STM32H7R3I8K6, STM32H7R3I8T6, STM32H7R3L8H6, STM32H7R3L8H6H, STM32H7R3R8V6, STM32H7R3V8H6, STM32H7R3V8T6, STM32H7R3V8Y6TR, STM32H7R3Z8J6, STM32H7R3Z8T6, STM32H7R7A8I6, STM32H7R7I8K6, STM32H7R7I8T6, STM32H7R7L8H6, STM32H7R7L8H6H, STM32H7R7Z8J6, STM32H7S3A8I6, STM32H7S3I8K6, STM32H7S3I8T6, STM32H7S3L8H6, STM32H7S3L8H6H, STM32H7S3R8V6, STM32H7S3V8H6, STM32H7S3V8T6, STM32H7S3V8Y6TR, STM32H7S3Z8J6, STM32H7S3Z8T6, STM32H7S78-DK, STM32H7S7A8I6, STM32H7S7I8K6, STM32H7S7I8T6, STM32H7S7L8H6, STM32H7S7L8H6H, STM32H7S7Z8J6, STM32L4R5QGI6STR, STM32MP131AAE3, STM32MP131AAF3, STM32MP131AAG3, STM32MP131CAE3, STM32MP131CAF3, STM32MP131CAG3, STM32MP131DAE7, STM32MP131DAF7, STM32MP131DAG7, STM32MP131FAE7, STM32MP131FAF7, STM32MP131FAG7, STM32MP133AAE3, STM32MP133AAF3, STM32MP133AAG3, STM32MP133CAE3, STM32MP133CAF3, STM32MP133CAG3, STM32MP133DAE7, STM32MP133DAF7, STM32MP133DAG7, STM32MP133FAE7, STM32MP133FAF7, STM32MP133FAG7, STM32MP135AAE3, STM32MP135AAF3, STM32MP135AAG3, STM32MP135CAE3, STM32MP135CAF3, STM32MP135CAG3, STM32MP135DAE7, STM32MP135DAF7, STM32MP135DAG7, STM32MP135F-DK, STM32MP135FAE7, STM32MP135FAF7, STM32MP135FAF7T, STM32MP135FAF7U, STM32MP135FAG7, STM32MP251AAI3, STM32MP251AAK3, STM32MP251AAL3, STM32MP251CAI3, STM32MP251CAK3, STM32MP251CAL3, STM32MP251DAI3, STM32MP251DAK3, STM32MP251DAL3, STM32MP251FAI3, STM32MP251FAK3, STM32MP251FAL3, STM32MP253AAI3, STM32MP253AAK3, STM32MP253AAL3, STM32MP253CAI3, STM32MP253CAK3, STM32MP253CAL3, STM32MP253DAI3, STM32MP253DAK3, STM32MP253DAL3, STM32MP253FAI3, STM32MP253FAK3, STM32MP253FAL3, STM32MP255AAI3, STM32MP255AAK3, STM32MP255AAL3, STM32MP255CAI3, STM32MP255CAK3, STM32MP255CAL3, STM32MP255DAI3, STM32MP255DAK3, STM32MP255DAL3, STM32MP255FAI3, STM32MP255FAK3, STM32MP255FAL3, STM32MP257AAI3, STM32MP257AAK3, STM32MP257AAL3, STM32MP257CAI3, STM32MP257CAK3, STM32MP257CAL3, STM32MP257DAI3, STM32MP257DAK3, STM32MP257DAL3, STM32MP257F-DK, STM32MP257F-EV1, STM32MP257FAI3, STM32MP257FAK3, STM32MP257FAL3, STM32U031C6T6, STM32U031C6U6, STM32U031C8T6, STM32U031C8U6, STM32U031F4P6, STM32U031F6P6, STM32U031F8P6, STM32U031G6Y6TR, STM32U031G8Y6TR, STM32U031K4U6, STM32U031K6U6, STM32U031K8U6, STM32U031R6I6, STM32U031R6T6, STM32U031R8I6, STM32U031R8T6, STM32U073C8T6, STM32U073C8U6, STM32U073CBT6, STM32U073CBU6, STM32U073CCT6, STM32U073CCU6, STM32U073H8Y6TR, STM32U073HBY6TR, STM32U073HCY6TR, STM32U073K8U6, STM32U073KBU6, STM32U073KCU6, STM32U073M8I6, STM32U073M8T6, STM32U073MBI6, STM32U073MBT6, STM32U073MCI6, STM32U073MCT6, STM32U073R8I6, STM32U073R8T6, STM32U073RBI6, STM32U073RBT6, STM32U073RCI6, STM32U073RCT6, STM32U083C-DK, STM32U083CCT6, STM32U083CCU6, STM32U083HCY6TR, STM32U083KCU6, STM32U083MCI6, STM32U083MCT6, STM32U083RCI6, STM32U083RCT6, STM32U535CBT6, STM32U535CBT6Q, STM32U535CBU6, STM32U535CBU6Q, STM32U535CCT6, STM32U535CCT6Q, STM32U535CCU6, STM32U535CCU6Q, STM32U535CET6, STM32U535CET6Q, STM32U535CEU6, STM32U535CEU6Q, STM32U535JEY6QTR, STM32U535NCY6QTR, STM32U535NEY6QTR, STM32U535RBI6, STM32U535RBI6Q, STM32U535RBT6, STM32U535RBT6Q, STM32U535RCI6, STM32U535RCI6Q, STM32U535RCT6, STM32U535RCT6Q, STM32U535REI6, STM32U535REI6Q, STM32U535RET6, STM32U535RET6Q, STM32U535VCI6, STM32U535VCI6Q, STM32U535VCT6, STM32U535VCT6Q, STM32U535VEI6, STM32U535VEI6Q, STM32U535VET6, STM32U535VET6Q, STM32U545CET6, STM32U545CET6Q, STM32U545CEU6, STM32U545CEU6Q, STM32U545JEY6QTR, STM32U545NEY6QTR, STM32U545REI6, STM32U545REI6Q, STM32U545RET6, STM32U545RET6Q, STM32U545VEI6, STM32U545VEI6Q, STM32U545VET6, STM32U545VET6Q, STM32U595AIH6, STM32U595AIH6Q, STM32U595AJH6, STM32U595AJH6Q, STM32U595QII6, STM32U595QII6Q, STM32U595QJI6, STM32U595QJI6Q, STM32U595RIT6, STM32U595RIT6Q, STM32U595RJT6, STM32U595RJT6Q, STM32U595VIT6, STM32U595VIT6Q, STM32U595VJT6, STM32U595VJT6Q, STM32U595ZIT6, STM32U595ZIT6Q, STM32U595ZIY6QTR, STM32U595ZJT6, STM32U595ZJT6Q, STM32U595ZJY6QTR, STM32U599BJY6QTR, STM32U599NIH6Q, STM32U599NJH6Q, STM32U599VIT6Q, STM32U599VJT6, STM32U599VJT6Q, STM32U599ZIT6Q, STM32U599ZIY6QTR, STM32U599ZJT6Q, STM32U599ZJY6QTR, STM32U5A5AJH6, STM32U5A5AJH6Q, STM32U5A5QII3Q , STM32U5A5QJI6, STM32U5A5QJI6Q, STM32U5A5RJT6, STM32U5A5RJT6Q, STM32U5A5VJT6, STM32U5A5VJT6Q, STM32U5A5ZJT6, STM32U5A5ZJT6Q, STM32U5A5ZJY6QTR, STM32U5A9BJY6QTR, STM32U5A9J-DK, STM32U5A9NJH6Q, STM32U5A9VJT6Q, STM32U5A9ZJT6Q, STM32U5A9ZJY6QTR, STM32U5F7VIT6, STM32U5F7VIT6Q, STM32U5F7VJT6, STM32U5F7VJT6Q, STM32U5F9BJY6QTR, STM32U5F9NJH6Q, STM32U5F9VIT6Q, STM32U5F9VJT6Q, STM32U5F9ZIJ6QTR, STM32U5F9ZIT6Q, STM32U5F9ZJJ6QTR, STM32U5F9ZJT6Q, STM32U5G7VJT6, STM32U5G7VJT6Q, STM32U5G9BJY6QTR, STM32U5G9J-DK1, STM32U5G9J-DK2, STM32U5G9NJH6Q, STM32U5G9VJT6Q, STM32U5G9ZJJ6QTR, STM32U5G9ZJT6Q, STM32WB05KZV6TR, STM32WB05KZV7TR, STM32WB05TZF6TR, STM32WB05TZF7TR, STM32WB06CCF6TR, STM32WB06CCF7TR, STM32WB06CCV6TR, STM32WB06CCV7TR, STM32WB06KCV6TR, STM32WB06KCV7TR, STM32WB07CCF6TR, STM32WB07CCF7TR, STM32WB07CCV6TR, STM32WB07CCV7TR, STM32WB07KCV6TR, STM32WB07KCV7TR, STM32WB09KEV6TR, STM32WB09KEV7TR, STM32WB09TEF6TR, STM32WB09TEF7TR, STM32WB1MMCH6, STM32WBA50KGU6, STM32WBA50KGU6TR, STM32WBA52CEU6, STM32WBA52CEU6TR, STM32WBA52CEU7, STM32WBA52CEU7TR, STM32WBA52CGU6, STM32WBA52CGU6TR, STM32WBA52CGU6U, STM32WBA52CGU7, STM32WBA52CGU7TR, STM32WBA52KEU6, STM32WBA52KEU6TR, STM32WBA52KGU6, STM32WBA52KGU6TR, STM32WBA54CEU6, STM32WBA54CEU6TR, STM32WBA54CEU7, STM32WBA54CEU7TR, STM32WBA54CGU6, STM32WBA54CGU6TR, STM32WBA54CGU7, STM32WBA54CGU7TR, STM32WBA54KEU6, STM32WBA54KEU6TR, STM32WBA54KEU7, STM32WBA54KEU7TR, STM32WBA54KGU6, STM32WBA54KGU6TR, STM32WBA54KGU7, STM32WBA54KGU7TR, STM32WBA55CEU6, STM32WBA55CEU6TR, STM32WBA55CEU7, STM32WBA55CEU7TR, STM32WBA55CGU6, STM32WBA55CGU6TR, STM32WBA55CGU6U, STM32WBA55CGU7, STM32WBA55CGU7TR, STM32WBA55G-DK1, STM32WBA55HEF6, STM32WBA55HEF7, STM32WBA55HGF6, STM32WBA55HGF7, STM32WBA55UEI6, STM32WBA55UEI6TR, STM32WBA55UEI7, STM32WBA55UEI7TR, STM32WBA55UGI6, STM32WBA55UGI6TR, STM32WBA55UGI7, STM32WBA55UGI7TR, STM32WL5MOCH6, STM32WL5MOCH6TR]
2025-06-24 11:16:54,734 [INFO] DbMcus:218 - Found 4657 MCUs, 4657 are supported
2025-06-24 11:16:54,740 [INFO] ApiDb:423 - Load user favorites file C:\Users\nisha/.stm32cubeide/favorites.mcus.txt: 0 item(s)
2025-06-24 11:16:54,742 [INFO] ApiDb:427 - User favorites MCUs=[]
2025-06-24 11:16:54,742 [INFO] DbMcus:224 - Set 0 / 0 favorites MCUs
2025-06-24 11:16:55,069 [INFO] WebApp:448 - Apply proxy settings
2025-06-24 11:16:55,070 [INFO] WebApp:533 - Chromium requires no authentication
2025-06-24 11:16:55,087 [INFO] WebApp:476 - Direct internet connection detected
2025-06-24 11:16:55,127 [INFO] WebApp:869 - Register for checkConnection events
2025-06-24 11:16:55,127 [INFO] WebApp:448 - Apply proxy settings
2025-06-24 11:16:55,127 [INFO] WebApp:533 - Chromium requires no authentication
2025-06-24 11:16:55,128 [INFO] WebApp:476 - Direct internet connection detected
2025-06-24 11:16:55,299 [INFO] ApiDb:423 - Load user favorites file C:\Users\nisha/.stm32cubeide/favorites.boards.txt: 1 item(s)
2025-06-24 11:16:55,300 [INFO] ApiDb:427 - User favorites Boards=[STM32F407G-DISC1]
2025-06-24 11:16:55,300 [INFO] DbBoards:198 - Set 1 / 1 favorites Boards
2025-06-24 11:16:55,300 [INFO] McuFinderGlobals:76 - Set McuFinderConnectedMode to true
2025-06-24 11:16:55,306 [INFO] MultiScanPanel:200 - Auto-refresh data requested => check proxy status ongoing
2025-06-24 11:16:55,309 [INFO] FinderPluginLoader:95 - Searching for filters in installed packs
2025-06-24 11:16:55,378 [INFO] WebApp:220 - Starting web application
2025-06-24 11:16:55,378 [INFO] WebApp:578 - Web application path used C:\ST\STM32CubeIDE_1.16.0\STM32CubeIDE\plugins\com.st.stm32cube.common.mx_6.12.0.202406281431\db\plugins\mcufinder\reactClient1\index.html
2025-06-24 11:16:55,587 [INFO] UserAuth:417 - Internet connection configuration mode: 1
2025-06-24 11:16:57,165 [INFO] WebApp:186 - Connection restablished
2025-06-24 11:16:57,440 [INFO] LoadUrlFilesThread:185 - End of LoadServerUrlFiles without Thread
2025-06-24 11:16:57,550 [INFO] DetailPanel:341 - Set advertising image to C:/Users/nisha/STM32Cube/Repository/\en.cubemxfinderstm32wba6.jpg
2025-06-24 11:17:04,638 [INFO] MultiScanPanel:200 - Auto-refresh data requested => check proxy status ongoing
2025-06-24 11:17:04,930 [INFO] LoadUrlFilesThread:185 - End of LoadServerUrlFiles without Thread
2025-06-24 11:17:04,930 [INFO] DetailPanel:341 - Set advertising image to C:/Users/nisha/STM32Cube/Repository/\en.cubemxfinderstm32wba6.jpg
2025-06-24 11:17:04,964 [INFO] DbBoards:642 - Loading board mini-images...
2025-06-24 11:17:10,412 [INFO] DbBoards:665 - Loaded 211 board mini-images
2025-06-24 11:17:35,423 [INFO] BoardResultTable:719 - Unmark Board STM32F407G-DISC1 as favorite
2025-06-24 11:17:36,891 [INFO] BoardResultTable:719 - Mark Board STM32F407G-DISC1 as favorite
2025-06-24 11:17:39,606 [INFO] BoardResultTable:719 - Unmark Board STM32F407G-DISC1 as favorite
2025-06-24 11:17:40,366 [INFO] BoardResultTable:719 - Mark Board STM32F407G-DISC1 as favorite
2025-06-24 11:17:40,989 [INFO] BoardResultTable:719 - Unmark Board STM32F407G-DISC1 as favorite
2025-06-24 11:17:41,451 [INFO] BoardResultTable:719 - Mark Board STM32F407G-DISC1 as favorite
2025-06-24 11:18:14,885 [INFO] MainUpdater:2873 - connection check result : 10
2025-06-24 11:18:14,886 [INFO] MainUpdater:2873 - connection check result : 10
2025-06-24 11:18:14,975 [INFO] RulesReader:64 - Compatibility file has been processed (297 Rules)
2025-06-24 11:18:15,015 [INFO] RulesReader:64 - Compatibility file has been processed (297 Rules)
2025-06-24 11:18:15,060 [INFO] MicroXplorer:468 - Change Database Path : 
2025-06-24 11:18:15,060 [INFO] MicroXplorer:498 - Change Database Version : DB.6.0.120
2025-06-24 11:18:15,112 [WARN] ThirdParty:871 - waiting for thirdparty lock release [close project]
2025-06-24 11:18:15,112 [INFO] ThirdParty:873 - entering critical section [close project]
2025-06-24 11:18:15,118 [INFO] ThirdParty:883 - exiting critical section [close project]
2025-06-24 11:18:15,130 [INFO] PinOutPanel:1561 - setPackage(No Configuration,No Configuration)
2025-06-24 11:18:15,149 [INFO] UtilMem:75 - Begin LoadConfig() Used Memory: 904067536 Bytes (1073741824)
2025-06-24 11:18:15,184 [INFO] OpenFileManager:332 - Change cursor
2025-06-24 11:18:15,345 [INFO] ProjectFactory:442 - No CPN specified for board STM32F407G-DISC1 => set CPN to STM32F407VGT6
2025-06-24 11:18:15,348 [INFO] Mcu:2032 - Initializing MCU STM32F407V(E-G)Tx STM32F407VGTx STM32F407VGT6
2025-06-24 11:18:19,953 [INFO] Context:742 - Trying to add GPIOservice into a context  which must be forbidden
2025-06-24 11:18:20,834 [INFO] Rule:228 - rule 117617 - U5Cobra4M][GTZC] default value MPCBB3 and MPCBB5 - Not Secured memory - MPCBB1 is applicable
2025-06-24 11:18:20,834 [INFO] Rule:228 - rule 117617 - U5Cobra4M][GTZC] default value MPCBB3 and MPCBB5 - Not Secured memory - MPCBB1 is applicable
2025-06-24 11:18:20,834 [INFO] Rule:228 - rule 117617 - U5Cobra4M][GTZC] default value MPCBB3 and MPCBB5 - Not Secured memory - MPCBB2 is applicable
2025-06-24 11:18:20,835 [INFO] Rule:228 - rule 117617 - U5Cobra4M][GTZC] default value MPCBB3 and MPCBB5 - Not Secured memory - MPCBB2 is applicable
2025-06-24 11:18:20,835 [INFO] Rule:228 - rule 117617 - U5Cobra4M][GTZC] default value MPCBB3 and MPCBB5 - Not Secured memory - MPCBB3 is applicable
2025-06-24 11:18:20,835 [INFO] Rule:228 - rule 117617 - U5Cobra4M][GTZC] default value MPCBB3 and MPCBB5 - Not Secured memory - MPCBB3 is applicable
2025-06-24 11:18:20,835 [INFO] Rule:228 - rule 117617 - U5Cobra4M][GTZC] default value MPCBB3 and MPCBB5 - Not Secured memory - MPCBB4 is applicable
2025-06-24 11:18:20,836 [INFO] Rule:228 - rule 117617 - U5Cobra4M][GTZC] default value MPCBB3 and MPCBB5 - Not Secured memory - MPCBB4 is applicable
2025-06-24 11:18:20,836 [INFO] Rule:228 - rule 117617 - U5Cobra4M][GTZC] default value MPCBB3 and MPCBB5 - Secured memory - MPCBB1 is applicable
2025-06-24 11:18:20,836 [INFO] Rule:228 - rule 117617 - U5Cobra4M][GTZC] default value MPCBB3 and MPCBB5 - Secured memory - MPCBB2 is applicable
2025-06-24 11:18:20,836 [INFO] Rule:228 - rule 117617 - U5Cobra4M][GTZC] default value MPCBB3 and MPCBB5 - Secured memory - MPCBB3 is applicable
2025-06-24 11:18:20,836 [INFO] Rule:228 - rule 117617 - U5Cobra4M][GTZC] default value MPCBB3 and MPCBB5 - Secured memory - MPCBB4 is applicable
2025-06-24 11:18:20,836 [INFO] Rule:228 - rule 117617 - U5Cobra4M][GTZC] default value MPCBB3 and MPCBB5 - Privileged memory - MPCBB1 is applicable
2025-06-24 11:18:20,836 [INFO] Rule:228 - rule 117617 - U5Cobra4M][GTZC] default value MPCBB3 and MPCBB5 - Privileged memory - MPCBB2 is applicable
2025-06-24 11:18:20,836 [INFO] Rule:228 - rule 117617 - U5Cobra4M][GTZC] default value MPCBB3 and MPCBB5 - Privileged memory - MPCBB3 is applicable
2025-06-24 11:18:20,837 [INFO] Rule:228 - rule 117617 - U5Cobra4M][GTZC] default value MPCBB3 and MPCBB5 - Privileged memory - MPCBB4 is applicable
2025-06-24 11:18:20,837 [INFO] Rule:228 - rule 117617 - U5Cobra4M][GTZC] default value MPCBB3 and MPCBB5 - Not Privileged memory - MPCBB1 is applicable
2025-06-24 11:18:20,837 [INFO] Rule:228 - rule 117617 - U5Cobra4M][GTZC] default value MPCBB3 and MPCBB5 - Not Privileged memory - MPCBB2 is applicable
2025-06-24 11:18:20,837 [INFO] Rule:228 - rule 117617 - U5Cobra4M][GTZC] default value MPCBB3 and MPCBB5 - Not Privileged memory - MPCBB3 is applicable
2025-06-24 11:18:20,837 [INFO] Rule:228 - rule 117617 - U5Cobra4M][GTZC] default value MPCBB3 and MPCBB5 - Not Privileged memory - MPCBB4 is applicable
2025-06-24 11:18:20,838 [INFO] Rule:228 - rule 117617 - U5Cobra4M][GTZC] default value MPCBB3 and MPCBB5 - Privileged memory - MPCBB1 is applicable
2025-06-24 11:18:20,838 [INFO] Rule:228 - rule 117617 - U5Cobra4M][GTZC] default value MPCBB3 and MPCBB5 - Privileged memory - MPCBB2 is applicable
2025-06-24 11:18:20,838 [INFO] Rule:228 - rule 117617 - U5Cobra4M][GTZC] default value MPCBB3 and MPCBB5 - Privileged memory - MPCBB3 is applicable
2025-06-24 11:18:20,838 [INFO] Rule:228 - rule 117617 - U5Cobra4M][GTZC] default value MPCBB3 and MPCBB5 - Privileged memory - MPCBB4 is applicable
2025-06-24 11:18:20,838 [INFO] Rule:228 - rule 117617 - U5Cobra4M][GTZC] default value MPCBB3 and MPCBB5 - Privileged memory - MPCBB1 is applicable
2025-06-24 11:18:20,838 [INFO] Rule:228 - rule 117617 - U5Cobra4M][GTZC] default value MPCBB3 and MPCBB5 - Privileged memory - MPCBB2 is applicable
2025-06-24 11:18:20,838 [INFO] Rule:228 - rule 117617 - U5Cobra4M][GTZC] default value MPCBB3 and MPCBB5 - Privileged memory - MPCBB3 is applicable
2025-06-24 11:18:20,838 [INFO] Rule:228 - rule 117617 - U5Cobra4M][GTZC] default value MPCBB3 and MPCBB5 - Privileged memory - MPCBB4 is applicable
2025-06-24 11:18:20,839 [INFO] Rule:228 - rule 117617 - U5Cobra4M][GTZC] default value MPCBB3 and MPCBB5 - Not Privileged memory - MPCBB1 is applicable
2025-06-24 11:18:20,839 [INFO] Rule:228 - rule 117617 - U5Cobra4M][GTZC] default value MPCBB3 and MPCBB5 - Not Privileged memory - MPCBB2 is applicable
2025-06-24 11:18:20,839 [INFO] Rule:228 - rule 117617 - U5Cobra4M][GTZC] default value MPCBB3 and MPCBB5 - Not Privileged memory - MPCBB3 is applicable
2025-06-24 11:18:20,839 [INFO] Rule:228 - rule 117617 - U5Cobra4M][GTZC] default value MPCBB3 and MPCBB5 - Not Privileged memory - MPCBB4 is applicable
2025-06-24 11:18:20,839 [INFO] Rule:228 - rule 117617 - U5Cobra4M][GTZC] default value MPCBB3 and MPCBB5 - Privileged memory - MPCBB1 is applicable
2025-06-24 11:18:20,839 [INFO] Rule:228 - rule 117617 - U5Cobra4M][GTZC] default value MPCBB3 and MPCBB5 - Privileged memory - MPCBB2 is applicable
2025-06-24 11:18:20,840 [INFO] Rule:228 - rule 117617 - U5Cobra4M][GTZC] default value MPCBB3 and MPCBB5 - Privileged memory - MPCBB3 is applicable
2025-06-24 11:18:20,840 [INFO] Rule:228 - rule 117617 - U5Cobra4M][GTZC] default value MPCBB3 and MPCBB5 - Privileged memory - MPCBB4 is applicable
2025-06-24 11:18:20,840 [INFO] Rule:228 - rule Rename SubGHz_Phy SUBGHZ_APPLICATION SUBGHZ_PINGPONG to SUBGHZ_ADV_APPLICATION is applicable
2025-06-24 11:18:20,840 [INFO] Rule:228 - rule Rename Enabled to IBEACON is applicable
2025-06-24 11:18:20,840 [INFO] Rule:228 - rule GTZC_S instance for project manager is applicable
2025-06-24 11:18:20,840 [INFO] Rule:228 - rule GTZC_S instance for context M33S is applicable
2025-06-24 11:18:20,840 [INFO] Rule:228 - rule GTZC_S instance value for IP GTZC is applicable
2025-06-24 11:18:20,841 [INFO] Rule:228 - rule GTZC_S instance for mcu.IP is applicable
2025-06-24 11:18:20,841 [INFO] Rule:228 - rule GTZC_S instance for VP is applicable
2025-06-24 11:18:20,841 [INFO] Rule:228 - rule GTZC_S instance for signal is applicable
2025-06-24 11:18:20,841 [INFO] Rule:228 - rule GTZC_S instance for mcu.Pin is applicable
2025-06-24 11:18:20,841 [INFO] Rule:228 - rule GTZC_S instance for VP is applicable
2025-06-24 11:18:20,841 [INFO] Rule:228 - rule GTZC_S instance for signal is applicable
2025-06-24 11:18:20,841 [INFO] Rule:228 - rule GTZC_S instance for mcu is applicable
2025-06-24 11:18:20,842 [INFO] Rule:228 - rule GTZC_S instance for mcu.Pin is applicable
2025-06-24 11:18:20,842 [INFO] Rule:228 - rule GTZC_S instance value for IP GTZC is applicable
2025-06-24 11:18:20,842 [INFO] Rule:228 - rule GTZC_S instance for project manager is applicable
2025-06-24 11:18:20,842 [INFO] Rule:228 - rule GTZC_S instance for context M33S is applicable
2025-06-24 11:18:20,843 [INFO] Rule:228 - rule GTZC_S instance for VP is applicable
2025-06-24 11:18:20,843 [INFO] Rule:228 - rule GTZC_S instance for signal is applicable
2025-06-24 11:18:20,844 [INFO] Rule:228 - rule SPDIFRX instance for mcu is applicable
2025-06-24 11:18:20,844 [INFO] Rule:228 - rule Rename Tracer Mode is applicable
2025-06-24 11:18:20,844 [INFO] Rule:228 - rule SPDIFRX instance value for IP SPDIFRX is applicable
2025-06-24 11:18:20,844 [INFO] Rule:228 - rule SPDIFRX instance for signal is applicable
2025-06-24 11:18:20,844 [INFO] Rule:228 - rule SPDIFRX instance for project manager is applicable
2025-06-24 11:18:20,844 [INFO] Rule:228 - rule SPDIFRX instance for project manager is applicable
2025-06-24 11:18:20,845 [INFO] Rule:228 - rule ADC Scan  fix with FW F7 is applicable
2025-06-24 11:18:20,845 [INFO] Rule:228 - rule ADC Scan  fix with FW F7 is applicable
2025-06-24 11:18:20,845 [INFO] Rule:228 - rule WakeUp0 Mode is applicable
2025-06-24 11:18:20,845 [INFO] Rule:228 - rule WakeUp0 SIGNAL is applicable
2025-06-24 11:18:20,845 [INFO] Rule:228 - rule WakeUp1 Mode is applicable
2025-06-24 11:18:20,846 [INFO] Rule:228 - rule WakeUp1 SIGNAL is applicable
2025-06-24 11:18:20,846 [INFO] Rule:228 - rule WakeUp2 Mode is applicable
2025-06-24 11:18:20,846 [INFO] Rule:228 - rule WakeUp2 SIGNAL is applicable
2025-06-24 11:18:20,846 [INFO] Rule:228 - rule WakeUp4 Mode is applicable
2025-06-24 11:18:20,848 [INFO] Rule:228 - rule WakeUp4 SIGNAL is applicable
2025-06-24 11:18:20,848 [INFO] Rule:228 - rule WakeUp5 Mode is applicable
2025-06-24 11:18:20,848 [INFO] Rule:228 - rule WakeUp5 SIGNAL is applicable
2025-06-24 11:18:20,848 [INFO] Rule:228 - rule UART/USART WORD LENGTH 7 is applicable
2025-06-24 11:18:20,849 [INFO] Rule:228 - rule UART/USART WORD LENGTH 8 is applicable
2025-06-24 11:18:20,849 [INFO] Rule:228 - rule UART/USART WORD LENGTH 9 is applicable
2025-06-24 11:18:20,849 [INFO] Rule:228 - rule Change Default Value for LSE Drive Capability for WB family is applicable
2025-06-24 11:18:20,849 [INFO] Rule:228 - rule Change Default Value for ADC Clock Prescaler G0 family is applicable
2025-06-24 11:18:20,849 [INFO] Rule:228 - rule ADC SamplingTime fix with FW L0  is applicable
2025-06-24 11:18:20,850 [INFO] Rule:228 - rule ADC SamplingTime fix with FW L0  is applicable
2025-06-24 11:18:20,850 [INFO] Rule:228 - rule ADC SamplingTime fix with FW L0 is applicable
2025-06-24 11:18:20,850 [INFO] Rule:228 - rule ADC SamplingTime fix with FW L0 is applicable
2025-06-24 11:18:20,850 [INFO] Rule:228 - rule ADC SamplingTime fix with FW L0  is applicable
2025-06-24 11:18:20,850 [INFO] Rule:228 - rule ADC SamplingTime fix with FW L0 is applicable
2025-06-24 11:18:20,850 [INFO] Rule:228 - rule Rename USB_OE Signal is applicable
2025-06-24 11:18:20,851 [INFO] Rule:228 - rule Rename Activate_OE Mode is applicable
2025-06-24 11:18:20,851 [INFO] Rule:228 - rule Rename DIE462/DIE415 pin PC14/OSC32_IN -> PC14-OSC32_IN (PC14) is applicable
2025-06-24 11:18:20,851 [INFO] Rule:228 - rule Rename DIE462/DIE415 pin PC15/OSC32_OUT -> PC15-OSC32_OUT (PC15) is applicable
2025-06-24 11:18:20,851 [INFO] Rule:228 - rule Rename DIE462/DIE415 pin PH0/OSC_IN -> PH0-OSC_IN (PH0) is applicable
2025-06-24 11:18:20,851 [INFO] Rule:228 - rule Rename DIE462/DIE415 pin PH1/OSC_OUT -> PH1-OSC_OUT (PH1) is applicable
2025-06-24 11:18:20,851 [INFO] Rule:228 - rule Rename DIE462 pin PA13 -> PA13 (JTMS/SWDIO) is applicable
2025-06-24 11:18:20,851 [INFO] Rule:228 - rule Rename DIE415 pin PA13 -> PA13 (JTMS/SWDIO) is applicable
2025-06-24 11:18:20,851 [INFO] Rule:228 - rule Rename DIE462 pin PA14 -> PA14 (JTCK/SWCLK) is applicable
2025-06-24 11:18:20,851 [INFO] Rule:228 - rule Rename DIE415 pin PA14 -> PA14 (JTCK/SWCLK) is applicable
2025-06-24 11:18:20,851 [INFO] Rule:228 - rule Rename DIE462/DIE415 pin PA15 -> PA15 (JTDI) is applicable
2025-06-24 11:18:20,852 [INFO] Rule:228 - rule Rename DIE462 pin PB3 -> PB3 (JTD0/TRACESWO) is applicable
2025-06-24 11:18:20,852 [INFO] Rule:228 - rule Rename DIE415 pin PB3 -> PB3 (JTD0-TRACESWO) is applicable
2025-06-24 11:18:20,853 [INFO] Rule:228 - rule Rename DIE462/DIE415 pin PB4 -> PB4 (NJTRST) is applicable
2025-06-24 11:18:20,853 [INFO] Rule:228 - rule Rename DIE462 pin PH3/BOOT0 -> PH3-BOOT0 (BOOT0) is applicable
2025-06-24 11:18:20,853 [INFO] Rule:228 - rule Rename CRYP DataEncryptionTypesList to Algorithm is applicable
2025-06-24 11:18:20,853 [INFO] Rule:228 - rule Rename AES DataEncryptionTypesList to Algorithm is applicable
2025-06-24 11:18:20,853 [INFO] Rule:228 - rule Rename TDESECB to CRYP_TDES_ECB is applicable
2025-06-24 11:18:20,853 [INFO] Rule:228 - rule Rename TDESCBC to CRYP_TDES_CBC is applicable
2025-06-24 11:18:20,853 [INFO] Rule:228 - rule Rename DESECB to CRYP_DES_ECB is applicable
2025-06-24 11:18:20,853 [INFO] Rule:228 - rule Rename DESCBC to CRYP_DES_CBC is applicable
2025-06-24 11:18:20,853 [INFO] Rule:228 - rule Rename AESECB to CRYP_AES_ECB is applicable
2025-06-24 11:18:20,853 [INFO] Rule:228 - rule Rename AESCBC to CRYP_AES_CBC is applicable
2025-06-24 11:18:20,853 [INFO] Rule:228 - rule Rename AESCTR to CRYP_AES_CTR is applicable
2025-06-24 11:18:20,853 [INFO] Rule:228 - rule Rename AESGCM to CRYP_AES_GCM is applicable
2025-06-24 11:18:20,853 [INFO] Rule:228 - rule Rename AESCCM to CRYP_AES_CCM is applicable
2025-06-24 11:18:20,853 [INFO] Rule:228 - rule Rename CAN TimeSeg1 to BS1 is applicable
2025-06-24 11:18:20,853 [INFO] Rule:228 - rule Rename CAN TimeSeg2 to BS2 is applicable
2025-06-24 11:18:20,853 [INFO] Rule:228 - rule Rename CAN SyncJumpWidth to SJW is applicable
2025-06-24 11:18:20,853 [INFO] Rule:228 - rule TimeTriggeredMode to TTCM is applicable
2025-06-24 11:18:20,853 [INFO] Rule:228 - rule Rename CAN AutoBusOff to ABOM is applicable
2025-06-24 11:18:20,853 [INFO] Rule:228 - rule Rename CAN AutoWakeUp to AWUM is applicable
2025-06-24 11:18:20,853 [INFO] Rule:228 - rule Rename CAN AutoRetransmission to NART is applicable
2025-06-24 11:18:20,853 [INFO] Rule:228 - rule Rename CAN ReceiveFifoLocked to RFLM is applicable
2025-06-24 11:18:20,853 [INFO] Rule:228 - rule Rename CAN TransmitFifoPriority to TXFP is applicable
2025-06-24 11:18:20,854 [INFO] Rule:228 - rule Rename HRTIMER HRTIM_OUTPUTFAULTLEVEL_HIGH in HRTIMER HRTIM_OUTPUTFAULTLEVEL_HIGHZ is applicable
2025-06-24 11:18:20,854 [INFO] Rule:228 - rule Rename TIMER TIM_CLEARINPUTSOURCE_OCREFCLR in  TIMER TIM_CLEARINPUTSOURCE_NONE for F7 family is applicable
2025-06-24 11:18:20,854 [INFO] Rule:228 - rule FDCAN_R1 - Rename FDCAN mode Master into Classic is applicable
2025-06-24 11:18:20,854 [INFO] Rule:228 - rule FDCAN_R2 - Rename FDCAN mode Slave into Classic is applicable
2025-06-24 11:18:20,854 [INFO] Rule:228 - rule FDCAN1_R3 - if PA10.Mode=FullDuplex, add Pin PA12 is applicable
2025-06-24 11:18:20,854 [INFO] Rule:228 - rule FDCAN1_R3 - if PA9.Mode=FullDuplex, add Pin PA11 is applicable
2025-06-24 11:18:20,854 [INFO] Rule:228 - rule FDCAN1_R3 - Alternatepin_1 - if PE1.Mode=FullDuplex, add Pin PB9 is applicable
2025-06-24 11:18:20,854 [INFO] Rule:228 - rule FDCAN1_R3 - Alternatepin_1 - if PE0.Mode=FullDuplex, add Pin PB8 is applicable
2025-06-24 11:18:20,854 [INFO] Rule:228 - rule FDCAN1_R3 - Alternatepin_2 - if PD5.Mode=FullDuplex, add Pin PD1 is applicable
2025-06-24 11:18:20,854 [INFO] Rule:228 - rule FDCAN1_R3 - Alternatepin_2 - if PD4.Mode=FullDuplex, add Pin PD0 is applicable
2025-06-24 11:18:20,854 [INFO] Rule:228 - rule FDCAN1_R4 - Rename Mode FullDuplex into Enable FDCAN_TXFD for pin PA10 is applicable
2025-06-24 11:18:20,854 [INFO] Rule:228 - rule FDCAN1_R4 - Rename Mode FullDuplex into Enable FDCAN_TXFD for pin PA9 is applicable
2025-06-24 11:18:20,854 [INFO] Rule:228 - rule FDCAN1_R4 - Alternatepin_1 - Rename Mode FullDuplex into Enable FDCAN_TXFD for pin PE1 is applicable
2025-06-24 11:18:20,854 [INFO] Rule:228 - rule FDCAN1_R4 - Alternatepin_1 - Rename Mode FullDuplex into Enable FDCAN_TXFD for pin PE0 is applicable
2025-06-24 11:18:20,854 [INFO] Rule:228 - rule FDCAN1_R4 - Alternatepin_2 - Rename Mode FullDuplex into Enable FDCAN_TXFD for pin PD5 is applicable
2025-06-24 11:18:20,854 [INFO] Rule:228 - rule FDCAN1_R4 - Alternatepin_2 - Rename Mode FullDuplex into Enable FDCAN_TXFD for pin PD4 is applicable
2025-06-24 11:18:20,854 [INFO] Rule:228 - rule FDCAN2_R3 - if PD10.Mode=FullDuplex, add Pin PB13 is applicable
2025-06-24 11:18:20,854 [INFO] Rule:228 - rule FDCAN2_R3 - if PD9.Mode=FullDuplex, add Pin PB12 is applicable
2025-06-24 11:18:20,854 [INFO] Rule:228 - rule FDCAN2_R3 - Alternatepin_1 - if PB7.Mode=FullDuplex, add Pin PB6 is applicable
2025-06-24 11:18:20,854 [INFO] Rule:228 - rule FDCAN2_R3 - Alternatepin_1 - if PD9.Mode=FullDuplex, add Pin PB12 is applicable
2025-06-24 11:18:20,854 [INFO] Rule:228 - rule FDCAN2_R4 - Rename Mode FullDuplex into Enable FDCAN_TXFD for pin PD10 is applicable
2025-06-24 11:18:20,854 [INFO] Rule:228 - rule FDCAN2_R4 - Rename Mode FullDuplex into Enable FDCAN_TXFD for pin PD9 is applicable
2025-06-24 11:18:20,854 [INFO] Rule:228 - rule FDCAN2_R4 - Alternatepin_1 - Rename Mode FullDuplex into Enable FDCAN_TXFD for pin PB7 is applicable
2025-06-24 11:18:20,854 [INFO] Rule:228 - rule FDCAN2_R4 - Alternatepin_1 - Rename Mode FullDuplex into Enable FDCAN_TXFD for pin PD6 is applicable
2025-06-24 11:18:20,854 [INFO] Rule:228 - rule USART TxPinLevelInvertParam Mode is applicable
2025-06-24 11:18:20,854 [INFO] Rule:228 - rule USART RxPinLevelInvertParam Mode is applicable
2025-06-24 11:18:20,854 [INFO] Rule:228 - rule USART DataInvertParam Mode is applicable
2025-06-24 11:18:20,854 [INFO] Rule:228 - rule USART SwapParam Mode is applicable
2025-06-24 11:18:20,854 [INFO] Rule:228 - rule USART OverrunDisableParam Mode is applicable
2025-06-24 11:18:20,854 [INFO] Rule:228 - rule USART DMADisableonRxErrorParam Mode is applicable
2025-06-24 11:18:20,855 [INFO] Rule:228 - rule USART MSBFirstParam Mode is applicable
2025-06-24 11:18:20,855 [INFO] Rule:228 - rule Update MwName for USB_DEVICE is applicable
2025-06-24 11:18:20,855 [INFO] Rule:228 - rule Change PWR_Regulator_Voltage_Scale Default Value for RCC  H7 family is applicable
2025-06-24 11:18:20,855 [INFO] Rule:228 - rule UART/USART IPParameter rename Prescaler parameter to ClockPrescaler is applicable
2025-06-24 11:18:20,855 [INFO] Rule:228 - rule UART/USART Prescaler rename Prescaler parameter to ClockPrescaler is applicable
2025-06-24 11:18:20,855 [INFO] Rule:228 - rule TIM1CLockSelection is applicable
2025-06-24 11:18:20,856 [INFO] Rule:228 - rule TIM15CLockSelection is applicable
2025-06-24 11:18:20,856 [INFO] Rule:228 - rule align RCC SDMMC3CLockSelection default value on MP1 is applicable
2025-06-24 11:18:20,857 [INFO] Rule:228 - rule align RCC SDMMC12CLockSelection default value on MP1 is applicable
2025-06-24 11:18:20,857 [INFO] Rule:228 - rule align RCC QSPICLockSelection default value on MP1 is applicable
2025-06-24 11:18:20,857 [INFO] Rule:228 - rule align RCC QSPICLockSelection default value on MP1 is applicable
2025-06-24 11:18:20,857 [INFO] Rule:228 - rule align RCC SPI6CLockSelection default value on MP1 is applicable
2025-06-24 11:18:20,857 [INFO] Rule:228 - rule align RCC LPTIM23CLockSelection default value on MP1 is applicable
2025-06-24 11:18:20,857 [INFO] Rule:228 - rule align RCC LPTIM1CLockSelection default value on MP1 is applicable
2025-06-24 11:18:20,857 [INFO] Rule:228 - rule align RCC USART1CLockSelection default value on MP1 is applicable
2025-06-24 11:18:20,858 [INFO] Rule:228 - rule align RCC USART24CLockSelection default value on MP1 is applicable
2025-06-24 11:18:20,858 [INFO] Rule:228 - rule align RCC USART6CLockSelection default value on MP1 is applicable
2025-06-24 11:18:20,858 [INFO] Rule:228 - rule align RCC UART78CLockSelection default value on MP1 is applicable
2025-06-24 11:18:20,858 [INFO] Rule:228 - rule align RCC USART35CLockSelection default value on MP1 is applicable
2025-06-24 11:18:20,858 [INFO] Rule:228 - rule align RCC SPI45CLockSelection default value on MP1 is applicable
2025-06-24 11:18:20,859 [INFO] Rule:228 - rule align RCC I2C46CLockSelection BCLK value on MP1 is applicable
2025-06-24 11:18:20,859 [INFO] Rule:228 - rule align RCC SPI45CLockSelection default value on MP1 is applicable
2025-06-24 11:18:20,859 [INFO] Rule:228 - rule align RCC I2C12CLockSelection default value on MP1 is applicable
2025-06-24 11:18:20,859 [INFO] Rule:228 - rule align RCC I2C35CLockSelection default value on MP1 is applicable
2025-06-24 11:18:20,859 [INFO] Rule:228 - rule align RCC LPTIM45CLockSelection default value on MP1 is applicable
2025-06-24 11:18:20,860 [INFO] Rule:228 - rule Rename DCMI PIXCK signal is applicable
2025-06-24 11:18:20,860 [INFO] Rule:228 - rule Change Default Value for I2C46CLockSelection MP1 family is applicable
2025-06-24 11:18:20,860 [INFO] Rule:228 - rule Change Default Value for UART for G4, G0 and WB families is applicable
2025-06-24 11:18:20,860 [INFO] Rule:228 - rule Change Default Value for USART for G4, G0 and WB families is applicable
2025-06-24 11:18:20,860 [INFO] Rule:228 - rule Change Default Value for USART for G4 family is applicable
2025-06-24 11:18:20,860 [INFO] Rule:228 - rule Change USART1CLockSelection refparam name for MP1 is applicable
2025-06-24 11:18:20,860 [INFO] Rule:228 - rule Change USART2CLockSelection refparam name for MP1 is applicable
2025-06-24 11:18:20,860 [INFO] Rule:228 - rule Change USART3CLockSelection refparam name for MP1 is applicable
2025-06-24 11:18:20,860 [INFO] Rule:228 - rule Change UART4CLockSelection refparam name for MP1 is applicable
2025-06-24 11:18:20,860 [INFO] Rule:228 - rule Change UART5CLockSelection refparam name for MP1 is applicable
2025-06-24 11:18:20,860 [INFO] Rule:228 - rule Change LPUART1CLockSelection refparam name for MP1 is applicable
2025-06-24 11:18:20,862 [INFO] Rule:228 - rule Change LPTIM1CLockSelection refparam name for MP1 is applicable
2025-06-24 11:18:20,862 [INFO] Rule:228 - rule Change LPTIM2CLockSelection refparam name for MP1 is applicable
2025-06-24 11:18:20,862 [INFO] Rule:228 - rule Change RCC_MCO1Source refparam name for MP1 is applicable
2025-06-24 11:18:20,862 [INFO] Rule:228 - rule Change LSCOSource1 refparam name for MP1 is applicable
2025-06-24 11:18:20,862 [INFO] Rule:228 - rule Change SMPSCLockSelection refparam name for MP1 is applicable
2025-06-24 11:18:20,862 [INFO] Rule:228 - rule Change LPTIM3CLockSelection refparam name for MP1 is applicable
2025-06-24 11:18:20,863 [INFO] Rule:228 - rule Change MPCBB* Default Template Mode to Parameters is applicable
2025-06-24 11:18:20,863 [INFO] Rule:228 - rule Change MPCWM* or MPCBB* Secure Mode to Parameters is applicable
2025-06-24 11:18:20,864 [INFO] Rule:228 - rule Change MPCWM* or MPCBB* No Secure Mode to Parameters is applicable
2025-06-24 11:18:20,864 [INFO] Rule:228 - rule Change TZSC IP Secure Mode to Parameters is applicable
2025-06-24 11:18:20,866 [INFO] Rule:228 - rule Change TZSC IP No Secure Mode to Parameters is applicable
2025-06-24 11:18:20,866 [INFO] Rule:228 - rule Change TZSC IP Privilege Mode to Parameters is applicable
2025-06-24 11:18:20,866 [INFO] Rule:228 - rule Change TZSC IP No Privilege Mode to Parameters is applicable
2025-06-24 11:18:20,866 [INFO] Rule:228 - rule Change TZIC IT Secure Mode to Parameters is applicable
2025-06-24 11:18:20,867 [INFO] Rule:228 - rule Change TZIC IT No Secure Mode to Parameters is applicable
2025-06-24 11:18:20,867 [INFO] Rule:228 - rule Add MPCBB1_NonSecureArea_Start_Address value with referenced to MPCBB1_NonSecureArea_Start value is applicable
2025-06-24 11:18:20,867 [INFO] Rule:228 - rule Add MPCBB2_NonSecureArea_Start_Address value with referenced to MPCBB2_NonSecureArea_Start value is applicable
2025-06-24 11:18:20,867 [INFO] Rule:228 - rule Add MPCWM1_NonSecureArea*_Start_Address value with referenced to MPCWM1_NonSecureArea*_Start value is applicable
2025-06-24 11:18:20,867 [INFO] Rule:228 - rule Add MPCWM2_NonSecureArea*_Start_Address value with referenced to MPCWM2_NonSecureArea*_Start value is applicable
2025-06-24 11:18:20,867 [INFO] Rule:228 - rule Add MPCWM3_NonSecureArea_Start_Address value with referenced to MPCWM3_NonSecureArea_Start value is applicable
2025-06-24 11:18:20,868 [INFO] Rule:228 - rule Change Default Value for PLL1UserDefinedConfig is applicable
2025-06-24 11:18:20,868 [INFO] Rule:228 - rule Change GPIO_PuPd Default Value for USART in async mode is applicable
2025-06-24 11:18:20,868 [INFO] Rule:228 - rule Change SMPSDivider Default Value is applicable
2025-06-24 11:18:20,868 [INFO] Rule:228 - rule OPAMP is applicable
2025-06-24 11:18:20,868 [INFO] Rule:228 - rule LPUART IPParameter rename Prescaler parameter to ClockPrescaler for STM32H7 is applicable
2025-06-24 11:18:20,868 [INFO] Rule:228 - rule LPUART IPParameter rename Prescaler parameter to ClockPrescaler for STM32H7 is applicable
2025-06-24 11:18:20,868 [INFO] Rule:228 - rule LPUART IPParameter rename Prescaler parameter to ClockPrescaler for STM32WB is applicable
2025-06-24 11:18:20,868 [INFO] Rule:228 - rule LPUART IPParameter rename Prescaler parameter to ClockPrescaler for STM32WB is applicable
2025-06-24 11:18:20,869 [INFO] Rule:228 - rule LPUART IPParameter rename Prescaler parameter to ClockPrescaler for STM32G4 is applicable
2025-06-24 11:18:20,869 [INFO] Rule:228 - rule LPUART IPParameter rename Prescaler parameter to ClockPrescaler for STM32G4 is applicable
2025-06-24 11:18:20,869 [INFO] Rule:228 - rule LPUART IPParameter rename Prescaler parameter to ClockPrescaler for STM32L5 is applicable
2025-06-24 11:18:20,869 [INFO] Rule:228 - rule LPUART IPParameter rename Prescaler parameter to ClockPrescaler for STM32L5 is applicable
2025-06-24 11:18:20,869 [INFO] Rule:228 - rule LPUART IPParameter rename Prescaler parameter to ClockPrescaler for STM32G4 is applicable
2025-06-24 11:18:20,869 [INFO] Rule:228 - rule LPUART IPParameter rename Prescaler parameter to ClockPrescaler for STM32G4 is applicable
2025-06-24 11:18:20,869 [INFO] Rule:228 - rule USB device lib V2.5.3 for L0 rename USBD_SUPPORT_USER_STRING parameter to USBD_SUPPORT_USER_STRING_DESC4 is applicable
2025-06-24 11:18:20,869 [INFO] Rule:228 - rule I2SCLockSelection clock entry align is applicable
2025-06-24 11:18:20,869 [INFO] Rule:228 - rule Assign TIMx context if used as SYS timebase is applicable
2025-06-24 11:18:20,870 [INFO] Rule:228 - rule Change GPIO_Pu Default Value for I2C is applicable
2025-06-24 11:18:20,870 [INFO] Rule:228 - rule Change GPIO_Pu Default Value for SMBus is applicable
2025-06-24 11:18:20,870 [INFO] Rule:228 - rule change FDCAN default value is applicable
2025-06-24 11:18:20,870 [INFO] Rule:228 - rule Change mode sai is applicable
2025-06-24 11:18:20,870 [INFO] Rule:228 - rule **Change sai mode is applicable
2025-06-24 11:18:20,870 [INFO] Rule:228 - rule Rename STM32WPAN CFG_BLE_IRK to CFG_BLE_IR is applicable
2025-06-24 11:18:20,870 [INFO] Rule:228 - rule Rename STM32WPAN CFG_BLE_ERK to CFG_BLE_ER is applicable
2025-06-24 11:18:20,871 [INFO] Rule:228 - rule Rename STM32WPAN CFG_BLE_IRK_HEX to CFG_BLE_IR_HEX is applicable
2025-06-24 11:18:20,871 [INFO] Rule:228 - rule Rename STM32WPAN CFG_BLE_ERK_HEX to CFG_BLE_ER_HEX is applicable
2025-06-24 11:18:20,905 [INFO] DbConfProperties:307 - Apply Compatibility (34/230 Rules)
2025-06-24 11:18:20,955 [INFO] ImportTextPane:205 - (OptionalMessage_ERROR) Unable to find key (Mcu.ThirdPartyNb) in loaded IOC file
2025-06-24 11:18:21,431 [INFO] RtosManager:555 - Registered RTOS mode: class=CMSIS, group=RTOS, mode=CMSIS_V1, owner=FREERTOS
2025-06-24 11:18:21,431 [INFO] RtosManager:555 - Registered RTOS mode: class=CMSIS, group=RTOS2, mode=CMSIS_V2, owner=FREERTOS
2025-06-24 11:18:21,432 [INFO] RtosManager:555 - Registered RTOS mode: class=RTOS, group=Core, mode=CMSIS_V1, owner=FREERTOS
2025-06-24 11:18:21,432 [INFO] RtosManager:555 - Registered RTOS mode: class=RTOS, group=Core, mode=CMSIS_V2, owner=FREERTOS
2025-06-24 11:18:21,433 [WARN] ModelIntegratedComponent:184 - Missing modes for component STMicroelectronics:FreeRTOS:0.0.1:STMicroelectronics:RTOS:FreeRTOS:Core:::10.2.0:
2025-06-24 11:18:21,465 [WARN] ModelIntegratedComponent:63 - No mode defined for component null
2025-06-24 11:18:21,466 [WARN] ModelIntegratedComponent:63 - No mode defined for component null
2025-06-24 11:18:21,466 [WARN] ModelIntegratedComponent:63 - No mode defined for component null
2025-06-24 11:18:21,466 [WARN] ModelIntegratedComponent:63 - No mode defined for component null
2025-06-24 11:18:21,466 [WARN] ModelIntegratedComponent:63 - No mode defined for component null
2025-06-24 11:18:21,466 [WARN] ModelIntegratedComponent:63 - No mode defined for component null
2025-06-24 11:18:21,468 [WARN] ModelIntegratedComponent:63 - No mode defined for component null
2025-06-24 11:18:21,468 [WARN] ModelIntegratedComponent:63 - No mode defined for component null
2025-06-24 11:18:21,468 [WARN] ModelIntegratedComponent:63 - No mode defined for component null
2025-06-24 11:18:21,468 [WARN] ModelIntegratedComponent:63 - No mode defined for component null
2025-06-24 11:18:21,468 [WARN] ModelIntegratedComponent:63 - No mode defined for component null
2025-06-24 11:18:21,468 [WARN] ModelIntegratedComponent:63 - No mode defined for component null
2025-06-24 11:18:21,468 [WARN] ModelIntegratedComponent:63 - No mode defined for component null
2025-06-24 11:18:21,468 [WARN] ModelIntegratedComponent:63 - No mode defined for component null
2025-06-24 11:18:21,468 [WARN] ModelIntegratedComponent:63 - No mode defined for component null
2025-06-24 11:18:21,468 [WARN] ModelIntegratedComponent:63 - No mode defined for component null
2025-06-24 11:18:21,468 [WARN] ModelIntegratedComponent:63 - No mode defined for component null
2025-06-24 11:18:21,468 [WARN] ModelIntegratedComponent:63 - No mode defined for component null
2025-06-24 11:18:21,468 [WARN] ModelIntegratedComponent:63 - No mode defined for component null
2025-06-24 11:18:21,468 [WARN] ModelIntegratedComponent:63 - No mode defined for component null
2025-06-24 11:18:21,468 [WARN] ModelIntegratedComponent:63 - No mode defined for component null
2025-06-24 11:18:21,468 [WARN] ModelIntegratedComponent:63 - No mode defined for component null
2025-06-24 11:18:21,468 [WARN] ModelIntegratedComponent:63 - No mode defined for component null
2025-06-24 11:18:21,468 [WARN] ModelIntegratedComponent:63 - No mode defined for component null
2025-06-24 11:18:21,468 [WARN] ModelIntegratedComponent:63 - No mode defined for component null
2025-06-24 11:18:21,468 [WARN] ModelIntegratedComponent:63 - No mode defined for component null
2025-06-24 11:18:21,468 [WARN] ModelIntegratedComponent:63 - No mode defined for component null
2025-06-24 11:18:21,468 [WARN] ModelIntegratedComponent:63 - No mode defined for component null
2025-06-24 11:18:21,468 [WARN] ModelIntegratedComponent:63 - No mode defined for component null
2025-06-24 11:18:21,468 [WARN] ModelIntegratedComponent:63 - No mode defined for component null
2025-06-24 11:18:21,468 [WARN] ModelIntegratedComponent:63 - No mode defined for component null
2025-06-24 11:18:21,468 [WARN] ModelIntegratedComponent:63 - No mode defined for component null
2025-06-24 11:18:21,468 [WARN] ModelIntegratedComponent:63 - No mode defined for component null
2025-06-24 11:18:21,468 [WARN] ModelIntegratedComponent:63 - No mode defined for component null
2025-06-24 11:18:21,468 [WARN] ModelIntegratedComponent:63 - No mode defined for component null
2025-06-24 11:18:21,469 [WARN] ModelPack:524 - Component already loaded: STMicroelectronics:HAL Drivers:0.0.0:STMicroelectronics:Device:STMicro_Driver:XSPI:HAL::0.0.1:HAL_XSPI
2025-06-24 11:18:21,806 [INFO] ThirdPartyModel:298 - Start build external matchings
2025-06-24 11:18:23,521 [INFO] ThirdPartyModel:316 - End build external matchings
2025-06-24 11:18:24,386 [INFO] UtilMem:75 - End LoadConfig() Used Memory: 953107136 Bytes (1073741824)
2025-06-24 11:18:24,591 [WARN] ThirdParty:833 - waiting for thirdparty lock release [change project]
2025-06-24 11:18:24,591 [INFO] ThirdParty:835 - entering critical section [change project]
2025-06-24 11:18:24,591 [INFO] ThirdParty:1030 - CMSIS Pack Vendor :STMicroelectronics X-CUBE-PM33A1 1.0.0
2025-06-24 11:18:24,591 [INFO] ThirdParty:1030 - CMSIS Pack Vendor :STMicroelectronics USBPD 4.1
2025-06-24 11:18:24,591 [INFO] ThirdParty:1030 - CMSIS Pack Vendor :STMicroelectronics X-CUBE-AZRTOS-H7 3.3.0
2025-06-24 11:18:24,591 [INFO] ThirdParty:1030 - CMSIS Pack Vendor :STMicroelectronics X-CUBE-NFC9 1.0.0
2025-06-24 11:18:24,591 [INFO] ThirdParty:1030 - CMSIS Pack Vendor :STMicroelectronics X-CUBE-GNSS1 6.0.0
2025-06-24 11:18:24,591 [INFO] ThirdParty:1030 - CMSIS Pack Vendor :STMicroelectronics USB_HOST 2.0.0
2025-06-24 11:18:24,591 [INFO] ThirdParty:1030 - CMSIS Pack Vendor :STMicroelectronics FP-SNS-MOTENVWB1 1.4.0
2025-06-24 11:18:24,591 [INFO] ThirdParty:1030 - CMSIS Pack Vendor :STMicroelectronics X-CUBE-AZRTOS-F4 1.1.0
2025-06-24 11:18:24,591 [INFO] ThirdParty:1030 - CMSIS Pack Vendor :STMicroelectronics LIBJPEG 8.0.0
2025-06-24 11:18:24,591 [INFO] ThirdParty:1030 - CMSIS Pack Vendor :STMicroelectronics X-CUBE-BLE1 7.1.0
2025-06-24 11:18:24,591 [INFO] ThirdParty:1030 - CMSIS Pack Vendor :STMicroelectronics X-CUBE-SMBUS 2.1.0
2025-06-24 11:18:24,591 [INFO] ThirdParty:1030 - CMSIS Pack Vendor :STMicroelectronics X-CUBE-WB05N 1.1.0
2025-06-24 11:18:24,591 [INFO] ThirdParty:1030 - CMSIS Pack Vendor :STMicroelectronics USB_DEVICE 3.0.0
2025-06-24 11:18:24,591 [INFO] ThirdParty:1030 - CMSIS Pack Vendor :STMicroelectronics X-CUBE-TCPP 4.1.0
2025-06-24 11:18:24,591 [INFO] ThirdParty:1030 - CMSIS Pack Vendor :STMicroelectronics X-CUBE-ISPU 2.1.0
2025-06-24 11:18:24,591 [INFO] ThirdParty:1030 - CMSIS Pack Vendor :STMicroelectronics X-CUBE-FREERTOS 1.2.0
2025-06-24 11:18:24,591 [INFO] ThirdParty:1030 - CMSIS Pack Vendor :STMicroelectronics X-CUBE-IPS 3.0.0
2025-06-24 11:18:24,591 [INFO] ThirdParty:1030 - CMSIS Pack Vendor :STMicroelectronics X-CUBE-AZRTOS-WB 2.0.0
2025-06-24 11:18:24,591 [INFO] ThirdParty:1030 - CMSIS Pack Vendor :STMicroelectronics X-CUBE-GNSS1 7.0.0
2025-06-24 11:18:24,591 [INFO] ThirdParty:1030 - CMSIS Pack Vendor :STMicroelectronics X-CUBE-GNSS1 7.0.1
2025-06-24 11:18:24,591 [INFO] ThirdParty:1030 - CMSIS Pack Vendor :STMicroelectronics X-CUBE-AZRTOS-F7 1.1.0
2025-06-24 11:18:24,591 [INFO] ThirdParty:1030 - CMSIS Pack Vendor :STMicroelectronics X-CUBE-AZRTOS-L5 2.0.0
2025-06-24 11:18:24,591 [INFO] ThirdParty:1030 - CMSIS Pack Vendor :STMicroelectronics X-CUBE-TOUCHGFX 4.25.0
2025-06-24 11:18:24,591 [INFO] ThirdParty:1030 - CMSIS Pack Vendor :STMicroelectronics USB_DEVICE 2.0.0
2025-06-24 11:18:24,592 [INFO] ThirdParty:1030 - CMSIS Pack Vendor :STMicroelectronics X-CUBE-NFC6 3.1.0
2025-06-24 11:18:24,592 [INFO] ThirdParty:1030 - CMSIS Pack Vendor :STMicroelectronics X-CUBE-AI 10.1.0
2025-06-24 11:18:24,592 [INFO] ThirdParty:1030 - CMSIS Pack Vendor :STMicroelectronics FP-SNS-STBOX1 2.0.0
2025-06-24 11:18:24,592 [INFO] ThirdParty:1030 - CMSIS Pack Vendor :STMicroelectronics X-CUBE-MEMS1 11.0.0
2025-06-24 11:18:24,592 [INFO] ThirdParty:1030 - CMSIS Pack Vendor :STMicroelectronics FreeRTOS 0.0.1
2025-06-24 11:18:24,592 [INFO] ThirdParty:1030 - CMSIS Pack Vendor :STMicroelectronics X-CUBE-AZRTOS-G0 1.1.0
2025-06-24 11:18:24,592 [INFO] ThirdParty:1030 - CMSIS Pack Vendor :STMicroelectronics X-CUBE-SAFEA1 1.2.2
2025-06-24 11:18:24,592 [INFO] ThirdParty:1030 - CMSIS Pack Vendor :STMicroelectronics X-CUBE-NFC4 3.0.0
2025-06-24 11:18:24,592 [INFO] ThirdParty:1030 - CMSIS Pack Vendor :STMicroelectronics X-CUBE-DPower 1.2.0
2025-06-24 11:18:24,592 [INFO] ThirdParty:1030 - CMSIS Pack Vendor :STMicroelectronics X-CUBE-SUBG2 5.0.0
2025-06-24 11:18:24,592 [INFO] ThirdParty:1030 - CMSIS Pack Vendor :STMicroelectronics X-CUBE-AZRTOS-H7RS 1.1.0
2025-06-24 11:18:24,592 [INFO] ThirdParty:1030 - CMSIS Pack Vendor :STMicroelectronics STM32_WPAN 1.0.0
2025-06-24 11:18:24,592 [INFO] ThirdParty:1030 - CMSIS Pack Vendor :EmbeddedOffice I-CUBE-FS-RTOS 1.0.1
2025-06-24 11:18:24,592 [INFO] ThirdParty:1030 - CMSIS Pack Vendor :STMicroelectronics lwIP 2.0.3
2025-06-24 11:18:24,592 [INFO] ThirdParty:1030 - CMSIS Pack Vendor :STMicroelectronics FP-SNS-FLIGHT1 5.0.2
2025-06-24 11:18:24,592 [INFO] ThirdParty:1030 - CMSIS Pack Vendor :Cesanta I-CUBE-Mongoose 7.13.0
2025-06-24 11:18:24,592 [INFO] ThirdParty:1030 - CMSIS Pack Vendor :STMicroelectronics USB_HOST 1.0.0
2025-06-24 11:18:24,592 [INFO] ThirdParty:1030 - CMSIS Pack Vendor :STMicroelectronics X-CUBE-AI 9.0.0
2025-06-24 11:18:24,592 [INFO] ThirdParty:1030 - CMSIS Pack Vendor :STMicroelectronics X-CUBE-AZRTOS-G4 2.0.0
2025-06-24 11:18:24,592 [INFO] ThirdParty:1030 - CMSIS Pack Vendor :STMicroelectronics X-CUBE-WB05N 2.0.0
2025-06-24 11:18:24,592 [INFO] ThirdParty:1030 - CMSIS Pack Vendor :STMicroelectronics PDM2PCM 3.1.0
2025-06-24 11:18:24,592 [INFO] ThirdParty:1030 - CMSIS Pack Vendor :STMicroelectronics PDM2PCM 3.3.0
2025-06-24 11:18:24,593 [INFO] ThirdParty:1030 - CMSIS Pack Vendor :STMicroelectronics X-CUBE-DISPLAY 3.0.0
2025-06-24 11:18:24,593 [INFO] ThirdParty:1030 - CMSIS Pack Vendor :STMicroelectronics X-CUBE-NFC7 2.0.0
2025-06-24 11:18:24,593 [INFO] ThirdParty:1030 - CMSIS Pack Vendor :RealThread X-CUBE-RT-Thread_Nano 4.1.1
2025-06-24 11:18:24,593 [INFO] ThirdParty:1030 - CMSIS Pack Vendor :wolfSSL I-CUBE-wolfSSL 5.7.0
2025-06-24 11:18:24,593 [INFO] ThirdParty:1030 - CMSIS Pack Vendor :STMicroelectronics X-CUBE-BLE1 7.0.0
2025-06-24 11:18:24,593 [INFO] ThirdParty:1030 - CMSIS Pack Vendor :STMicroelectronics FP-ATR-SIGFOX1 3.2.0
2025-06-24 11:18:24,593 [INFO] ThirdParty:1030 - CMSIS Pack Vendor :STMicroelectronics X-CUBE-NFC10 1.0.0
2025-06-24 11:18:24,593 [INFO] ThirdParty:1030 - CMSIS Pack Vendor :quantropi X-CUBE-qispace-sdk-base 1.9.3
2025-06-24 11:18:24,593 [INFO] ThirdParty:1030 - CMSIS Pack Vendor :STMicroelectronics X-CUBE-ISPU 2.0.0
2025-06-24 11:18:24,593 [INFO] ThirdParty:1030 - CMSIS Pack Vendor :STMicroelectronics X-CUBE-EEPRMA1 5.1.0
2025-06-24 11:18:24,593 [INFO] ThirdParty:1030 - CMSIS Pack Vendor :STMicroelectronics X-CUBE-FREERTOS 1.3.1
2025-06-24 11:18:24,593 [INFO] ThirdParty:1030 - CMSIS Pack Vendor :STMicroelectronics HAL Drivers 0.0.0
2025-06-24 11:18:24,593 [INFO] ThirdParty:1030 - CMSIS Pack Vendor :STMicroelectronics MBEDTLS 2.16.2
2025-06-24 11:18:24,593 [INFO] ThirdParty:1030 - CMSIS Pack Vendor :STMicroelectronics X-CUBE-ALS 1.0.2
2025-06-24 11:18:24,593 [INFO] ThirdParty:1030 - CMSIS Pack Vendor :emotas I-CUBE-CANOPEN 1.3.0
2025-06-24 11:18:24,593 [INFO] ThirdParty:1030 - CMSIS Pack Vendor :STMicroelectronics X-CUBE-MEMS1 10.0.0
2025-06-24 11:18:24,593 [INFO] ThirdParty:1030 - CMSIS Pack Vendor :STMicroelectronics X-CUBE-NFC7 1.0.1
2025-06-24 11:18:24,593 [INFO] ThirdParty:1030 - CMSIS Pack Vendor :STMicroelectronics MBEDTLS 2.14.1
2025-06-24 11:18:24,593 [INFO] ThirdParty:1030 - CMSIS Pack Vendor :STMicroelectronics X-CUBE-TOUCHGFX 4.24.0
2025-06-24 11:18:24,593 [INFO] ThirdParty:1030 - CMSIS Pack Vendor :ITTIA_DB I-CUBE-ITTIADB 8.9.0
2025-06-24 11:18:24,593 [INFO] ThirdParty:1030 - CMSIS Pack Vendor :wolfSSL I-CUBE-wolfTPM 3.2.0
2025-06-24 11:18:24,593 [INFO] ThirdParty:1030 - CMSIS Pack Vendor :STMicroelectronics X-CUBE-TOUCHGFX 4.24.1
2025-06-24 11:18:24,593 [INFO] ThirdParty:1030 - CMSIS Pack Vendor :portGmbH I-Cube-SoM-uGOAL 1.1.0
2025-06-24 11:18:24,593 [INFO] ThirdParty:1030 - CMSIS Pack Vendor :STMicroelectronics X-CUBE-BLEMGR 3.1.0
2025-06-24 11:18:24,593 [INFO] ThirdParty:1030 - CMSIS Pack Vendor :STMicroelectronics ThreadX 1.0.0
2025-06-24 11:18:24,593 [INFO] ThirdParty:1030 - CMSIS Pack Vendor :STMicroelectronics FP-SNS-SMARTAG2 1.2.0
2025-06-24 11:18:24,593 [INFO] ThirdParty:1030 - CMSIS Pack Vendor :STMicroelectronics X-CUBE-AZRTOS-WL 2.0.0
2025-06-24 11:18:24,593 [INFO] ThirdParty:1030 - CMSIS Pack Vendor :SEGGER I-CUBE-embOS 1.3.1
2025-06-24 11:18:24,593 [INFO] ThirdParty:1030 - CMSIS Pack Vendor :STMicroelectronics X-CUBE-ALGOBUILD 1.4.0
2025-06-24 11:18:24,593 [INFO] ThirdParty:1030 - CMSIS Pack Vendor :STMicroelectronics X-CUBE-DPower 1.3.0
2025-06-24 11:18:24,593 [INFO] ThirdParty:1030 - CMSIS Pack Vendor :STMicroelectronics X-CUBE-MEMS1 11.3.0
2025-06-24 11:18:24,593 [INFO] ThirdParty:1030 - CMSIS Pack Vendor :STMicroelectronics FP-SNS-MOTENV1 5.0.0
2025-06-24 11:18:24,593 [INFO] ThirdParty:1030 - CMSIS Pack Vendor :STMicroelectronics USB_DEVICE 1.0.0
2025-06-24 11:18:24,593 [INFO] ThirdParty:1030 - CMSIS Pack Vendor :STMicroelectronics X-CUBE-AZRTOS-H7RS 1.0.0
2025-06-24 11:18:24,593 [INFO] ThirdParty:1030 - CMSIS Pack Vendor :wolfSSL I-CUBE-wolfMQTT 1.19.0
2025-06-24 11:18:24,593 [INFO] ThirdParty:1030 - CMSIS Pack Vendor :STMicroelectronics X-CUBE-AZRTOS-L4 2.0.0
2025-06-24 11:18:24,593 [INFO] ThirdParty:1030 - CMSIS Pack Vendor :STMicroelectronics ThreadX 0.0.2
2025-06-24 11:18:24,593 [INFO] ThirdParty:1030 - CMSIS Pack Vendor :WES I-CUBE-Cesium 1.3.0
2025-06-24 11:18:24,593 [INFO] ThirdParty:1030 - CMSIS Pack Vendor :STMicroelectronics FP-ATR-ASTRA1 2.0.0
2025-06-24 11:18:24,593 [INFO] ThirdParty:1030 - CMSIS Pack Vendor :STMicroelectronics lwIP 2.1.2
2025-06-24 11:18:24,593 [INFO] ThirdParty:1030 - CMSIS Pack Vendor :STMicroelectronics X-CUBE-SFXS2LP1 4.0.0
2025-06-24 11:18:24,593 [INFO] ThirdParty:1030 - CMSIS Pack Vendor :STMicroelectronics X-CUBE-BLE2 3.3.0
2025-06-24 11:18:24,593 [INFO] ThirdParty:1030 - CMSIS Pack Vendor :STMicroelectronics X-CUBE-TOF1 3.4.2
2025-06-24 11:18:24,593 [INFO] ThirdParty:1030 - CMSIS Pack Vendor :STMicroelectronics X-CUBE-AI 9.1.0
2025-06-24 11:18:24,593 [INFO] ThirdParty:1030 - CMSIS Pack Vendor :STMicroelectronics X-CUBE-TOF1 3.4.1
2025-06-24 11:18:24,593 [INFO] ThirdParty:1030 - CMSIS Pack Vendor :STMicroelectronics X-CUBE-AZRTOS-H7 3.2.0
2025-06-24 11:18:24,593 [INFO] ThirdParty:1030 - CMSIS Pack Vendor :Infineon AIROC-Wi-Fi-Bluetooth-STM32 1.6.0
2025-06-24 11:18:24,593 [INFO] ThirdParty:1030 - CMSIS Pack Vendor :STMicroelectronics PDM2PCM 3.2.0
2025-06-24 11:18:24,593 [INFO] ThirdParty:1030 - CMSIS Pack Vendor :wolfSSL I-CUBE-wolfSSH 1.4.17
2025-06-24 11:18:24,594 [INFO] ThirdParty:841 - exiting critical section [change project]
2025-06-24 11:18:25,457 [INFO] PinOutPanel:1561 - setPackage(No Configuration,No Configuration)
2025-06-24 11:18:25,460 [INFO] PinOutPanel:1561 - setPackage(STM32F407VGTx,LQFP100)
2025-06-24 11:18:26,586 [INFO] UtilMem:75 - Before build in PCC Used Memory: 853999664 Bytes (1073741824)
2025-06-24 11:18:29,538 [INFO] UtilMem:75 - After build in PCC Used Memory: 1010237488 Bytes (1073741824)
2025-06-24 11:18:29,592 [INFO] IPUIPlugin:80 - create IPUIPlugin
2025-06-24 11:18:29,592 [INFO] IPUIPlugin:80 - create IPUIPlugin
2025-06-24 11:18:29,592 [INFO] IPUIPlugin:80 - create IPUIPlugin
2025-06-24 11:18:29,592 [INFO] IPUIPlugin:80 - create IPUIPlugin
2025-06-24 11:18:29,592 [INFO] IPUIPlugin:80 - create IPUIPlugin
2025-06-24 11:18:29,592 [INFO] IPUIPlugin:80 - create IPUIPlugin
2025-06-24 11:18:29,592 [INFO] IPUIPlugin:80 - create IPUIPlugin
2025-06-24 11:18:29,592 [INFO] IPUIPlugin:80 - create IPUIPlugin
2025-06-24 11:18:29,594 [INFO] IPUIPlugin:80 - create IPUIPlugin
2025-06-24 11:18:29,594 [INFO] IPUIPlugin:80 - create IPUIPlugin
2025-06-24 11:18:29,594 [INFO] IPUIPlugin:80 - create IPUIPlugin
2025-06-24 11:18:29,594 [INFO] IPUIPlugin:80 - create IPUIPlugin
2025-06-24 11:18:29,594 [INFO] IPUIPlugin:80 - create IPUIPlugin
2025-06-24 11:18:29,594 [INFO] IPUIPlugin:80 - create IPUIPlugin
2025-06-24 11:18:29,594 [INFO] IPUIPlugin:80 - create IPUIPlugin
2025-06-24 11:18:29,594 [INFO] IPUIPlugin:80 - create IPUIPlugin
2025-06-24 11:18:29,594 [INFO] IPUIPlugin:80 - create IPUIPlugin
2025-06-24 11:18:29,594 [INFO] IPUIPlugin:80 - create IPUIPlugin
2025-06-24 11:18:29,594 [INFO] IPUIPlugin:80 - create IPUIPlugin
2025-06-24 11:18:29,594 [INFO] IPUIPlugin:80 - create IPUIPlugin
2025-06-24 11:18:29,595 [INFO] IPUIPlugin:80 - create IPUIPlugin
2025-06-24 11:18:29,595 [INFO] IPUIPlugin:80 - create IPUIPlugin
2025-06-24 11:18:29,595 [INFO] IPUIPlugin:80 - create IPUIPlugin
2025-06-24 11:18:29,595 [INFO] IPUIPlugin:80 - create IPUIPlugin
2025-06-24 11:18:29,595 [INFO] IPUIPlugin:80 - create IPUIPlugin
2025-06-24 11:18:29,595 [INFO] IPUIPlugin:80 - create IPUIPlugin
2025-06-24 11:18:29,596 [INFO] IPUIPlugin:80 - create IPUIPlugin
2025-06-24 11:18:29,598 [INFO] IPUIPlugin:80 - create IPUIPlugin
2025-06-24 11:18:29,599 [INFO] IPUIPlugin:80 - create IPUIPlugin
2025-06-24 11:18:29,599 [INFO] IPUIPlugin:80 - create IPUIPlugin
2025-06-24 11:18:29,600 [INFO] IPUIPlugin:80 - create IPUIPlugin
2025-06-24 11:18:29,600 [INFO] IPUIPlugin:80 - create IPUIPlugin
2025-06-24 11:18:29,600 [INFO] IPUIPlugin:80 - create IPUIPlugin
2025-06-24 11:18:29,600 [INFO] IPUIPlugin:80 - create IPUIPlugin
2025-06-24 11:18:29,600 [INFO] IPUIPlugin:80 - create IPUIPlugin
2025-06-24 11:18:29,601 [INFO] IPUIPlugin:80 - create IPUIPlugin
2025-06-24 11:18:29,601 [INFO] IPUIPlugin:80 - create IPUIPlugin
2025-06-24 11:18:29,601 [INFO] IPUIPlugin:80 - create IPUIPlugin
2025-06-24 11:18:29,601 [INFO] IPUIPlugin:80 - create IPUIPlugin
2025-06-24 11:18:29,601 [INFO] IPUIPlugin:80 - create IPUIPlugin
2025-06-24 11:18:29,601 [INFO] IPUIPlugin:80 - create IPUIPlugin
2025-06-24 11:18:29,601 [INFO] IPUIPlugin:80 - create IPUIPlugin
2025-06-24 11:18:29,601 [INFO] IPUIPlugin:80 - create IPUIPlugin
2025-06-24 11:18:29,601 [INFO] IPUIPlugin:80 - create IPUIPlugin
2025-06-24 11:18:29,602 [INFO] IPUIPlugin:80 - create IPUIPlugin
2025-06-24 11:18:29,602 [INFO] IPUIPlugin:80 - create IPUIPlugin
2025-06-24 11:18:29,603 [INFO] IPUIPlugin:80 - create IPUIPlugin
2025-06-24 11:18:29,603 [INFO] IPUIPlugin:80 - create IPUIPlugin
2025-06-24 11:18:29,603 [INFO] IPUIPlugin:80 - create IPUIPlugin
2025-06-24 11:18:29,603 [INFO] IPUIPlugin:80 - create IPUIPlugin
2025-06-24 11:18:29,604 [INFO] IPUIPlugin:80 - create IPUIPlugin
2025-06-24 11:18:29,604 [INFO] IPUIPlugin:80 - create IPUIPlugin
2025-06-24 11:18:29,604 [INFO] IPUIPlugin:80 - create IPUIPlugin
2025-06-24 11:18:29,604 [INFO] IPUIPlugin:80 - create IPUIPlugin
2025-06-24 11:18:29,605 [INFO] IPUIPlugin:80 - create IPUIPlugin
2025-06-24 11:18:29,606 [INFO] IPUIPlugin:80 - create IPUIPlugin
2025-06-24 11:18:29,606 [INFO] IPUIPlugin:80 - create IPUIPlugin
2025-06-24 11:18:29,606 [INFO] IPUIPlugin:80 - create IPUIPlugin
2025-06-24 11:18:30,176 [INFO] ApiDbMcu:508 - Load IP Config File for PDM2PCM
2025-06-24 11:18:30,866 [INFO] CADModel:165 - CPN selected for project levelSTM32F407VGT6
2025-06-24 11:18:30,866 [INFO] CADModel:114 - Register for checkConnection events
2025-06-24 11:18:30,952 [INFO] OpenFileManager:363 - Restore cursor
2025-06-24 11:18:34,848 [INFO] UtilMem:75 - End SaveConfig() Used Memory: 892156536 Bytes (1073741824)
2025-06-24 11:18:35,027 [INFO] UtilMem:75 - End SaveConfig() Used Memory: 912082248 Bytes (1073741824)
2025-06-24 11:18:36,067 [INFO] BlockDiagram:2766 - set Specific Code input for plugin: SYS
2025-06-24 11:18:36,067 [INFO] BlockDiagram:2766 - set Specific Code input for plugin: RCC
2025-06-24 11:18:36,067 [INFO] BlockDiagram:2766 - set Specific Code input for plugin: NVIC
2025-06-24 11:18:36,067 [INFO] BlockDiagram:2766 - set Specific Code input for plugin: GPIO
2025-06-24 11:18:36,070 [INFO] CodeGenerator:807 - code generatio: config db path: C:\ST\STM32CubeIDE_1.16.0\STM32CubeIDE\plugins\com.st.stm32cube.common.mx_6.12.0.202406281431\\db\
2025-06-24 11:18:36,574 [INFO] CodeEngine:255 - oldGeneratedFile, C:\Users\nisha\OneDrive\Desktop\stm32f407\freertos\005_led_notification\MXTmpFiles\license.tmp_save
2025-06-24 11:18:37,407 [INFO] CodeEngine:279 - Generated code: C:\Users\nisha\OneDrive\Desktop\stm32f407\freertos\005_led_notification\MXTmpFiles\license.tmp
2025-06-24 11:18:37,670 [INFO] CodeEngine:255 - oldGeneratedFile, C:\Users\nisha\OneDrive\Desktop\stm32f407\freertos\005_led_notification\MXTmpFiles\gpio.tmp_save
2025-06-24 11:18:38,010 [INFO] CodeEngine:279 - Generated code: C:\Users\nisha\OneDrive\Desktop\stm32f407\freertos\005_led_notification\MXTmpFiles\gpio.tmp
2025-06-24 11:18:38,228 [INFO] CodeEngine:255 - oldGeneratedFile, C:\Users\nisha\OneDrive\Desktop\stm32f407\freertos\005_led_notification\Core\Src\stm32f4xx_it.c_save
2025-06-24 11:18:38,790 [INFO] CodeEngine:279 - Generated code: C:\Users\nisha\OneDrive\Desktop\stm32f407\freertos\005_led_notification\Core\Src\stm32f4xx_it.c
2025-06-24 11:18:38,815 [INFO] CodeEngine:255 - oldGeneratedFile, C:\Users\nisha\OneDrive\Desktop\stm32f407\freertos\005_led_notification\Core\Inc\stm32f4xx_it.h_save
2025-06-24 11:18:38,958 [INFO] CodeEngine:279 - Generated code: C:\Users\nisha\OneDrive\Desktop\stm32f407\freertos\005_led_notification\Core\Inc\stm32f4xx_it.h
2025-06-24 11:18:39,012 [INFO] CodeEngine:255 - oldGeneratedFile, C:\Users\nisha\OneDrive\Desktop\stm32f407\freertos\005_led_notification\Core\Src\stm32f4xx_hal_msp.c_save
2025-06-24 11:18:39,228 [INFO] CodeEngine:279 - Generated code: C:\Users\nisha\OneDrive\Desktop\stm32f407\freertos\005_led_notification\Core\Src\stm32f4xx_hal_msp.c
2025-06-24 11:18:39,250 [INFO] CodeEngine:255 - oldGeneratedFile, C:\Users\nisha\OneDrive\Desktop\stm32f407\freertos\005_led_notification\MXTmpFiles\system.tmp_save
2025-06-24 11:18:39,405 [INFO] CodeEngine:279 - Generated code: C:\Users\nisha\OneDrive\Desktop\stm32f407\freertos\005_led_notification\MXTmpFiles\system.tmp
2025-06-24 11:18:39,442 [INFO] CodeEngine:311 - oldGeneratedFile, C:\Users\nisha\OneDrive\Desktop\stm32f407\freertos\005_led_notification\Core\Inc\stm32f4xx_hal_conf.h_save
2025-06-24 11:18:39,636 [INFO] CodeEngine:335 - Generated code: C:\Users\nisha\OneDrive\Desktop\stm32f407\freertos\005_led_notification\Core\Inc\stm32f4xx_hal_conf.h
2025-06-24 11:18:39,793 [INFO] CodeEngine:255 - oldGeneratedFile, C:\Users\nisha\OneDrive\Desktop\stm32f407\freertos\005_led_notification\Core\Inc\main.h_save
2025-06-24 11:18:40,017 [INFO] CodeEngine:279 - Generated code: C:\Users\nisha\OneDrive\Desktop\stm32f407\freertos\005_led_notification\Core\Inc\main.h
2025-06-24 11:18:40,040 [INFO] CodeEngine:255 - oldGeneratedFile, C:\Users\nisha\OneDrive\Desktop\stm32f407\freertos\005_led_notification\Core\Src\main.c_save
2025-06-24 11:18:40,263 [INFO] CodeEngine:279 - Generated code: C:\Users\nisha\OneDrive\Desktop\stm32f407\freertos\005_led_notification\Core\Src\main.c
2025-06-24 11:18:41,183 [INFO] ProjectBuilder:3249 - Time for Copy HAL[1] : 439mS.
2025-06-24 11:18:41,192 [INFO] ProjectBuilder:4828 - Project Generator version: 4.4.0-B60
2025-06-24 11:18:41,323 [INFO] ConfigFileManager:1531 - The Die is : DIE413
2025-06-24 11:18:41,367 [INFO] ApiDbMcu:508 - Load IP Config File for FATFS
2025-06-24 11:18:41,388 [INFO] ApiDbMcu:508 - Load IP Config File for FREERTOS
2025-06-24 11:18:41,410 [INFO] ApiDbMcu:508 - Load IP Config File for LIBJPEG
2025-06-24 11:18:41,436 [INFO] ApiDbMcu:508 - Load IP Config File for LWIP
2025-06-24 11:18:41,482 [INFO] ApiDbMcu:508 - Load IP Config File for MBEDTLS
2025-06-24 11:18:41,518 [INFO] ApiDbMcu:508 - Load IP Config File for USB_DEVICE
2025-06-24 11:18:41,550 [INFO] ApiDbMcu:508 - Load IP Config File for USB_HOST
2025-06-24 11:18:42,835 [INFO] LogOutputStream:77 - [STDOUT_REDIRECT] 
2025-06-24 11:18:49,703 [INFO] ProjectBuilder:5097 - Time for Generating toolchain IDE Files: 8510mS.
2025-06-24 11:18:49,704 [INFO] ProjectBuilder:3107 - Time for Copy CMSIS : 1mS.
2025-06-24 11:18:49,708 [INFO] ProjectBuilder:3107 - Time for Copy CMSIS : 0mS.
2025-06-24 11:18:52,924 [INFO] McuFinderGlobals:76 - Set McuFinderConnectedMode to true
2025-06-24 11:18:52,932 [INFO] ApiDb:448 - Save user favorites file C:\Users\nisha/.stm32cubeide/favorites.mcus.txt: 0 item(s)
2025-06-24 11:18:52,932 [INFO] ApiDb:452 - User favorites MCUs=[]
2025-06-24 11:18:52,936 [INFO] ApiDb:448 - Save user favorites file C:\Users\nisha/.stm32cubeide/favorites.boards.txt: 1 item(s)
2025-06-24 11:18:52,936 [INFO] ApiDb:452 - User favorites Boards=[STM32F407G-DISC1]
2025-06-24 11:20:16,749 [INFO] UtilMem:75 - End SaveConfig() Used Memory: 796382536 Bytes (1073741824)
2025-06-24 11:20:19,206 [INFO] UtilMem:75 - End SaveConfig() Used Memory: 822596936 Bytes (1073741824)
2025-06-24 11:20:26,277 [INFO] UtilMem:75 - End SaveConfig() Used Memory: 921178256 Bytes (1073741824)
2025-06-24 11:20:26,640 [INFO] BlockDiagram:2766 - set Specific Code input for plugin: SYS
2025-06-24 11:20:26,640 [INFO] BlockDiagram:2766 - set Specific Code input for plugin: RCC
2025-06-24 11:20:26,640 [INFO] BlockDiagram:2766 - set Specific Code input for plugin: NVIC
2025-06-24 11:20:26,642 [INFO] BlockDiagram:2766 - set Specific Code input for plugin: GPIO
2025-06-24 11:20:26,644 [INFO] CodeGenerator:807 - code generatio: config db path: C:\ST\STM32CubeIDE_1.16.0\STM32CubeIDE\plugins\com.st.stm32cube.common.mx_6.12.0.202406281431\\db\
2025-06-24 11:20:26,747 [INFO] CodeEngine:255 - oldGeneratedFile, C:\Users\nisha\OneDrive\Desktop\stm32f407\freertos\005_led_notification\MXTmpFiles\license.tmp_save
2025-06-24 11:20:26,853 [INFO] CodeEngine:279 - Generated code: C:\Users\nisha\OneDrive\Desktop\stm32f407\freertos\005_led_notification\MXTmpFiles\license.tmp
2025-06-24 11:20:26,944 [INFO] CodeEngine:255 - oldGeneratedFile, C:\Users\nisha\OneDrive\Desktop\stm32f407\freertos\005_led_notification\MXTmpFiles\gpio.tmp_save
2025-06-24 11:20:27,080 [INFO] CodeEngine:279 - Generated code: C:\Users\nisha\OneDrive\Desktop\stm32f407\freertos\005_led_notification\MXTmpFiles\gpio.tmp
2025-06-24 11:20:27,167 [INFO] CodeEngine:255 - oldGeneratedFile, C:\Users\nisha\OneDrive\Desktop\stm32f407\freertos\005_led_notification\Core\Src\stm32f4xx_it.c_save
2025-06-24 11:20:27,327 [INFO] CodeEngine:279 - Generated code: C:\Users\nisha\OneDrive\Desktop\stm32f407\freertos\005_led_notification\Core\Src\stm32f4xx_it.c
2025-06-24 11:20:27,347 [INFO] CodeEngine:255 - oldGeneratedFile, C:\Users\nisha\OneDrive\Desktop\stm32f407\freertos\005_led_notification\Core\Inc\stm32f4xx_it.h_save
2025-06-24 11:20:27,503 [INFO] CodeEngine:279 - Generated code: C:\Users\nisha\OneDrive\Desktop\stm32f407\freertos\005_led_notification\Core\Inc\stm32f4xx_it.h
2025-06-24 11:20:27,550 [INFO] CodeEngine:255 - oldGeneratedFile, C:\Users\nisha\OneDrive\Desktop\stm32f407\freertos\005_led_notification\Core\Src\stm32f4xx_hal_msp.c_save
2025-06-24 11:20:27,764 [INFO] CodeEngine:279 - Generated code: C:\Users\nisha\OneDrive\Desktop\stm32f407\freertos\005_led_notification\Core\Src\stm32f4xx_hal_msp.c
2025-06-24 11:20:27,784 [INFO] CodeEngine:255 - oldGeneratedFile, C:\Users\nisha\OneDrive\Desktop\stm32f407\freertos\005_led_notification\MXTmpFiles\system.tmp_save
2025-06-24 11:20:27,897 [INFO] CodeEngine:279 - Generated code: C:\Users\nisha\OneDrive\Desktop\stm32f407\freertos\005_led_notification\MXTmpFiles\system.tmp
2025-06-24 11:20:27,935 [INFO] CodeEngine:255 - oldGeneratedFile, C:\Users\nisha\OneDrive\Desktop\stm32f407\freertos\005_led_notification\Core\Src\stm32f4xx_hal_timebase_tim.c_save
2025-06-24 11:20:28,103 [INFO] CodeEngine:279 - Generated code: C:\Users\nisha\OneDrive\Desktop\stm32f407\freertos\005_led_notification\Core\Src\stm32f4xx_hal_timebase_tim.c
2025-06-24 11:20:28,144 [INFO] CodeEngine:311 - oldGeneratedFile, C:\Users\nisha\OneDrive\Desktop\stm32f407\freertos\005_led_notification\Core\Inc\stm32f4xx_hal_conf.h_save
2025-06-24 11:20:28,286 [INFO] CodeEngine:335 - Generated code: C:\Users\nisha\OneDrive\Desktop\stm32f407\freertos\005_led_notification\Core\Inc\stm32f4xx_hal_conf.h
2025-06-24 11:20:28,371 [INFO] CodeEngine:255 - oldGeneratedFile, C:\Users\nisha\OneDrive\Desktop\stm32f407\freertos\005_led_notification\Core\Inc\main.h_save
2025-06-24 11:20:28,508 [INFO] CodeEngine:279 - Generated code: C:\Users\nisha\OneDrive\Desktop\stm32f407\freertos\005_led_notification\Core\Inc\main.h
2025-06-24 11:20:28,574 [INFO] CodeEngine:255 - oldGeneratedFile, C:\Users\nisha\OneDrive\Desktop\stm32f407\freertos\005_led_notification\Core\Src\main.c_save
2025-06-24 11:20:28,852 [INFO] CodeEngine:279 - Generated code: C:\Users\nisha\OneDrive\Desktop\stm32f407\freertos\005_led_notification\Core\Src\main.c
2025-06-24 11:20:29,585 [INFO] ProjectBuilder:3249 - Time for Copy HAL[1] : 493mS.
2025-06-24 11:20:29,592 [INFO] ProjectBuilder:4828 - Project Generator version: 4.4.0-B60
2025-06-24 11:20:29,668 [INFO] ConfigFileManager:1531 - The Die is : DIE413
2025-06-24 11:20:31,937 [INFO] ProjectBuilder:5097 - Time for Generating toolchain IDE Files: 2345mS.
2025-06-24 11:20:31,938 [INFO] ProjectBuilder:3107 - Time for Copy CMSIS : 1mS.
2025-06-24 11:20:31,944 [INFO] ProjectBuilder:3107 - Time for Copy CMSIS : 0mS.
2025-06-24 12:54:04,729 [INFO] WebApp:189 - Connection lost
2025-06-24 22:32:42,762 [INFO] WebApp:186 - Connection restablished
