2025-08-26 13:32:35,503 [INFO] Activator:176 - 


2025-08-26 13:32:35,516 [INFO] Activator:177 - !SESSION log4j initialized
2025-08-26 13:32:53,001 [INFO] LogOutputStream:77 - [STDOUT_REDIRECT] 
2025-08-26 13:32:59,058 [INFO] ApplicationProperties:184 - Using Application install path: C:\ST\STM32CubeIDE_1.16.0\STM32CubeIDE\plugins\com.st.stm32cube.common.mx_6.15.0.202507011659
2025-08-26 13:32:59,087 [INFO] DbMcusXml:78 - Set database path to: C:\ST\STM32CubeIDE_1.16.0\STM32CubeIDE\plugins\com.st.stm32cube.common.mx_6.15.0.202507011659\\db\/mcu/
2025-08-26 13:32:59,087 [INFO] ApiDb:274 - Set plugin database path to: C:\ST\STM32CubeIDE_1.16.0\STM32CubeIDE\plugins\com.st.stm32cube.common.mx_6.15.0.202507011659\\db\/plugins/boardmanager/
2025-08-26 13:32:59,087 [WARN] ApiDb:259 - Overriding images path with different value:  => C:\ST\STM32CubeIDE_1.16.0\STM32CubeIDE\plugins\com.st.stm32cube.common.mx_6.15.0.202507011659\\db\/plugins/mcufinder/images/
2025-08-26 13:32:59,106 [INFO] ApiDb:250 - Set database path to: C:\Users\nisha\.stmcufinder\plugins\mcufinder//mcu/
2025-08-26 13:32:59,113 [INFO] DbMcusAds:125 - Set database path to: C:\Users\nisha\.stmcufinder\plugins\mcufinder//mcu/
2025-08-26 13:32:59,116 [INFO] CrossReferenceDbSqlite:203 - Set database path to: C:\Users\nisha\.stmcufinder\plugins\mcufinder//mcu/cs/
2025-08-26 13:32:59,296 [INFO] RulesReader:64 - Compatibility file has been processed (317 Rules)
2025-08-26 13:32:59,474 [INFO] DbMcusXml:78 - Set database path to: C:\ST\STM32CubeIDE_1.16.0\STM32CubeIDE\plugins\com.st.stm32cube.common.mx_6.15.0.202507011659\\db\/mcu/
2025-08-26 13:32:59,474 [INFO] ApiDb:274 - Set plugin database path to: C:\ST\STM32CubeIDE_1.16.0\STM32CubeIDE\plugins\com.st.stm32cube.common.mx_6.15.0.202507011659\\db\/plugins/boardmanager/
2025-08-26 13:32:59,474 [INFO] ApiDb:261 - Set plugin images path to: C:\ST\STM32CubeIDE_1.16.0\STM32CubeIDE\plugins\com.st.stm32cube.common.mx_6.15.0.202507011659\\db\/plugins/mcufinder/images/
2025-08-26 13:32:59,474 [WARN] DbFile:41 - Overriding database path with different value: C:\Users\nisha\.stmcufinder\plugins\mcufinder/ => C:\Users\nisha\.stmcufinder\plugins\mcufinder
2025-08-26 13:32:59,474 [INFO] ApiDb:250 - Set database path to: C:\Users\nisha\.stmcufinder\plugins\mcufinder//mcu/
2025-08-26 13:32:59,474 [WARN] DbFile:41 - Overriding database path with different value: C:\Users\nisha\.stmcufinder\plugins\mcufinder/ => C:\Users\nisha\.stmcufinder\plugins\mcufinder
2025-08-26 13:32:59,474 [INFO] DbMcusAds:125 - Set database path to: C:\Users\nisha\.stmcufinder\plugins\mcufinder//mcu/
2025-08-26 13:32:59,474 [WARN] DbFile:41 - Overriding database path with different value: C:\Users\nisha\.stmcufinder\plugins\mcufinder/ => C:\Users\nisha\.stmcufinder\plugins\mcufinder
2025-08-26 13:32:59,474 [WARN] DbFile:41 - Overriding database path with different value: C:\Users\nisha\.stmcufinder\plugins\mcufinder/ => C:\Users\nisha\.stmcufinder\plugins\mcufinder
2025-08-26 13:32:59,474 [INFO] CrossReferenceDbSqlite:203 - Set database path to: C:\Users\nisha\.stmcufinder\plugins\mcufinder//mcu/cs/
2025-08-26 13:32:59,609 [INFO] MainPanel:274 - HeapMemory: 268435456
2025-08-26 13:32:59,856 [INFO] DbMcusXml:78 - Set database path to: C:\ST\STM32CubeIDE_1.16.0\STM32CubeIDE\plugins\com.st.stm32cube.common.mx_6.15.0.202507011659\\db\/mcu/
2025-08-26 13:32:59,856 [INFO] ApiDb:274 - Set plugin database path to: C:\ST\STM32CubeIDE_1.16.0\STM32CubeIDE\plugins\com.st.stm32cube.common.mx_6.15.0.202507011659\\db\/plugins/boardmanager/
2025-08-26 13:32:59,856 [INFO] ApiDb:261 - Set plugin images path to: C:\ST\STM32CubeIDE_1.16.0\STM32CubeIDE\plugins\com.st.stm32cube.common.mx_6.15.0.202507011659\\db\/plugins/mcufinder/images/
2025-08-26 13:32:59,856 [WARN] DbFile:41 - Overriding database path with different value: C:\Users\nisha\.stmcufinder\plugins\mcufinder/ => C:\Users\nisha\.stmcufinder\plugins\mcufinder
2025-08-26 13:32:59,856 [INFO] ApiDb:250 - Set database path to: C:\Users\nisha\.stmcufinder\plugins\mcufinder//mcu/
2025-08-26 13:32:59,856 [WARN] DbFile:41 - Overriding database path with different value: C:\Users\nisha\.stmcufinder\plugins\mcufinder/ => C:\Users\nisha\.stmcufinder\plugins\mcufinder
2025-08-26 13:32:59,862 [INFO] DbMcusAds:125 - Set database path to: C:\Users\nisha\.stmcufinder\plugins\mcufinder//mcu/
2025-08-26 13:32:59,862 [WARN] DbFile:41 - Overriding database path with different value: C:\Users\nisha\.stmcufinder\plugins\mcufinder/ => C:\Users\nisha\.stmcufinder\plugins\mcufinder
2025-08-26 13:32:59,862 [WARN] DbFile:41 - Overriding database path with different value: C:\Users\nisha\.stmcufinder\plugins\mcufinder/ => C:\Users\nisha\.stmcufinder\plugins\mcufinder
2025-08-26 13:32:59,862 [INFO] CrossReferenceDbSqlite:203 - Set database path to: C:\Users\nisha\.stmcufinder\plugins\mcufinder//mcu/cs/
2025-08-26 13:32:59,886 [INFO] ApplicationProperties:184 - Using Application install path: C:\ST\STM32CubeIDE_1.16.0\STM32CubeIDE\plugins\com.st.stm32cube.common.mx_6.15.0.202507011659
2025-08-26 13:32:59,888 [INFO] PluginManage:196 - Search for loadable plugins [exclusion list=, ]
2025-08-26 13:32:59,888 [INFO] PluginManage:310 - Check plugin analytics
2025-08-26 13:33:00,282 [INFO] AnalyticsPlugin:253 - Accepted Software Licenses: 
2025-08-26 13:33:00,282 [INFO] AnalyticsPlugin:255 - Accepted CMSIS Pack Licenses: 
2025-08-26 13:33:00,282 [INFO] AnalyticsPlugin:257 - Accepted Firmware Licenses: FW.F4.1.28.0
2025-08-26 13:33:00,289 [INFO] PluginManage:359 - Loaded plugin analytics (category:tool,tabindex:-1)
2025-08-26 13:33:00,289 [INFO] PluginManage:310 - Check plugin cadmodel
2025-08-26 13:33:00,316 [INFO] CADModel:105 - Init CAD model plugin
2025-08-26 13:33:00,316 [INFO] PluginManage:359 - Loaded plugin cadmodel (category:power,tabindex:5)
2025-08-26 13:33:00,316 [INFO] PluginManage:310 - Check plugin clock
2025-08-26 13:33:00,366 [INFO] PluginManage:359 - Loaded plugin clock (category:base,tabindex:2)
2025-08-26 13:33:00,366 [INFO] PluginManage:310 - Check plugin ddr
2025-08-26 13:33:00,368 [INFO] PluginManage:359 - Loaded plugin ddr (category:tool,tabindex:6)
2025-08-26 13:33:00,368 [INFO] PluginManage:310 - Check plugin filemanager
2025-08-26 13:33:00,581 [INFO] PluginManage:359 - Loaded plugin filemanager (category:base,tabindex:10)
2025-08-26 13:33:00,581 [INFO] PluginManage:310 - Check plugin ipmanager
2025-08-26 13:33:00,591 [INFO] PluginManage:359 - Loaded plugin ipmanager (category:base,tabindex:5)
2025-08-26 13:33:00,592 [INFO] PluginManage:310 - Check plugin lpbam
2025-08-26 13:33:00,615 [INFO] PluginManage:359 - Loaded plugin lpbam (category:base,tabindex:0)
2025-08-26 13:33:00,615 [INFO] PluginManage:310 - Check plugin memorymap
2025-08-26 13:33:00,646 [INFO] PluginManage:359 - Loaded plugin memorymap (category:base,tabindex:4)
2025-08-26 13:33:00,646 [INFO] PluginManage:310 - Check plugin pinoutandconfiguration
2025-08-26 13:33:00,671 [INFO] PluginManage:359 - Loaded plugin pinoutandconfiguration (category:base,tabindex:1)
2025-08-26 13:33:00,671 [INFO] PluginManage:310 - Check plugin pinoutconfig
2025-08-26 13:33:00,821 [WARN] SupportedApi:132 - Cannot load RTOS API schema: s4s-elt-must-match.1: The content of 'definitions' must match (annotation?, (simpleType | complexType)?, (unique | key | keyref)*)). A problem was found starting at: attribute.
2025-08-26 13:33:01,086 [INFO] PluginManage:359 - Loaded plugin pinoutconfig (category:base,tabindex:0)
2025-08-26 13:33:01,086 [INFO] PluginManage:310 - Check plugin power
2025-08-26 13:33:01,116 [INFO] PluginManage:359 - Loaded plugin power (category:power,tabindex:4)
2025-08-26 13:33:01,116 [INFO] PluginManage:310 - Check plugin projectmanager
2025-08-26 13:33:01,146 [INFO] PluginManage:359 - Loaded plugin projectmanager (category:projectmanager,tabindex:4)
2025-08-26 13:33:01,146 [INFO] PluginManage:310 - Check plugin rif
2025-08-26 13:33:01,176 [INFO] PluginManage:359 - Loaded plugin rif (category:base,tabindex:3)
2025-08-26 13:33:01,176 [INFO] PluginManage:310 - Check plugin thirdparty
2025-08-26 13:33:01,584 [INFO] PluginManage:359 - Loaded plugin thirdparty (category:base,tabindex:-1)
2025-08-26 13:33:01,584 [WARN] IntegrityCheckThread:84 - waiting for thirdparty lock release [integrity check]
2025-08-26 13:33:01,586 [INFO] PluginManage:310 - Check plugin tools
2025-08-26 13:33:01,586 [INFO] IntegrityCheckThread:86 - entering critical section [integrity check]
2025-08-26 13:33:01,586 [INFO] ThirdPartyUpdaterWithRetryManager:70 - Updater plugin not ready yet. [1/15]
2025-08-26 13:33:01,634 [INFO] PluginManage:359 - Loaded plugin tools (category:base,tabindex:7)
2025-08-26 13:33:01,634 [INFO] PluginManage:310 - Check plugin tutovideos
2025-08-26 13:33:01,904 [INFO] PluginManage:359 - Loaded plugin tutovideos (category:base,tabindex:-1)
2025-08-26 13:33:01,904 [INFO] PluginManage:310 - Check plugin updater
2025-08-26 13:33:01,936 [INFO] PluginManage:359 - Loaded plugin updater (category:base,tabindex:12)
2025-08-26 13:33:01,937 [INFO] PluginManage:310 - Check plugin userauth
2025-08-26 13:33:01,942 [INFO] UserAuth:118 - Init User Auth plugin
2025-08-26 13:33:01,943 [INFO] PluginManage:359 - Loaded plugin userauth (category:base,tabindex:14)
2025-08-26 13:33:01,944 [INFO] PluginManage:283 - PluginManage : Loaded plugins [18]
2025-08-26 13:33:02,271 [INFO] PinOutPanel:1589 - setPackage(No Configuration,No Configuration)
2025-08-26 13:33:02,394 [INFO] CADModel:165 - CPN selected for project level
2025-08-26 13:33:02,394 [INFO] CADModel:114 - Register for checkConnection events
2025-08-26 13:33:02,435 [INFO] IPUIPlugin:80 - create IPUIPlugin
2025-08-26 13:33:02,436 [INFO] PluginManager:220 - loadIPPluginJar : add adc
2025-08-26 13:33:02,486 [INFO] IPUIPlugin:80 - create IPUIPlugin
2025-08-26 13:33:02,486 [INFO] PluginManager:220 - loadIPPluginJar : add aes
2025-08-26 13:33:02,544 [INFO] IPUIPlugin:80 - create IPUIPlugin
2025-08-26 13:33:02,545 [INFO] PluginManager:220 - loadIPPluginJar : add can
2025-08-26 13:33:02,583 [INFO] IPUIPlugin:80 - create IPUIPlugin
2025-08-26 13:33:02,583 [INFO] PluginManager:220 - loadIPPluginJar : add comp
2025-08-26 13:33:02,634 [INFO] IPUIPlugin:80 - create IPUIPlugin
2025-08-26 13:33:02,634 [INFO] PluginManager:220 - loadIPPluginJar : add cryp
2025-08-26 13:33:02,652 [INFO] IPUIPlugin:80 - create IPUIPlugin
2025-08-26 13:33:02,652 [INFO] PluginManager:220 - loadIPPluginJar : add ddr_ctrl_phy
2025-08-26 13:33:02,698 [INFO] IPUIPlugin:80 - create IPUIPlugin
2025-08-26 13:33:02,698 [INFO] PluginManager:220 - loadIPPluginJar : add dfsdm
2025-08-26 13:33:02,714 [INFO] IPUIPlugin:80 - create IPUIPlugin
2025-08-26 13:33:02,714 [INFO] PluginManager:220 - loadIPPluginJar : add dma
2025-08-26 13:33:02,766 [INFO] IPUIPlugin:80 - create IPUIPlugin
2025-08-26 13:33:02,766 [INFO] PluginManager:220 - loadIPPluginJar : add dma3
2025-08-26 13:33:02,822 [INFO] IPUIPlugin:80 - create IPUIPlugin
2025-08-26 13:33:02,822 [INFO] PluginManager:220 - loadIPPluginJar : add extmemmanager
2025-08-26 13:33:02,849 [INFO] IPUIPlugin:80 - create IPUIPlugin
2025-08-26 13:33:02,850 [INFO] PluginManager:220 - loadIPPluginJar : add fatfs
2025-08-26 13:33:02,908 [INFO] IPUIPlugin:80 - create IPUIPlugin
2025-08-26 13:33:02,908 [INFO] PluginManager:220 - loadIPPluginJar : add fmc
2025-08-26 13:33:02,926 [INFO] IPUIPlugin:80 - create IPUIPlugin
2025-08-26 13:33:02,926 [INFO] PluginManager:220 - loadIPPluginJar : add freertos
2025-08-26 13:33:02,953 [INFO] IPUIPlugin:80 - create IPUIPlugin
2025-08-26 13:33:02,953 [INFO] PluginManager:220 - loadIPPluginJar : add genericplugin
2025-08-26 13:33:03,061 [INFO] IPUIPlugin:80 - create IPUIPlugin
2025-08-26 13:33:03,061 [INFO] PluginManager:220 - loadIPPluginJar : add gfxmmu
2025-08-26 13:33:03,216 [INFO] IPUIPlugin:80 - create IPUIPlugin
2025-08-26 13:33:03,216 [INFO] PluginManager:220 - loadIPPluginJar : add gic
2025-08-26 13:33:03,230 [INFO] IPUIPlugin:80 - create IPUIPlugin
2025-08-26 13:33:03,230 [INFO] PluginManager:220 - loadIPPluginJar : add gpio
2025-08-26 13:33:03,346 [INFO] IPUIPlugin:80 - create IPUIPlugin
2025-08-26 13:33:03,346 [INFO] PluginManager:220 - loadIPPluginJar : add gtzc
2025-08-26 13:33:03,386 [INFO] IPUIPlugin:80 - create IPUIPlugin
2025-08-26 13:33:03,386 [INFO] PluginManager:220 - loadIPPluginJar : add hash
2025-08-26 13:33:03,451 [INFO] IPUIPlugin:80 - create IPUIPlugin
2025-08-26 13:33:03,451 [INFO] PluginManager:220 - loadIPPluginJar : add i2c
2025-08-26 13:33:03,496 [INFO] IPUIPlugin:80 - create IPUIPlugin
2025-08-26 13:33:03,496 [INFO] PluginManager:220 - loadIPPluginJar : add i2s
2025-08-26 13:33:03,548 [INFO] IPUIPlugin:80 - create IPUIPlugin
2025-08-26 13:33:03,548 [INFO] PluginManager:220 - loadIPPluginJar : add i3c
2025-08-26 13:33:03,676 [INFO] IPUIPlugin:80 - create IPUIPlugin
2025-08-26 13:33:03,676 [INFO] PluginManager:220 - loadIPPluginJar : add ipddr
2025-08-26 13:33:03,792 [INFO] IPUIPlugin:80 - create IPUIPlugin
2025-08-26 13:33:03,794 [INFO] PluginManager:220 - loadIPPluginJar : add linkedlist
2025-08-26 13:33:03,838 [INFO] IPUIPlugin:80 - create IPUIPlugin
2025-08-26 13:33:03,838 [INFO] PluginManager:220 - loadIPPluginJar : add lorawan
2025-08-26 13:33:03,888 [INFO] IPUIPlugin:80 - create IPUIPlugin
2025-08-26 13:33:03,888 [INFO] PluginManager:220 - loadIPPluginJar : add ltdc
2025-08-26 13:33:03,900 [INFO] IPUIPlugin:80 - create IPUIPlugin
2025-08-26 13:33:03,900 [INFO] PluginManager:220 - loadIPPluginJar : add mdma
2025-08-26 13:33:03,918 [INFO] IPUIPlugin:80 - create IPUIPlugin
2025-08-26 13:33:03,918 [INFO] PluginManager:220 - loadIPPluginJar : add nvic
2025-08-26 13:33:03,958 [INFO] IPUIPlugin:80 - create IPUIPlugin
2025-08-26 13:33:03,958 [INFO] PluginManager:220 - loadIPPluginJar : add opamp
2025-08-26 13:33:04,036 [INFO] IPUIPlugin:80 - create IPUIPlugin
2025-08-26 13:33:04,036 [INFO] PluginManager:220 - loadIPPluginJar : add openamp
2025-08-26 13:33:04,086 [INFO] IPUIPlugin:80 - create IPUIPlugin
2025-08-26 13:33:04,089 [INFO] PluginManager:220 - loadIPPluginJar : add pdm2pcm
2025-08-26 13:33:04,099 [INFO] IPUIPlugin:80 - create IPUIPlugin
2025-08-26 13:33:04,106 [INFO] PluginManager:220 - loadIPPluginJar : add plateformsettings
2025-08-26 13:33:04,136 [INFO] IPUIPlugin:80 - create IPUIPlugin
2025-08-26 13:33:04,136 [INFO] PluginManager:220 - loadIPPluginJar : add quadspi
2025-08-26 13:33:04,166 [INFO] IPUIPlugin:80 - create IPUIPlugin
2025-08-26 13:33:04,166 [INFO] PluginManager:220 - loadIPPluginJar : add radio
2025-08-26 13:33:04,182 [INFO] IPUIPlugin:80 - create IPUIPlugin
2025-08-26 13:33:04,186 [INFO] PluginManager:220 - loadIPPluginJar : add resmgrutility
2025-08-26 13:33:04,238 [INFO] IPUIPlugin:80 - create IPUIPlugin
2025-08-26 13:33:04,238 [INFO] PluginManager:220 - loadIPPluginJar : add sai
2025-08-26 13:33:04,276 [INFO] IPUIPlugin:80 - create IPUIPlugin
2025-08-26 13:33:04,276 [INFO] PluginManager:220 - loadIPPluginJar : add spi
2025-08-26 13:33:04,359 [INFO] IPUIPlugin:80 - create IPUIPlugin
2025-08-26 13:33:04,359 [INFO] PluginManager:220 - loadIPPluginJar : add stm32_wpan
2025-08-26 13:33:04,386 [INFO] IPUIPlugin:80 - create IPUIPlugin
2025-08-26 13:33:04,386 [INFO] PluginManager:220 - loadIPPluginJar : add tim
2025-08-26 13:33:04,451 [INFO] IPUIPlugin:80 - create IPUIPlugin
2025-08-26 13:33:04,451 [INFO] PluginManager:220 - loadIPPluginJar : add touchsensing
2025-08-26 13:33:04,479 [INFO] IPUIPlugin:80 - create IPUIPlugin
2025-08-26 13:33:04,479 [INFO] PluginManager:220 - loadIPPluginJar : add tracer_emb
2025-08-26 13:33:04,506 [INFO] IPUIPlugin:80 - create IPUIPlugin
2025-08-26 13:33:04,506 [INFO] PluginManager:220 - loadIPPluginJar : add ts
2025-08-26 13:33:04,532 [INFO] IPUIPlugin:80 - create IPUIPlugin
2025-08-26 13:33:04,532 [INFO] PluginManager:220 - loadIPPluginJar : add tsc
2025-08-26 13:33:04,558 [INFO] IPUIPlugin:80 - create IPUIPlugin
2025-08-26 13:33:04,558 [INFO] PluginManager:220 - loadIPPluginJar : add ucpd
2025-08-26 13:33:04,587 [INFO] ThirdPartyUpdaterWithRetryManager:70 - Updater plugin not ready yet. [2/15]
2025-08-26 13:33:04,608 [INFO] IPUIPlugin:80 - create IPUIPlugin
2025-08-26 13:33:04,608 [INFO] PluginManager:220 - loadIPPluginJar : add usart
2025-08-26 13:33:04,656 [INFO] IPUIPlugin:80 - create IPUIPlugin
2025-08-26 13:33:04,656 [INFO] PluginManager:220 - loadIPPluginJar : add usbx
2025-08-26 13:33:04,875 [FATAL] Updater:351 - Updater called before beeing initialized
2025-08-26 13:33:04,946 [INFO] RulesReader:64 - Compatibility file has been processed (317 Rules)
2025-08-26 13:33:04,967 [INFO] RulesReader:64 - Compatibility file has been processed (317 Rules)
2025-08-26 13:33:05,013 [INFO] CADModel:165 - CPN selected for project level
2025-08-26 13:33:05,013 [INFO] CADModel:114 - Register for checkConnection events
2025-08-26 13:33:05,013 [FATAL] Updater:351 - Updater called before beeing initialized
2025-08-26 13:33:05,013 [ERROR] CADModel:125 - Updater not yet initialized, retry later 
2025-08-26 13:33:05,238 [FATAL] Updater:351 - Updater called before beeing initialized
2025-08-26 13:33:05,244 [INFO] CADModel:165 - CPN selected for project level
2025-08-26 13:33:05,244 [INFO] CADModel:114 - Register for checkConnection events
2025-08-26 13:33:05,244 [FATAL] Updater:351 - Updater called before beeing initialized
2025-08-26 13:33:05,244 [ERROR] CADModel:125 - Updater not yet initialized, retry later 
2025-08-26 13:33:05,248 [FATAL] Updater:351 - Updater called before beeing initialized
2025-08-26 13:33:05,446 [FATAL] Updater:351 - Updater called before beeing initialized
2025-08-26 13:33:05,462 [INFO] DbMcusAds:53 - JSON generation date=Tue Jul 08 13:44:23 IST 2025 (1751962463562)
2025-08-26 13:33:05,462 [FATAL] Updater:351 - Updater called before beeing initialized
2025-08-26 13:33:05,513 [WARN] DetailPanel:346 - Failed to get advertising image, set to default
2025-08-26 13:33:05,620 [FATAL] Updater:351 - Updater called before beeing initialized
2025-08-26 13:33:05,626 [FATAL] Updater:351 - Updater called before beeing initialized
2025-08-26 13:33:05,626 [FATAL] Updater:351 - Updater called before beeing initialized
2025-08-26 13:33:05,626 [WARN] DetailPanel:346 - Failed to get advertising image, set to default
2025-08-26 13:33:05,626 [FATAL] Updater:351 - Updater called before beeing initialized
2025-08-26 13:33:05,703 [ERROR] Updater:1198 - MainUpdater not yet initialized. External WinMGr cannot be set.
2025-08-26 13:33:05,716 [INFO] Updater:1134 - Updater Version found : 6.15.0
2025-08-26 13:33:05,745 [INFO] ApplicationProperties:184 - Using Application install path: C:\ST\STM32CubeIDE_1.16.0\STM32CubeIDE\plugins\com.st.stm32cube.common.mx_6.15.0.202507011659
2025-08-26 13:33:07,355 [ERROR] LogOutputStream:75 - [STDERR_REDIRECT] Aug 26, 2025 1:33:07 PM java.util.prefs.WindowsPreferences <init>
2025-08-26 13:33:07,360 [ERROR] LogOutputStream:75 - [STDERR_REDIRECT] WARNING: Could not open/create prefs root node Software\JavaSoft\Prefs at root 0xffffffff80000002. Windows RegCreateKeyEx(...) returned error code 5.
2025-08-26 13:33:07,361 [ERROR] LogOutputStream:75 - [STDERR_REDIRECT] 
2025-08-26 13:33:07,591 [INFO] ThirdPartyUpdaterWithRetryManager:70 - Updater plugin not ready yet. [3/15]
2025-08-26 13:33:08,662 [INFO] MainUpdater:2872 - connection check result : 10
2025-08-26 13:33:08,663 [INFO] MainUpdater:289 - Updater Check For Update Now.
2025-08-26 13:33:08,663 [INFO] MicroXplorer:498 - Change Database Version : DB.6.0.150
2025-08-26 13:33:08,688 [INFO] McuFinderGlobals:63 - Set McuFinder mode to 2 (CubeIDE integrated)
2025-08-26 13:33:08,708 [INFO] UserAuth:487 - Internet connection configuration mode: 1
2025-08-26 13:33:08,783 [INFO] JxBrowserEngine:152 - Initiate JxBrowser Engine with user profile folder
2025-08-26 13:33:08,990 [INFO] CheckServerUpdateThread:120 - End of CheckServer Thread
2025-08-26 13:33:09,114 [INFO] MainUpdater:2872 - connection check result : 10
2025-08-26 13:33:09,175 [INFO] McuFinderGlobals:76 - Set McuFinderConnectedMode to true
2025-08-26 13:33:09,611 [INFO] ServerAccessManage:452 - Complete download http(s) 200
2025-08-26 13:33:09,613 [INFO] ServerAccessManage:509 - Download File mcusAds.json._tmp_
2025-08-26 13:33:09,734 [INFO] LoadUrlFilesThread:156 - End of LoadUrlFiles Thread
2025-08-26 13:33:10,593 [WARN] MainUpdater:1193 - Updater busy. Cannot search thirdparties
2025-08-26 13:33:10,593 [INFO] ThirdPartyUpdaterWithRetryManager:96 - Updater plugin is busy. [1/15]
2025-08-26 13:33:10,953 [INFO] ServerAccessManage:452 - Complete download http(s) 200
2025-08-26 13:33:10,954 [INFO] ServerAccessManage:509 - Download File cube-finder-db.zip
2025-08-26 13:33:11,432 [INFO] WebApp:169 - Instantiating new browser for Auth
2025-08-26 13:33:12,566 [INFO] WebApp:463 - Apply proxy settings
2025-08-26 13:33:12,566 [INFO] WebApp:548 - Chromium requires no authentication
2025-08-26 13:33:12,580 [INFO] WebApp:491 - Direct internet connection detected
2025-08-26 13:33:12,624 [INFO] WebApp:900 - Register for checkConnection events
2025-08-26 13:33:12,624 [INFO] WebApp:463 - Apply proxy settings
2025-08-26 13:33:12,624 [INFO] WebApp:548 - Chromium requires no authentication
2025-08-26 13:33:12,626 [INFO] WebApp:491 - Direct internet connection detected
2025-08-26 13:33:12,902 [INFO] WebApp:225 - Starting web application
2025-08-26 13:33:12,902 [INFO] WebApp:593 - Web application path used C:\ST\STM32CubeIDE_1.16.0\STM32CubeIDE\plugins\com.st.stm32cube.common.mx_6.15.0.202507011659\db\plugins\mcufinder\reactClient1\index.html
2025-08-26 13:33:13,070 [INFO] UserAuth:487 - Internet connection configuration mode: 1
2025-08-26 13:33:13,514 [INFO] WebApp:191 - Connection restablished
2025-08-26 13:33:13,595 [WARN] MainUpdater:1193 - Updater busy. Cannot search thirdparties
2025-08-26 13:33:13,595 [INFO] ThirdPartyUpdaterWithRetryManager:96 - Updater plugin is busy. [2/15]
2025-08-26 13:33:16,596 [WARN] MainUpdater:1193 - Updater busy. Cannot search thirdparties
2025-08-26 13:33:16,596 [INFO] ThirdPartyUpdaterWithRetryManager:96 - Updater plugin is busy. [3/15]
2025-08-26 13:33:19,597 [WARN] MainUpdater:1193 - Updater busy. Cannot search thirdparties
2025-08-26 13:33:19,598 [INFO] ThirdPartyUpdaterWithRetryManager:96 - Updater plugin is busy. [4/15]
2025-08-26 13:33:22,599 [WARN] MainUpdater:1193 - Updater busy. Cannot search thirdparties
2025-08-26 13:33:22,599 [INFO] ThirdPartyUpdaterWithRetryManager:96 - Updater plugin is busy. [5/15]
2025-08-26 13:33:25,600 [WARN] MainUpdater:1193 - Updater busy. Cannot search thirdparties
2025-08-26 13:33:25,600 [INFO] ThirdPartyUpdaterWithRetryManager:96 - Updater plugin is busy. [6/15]
2025-08-26 13:33:28,602 [WARN] MainUpdater:1193 - Updater busy. Cannot search thirdparties
2025-08-26 13:33:28,602 [INFO] ThirdPartyUpdaterWithRetryManager:96 - Updater plugin is busy. [7/15]
2025-08-26 13:33:31,603 [WARN] MainUpdater:1193 - Updater busy. Cannot search thirdparties
2025-08-26 13:33:31,604 [INFO] ThirdPartyUpdaterWithRetryManager:96 - Updater plugin is busy. [8/15]
2025-08-26 13:33:34,607 [WARN] MainUpdater:1193 - Updater busy. Cannot search thirdparties
2025-08-26 13:33:34,607 [INFO] ThirdPartyUpdaterWithRetryManager:96 - Updater plugin is busy. [9/15]
2025-08-26 13:33:37,618 [WARN] MainUpdater:1193 - Updater busy. Cannot search thirdparties
2025-08-26 13:33:37,618 [INFO] ThirdPartyUpdaterWithRetryManager:96 - Updater plugin is busy. [10/15]
2025-08-26 13:33:40,624 [WARN] MainUpdater:1193 - Updater busy. Cannot search thirdparties
2025-08-26 13:33:40,624 [INFO] ThirdPartyUpdaterWithRetryManager:96 - Updater plugin is busy. [11/15]
2025-08-26 13:33:43,626 [WARN] MainUpdater:1193 - Updater busy. Cannot search thirdparties
2025-08-26 13:33:43,626 [INFO] ThirdPartyUpdaterWithRetryManager:96 - Updater plugin is busy. [12/15]
2025-08-26 13:33:46,629 [WARN] MainUpdater:1193 - Updater busy. Cannot search thirdparties
2025-08-26 13:33:46,629 [INFO] ThirdPartyUpdaterWithRetryManager:96 - Updater plugin is busy. [13/15]
2025-08-26 13:33:49,637 [WARN] MainUpdater:1193 - Updater busy. Cannot search thirdparties
2025-08-26 13:33:49,639 [INFO] ThirdPartyUpdaterWithRetryManager:96 - Updater plugin is busy. [14/15]
2025-08-26 13:33:51,720 [INFO] FileExtend:248 - Unzip File : cube-finder-db.zip
2025-08-26 13:33:51,721 [INFO] FileExtend:263 - Standard Zip Deflate
2025-08-26 13:33:52,650 [WARN] MainUpdater:1193 - Updater busy. Cannot search thirdparties
2025-08-26 13:33:52,651 [INFO] ThirdPartyUpdaterWithRetryManager:96 - Updater plugin is busy. [15/15]
2025-08-26 13:33:52,651 [ERROR] IntegrityCheckThread:130 - Cannot retrieve database content from updater: error -1
2025-08-26 13:33:52,652 [INFO] ThirdParty:978 - Integrity check success = false
2025-08-26 13:33:52,652 [INFO] IntegrityCheckThread:100 - exiting critical section [integrity check]
2025-08-26 13:33:52,652 [INFO] IntegrityCheckThread:103 - End integrity checks thread
2025-08-26 13:33:52,997 [INFO] LoadUrlFilesThread:156 - End of LoadUrlFiles Thread
2025-08-26 13:33:54,111 [INFO] ServerAccessManage:452 - Complete download http(s) 200
2025-08-26 13:33:54,112 [INFO] ServerAccessManage:509 - Download File crdb.zip
2025-08-26 13:33:55,344 [INFO] FileExtend:248 - Unzip File : crdb.zip
2025-08-26 13:33:55,346 [INFO] FileExtend:263 - Standard Zip Deflate
2025-08-26 13:33:55,917 [INFO] LoadUrlFilesThread:156 - End of LoadUrlFiles Thread
2025-08-26 13:33:56,123 [INFO] ServerAccessManage:452 - Complete download http(s) 200
2025-08-26 13:33:56,124 [INFO] ServerAccessManage:509 - Download File tutoVideoDB.zip
2025-08-26 13:33:56,196 [INFO] FileExtend:248 - Unzip File : tutoVideoDB.zip
2025-08-26 13:33:56,196 [INFO] FileExtend:263 - Standard Zip Deflate
2025-08-26 13:33:56,328 [INFO] LoadUrlFilesThread:156 - End of LoadUrlFiles Thread
2025-08-26 13:33:56,331 [WARN] DbFile:41 - Overriding database path with different value: C:\Users\nisha\.stmcufinder\plugins\mcufinder/ => C:\Users\nisha\.stmcufinder\plugins\mcufinder
2025-08-26 13:33:56,506 [INFO] ServerAccessManage:452 - Complete download http(s) 200
2025-08-26 13:33:56,507 [INFO] ServerAccessManage:509 - Download File api_config.json
2025-08-26 13:33:56,623 [INFO] LoadUrlFilesThread:156 - End of LoadUrlFiles Thread
2025-08-26 13:33:56,626 [INFO] DbMcusAds:53 - JSON generation date=Tue Jul 08 13:44:23 IST 2025 (1751962463582)
2025-08-26 13:33:56,656 [INFO] LoadUrlFilesThread:185 - End of LoadServerUrlFiles without Thread
2025-08-26 13:33:56,656 [INFO] TargetSelectorAdapter:259 - Refresh data is successful
2025-08-26 13:33:57,195 [INFO] ApiDb:581 - Connected to CubeFinder SQLite database (C:\Users\nisha\.stmcufinder\plugins\mcufinder\mcu\cube-finder-db.db)
2025-08-26 13:33:57,300 [INFO] ApiDb:668 - CubeFinder database Data Model version=2.1
2025-08-26 13:33:57,300 [INFO] ApiDb:669 - CubeFinder database Configuration version=3.0.39
2025-08-26 13:33:57,300 [INFO] ApiDb:670 - CubeFinder database generation date=2025-07-24 (1753349077)
2025-08-26 13:33:57,300 [INFO] ApiDb:671 - CubeFinder database FW Pack versions=[FP-ATR-ASTRA1_V2.0.0, FP-SNS-FLIGHT1_V5.1.0, FP-SNS-MOTENV1_V5.0.0, FP-SNS-MOTENVWB1_V1.4.0, FP-SNS-SMARTAG2_V1.2.0, FP-SNS-STBOX1_V2.0.0, STM32Cube_FW_C0_V1.4.0, STM32Cube_FW_F4_V1.28.2, STM32Cube_FW_F7_V1.17.3, STM32Cube_FW_G0_V1.6.2, STM32Cube_FW_G4_V1.6.1, STM32Cube_FW_H5_V1.5.0, STM32Cube_FW_H7RS_V1.2.0, STM32Cube_FW_H7_V1.12.1, STM32Cube_FW_L0_V1.12.2, STM32Cube_FW_L4_V1.18.1, STM32Cube_FW_L5_V1.5.1, STM32Cube_FW_N6_V1.2.0, STM32Cube_FW_U0_V1.3.0, STM32Cube_FW_U3_V1.2.0, STM32Cube_FW_U5_V1.8.0, STM32Cube_FW_WB0_V1.3.0, STM32Cube_FW_WBA_V1.7.0, STM32Cube_FW_WB_V1.23.0, STM32Cube_FW_WL3_V1.2.0, STM32Cube_FW_WL_V1.3.1, X-CUBE-ALGOBUILD_V1.4.0, X-CUBE-ALS_V1.0.2, X-CUBE-AZRTOS-F4_V1.1.0, X-CUBE-AZRTOS-F7_V1.1.0, X-CUBE-AZRTOS-G0_V1.1.0, X-CUBE-AZRTOS-G4_V2.0.0, X-CUBE-AZRTOS-H7RS_V1.1.0, X-CUBE-AZRTOS-H7_V3.4.0, X-CUBE-AZRTOS-L4_V2.0.0, X-CUBE-AZRTOS-L5_V2.0.0, X-CUBE-AZRTOS-WB_V2.0.0, X-CUBE-AZRTOS-WL_V2.0.0, X-CUBE-BLE1_V7.1.0, X-CUBE-BLE2_V3.3.0, X-CUBE-BLEMGR_V4.1.0, X-CUBE-EEPRMA1_V5.2.0, X-CUBE-FREERTOS_V1.3.1, X-CUBE-GNSS1_V6.0.0, X-CUBE-MEMS1_V11.3.0, X-CUBE-NFC4_V3.0.0, X-CUBE-NFC7_V2.0.0, X-CUBE-SFXS2LP1_V4.0.0, X-CUBE-ST67W61_V1.0.0, X-CUBE-SUBG2_V5.0.0, X-CUBE-TOF1_V3.4.3]
2025-08-26 13:33:59,677 [INFO] ApiDb:240 - Found 880 in-development CPN: [B-G473E-ZEST1S, B-WB1M-WPAN1, B-WBA5M-WPAN, B-WL5M-SUBG1, NUCLEO-C031C6, NUCLEO-C051C8, NUCLEO-C071RB, NUCLEO-C092RC, NUCLEO-H503RB, NUCLEO-H533RE, NUCLEO-H563ZI, NUCLEO-H7S3L8, NUCLEO-N657X0-Q, NUCLEO-U031R8, NUCLEO-U083RC, NUCLEO-U385RG-Q, NUCLEO-U545RE-Q, NUCLEO-U5A5ZJ-Q, NUCLEO-WB05KZ, NUCLEO-WB07CC, NUCLEO-WB09KE, NUCLEO-WBA52CG, NUCLEO-WBA55CG, NUCLEO-WL33CC1, NUCLEO-WL33CC2, STEVAL-PROTEUS1, STEVAL-SMARTAG2, STEVAL-STWINBX1, STM320518-EVAL, STM32C0116-DK, STM32C011D6Y3TR, STM32C011D6Y6TR, STM32C011F4P3, STM32C011F4P6, STM32C011F4U3, STM32C011F4U6TR, STM32C011F6P3, STM32C011F6P6, STM32C011F6U3, STM32C011F6U6TR, STM32C011J4M3, STM32C011J4M6, STM32C011J6M3, STM32C011J6M6, STM32C0316-DK, STM32C031C4T3, STM32C031C4T6, STM32C031C4U3, STM32C031C4U6, STM32C031C6T3, STM32C031C6T6, STM32C031C6U3, STM32C031C6U6, STM32C031F4P3, STM32C031F4P6, STM32C031F6P3, STM32C031F6P6, STM32C031G4U3, STM32C031G4U6, STM32C031G6U3, STM32C031G6U6, STM32C031K4T3, STM32C031K4T6, STM32C031K4U3, STM32C031K4U6, STM32C031K6T3, STM32C031K6T6, STM32C031K6U3, STM32C031K6U6, STM32C051C6T6, STM32C051C6U6, STM32C051C8T6, STM32C051C8U6, STM32C051D8Y6TR, STM32C051F6P6, STM32C051F8P6, STM32C051G6U6, STM32C051G8U6, STM32C051K6T6, STM32C051K6U6, STM32C051K8T6, STM32C071C8T6, STM32C071C8T6N, STM32C071C8U6, STM32C071C8U6N, STM32C071CBT6, STM32C071CBT6N, STM32C071CBU6, STM32C071CBU6N, STM32C071F8P6, STM32C071F8P6N, STM32C071FBP6, STM32C071FBP6N, STM32C071FBY6TR, STM32C071G8U6, STM32C071G8U6N, STM32C071GBU6, STM32C071GBU6N, STM32C071K8T6, STM32C071K8T6N, STM32C071K8U6, STM32C071K8U6N, STM32C071KBT6, STM32C071KBT6N, STM32C071KBU6, STM32C071KBU6N, STM32C071R8T6, STM32C071R8T6N, STM32C071RBI6N, STM32C071RBT6, STM32C071RBT6N, STM32C091CBT6, STM32C091CBU6, STM32C091CCT6, STM32C091CCU6, STM32C091ECY6TR, STM32C091FBP6, STM32C091FCP6, STM32C091GBU6, STM32C091GCU6, STM32C091KBT6, STM32C091KBU6, STM32C091KCT6, STM32C091KCU6, STM32C091RBT6, STM32C091RCI6, STM32C091RCT6, STM32C092CBT6, STM32C092CBU6, STM32C092CCT6, STM32C092CCU6, STM32C092ECY6TR, STM32C092FBP6, STM32C092FCP6, STM32C092GBU6, STM32C092GCU6, STM32C092KBT6, STM32C092KBU6, STM32C092KCT6, STM32C092KCU6, STM32C092RBT6, STM32C092RCI6, STM32C092RCT6, STM32G071K8TXN, STM32G071K8UXN, STM32G081GBU6N, STM32G081KBT6N, STM32G081KBUXN, STM32G0B1CCT6N, STM32G0B1KCT6, STM32G0B1NEY6TR, STM32G0B1RCT6N, STM32G0C1CCT6, STM32G0C1CCT6N, STM32G0C1CCU6N, STM32G0C1CET6N, STM32G0C1CEU6N, STM32G0C1KCT6, STM32G0C1NEY6TR, STM32G0C1RCI6N, STM32G0C1RCT6N, STM32G0C1REI6N, STM32G0C1RET6N, STM32G0C1VCI6, STM32G0C1VEI6, STM32G411C6T3, STM32G411C6T6, STM32G411C6U3, STM32G411C6U6, STM32G411C8T3, STM32G411C8T6, STM32G411C8U3, STM32G411C8U6, STM32G411CBT3, STM32G411CBT6, STM32G411CBU3, STM32G411CBU6, STM32G411K6T3, STM32G411K6T6, STM32G411K6U3, STM32G411K6U6, STM32G411K8T3, STM32G411K8T6, STM32G411K8U3, STM32G411K8U6, STM32G411KBT3, STM32G411KBT6, STM32G411KBU3, STM32G411KBU6, STM32G411M6T3, STM32G411M6T6, STM32G411M8T3, STM32G411M8T6, STM32G411MBT3, STM32G411MBT6, STM32G411R6T3, STM32G411R6T6, STM32G411R8T3, STM32G411R8T6, STM32G411RBT3, STM32G411RBT6, STM32G414CBT3, STM32G414CBT6, STM32G414CBU3, STM32G414CBU6, STM32G414CCT3, STM32G414CCT6, STM32G414CCU3, STM32G414CCU6, STM32G414MBT3, STM32G414MBT6, STM32G414MCT3, STM32G414MCT6, STM32G414RBT3, STM32G414RBT6, STM32G414RCT3, STM32G414RCT6, STM32G414VBT3, STM32G414VBT6, STM32G414VCT3, STM32G414VCT6, STM32G431CBT3Z, STM32G431RBT3Z, STM32G471CCT6, STM32G471CCU6, STM32G471CET3, STM32G471CET6, STM32G471CEU3, STM32G471CEU6, STM32G471MCT6, STM32G471MET3, STM32G471MET6, STM32G471MEY6TR, STM32G471QCT6, STM32G471QET3, STM32G471RCT6, STM32G471RET3, STM32G471RET6, STM32G471VCH6, STM32G471VCI6, STM32G471VCT6, STM32G471VEH3, STM32G471VEH6, STM32G471VEI3, STM32G471VEI6, STM32G471VET3, STM32G471VET6, STM32G473QET3Z, STM32G473RET3Z, STM32G474CCT6, STM32G491RET3Z, STM32H503CBT6, STM32H503CBU6, STM32H503EBY6TR, STM32H503KBU6, STM32H503RBT6, STM32H523CCT6, STM32H523CCU6, STM32H523CET6, STM32H523CEU6, STM32H523HEY6TR, STM32H523RCT6, STM32H523RET6, STM32H523VCI6, STM32H523VCT6, STM32H523VEI6, STM32H523VET6, STM32H523ZCJ6, STM32H523ZCT6, STM32H523ZEJ6, STM32H523ZET6, STM32H533CET6, STM32H533CEU6, STM32H533HEY6TR, STM32H533RET6, STM32H533VEI6, STM32H533VET6, STM32H533ZEJ6, STM32H533ZET6, STM32H562AGI6, STM32H562AII6, STM32H562IGK6, STM32H562IGT6, STM32H562IIK6, STM32H562IIT6, STM32H562RGT6, STM32H562RGV6, STM32H562RIT6, STM32H562RIV6, STM32H562VGT6, STM32H562VIT6, STM32H562ZGT6, STM32H562ZIT6, STM32H563AGI6, STM32H563AII3Q, STM32H563AII6, STM32H563IGK6, STM32H563IGT6, STM32H563IIK3Q, STM32H563IIK6, STM32H563IIT3Q, STM32H563IIT6, STM32H563MIY3QTR, STM32H563RGT6, STM32H563RGV6, STM32H563RIT6, STM32H563RIV6, STM32H563VGT6, STM32H563VIT3Q, STM32H563VIT6, STM32H563ZGT6, STM32H563ZIT3Q, STM32H563ZIT6, STM32H573AII3Q, STM32H573AII6, STM32H573I-DK, STM32H573IIK3Q, STM32H573IIK6, STM32H573IIT3Q, STM32H573IIT6, STM32H573MIY3QTR, STM32H573RIT6, STM32H573RIV6, STM32H573VIT3Q, STM32H573VIT6, STM32H573ZIT3Q, STM32H573ZIT6, STM32H7R3A8I6, STM32H7R3I8K6, STM32H7R3I8T6, STM32H7R3L8H6, STM32H7R3L8H6H, STM32H7R3R8V6, STM32H7R3V8H6, STM32H7R3V8T6, STM32H7R3V8Y6TR, STM32H7R3Z8J6, STM32H7R3Z8T6, STM32H7R7A8I6, STM32H7R7I8K6, STM32H7R7I8T6, STM32H7R7L8H6, STM32H7R7L8H6H, STM32H7R7Z8J6, STM32H7S3A8I6, STM32H7S3I8K6, STM32H7S3I8T6, STM32H7S3L8H6, STM32H7S3L8H6H, STM32H7S3R8V6, STM32H7S3V8H6, STM32H7S3V8T6, STM32H7S3V8Y6TR, STM32H7S3Z8J6, STM32H7S3Z8T6, STM32H7S78-DK, STM32H7S7A8I6, STM32H7S7I8K6, STM32H7S7I8T6, STM32H7S7L8H6, STM32H7S7L8H6H, STM32H7S7Z8J6, STM32L4R5QGI6STR, STM32MP131AAE3, STM32MP131AAF3, STM32MP131AAG3, STM32MP131CAE3, STM32MP131CAF3, STM32MP131CAG3, STM32MP131DAE7, STM32MP131DAF7, STM32MP131DAG7, STM32MP131FAE7, STM32MP131FAF7, STM32MP131FAG7, STM32MP133AAE3, STM32MP133AAF3, STM32MP133AAG3, STM32MP133CAE3, STM32MP133CAF3, STM32MP133CAG3, STM32MP133DAE7, STM32MP133DAF7, STM32MP133DAG7, STM32MP133FAE7, STM32MP133FAF7, STM32MP133FAG7, STM32MP135AAE3, STM32MP135AAF3, STM32MP135AAG3, STM32MP135CAE3, STM32MP135CAF3, STM32MP135CAG3, STM32MP135DAE7, STM32MP135DAF7, STM32MP135DAG7, STM32MP135F-DK, STM32MP135FAE7, STM32MP135FAF7, STM32MP135FAF7T, STM32MP135FAF7U, STM32MP135FAG7, STM32MP211AAL3, STM32MP211AAM3, STM32MP211AAN3, STM32MP211AAO3, STM32MP211CAL3, STM32MP211CAM3, STM32MP211CAN3, STM32MP211CAO3, STM32MP211DAL3, STM32MP211DAM3, STM32MP211DAN3, STM32MP211DAO3, STM32MP211FAL3, STM32MP211FAM3, STM32MP211FAN3, STM32MP211FAO3, STM32MP213AAL3, STM32MP213AAM3, STM32MP213AAN3, STM32MP213AAO3, STM32MP213CAL3, STM32MP213CAM3, STM32MP213CAN3, STM32MP213CAO3, STM32MP213DAL3, STM32MP213DAM3, STM32MP213DAN3, STM32MP213DAO3, STM32MP213FAL3, STM32MP213FAM3, STM32MP213FAN3, STM32MP213FAO3, STM32MP215AAL3, STM32MP215AAM3, STM32MP215AAN3, STM32MP215AAO3, STM32MP215CAL3, STM32MP215CAM3, STM32MP215CAN3, STM32MP215CAO3, STM32MP215DAL3, STM32MP215DAM3, STM32MP215DAN3, STM32MP215DAO3, STM32MP215F-DK, STM32MP215FAL3, STM32MP215FAM3, STM32MP215FAN3, STM32MP215FAO3, STM32MP231AAJ3, STM32MP231AAK3, STM32MP231AAL3, STM32MP231CAJ3, STM32MP231CAK3, STM32MP231CAL3, STM32MP231DAJ3, STM32MP231DAK3, STM32MP231DAL3, STM32MP231FAJ3, STM32MP231FAK3, STM32MP231FAL3, STM32MP233AAJ3, STM32MP233AAK3, STM32MP233AAL3, STM32MP233CAJ3, STM32MP233CAK3, STM32MP233CAL3, STM32MP233DAJ3, STM32MP233DAK3, STM32MP233DAL3, STM32MP233FAJ3, STM32MP233FAK3, STM32MP233FAL3, STM32MP235AAJ3, STM32MP235AAK3, STM32MP235AAL3, STM32MP235CAJ3, STM32MP235CAK3, STM32MP235CAL3, STM32MP235DAJ3, STM32MP235DAK3, STM32MP235DAL3, STM32MP235FAJ3, STM32MP235FAK3, STM32MP235FAL3, STM32MP251AAI3, STM32MP251AAK3, STM32MP251AAL3, STM32MP251CAI3, STM32MP251CAK3, STM32MP251CAL3, STM32MP251DAI3, STM32MP251DAK3, STM32MP251DAL3, STM32MP251FAI3, STM32MP251FAK3, STM32MP251FAL3, STM32MP253AAI3, STM32MP253AAK3, STM32MP253AAL3, STM32MP253CAI3, STM32MP253CAK3, STM32MP253CAL3, STM32MP253DAI3, STM32MP253DAK3, STM32MP253DAL3, STM32MP253FAI3, STM32MP253FAK3, STM32MP253FAL3, STM32MP255AAI3, STM32MP255AAK3, STM32MP255AAL3, STM32MP255CAI3, STM32MP255CAK3, STM32MP255CAL3, STM32MP255DAI3, STM32MP255DAK3, STM32MP255DAL3, STM32MP255FAI3, STM32MP255FAK3, STM32MP255FAL3, STM32MP257AAI3, STM32MP257AAK3, STM32MP257AAL3, STM32MP257CAI3, STM32MP257CAK3, STM32MP257CAL3, STM32MP257DAI3, STM32MP257DAK3, STM32MP257DAL3, STM32MP257F-DK, STM32MP257F-EV1, STM32MP257FAI3, STM32MP257FAK3, STM32MP257FAL3, STM32N645A0H3Q, STM32N645B0H3Q, STM32N645I0H3Q, STM32N645L0H3Q, STM32N645X0H3Q, STM32N645Z0H3Q, STM32N647A0H3Q, STM32N647B0H3Q, STM32N647I0H3Q, STM32N647L0H3Q, STM32N647X0H3Q, STM32N647Z0H3Q, STM32N655A0H3Q, STM32N655B0H3Q, STM32N655I0H3Q, STM32N655L0H3Q, STM32N655X0H3Q, STM32N655Z0H3Q, STM32N6570-DK, STM32N657A0H3Q, STM32N657B0H3Q, STM32N657I0H3Q, STM32N657L0H3Q, STM32N657X0H3Q, STM32N657Z0H3Q, STM32U031C6T6, STM32U031C6U6, STM32U031C8T6, STM32U031C8U6, STM32U031F4P6, STM32U031F6P6, STM32U031F8P6, STM32U031G6Y6TR, STM32U031G8Y6TR, STM32U031K4U6, STM32U031K6U6, STM32U031K8U6, STM32U031R6I6, STM32U031R6T6, STM32U031R8I6, STM32U031R8T6, STM32U073C8T6, STM32U073C8U6, STM32U073CBT6, STM32U073CBU6, STM32U073CCT6, STM32U073CCU6, STM32U073H8Y6TR, STM32U073HBY6TR, STM32U073HCY6TR, STM32U073K8U6, STM32U073KBU6, STM32U073KCU6, STM32U073M8I6, STM32U073M8T6, STM32U073MBI6, STM32U073MBT6, STM32U073MCI6, STM32U073MCT6, STM32U073R8I6, STM32U073R8T6, STM32U073RBI6, STM32U073RBT6, STM32U073RCI6, STM32U073RCT6, STM32U083C-DK, STM32U083CCT6, STM32U083CCU6, STM32U083HCY6TR, STM32U083KCU6, STM32U083MCI6, STM32U083MCT6, STM32U083RCI6, STM32U083RCT6, STM32U375CET6, STM32U375CET6Q, STM32U375CEU6, STM32U375CEU6Q, STM32U375CEY6QTR, STM32U375CGT6, STM32U375CGT6Q, STM32U375CGU6, STM32U375CGU6Q, STM32U375CGY6QTR, STM32U375KEU6, STM32U375KGU6, STM32U375REI6, STM32U375REI6Q, STM32U375RET6, STM32U375RET6Q, STM32U375REY6GTR, STM32U375REY6QTR, STM32U375RGI6, STM32U375RGI6Q, STM32U375RGT6, STM32U375RGT6Q, STM32U375RGY6GTR, STM32U375RGY6QTR, STM32U375VEI6, STM32U375VEI6Q, STM32U375VET6, STM32U375VET6Q, STM32U375VGI6, STM32U375VGI6Q, STM32U375VGT6, STM32U375VGT6Q, STM32U385CGT6, STM32U385CGT6Q, STM32U385CGU6, STM32U385CGU6Q, STM32U385CGY6QTR, STM32U385KGU6, STM32U385RGI6, STM32U385RGI6Q, STM32U385RGT6, STM32U385RGT6Q, STM32U385RGY6GTR, STM32U385RGY6QTR, STM32U385VGI6, STM32U385VGI6Q, STM32U385VGT6, STM32U385VGT6Q, STM32U535CBT6, STM32U535CBT6Q, STM32U535CBU6, STM32U535CBU6Q, STM32U535CCT6, STM32U535CCT6Q, STM32U535CCU6, STM32U535CCU6Q, STM32U535CET6, STM32U535CET6Q, STM32U535CEU6, STM32U535CEU6Q, STM32U535JEY6QTR, STM32U535NCY6QTR, STM32U535NEY6QTR, STM32U535RBI6, STM32U535RBI6Q, STM32U535RBT6, STM32U535RBT6Q, STM32U535RCI6, STM32U535RCI6Q, STM32U535RCT6, STM32U535RCT6Q, STM32U535REI6, STM32U535REI6Q, STM32U535RET6, STM32U535RET6Q, STM32U535VCI6, STM32U535VCI6Q, STM32U535VCT6, STM32U535VCT6Q, STM32U535VEI6, STM32U535VEI6Q, STM32U535VET6, STM32U535VET6Q, STM32U545CET6, STM32U545CET6Q, STM32U545CEU6, STM32U545CEU6Q, STM32U545JEY6QTR, STM32U545NEY6QTR, STM32U545REI6, STM32U545REI6Q, STM32U545RET6, STM32U545RET6Q, STM32U545VEI6, STM32U545VEI6Q, STM32U545VET6, STM32U545VET6Q, STM32U595AIH6, STM32U595AIH6Q, STM32U595AJH6, STM32U595AJH6Q, STM32U595QII6, STM32U595QII6Q, STM32U595QJI6, STM32U595QJI6Q, STM32U595RIT6, STM32U595RIT6Q, STM32U595RJT6, STM32U595RJT6Q, STM32U595VIT6, STM32U595VIT6Q, STM32U595VJT6, STM32U595VJT6Q, STM32U595ZIT6, STM32U595ZIT6Q, STM32U595ZIY6QTR, STM32U595ZJT6, STM32U595ZJT6Q, STM32U595ZJY6QTR, STM32U599BJY6QTR, STM32U599NIH6Q, STM32U599NJH6Q, STM32U599VIT6Q, STM32U599VJT6, STM32U599VJT6Q, STM32U599ZIT6Q, STM32U599ZIY6QTR, STM32U599ZJT6Q, STM32U599ZJY6QTR, STM32U5A5AJH6, STM32U5A5AJH6Q, STM32U5A5QII3Q , STM32U5A5QJI6, STM32U5A5QJI6Q, STM32U5A5RJT6, STM32U5A5RJT6Q, STM32U5A5VJT6, STM32U5A5VJT6Q, STM32U5A5ZJT6, STM32U5A5ZJT6Q, STM32U5A5ZJY6QTR, STM32U5A9BJY6QTR, STM32U5A9J-DK, STM32U5A9NJH6Q, STM32U5A9VJT6Q, STM32U5A9ZJT6Q, STM32U5A9ZJY6QTR, STM32U5F7VIT6, STM32U5F7VIT6Q, STM32U5F7VJT6, STM32U5F7VJT6Q, STM32U5F9BJY6QTR, STM32U5F9NJH6Q, STM32U5F9VIT6Q, STM32U5F9VJT6Q, STM32U5F9ZIJ6QTR, STM32U5F9ZIT6Q, STM32U5F9ZJJ6QTR, STM32U5F9ZJT6Q, STM32U5G7VJT6, STM32U5G7VJT6Q, STM32U5G9BJY6QTR, STM32U5G9J-DK1, STM32U5G9J-DK2, STM32U5G9NJH6Q, STM32U5G9VJT6Q, STM32U5G9ZJJ6QTR, STM32U5G9ZJT6Q, STM32WB05KZV6TR, STM32WB05KZV7TR, STM32WB05TZF6TR, STM32WB05TZF7TR, STM32WB06CCF6TR, STM32WB06CCF7TR, STM32WB06CCV6TR, STM32WB06CCV7TR, STM32WB06KCV6TR, STM32WB06KCV7TR, STM32WB07CCF6TR, STM32WB07CCF7TR, STM32WB07CCV6TR, STM32WB07CCV7TR, STM32WB07KCV6TR, STM32WB07KCV7TR, STM32WB09KEV6TR, STM32WB09KEV7TR, STM32WB09TEF6TR, STM32WB09TEF7TR, STM32WB1MMCH6, STM32WBA50KGU6, STM32WBA50KGU6TR, STM32WBA52CEU6, STM32WBA52CEU6TR, STM32WBA52CEU7, STM32WBA52CEU7TR, STM32WBA52CGU6, STM32WBA52CGU6TR, STM32WBA52CGU6U, STM32WBA52CGU7, STM32WBA52CGU7TR, STM32WBA52KEU6, STM32WBA52KEU6TR, STM32WBA52KGU6, STM32WBA52KGU6TR, STM32WBA54CEU6, STM32WBA54CEU6TR, STM32WBA54CEU7, STM32WBA54CEU7TR, STM32WBA54CGU6, STM32WBA54CGU6TR, STM32WBA54CGU7, STM32WBA54CGU7TR, STM32WBA54KEU6, STM32WBA54KEU6TR, STM32WBA54KEU7, STM32WBA54KEU7TR, STM32WBA54KGU6, STM32WBA54KGU6TR, STM32WBA54KGU7, STM32WBA54KGU7TR, STM32WBA55CEU6, STM32WBA55CEU6TR, STM32WBA55CEU7, STM32WBA55CEU7TR, STM32WBA55CGU6, STM32WBA55CGU6TR, STM32WBA55CGU6U, STM32WBA55CGU7, STM32WBA55CGU7TR, STM32WBA55G-DK1, STM32WBA55HEF6, STM32WBA55HEF7, STM32WBA55HGF6, STM32WBA55HGF7, STM32WBA55UEI6, STM32WBA55UEI6TR, STM32WBA55UEI7, STM32WBA55UEI7TR, STM32WBA55UGI6, STM32WBA55UGI6TR, STM32WBA55UGI7, STM32WBA55UGI7TR, STM32WBA5MMGH6TR, STM32WBA62MGF6, STM32WBA62MIF6, STM32WBA65MGF7, STM32WBA65MIF6, STM32WBA65MIF7, STM32WL30K8V6, STM32WL30KBV6, STM32WL31C8V6, STM32WL31CBV6, STM32WL31K8V6, STM32WL31KBV6, STM32WL33C8V6, STM32WL33C8V6X, STM32WL33CBV6, STM32WL33CBV6X, STM32WL33CCV6, STM32WL33CCV6A, STM32WL33CCV6X, STM32WL33K8V7, STM32WL33K8V7X, STM32WL33KBV7 , STM32WL33KBV7X, STM32WL33KCV7, STM32WL33KCV7X, STM32WL5MOCH6, STM32WL5MOCH6TR]
2025-08-26 13:33:59,681 [INFO] DbMcus:218 - Found 4801 MCUs, 4801 are supported
2025-08-26 13:33:59,683 [INFO] ApiDb:423 - Load user favorites file C:\Users\nisha/.stm32cubeide/favorites.mcus.txt: 0 item(s)
2025-08-26 13:33:59,683 [INFO] ApiDb:427 - User favorites MCUs=[]
2025-08-26 13:33:59,683 [INFO] DbMcus:224 - Set 0 / 0 favorites MCUs
2025-08-26 13:34:00,093 [INFO] ApiDb:668 - CubeFinder database Data Model version=2.1
2025-08-26 13:34:00,093 [INFO] ApiDb:669 - CubeFinder database Configuration version=3.0.39
2025-08-26 13:34:00,093 [INFO] ApiDb:670 - CubeFinder database generation date=2025-07-24 (1753349077)
2025-08-26 13:34:00,093 [INFO] ApiDb:671 - CubeFinder database FW Pack versions=[FP-ATR-ASTRA1_V2.0.0, FP-SNS-FLIGHT1_V5.1.0, FP-SNS-MOTENV1_V5.0.0, FP-SNS-MOTENVWB1_V1.4.0, FP-SNS-SMARTAG2_V1.2.0, FP-SNS-STBOX1_V2.0.0, STM32Cube_FW_C0_V1.4.0, STM32Cube_FW_F4_V1.28.2, STM32Cube_FW_F7_V1.17.3, STM32Cube_FW_G0_V1.6.2, STM32Cube_FW_G4_V1.6.1, STM32Cube_FW_H5_V1.5.0, STM32Cube_FW_H7RS_V1.2.0, STM32Cube_FW_H7_V1.12.1, STM32Cube_FW_L0_V1.12.2, STM32Cube_FW_L4_V1.18.1, STM32Cube_FW_L5_V1.5.1, STM32Cube_FW_N6_V1.2.0, STM32Cube_FW_U0_V1.3.0, STM32Cube_FW_U3_V1.2.0, STM32Cube_FW_U5_V1.8.0, STM32Cube_FW_WB0_V1.3.0, STM32Cube_FW_WBA_V1.7.0, STM32Cube_FW_WB_V1.23.0, STM32Cube_FW_WL3_V1.2.0, STM32Cube_FW_WL_V1.3.1, X-CUBE-ALGOBUILD_V1.4.0, X-CUBE-ALS_V1.0.2, X-CUBE-AZRTOS-F4_V1.1.0, X-CUBE-AZRTOS-F7_V1.1.0, X-CUBE-AZRTOS-G0_V1.1.0, X-CUBE-AZRTOS-G4_V2.0.0, X-CUBE-AZRTOS-H7RS_V1.1.0, X-CUBE-AZRTOS-H7_V3.4.0, X-CUBE-AZRTOS-L4_V2.0.0, X-CUBE-AZRTOS-L5_V2.0.0, X-CUBE-AZRTOS-WB_V2.0.0, X-CUBE-AZRTOS-WL_V2.0.0, X-CUBE-BLE1_V7.1.0, X-CUBE-BLE2_V3.3.0, X-CUBE-BLEMGR_V4.1.0, X-CUBE-EEPRMA1_V5.2.0, X-CUBE-FREERTOS_V1.3.1, X-CUBE-GNSS1_V6.0.0, X-CUBE-MEMS1_V11.3.0, X-CUBE-NFC4_V3.0.0, X-CUBE-NFC7_V2.0.0, X-CUBE-SFXS2LP1_V4.0.0, X-CUBE-ST67W61_V1.0.0, X-CUBE-SUBG2_V5.0.0, X-CUBE-TOF1_V3.4.3]
2025-08-26 13:34:00,155 [INFO] DbBoardsSqlite:226 - include board P-NUCLEO-WB55-NUCLEO as a kit item of type 'Nucleo-64'
2025-08-26 13:34:00,156 [INFO] DbBoardsSqlite:226 - include board P-NUCLEO-WB55-USBDONGLE as a kit item of type 'Nucleo USB Dongle'
2025-08-26 13:34:00,156 [INFO] DbBoardsSqlite:226 - include board STEVAL-IDP005V1 as a kit item of type 'Evaluation Board'
2025-08-26 13:34:00,156 [INFO] DbBoardsSqlite:226 - include board STEVAL-IDP005V2 as a kit item of type 'Evaluation Board'
2025-08-26 13:34:00,249 [INFO] ApiDb:240 - Found 880 in-development CPN: [B-G473E-ZEST1S, B-WB1M-WPAN1, B-WBA5M-WPAN, B-WL5M-SUBG1, NUCLEO-C031C6, NUCLEO-C051C8, NUCLEO-C071RB, NUCLEO-C092RC, NUCLEO-H503RB, NUCLEO-H533RE, NUCLEO-H563ZI, NUCLEO-H7S3L8, NUCLEO-N657X0-Q, NUCLEO-U031R8, NUCLEO-U083RC, NUCLEO-U385RG-Q, NUCLEO-U545RE-Q, NUCLEO-U5A5ZJ-Q, NUCLEO-WB05KZ, NUCLEO-WB07CC, NUCLEO-WB09KE, NUCLEO-WBA52CG, NUCLEO-WBA55CG, NUCLEO-WL33CC1, NUCLEO-WL33CC2, STEVAL-PROTEUS1, STEVAL-SMARTAG2, STEVAL-STWINBX1, STM320518-EVAL, STM32C0116-DK, STM32C011D6Y3TR, STM32C011D6Y6TR, STM32C011F4P3, STM32C011F4P6, STM32C011F4U3, STM32C011F4U6TR, STM32C011F6P3, STM32C011F6P6, STM32C011F6U3, STM32C011F6U6TR, STM32C011J4M3, STM32C011J4M6, STM32C011J6M3, STM32C011J6M6, STM32C0316-DK, STM32C031C4T3, STM32C031C4T6, STM32C031C4U3, STM32C031C4U6, STM32C031C6T3, STM32C031C6T6, STM32C031C6U3, STM32C031C6U6, STM32C031F4P3, STM32C031F4P6, STM32C031F6P3, STM32C031F6P6, STM32C031G4U3, STM32C031G4U6, STM32C031G6U3, STM32C031G6U6, STM32C031K4T3, STM32C031K4T6, STM32C031K4U3, STM32C031K4U6, STM32C031K6T3, STM32C031K6T6, STM32C031K6U3, STM32C031K6U6, STM32C051C6T6, STM32C051C6U6, STM32C051C8T6, STM32C051C8U6, STM32C051D8Y6TR, STM32C051F6P6, STM32C051F8P6, STM32C051G6U6, STM32C051G8U6, STM32C051K6T6, STM32C051K6U6, STM32C051K8T6, STM32C071C8T6, STM32C071C8T6N, STM32C071C8U6, STM32C071C8U6N, STM32C071CBT6, STM32C071CBT6N, STM32C071CBU6, STM32C071CBU6N, STM32C071F8P6, STM32C071F8P6N, STM32C071FBP6, STM32C071FBP6N, STM32C071FBY6TR, STM32C071G8U6, STM32C071G8U6N, STM32C071GBU6, STM32C071GBU6N, STM32C071K8T6, STM32C071K8T6N, STM32C071K8U6, STM32C071K8U6N, STM32C071KBT6, STM32C071KBT6N, STM32C071KBU6, STM32C071KBU6N, STM32C071R8T6, STM32C071R8T6N, STM32C071RBI6N, STM32C071RBT6, STM32C071RBT6N, STM32C091CBT6, STM32C091CBU6, STM32C091CCT6, STM32C091CCU6, STM32C091ECY6TR, STM32C091FBP6, STM32C091FCP6, STM32C091GBU6, STM32C091GCU6, STM32C091KBT6, STM32C091KBU6, STM32C091KCT6, STM32C091KCU6, STM32C091RBT6, STM32C091RCI6, STM32C091RCT6, STM32C092CBT6, STM32C092CBU6, STM32C092CCT6, STM32C092CCU6, STM32C092ECY6TR, STM32C092FBP6, STM32C092FCP6, STM32C092GBU6, STM32C092GCU6, STM32C092KBT6, STM32C092KBU6, STM32C092KCT6, STM32C092KCU6, STM32C092RBT6, STM32C092RCI6, STM32C092RCT6, STM32G071K8TXN, STM32G071K8UXN, STM32G081GBU6N, STM32G081KBT6N, STM32G081KBUXN, STM32G0B1CCT6N, STM32G0B1KCT6, STM32G0B1NEY6TR, STM32G0B1RCT6N, STM32G0C1CCT6, STM32G0C1CCT6N, STM32G0C1CCU6N, STM32G0C1CET6N, STM32G0C1CEU6N, STM32G0C1KCT6, STM32G0C1NEY6TR, STM32G0C1RCI6N, STM32G0C1RCT6N, STM32G0C1REI6N, STM32G0C1RET6N, STM32G0C1VCI6, STM32G0C1VEI6, STM32G411C6T3, STM32G411C6T6, STM32G411C6U3, STM32G411C6U6, STM32G411C8T3, STM32G411C8T6, STM32G411C8U3, STM32G411C8U6, STM32G411CBT3, STM32G411CBT6, STM32G411CBU3, STM32G411CBU6, STM32G411K6T3, STM32G411K6T6, STM32G411K6U3, STM32G411K6U6, STM32G411K8T3, STM32G411K8T6, STM32G411K8U3, STM32G411K8U6, STM32G411KBT3, STM32G411KBT6, STM32G411KBU3, STM32G411KBU6, STM32G411M6T3, STM32G411M6T6, STM32G411M8T3, STM32G411M8T6, STM32G411MBT3, STM32G411MBT6, STM32G411R6T3, STM32G411R6T6, STM32G411R8T3, STM32G411R8T6, STM32G411RBT3, STM32G411RBT6, STM32G414CBT3, STM32G414CBT6, STM32G414CBU3, STM32G414CBU6, STM32G414CCT3, STM32G414CCT6, STM32G414CCU3, STM32G414CCU6, STM32G414MBT3, STM32G414MBT6, STM32G414MCT3, STM32G414MCT6, STM32G414RBT3, STM32G414RBT6, STM32G414RCT3, STM32G414RCT6, STM32G414VBT3, STM32G414VBT6, STM32G414VCT3, STM32G414VCT6, STM32G431CBT3Z, STM32G431RBT3Z, STM32G471CCT6, STM32G471CCU6, STM32G471CET3, STM32G471CET6, STM32G471CEU3, STM32G471CEU6, STM32G471MCT6, STM32G471MET3, STM32G471MET6, STM32G471MEY6TR, STM32G471QCT6, STM32G471QET3, STM32G471RCT6, STM32G471RET3, STM32G471RET6, STM32G471VCH6, STM32G471VCI6, STM32G471VCT6, STM32G471VEH3, STM32G471VEH6, STM32G471VEI3, STM32G471VEI6, STM32G471VET3, STM32G471VET6, STM32G473QET3Z, STM32G473RET3Z, STM32G474CCT6, STM32G491RET3Z, STM32H503CBT6, STM32H503CBU6, STM32H503EBY6TR, STM32H503KBU6, STM32H503RBT6, STM32H523CCT6, STM32H523CCU6, STM32H523CET6, STM32H523CEU6, STM32H523HEY6TR, STM32H523RCT6, STM32H523RET6, STM32H523VCI6, STM32H523VCT6, STM32H523VEI6, STM32H523VET6, STM32H523ZCJ6, STM32H523ZCT6, STM32H523ZEJ6, STM32H523ZET6, STM32H533CET6, STM32H533CEU6, STM32H533HEY6TR, STM32H533RET6, STM32H533VEI6, STM32H533VET6, STM32H533ZEJ6, STM32H533ZET6, STM32H562AGI6, STM32H562AII6, STM32H562IGK6, STM32H562IGT6, STM32H562IIK6, STM32H562IIT6, STM32H562RGT6, STM32H562RGV6, STM32H562RIT6, STM32H562RIV6, STM32H562VGT6, STM32H562VIT6, STM32H562ZGT6, STM32H562ZIT6, STM32H563AGI6, STM32H563AII3Q, STM32H563AII6, STM32H563IGK6, STM32H563IGT6, STM32H563IIK3Q, STM32H563IIK6, STM32H563IIT3Q, STM32H563IIT6, STM32H563MIY3QTR, STM32H563RGT6, STM32H563RGV6, STM32H563RIT6, STM32H563RIV6, STM32H563VGT6, STM32H563VIT3Q, STM32H563VIT6, STM32H563ZGT6, STM32H563ZIT3Q, STM32H563ZIT6, STM32H573AII3Q, STM32H573AII6, STM32H573I-DK, STM32H573IIK3Q, STM32H573IIK6, STM32H573IIT3Q, STM32H573IIT6, STM32H573MIY3QTR, STM32H573RIT6, STM32H573RIV6, STM32H573VIT3Q, STM32H573VIT6, STM32H573ZIT3Q, STM32H573ZIT6, STM32H7R3A8I6, STM32H7R3I8K6, STM32H7R3I8T6, STM32H7R3L8H6, STM32H7R3L8H6H, STM32H7R3R8V6, STM32H7R3V8H6, STM32H7R3V8T6, STM32H7R3V8Y6TR, STM32H7R3Z8J6, STM32H7R3Z8T6, STM32H7R7A8I6, STM32H7R7I8K6, STM32H7R7I8T6, STM32H7R7L8H6, STM32H7R7L8H6H, STM32H7R7Z8J6, STM32H7S3A8I6, STM32H7S3I8K6, STM32H7S3I8T6, STM32H7S3L8H6, STM32H7S3L8H6H, STM32H7S3R8V6, STM32H7S3V8H6, STM32H7S3V8T6, STM32H7S3V8Y6TR, STM32H7S3Z8J6, STM32H7S3Z8T6, STM32H7S78-DK, STM32H7S7A8I6, STM32H7S7I8K6, STM32H7S7I8T6, STM32H7S7L8H6, STM32H7S7L8H6H, STM32H7S7Z8J6, STM32L4R5QGI6STR, STM32MP131AAE3, STM32MP131AAF3, STM32MP131AAG3, STM32MP131CAE3, STM32MP131CAF3, STM32MP131CAG3, STM32MP131DAE7, STM32MP131DAF7, STM32MP131DAG7, STM32MP131FAE7, STM32MP131FAF7, STM32MP131FAG7, STM32MP133AAE3, STM32MP133AAF3, STM32MP133AAG3, STM32MP133CAE3, STM32MP133CAF3, STM32MP133CAG3, STM32MP133DAE7, STM32MP133DAF7, STM32MP133DAG7, STM32MP133FAE7, STM32MP133FAF7, STM32MP133FAG7, STM32MP135AAE3, STM32MP135AAF3, STM32MP135AAG3, STM32MP135CAE3, STM32MP135CAF3, STM32MP135CAG3, STM32MP135DAE7, STM32MP135DAF7, STM32MP135DAG7, STM32MP135F-DK, STM32MP135FAE7, STM32MP135FAF7, STM32MP135FAF7T, STM32MP135FAF7U, STM32MP135FAG7, STM32MP211AAL3, STM32MP211AAM3, STM32MP211AAN3, STM32MP211AAO3, STM32MP211CAL3, STM32MP211CAM3, STM32MP211CAN3, STM32MP211CAO3, STM32MP211DAL3, STM32MP211DAM3, STM32MP211DAN3, STM32MP211DAO3, STM32MP211FAL3, STM32MP211FAM3, STM32MP211FAN3, STM32MP211FAO3, STM32MP213AAL3, STM32MP213AAM3, STM32MP213AAN3, STM32MP213AAO3, STM32MP213CAL3, STM32MP213CAM3, STM32MP213CAN3, STM32MP213CAO3, STM32MP213DAL3, STM32MP213DAM3, STM32MP213DAN3, STM32MP213DAO3, STM32MP213FAL3, STM32MP213FAM3, STM32MP213FAN3, STM32MP213FAO3, STM32MP215AAL3, STM32MP215AAM3, STM32MP215AAN3, STM32MP215AAO3, STM32MP215CAL3, STM32MP215CAM3, STM32MP215CAN3, STM32MP215CAO3, STM32MP215DAL3, STM32MP215DAM3, STM32MP215DAN3, STM32MP215DAO3, STM32MP215F-DK, STM32MP215FAL3, STM32MP215FAM3, STM32MP215FAN3, STM32MP215FAO3, STM32MP231AAJ3, STM32MP231AAK3, STM32MP231AAL3, STM32MP231CAJ3, STM32MP231CAK3, STM32MP231CAL3, STM32MP231DAJ3, STM32MP231DAK3, STM32MP231DAL3, STM32MP231FAJ3, STM32MP231FAK3, STM32MP231FAL3, STM32MP233AAJ3, STM32MP233AAK3, STM32MP233AAL3, STM32MP233CAJ3, STM32MP233CAK3, STM32MP233CAL3, STM32MP233DAJ3, STM32MP233DAK3, STM32MP233DAL3, STM32MP233FAJ3, STM32MP233FAK3, STM32MP233FAL3, STM32MP235AAJ3, STM32MP235AAK3, STM32MP235AAL3, STM32MP235CAJ3, STM32MP235CAK3, STM32MP235CAL3, STM32MP235DAJ3, STM32MP235DAK3, STM32MP235DAL3, STM32MP235FAJ3, STM32MP235FAK3, STM32MP235FAL3, STM32MP251AAI3, STM32MP251AAK3, STM32MP251AAL3, STM32MP251CAI3, STM32MP251CAK3, STM32MP251CAL3, STM32MP251DAI3, STM32MP251DAK3, STM32MP251DAL3, STM32MP251FAI3, STM32MP251FAK3, STM32MP251FAL3, STM32MP253AAI3, STM32MP253AAK3, STM32MP253AAL3, STM32MP253CAI3, STM32MP253CAK3, STM32MP253CAL3, STM32MP253DAI3, STM32MP253DAK3, STM32MP253DAL3, STM32MP253FAI3, STM32MP253FAK3, STM32MP253FAL3, STM32MP255AAI3, STM32MP255AAK3, STM32MP255AAL3, STM32MP255CAI3, STM32MP255CAK3, STM32MP255CAL3, STM32MP255DAI3, STM32MP255DAK3, STM32MP255DAL3, STM32MP255FAI3, STM32MP255FAK3, STM32MP255FAL3, STM32MP257AAI3, STM32MP257AAK3, STM32MP257AAL3, STM32MP257CAI3, STM32MP257CAK3, STM32MP257CAL3, STM32MP257DAI3, STM32MP257DAK3, STM32MP257DAL3, STM32MP257F-DK, STM32MP257F-EV1, STM32MP257FAI3, STM32MP257FAK3, STM32MP257FAL3, STM32N645A0H3Q, STM32N645B0H3Q, STM32N645I0H3Q, STM32N645L0H3Q, STM32N645X0H3Q, STM32N645Z0H3Q, STM32N647A0H3Q, STM32N647B0H3Q, STM32N647I0H3Q, STM32N647L0H3Q, STM32N647X0H3Q, STM32N647Z0H3Q, STM32N655A0H3Q, STM32N655B0H3Q, STM32N655I0H3Q, STM32N655L0H3Q, STM32N655X0H3Q, STM32N655Z0H3Q, STM32N6570-DK, STM32N657A0H3Q, STM32N657B0H3Q, STM32N657I0H3Q, STM32N657L0H3Q, STM32N657X0H3Q, STM32N657Z0H3Q, STM32U031C6T6, STM32U031C6U6, STM32U031C8T6, STM32U031C8U6, STM32U031F4P6, STM32U031F6P6, STM32U031F8P6, STM32U031G6Y6TR, STM32U031G8Y6TR, STM32U031K4U6, STM32U031K6U6, STM32U031K8U6, STM32U031R6I6, STM32U031R6T6, STM32U031R8I6, STM32U031R8T6, STM32U073C8T6, STM32U073C8U6, STM32U073CBT6, STM32U073CBU6, STM32U073CCT6, STM32U073CCU6, STM32U073H8Y6TR, STM32U073HBY6TR, STM32U073HCY6TR, STM32U073K8U6, STM32U073KBU6, STM32U073KCU6, STM32U073M8I6, STM32U073M8T6, STM32U073MBI6, STM32U073MBT6, STM32U073MCI6, STM32U073MCT6, STM32U073R8I6, STM32U073R8T6, STM32U073RBI6, STM32U073RBT6, STM32U073RCI6, STM32U073RCT6, STM32U083C-DK, STM32U083CCT6, STM32U083CCU6, STM32U083HCY6TR, STM32U083KCU6, STM32U083MCI6, STM32U083MCT6, STM32U083RCI6, STM32U083RCT6, STM32U375CET6, STM32U375CET6Q, STM32U375CEU6, STM32U375CEU6Q, STM32U375CEY6QTR, STM32U375CGT6, STM32U375CGT6Q, STM32U375CGU6, STM32U375CGU6Q, STM32U375CGY6QTR, STM32U375KEU6, STM32U375KGU6, STM32U375REI6, STM32U375REI6Q, STM32U375RET6, STM32U375RET6Q, STM32U375REY6GTR, STM32U375REY6QTR, STM32U375RGI6, STM32U375RGI6Q, STM32U375RGT6, STM32U375RGT6Q, STM32U375RGY6GTR, STM32U375RGY6QTR, STM32U375VEI6, STM32U375VEI6Q, STM32U375VET6, STM32U375VET6Q, STM32U375VGI6, STM32U375VGI6Q, STM32U375VGT6, STM32U375VGT6Q, STM32U385CGT6, STM32U385CGT6Q, STM32U385CGU6, STM32U385CGU6Q, STM32U385CGY6QTR, STM32U385KGU6, STM32U385RGI6, STM32U385RGI6Q, STM32U385RGT6, STM32U385RGT6Q, STM32U385RGY6GTR, STM32U385RGY6QTR, STM32U385VGI6, STM32U385VGI6Q, STM32U385VGT6, STM32U385VGT6Q, STM32U535CBT6, STM32U535CBT6Q, STM32U535CBU6, STM32U535CBU6Q, STM32U535CCT6, STM32U535CCT6Q, STM32U535CCU6, STM32U535CCU6Q, STM32U535CET6, STM32U535CET6Q, STM32U535CEU6, STM32U535CEU6Q, STM32U535JEY6QTR, STM32U535NCY6QTR, STM32U535NEY6QTR, STM32U535RBI6, STM32U535RBI6Q, STM32U535RBT6, STM32U535RBT6Q, STM32U535RCI6, STM32U535RCI6Q, STM32U535RCT6, STM32U535RCT6Q, STM32U535REI6, STM32U535REI6Q, STM32U535RET6, STM32U535RET6Q, STM32U535VCI6, STM32U535VCI6Q, STM32U535VCT6, STM32U535VCT6Q, STM32U535VEI6, STM32U535VEI6Q, STM32U535VET6, STM32U535VET6Q, STM32U545CET6, STM32U545CET6Q, STM32U545CEU6, STM32U545CEU6Q, STM32U545JEY6QTR, STM32U545NEY6QTR, STM32U545REI6, STM32U545REI6Q, STM32U545RET6, STM32U545RET6Q, STM32U545VEI6, STM32U545VEI6Q, STM32U545VET6, STM32U545VET6Q, STM32U595AIH6, STM32U595AIH6Q, STM32U595AJH6, STM32U595AJH6Q, STM32U595QII6, STM32U595QII6Q, STM32U595QJI6, STM32U595QJI6Q, STM32U595RIT6, STM32U595RIT6Q, STM32U595RJT6, STM32U595RJT6Q, STM32U595VIT6, STM32U595VIT6Q, STM32U595VJT6, STM32U595VJT6Q, STM32U595ZIT6, STM32U595ZIT6Q, STM32U595ZIY6QTR, STM32U595ZJT6, STM32U595ZJT6Q, STM32U595ZJY6QTR, STM32U599BJY6QTR, STM32U599NIH6Q, STM32U599NJH6Q, STM32U599VIT6Q, STM32U599VJT6, STM32U599VJT6Q, STM32U599ZIT6Q, STM32U599ZIY6QTR, STM32U599ZJT6Q, STM32U599ZJY6QTR, STM32U5A5AJH6, STM32U5A5AJH6Q, STM32U5A5QII3Q , STM32U5A5QJI6, STM32U5A5QJI6Q, STM32U5A5RJT6, STM32U5A5RJT6Q, STM32U5A5VJT6, STM32U5A5VJT6Q, STM32U5A5ZJT6, STM32U5A5ZJT6Q, STM32U5A5ZJY6QTR, STM32U5A9BJY6QTR, STM32U5A9J-DK, STM32U5A9NJH6Q, STM32U5A9VJT6Q, STM32U5A9ZJT6Q, STM32U5A9ZJY6QTR, STM32U5F7VIT6, STM32U5F7VIT6Q, STM32U5F7VJT6, STM32U5F7VJT6Q, STM32U5F9BJY6QTR, STM32U5F9NJH6Q, STM32U5F9VIT6Q, STM32U5F9VJT6Q, STM32U5F9ZIJ6QTR, STM32U5F9ZIT6Q, STM32U5F9ZJJ6QTR, STM32U5F9ZJT6Q, STM32U5G7VJT6, STM32U5G7VJT6Q, STM32U5G9BJY6QTR, STM32U5G9J-DK1, STM32U5G9J-DK2, STM32U5G9NJH6Q, STM32U5G9VJT6Q, STM32U5G9ZJJ6QTR, STM32U5G9ZJT6Q, STM32WB05KZV6TR, STM32WB05KZV7TR, STM32WB05TZF6TR, STM32WB05TZF7TR, STM32WB06CCF6TR, STM32WB06CCF7TR, STM32WB06CCV6TR, STM32WB06CCV7TR, STM32WB06KCV6TR, STM32WB06KCV7TR, STM32WB07CCF6TR, STM32WB07CCF7TR, STM32WB07CCV6TR, STM32WB07CCV7TR, STM32WB07KCV6TR, STM32WB07KCV7TR, STM32WB09KEV6TR, STM32WB09KEV7TR, STM32WB09TEF6TR, STM32WB09TEF7TR, STM32WB1MMCH6, STM32WBA50KGU6, STM32WBA50KGU6TR, STM32WBA52CEU6, STM32WBA52CEU6TR, STM32WBA52CEU7, STM32WBA52CEU7TR, STM32WBA52CGU6, STM32WBA52CGU6TR, STM32WBA52CGU6U, STM32WBA52CGU7, STM32WBA52CGU7TR, STM32WBA52KEU6, STM32WBA52KEU6TR, STM32WBA52KGU6, STM32WBA52KGU6TR, STM32WBA54CEU6, STM32WBA54CEU6TR, STM32WBA54CEU7, STM32WBA54CEU7TR, STM32WBA54CGU6, STM32WBA54CGU6TR, STM32WBA54CGU7, STM32WBA54CGU7TR, STM32WBA54KEU6, STM32WBA54KEU6TR, STM32WBA54KEU7, STM32WBA54KEU7TR, STM32WBA54KGU6, STM32WBA54KGU6TR, STM32WBA54KGU7, STM32WBA54KGU7TR, STM32WBA55CEU6, STM32WBA55CEU6TR, STM32WBA55CEU7, STM32WBA55CEU7TR, STM32WBA55CGU6, STM32WBA55CGU6TR, STM32WBA55CGU6U, STM32WBA55CGU7, STM32WBA55CGU7TR, STM32WBA55G-DK1, STM32WBA55HEF6, STM32WBA55HEF7, STM32WBA55HGF6, STM32WBA55HGF7, STM32WBA55UEI6, STM32WBA55UEI6TR, STM32WBA55UEI7, STM32WBA55UEI7TR, STM32WBA55UGI6, STM32WBA55UGI6TR, STM32WBA55UGI7, STM32WBA55UGI7TR, STM32WBA5MMGH6TR, STM32WBA62MGF6, STM32WBA62MIF6, STM32WBA65MGF7, STM32WBA65MIF6, STM32WBA65MIF7, STM32WL30K8V6, STM32WL30KBV6, STM32WL31C8V6, STM32WL31CBV6, STM32WL31K8V6, STM32WL31KBV6, STM32WL33C8V6, STM32WL33C8V6X, STM32WL33CBV6, STM32WL33CBV6X, STM32WL33CCV6, STM32WL33CCV6A, STM32WL33CCV6X, STM32WL33K8V7, STM32WL33K8V7X, STM32WL33KBV7 , STM32WL33KBV7X, STM32WL33KCV7, STM32WL33KCV7X, STM32WL5MOCH6, STM32WL5MOCH6TR]
2025-08-26 13:34:00,676 [INFO] BoardInfo:889 - No configuration file found for board P-NUCLEO-WB55
2025-08-26 13:34:00,679 [INFO] DbBoards:161 - Kit is not supported: P-NUCLEO-WB55
2025-08-26 13:34:00,696 [INFO] BoardInfo:889 - No configuration file found for board STEVAL-BFA001V1B
2025-08-26 13:34:00,698 [INFO] DbBoards:161 - Kit is not supported: STEVAL-BFA001V1B
2025-08-26 13:34:00,699 [INFO] BoardInfo:889 - No configuration file found for board STEVAL-BFA001V2B
2025-08-26 13:34:00,701 [INFO] DbBoards:161 - Kit is not supported: STEVAL-BFA001V2B
2025-08-26 13:34:01,136 [INFO] DbBoards:168 - Found 212 boards, 209 are supported
2025-08-26 13:34:01,136 [INFO] DbBoards:169 - Found 212 boards, 43 of them is supported for  Bsp
2025-08-26 13:34:01,145 [INFO] ApiDb:423 - Load user favorites file C:\Users\nisha/.stm32cubeide/favorites.boards.txt: 1 item(s)
2025-08-26 13:34:01,145 [INFO] ApiDb:427 - User favorites Boards=[STM32F407G-DISC1]
2025-08-26 13:34:01,145 [INFO] DbBoards:198 - Set 1 / 1 favorites Boards
2025-08-26 13:34:01,147 [INFO] ApiDb:668 - CubeFinder database Data Model version=2.1
2025-08-26 13:34:01,147 [INFO] ApiDb:669 - CubeFinder database Configuration version=3.0.39
2025-08-26 13:34:01,147 [INFO] ApiDb:670 - CubeFinder database generation date=2025-07-24 (1753349077)
2025-08-26 13:34:01,147 [INFO] ApiDb:671 - CubeFinder database FW Pack versions=[FP-ATR-ASTRA1_V2.0.0, FP-SNS-FLIGHT1_V5.1.0, FP-SNS-MOTENV1_V5.0.0, FP-SNS-MOTENVWB1_V1.4.0, FP-SNS-SMARTAG2_V1.2.0, FP-SNS-STBOX1_V2.0.0, STM32Cube_FW_C0_V1.4.0, STM32Cube_FW_F4_V1.28.2, STM32Cube_FW_F7_V1.17.3, STM32Cube_FW_G0_V1.6.2, STM32Cube_FW_G4_V1.6.1, STM32Cube_FW_H5_V1.5.0, STM32Cube_FW_H7RS_V1.2.0, STM32Cube_FW_H7_V1.12.1, STM32Cube_FW_L0_V1.12.2, STM32Cube_FW_L4_V1.18.1, STM32Cube_FW_L5_V1.5.1, STM32Cube_FW_N6_V1.2.0, STM32Cube_FW_U0_V1.3.0, STM32Cube_FW_U3_V1.2.0, STM32Cube_FW_U5_V1.8.0, STM32Cube_FW_WB0_V1.3.0, STM32Cube_FW_WBA_V1.7.0, STM32Cube_FW_WB_V1.23.0, STM32Cube_FW_WL3_V1.2.0, STM32Cube_FW_WL_V1.3.1, X-CUBE-ALGOBUILD_V1.4.0, X-CUBE-ALS_V1.0.2, X-CUBE-AZRTOS-F4_V1.1.0, X-CUBE-AZRTOS-F7_V1.1.0, X-CUBE-AZRTOS-G0_V1.1.0, X-CUBE-AZRTOS-G4_V2.0.0, X-CUBE-AZRTOS-H7RS_V1.1.0, X-CUBE-AZRTOS-H7_V3.4.0, X-CUBE-AZRTOS-L4_V2.0.0, X-CUBE-AZRTOS-L5_V2.0.0, X-CUBE-AZRTOS-WB_V2.0.0, X-CUBE-AZRTOS-WL_V2.0.0, X-CUBE-BLE1_V7.1.0, X-CUBE-BLE2_V3.3.0, X-CUBE-BLEMGR_V4.1.0, X-CUBE-EEPRMA1_V5.2.0, X-CUBE-FREERTOS_V1.3.1, X-CUBE-GNSS1_V6.0.0, X-CUBE-MEMS1_V11.3.0, X-CUBE-NFC4_V3.0.0, X-CUBE-NFC7_V2.0.0, X-CUBE-SFXS2LP1_V4.0.0, X-CUBE-ST67W61_V1.0.0, X-CUBE-SUBG2_V5.0.0, X-CUBE-TOF1_V3.4.3]
2025-08-26 13:34:01,876 [ERROR] DbExamplesSqlite:437 - Missing JSON key: board_cpn
2025-08-26 13:34:01,876 [ERROR] DbExamplesSqlite:437 - Missing JSON key: board_cpn
2025-08-26 13:34:01,876 [ERROR] DbExamplesSqlite:437 - Missing JSON key: board_cpn
2025-08-26 13:34:01,876 [ERROR] DbExamplesSqlite:437 - Missing JSON key: board_cpn
2025-08-26 13:34:02,026 [ERROR] DbExamplesSqlite:437 - Missing JSON key: board_cpn
2025-08-26 13:34:02,028 [ERROR] DbExamplesSqlite:437 - Missing JSON key: board_cpn
2025-08-26 13:34:02,028 [ERROR] DbExamplesSqlite:437 - Missing JSON key: board_cpn
2025-08-26 13:34:02,028 [ERROR] DbExamplesSqlite:437 - Missing JSON key: board_cpn
2025-08-26 13:34:02,028 [ERROR] DbExamplesSqlite:437 - Missing JSON key: board_cpn
2025-08-26 13:34:02,028 [ERROR] DbExamplesSqlite:437 - Missing JSON key: board_cpn
2025-08-26 13:34:02,028 [ERROR] DbExamplesSqlite:437 - Missing JSON key: board_cpn
2025-08-26 13:34:02,028 [ERROR] DbExamplesSqlite:437 - Missing JSON key: board_cpn
2025-08-26 13:34:02,028 [ERROR] DbExamplesSqlite:437 - Missing JSON key: board_cpn
2025-08-26 13:34:02,239 [ERROR] DbExamplesSqlite:437 - Missing JSON key: board_cpn
2025-08-26 13:34:02,239 [ERROR] DbExamplesSqlite:437 - Missing JSON key: board_cpn
2025-08-26 13:34:02,242 [INFO] DbExamplesSqlite:395 - Ignored 33 examples not supported by CubeIDE
2025-08-26 13:34:02,242 [INFO] DbExamplesSqlite:396 - Found 10866 examples active
2025-08-26 13:34:02,243 [INFO] DbExamplesSqlite:397 - Found 0 examples obsolete
2025-08-26 13:34:02,243 [INFO] DbExamplesSqlite:398 - Found 0 examples under development
2025-08-26 13:34:02,243 [INFO] DbExamplesSqlite:399 - Found 65 examples not building
2025-08-26 13:34:02,246 [INFO] DbExamples:125 - Found 10898 examples
2025-08-26 13:34:02,262 [INFO] DbExamples:222 - Found 134 boards with related examples
2025-08-26 13:34:02,264 [INFO] DbExamples:235 - Found 111 MCUs with related examples
2025-08-26 13:34:02,287 [INFO] ApiDb:423 - Load user favorites file C:\Users\nisha/.stm32cubeide/favorites.examples.txt: 0 item(s)
2025-08-26 13:34:02,288 [INFO] ApiDb:427 - User favorites Examples=[]
2025-08-26 13:34:02,288 [INFO] DbExamples:250 - Set 0 / 0 favorites Examples
2025-08-26 13:34:02,800 [INFO] McuFinderGlobals:76 - Set McuFinderConnectedMode to true
2025-08-26 13:34:02,824 [INFO] MultiScanPanel:200 - Auto-refresh data requested => check proxy status ongoing
2025-08-26 13:34:02,837 [INFO] FinderPluginLoader:96 - Searching for filters in installed packs
2025-08-26 13:34:05,030 [INFO] LoadUrlFilesThread:185 - End of LoadServerUrlFiles without Thread
2025-08-26 13:34:05,173 [INFO] DetailPanel:341 - Set advertising image to C:/Users/nisha/STM32Cube/Repository/\en.2400x1350px.jpeg
2025-08-26 13:34:11,623 [INFO] MultiScanPanel:200 - Auto-refresh data requested => check proxy status ongoing
2025-08-26 13:34:11,862 [INFO] LoadUrlFilesThread:185 - End of LoadServerUrlFiles without Thread
2025-08-26 13:34:11,862 [INFO] DetailPanel:341 - Set advertising image to C:/Users/nisha/STM32Cube/Repository/\en.2400x1350px.jpeg
2025-08-26 13:34:11,876 [INFO] DbBoards:642 - Loading board mini-images...
2025-08-26 13:34:14,311 [ERROR] DbBoards:659 - Image file not found for board STM32MP215F-DK: C:\Users\nisha\.stmcufinder\plugins\mcufinder//mcu//boards_images/STM32MP215F-DK.jpg
2025-08-26 13:34:14,432 [INFO] DbBoards:665 - Loaded 211 board mini-images
2025-08-26 13:34:59,390 [INFO] MainUpdater:2872 - connection check result : 10
2025-08-26 13:34:59,390 [INFO] MainUpdater:2872 - connection check result : 10
2025-08-26 13:34:59,426 [INFO] MicroXplorer:468 - Change Database Path : 
2025-08-26 13:34:59,426 [INFO] MicroXplorer:498 - Change Database Version : DB.6.0.150
2025-08-26 13:34:59,435 [WARN] ThirdParty:871 - waiting for thirdparty lock release [close project]
2025-08-26 13:34:59,435 [INFO] ThirdParty:873 - entering critical section [close project]
2025-08-26 13:34:59,436 [INFO] ThirdParty:883 - exiting critical section [close project]
2025-08-26 13:34:59,439 [INFO] PinOutPanel:1589 - setPackage(No Configuration,No Configuration)
2025-08-26 13:34:59,440 [INFO] UtilMem:75 - Begin LoadConfig() Used Memory: 1055932616 Bytes (1073741824)
2025-08-26 13:34:59,447 [INFO] OpenFileManager:355 - Change cursor
2025-08-26 13:34:59,473 [WARN] IntegrityCheckThread:84 - waiting for thirdparty lock release [integrity check]
2025-08-26 13:34:59,473 [INFO] IntegrityCheckThread:86 - entering critical section [integrity check]
2025-08-26 13:35:00,760 [WARN] PackLoader:240 - Cannot read IP mode file for STMicroelectronics.FP-SNS-MOTENVWB1.1.4.0
2025-08-26 13:35:00,854 [WARN] PackLoader:240 - Cannot read IP mode file for STMicroelectronics.X-CUBE-SMBUS.2.1.0
2025-08-26 13:35:00,918 [WARN] PackLoader:240 - Cannot read IP mode file for STMicroelectronics.X-CUBE-WB05N.1.1.0
2025-08-26 13:35:00,951 [WARN] PackLoader:240 - Cannot read IP mode file for STMicroelectronics.X-CUBE-ST60.1.0.0
2025-08-26 13:35:01,043 [WARN] PackLoader:240 - Cannot read IP mode file for STMicroelectronics.X-CUBE-AZRTOS-F7.1.1.0
2025-08-26 13:35:01,141 [WARN] PackLoader:240 - Cannot read IP mode file for STMicroelectronics.X-CUBE-MEMS1.11.0.0
2025-08-26 13:35:01,296 [WARN] PackLoader:240 - Cannot read IP mode file for STMicroelectronics.FP-SNS-FLIGHT1.5.0.2
2025-08-26 13:35:01,352 [WARN] PackLoader:240 - Cannot read IP mode file for STMicroelectronics.X-CUBE-AZRTOS-H7.3.4.0
2025-08-26 13:35:01,380 [WARN] PackLoader:240 - Cannot read IP mode file for STMicroelectronics.X-CUBE-DISPLAY.3.0.0
2025-08-26 13:35:01,412 [WARN] PackLoader:240 - Cannot read IP mode file for STMicroelectronics.X-CUBE-BLE1.7.0.0
2025-08-26 13:35:01,439 [WARN] PackLoader:240 - Cannot read IP mode file for STMicroelectronics.X-CUBE-NFC10.1.0.0
2025-08-26 13:35:01,467 [WARN] PackLoader:240 - Cannot read IP mode file for STMicroelectronics.X-CUBE-BLEMGR.4.0.0
2025-08-26 13:35:01,496 [WARN] PackLoader:240 - Cannot read IP mode file for emotas.I-CUBE-CANOPEN.1.3.0
2025-08-26 13:35:01,526 [WARN] PackLoader:240 - Cannot read IP mode file for STMicroelectronics.X-CUBE-BLEMGR.3.1.0
2025-08-26 13:35:01,560 [WARN] PackLoader:240 - Cannot read IP mode file for STMicroelectronics.FP-SNS-STBOX1.2.1.0
2025-08-26 13:35:01,585 [WARN] PackLoader:240 - Cannot read IP mode file for STMicroelectronics.FP-SNS-SMARTAG2.1.2.0
2025-08-26 13:35:01,609 [WARN] PackLoader:240 - Cannot read IP mode file for STMicroelectronics.FP-SNS-FLIGHT1.5.1.0
2025-08-26 13:35:01,643 [INFO] LogOutputStream:77 - [STDOUT_REDIRECT] 1 : Invalid condition id : UX_CORESTACK_Condition cause : null
2025-08-26 13:35:01,644 [INFO] LogOutputStream:77 - [STDOUT_REDIRECT] 1 : Invalid condition id : UX_CORESTACK_Condition cause : null
2025-08-26 13:35:01,648 [INFO] LogOutputStream:77 - [STDOUT_REDIRECT] 1 : Invalid condition id : UX_CORESTACK_Condition cause : null
2025-08-26 13:35:01,651 [INFO] LogOutputStream:77 - [STDOUT_REDIRECT] 1 : Invalid condition id : UX_CORESTACK_Condition cause : null
2025-08-26 13:35:01,653 [INFO] LogOutputStream:77 - [STDOUT_REDIRECT] 1 : Invalid condition id : UX_CORESTACK_Condition cause : null
2025-08-26 13:35:01,655 [WARN] PackLoader:240 - Cannot read IP mode file for STMicroelectronics.X-CUBE-AZRTOS-WL.2.0.0
2025-08-26 13:35:01,680 [WARN] PackLoader:240 - Cannot read IP mode file for STMicroelectronics.FP-SNS-MOTENV1.5.0.0
2025-08-26 13:35:01,740 [WARN] PackLoader:240 - Cannot read IP mode file for wolfSSL.I-CUBE-wolfMQTT.1.19.0
2025-08-26 13:35:01,815 [WARN] PackLoader:240 - Cannot read IP mode file for WES.I-CUBE-Cesium.1.3.0
2025-08-26 13:35:01,851 [WARN] PackLoader:240 - Cannot read IP mode file for STMicroelectronics.X-CUBE-BLE2.3.3.0
2025-08-26 13:35:01,893 [WARN] PackLoader:240 - Cannot read IP mode file for STMicroelectronics.X-CUBE-NFC9.1.0.0
2025-08-26 13:35:01,928 [WARN] PackLoader:240 - Cannot read IP mode file for STMicroelectronics.X-CUBE-BLE1.7.1.0
2025-08-26 13:35:01,973 [WARN] PackLoader:240 - Cannot read IP mode file for STMicroelectronics.X-CUBE-TCPP.4.1.0
2025-08-26 13:35:02,023 [WARN] PackLoader:240 - Cannot read IP mode file for STMicroelectronics.X-CUBE-EEPRMA1.5.2.0
2025-08-26 13:35:02,059 [WARN] PackLoader:240 - Cannot read IP mode file for STMicroelectronics.X-CUBE-AI.10.1.0
2025-08-26 13:35:02,114 [WARN] PackLoader:240 - Cannot read IP mode file for STMicroelectronics.X-CUBE-AZRTOS-G0.1.1.0
2025-08-26 13:35:02,159 [WARN] PackLoader:240 - Cannot read IP mode file for STMicroelectronics.X-CUBE-SAFEA1.1.2.2
2025-08-26 13:35:02,189 [WARN] PackLoader:240 - Cannot read IP mode file for STMicroelectronics.X-CUBE-NFC4.3.0.0
2025-08-26 13:35:02,221 [WARN] PackLoader:240 - Cannot read IP mode file for EmbeddedOffice.I-CUBE-FS-RTOS.1.0.1
2025-08-26 13:35:02,255 [WARN] PackLoader:240 - Cannot read IP mode file for STMicroelectronics.X-CUBE-WB05N.2.0.0
2025-08-26 13:35:02,287 [WARN] PackLoader:240 - Cannot read IP mode file for STMicroelectronics.X-CUBE-TCPP.4.2.0
2025-08-26 13:35:02,314 [WARN] PackLoader:240 - Cannot read IP mode file for RealThread.X-CUBE-RT-Thread_Nano.4.1.1
2025-08-26 13:35:02,339 [WARN] PackLoader:240 - Cannot read IP mode file for wolfSSL.I-CUBE-wolfSSL.5.7.0
2025-08-26 13:35:02,363 [WARN] PackLoader:240 - Cannot read IP mode file for STMicroelectronics.FP-ATR-SIGFOX1.3.2.0
2025-08-26 13:35:02,388 [WARN] ConditionMgr:438 - getConditionDescription Invalid condition id : Cortex-A Device cause : null
2025-08-26 13:35:02,435 [WARN] ConditionMgr:1044 - genDependencies : Invalid condition id : Cortex-A Device cause : null
2025-08-26 13:35:02,436 [WARN] ConditionMgr:1044 - genDependencies : Invalid condition id : Cortex-A Device cause : null
2025-08-26 13:35:02,436 [WARN] ConditionMgr:1044 - genDependencies : Invalid condition id : Cortex-A Device cause : null
2025-08-26 13:35:02,461 [WARN] PackLoader:240 - Cannot read IP mode file for STMicroelectronics.X-CUBE-EEPRMA1.5.1.0
2025-08-26 13:35:02,493 [WARN] PackLoader:240 - Cannot read IP mode file for ITTIA_DB.I-CUBE-ITTIADB.8.9.0
2025-08-26 13:35:02,539 [WARN] PackLoader:240 - Cannot read IP mode file for STMicroelectronics.X-CUBE-ST67W61.1.0.0
2025-08-26 13:35:02,561 [WARN] PackLoader:240 - Cannot read IP mode file for STMicroelectronics.X-CUBE-AI.10.2.0
2025-08-26 13:35:02,610 [WARN] PackLoader:240 - Cannot read IP mode file for SEGGER.I-CUBE-embOS.1.3.1
2025-08-26 13:35:02,674 [WARN] PackLoader:240 - Cannot read IP mode file for STMicroelectronics.X-CUBE-ALGOBUILD.1.4.0
2025-08-26 13:35:02,738 [WARN] PackLoader:240 - Cannot read IP mode file for STMicroelectronics.X-CUBE-MEMS1.11.3.0
2025-08-26 13:35:02,844 [WARN] PackLoader:240 - Cannot read IP mode file for STMicroelectronics.X-CUBE-AI.9.1.0
2025-08-26 13:35:02,872 [WARN] PackLoader:240 - Cannot read IP mode file for STMicroelectronics.X-CUBE-PM33A1.1.0.0
2025-08-26 13:35:02,898 [WARN] PackLoader:240 - Cannot read IP mode file for STMicroelectronics.X-CUBE-GNSS1.6.0.0
2025-08-26 13:35:02,938 [WARN] PackLoader:240 - Cannot read IP mode file for STMicroelectronics.X-CUBE-AZRTOS-F4.1.1.0
2025-08-26 13:35:02,964 [WARN] PackLoader:240 - Cannot read IP mode file for Avnet-IotConnect.X-CUBE-IoTC-DA16k-PMOD.1.0.0
2025-08-26 13:35:02,994 [WARN] PackLoader:240 - Cannot read IP mode file for STMicroelectronics.X-CUBE-ISPU.2.1.0
2025-08-26 13:35:03,028 [WARN] PackLoader:240 - Cannot read IP mode file for STMicroelectronics.X-CUBE-FREERTOS.1.2.0
2025-08-26 13:35:03,059 [WARN] PackLoader:240 - Cannot read IP mode file for STMicroelectronics.X-CUBE-NFC12.1.0.0
2025-08-26 13:35:03,112 [WARN] PackLoader:240 - Cannot read IP mode file for STMicroelectronics.X-CUBE-AZRTOS-L5.2.0.0
2025-08-26 13:35:03,143 [WARN] PackLoader:240 - Cannot read IP mode file for STMicroelectronics.X-CUBE-NFC6.3.1.0
2025-08-26 13:35:03,173 [WARN] PackLoader:240 - Cannot read IP mode file for STMicroelectronics.X-CUBE-DPower.1.2.0
2025-08-26 13:35:03,195 [WARN] PackLoader:240 - Cannot read IP mode file for STMicroelectronics.X-CUBE-AI.9.0.0
2025-08-26 13:35:03,219 [WARN] PackLoader:240 - Cannot read IP mode file for STMicroelectronics.X-CUBE-FREERTOS.1.3.1
2025-08-26 13:35:03,252 [WARN] PackLoader:240 - Cannot read IP mode file for STMicroelectronics.X-CUBE-NFC7.1.0.1
2025-08-26 13:35:03,288 [WARN] PackLoader:240 - Cannot read IP mode file for wolfSSL.I-CUBE-wolfTPM.3.2.0
2025-08-26 13:35:03,325 [WARN] PackLoader:240 - Cannot read IP mode file for STMicroelectronics.FP-SNS-STAIOTCFT.1.0.0
2025-08-26 13:35:03,350 [WARN] PackLoader:240 - Cannot read IP mode file for STMicroelectronics.X-CUBE-DPower.1.3.0
2025-08-26 13:35:03,393 [WARN] ConditionMgr:438 - getConditionDescription Invalid condition id : LAN8742 Phy interface Condition cause : null
2025-08-26 13:35:03,394 [WARN] PackLoader:240 - Cannot read IP mode file for STMicroelectronics.X-CUBE-AZRTOS-L4.2.0.0
2025-08-26 13:35:03,394 [WARN] ConditionMgr:1044 - genDependencies : Invalid condition id : LAN8742 Phy interface Condition cause : null
2025-08-26 13:35:03,394 [WARN] ConditionMgr:1044 - genDependencies : Invalid condition id : LAN8742 Phy interface Condition cause : null
2025-08-26 13:35:03,395 [WARN] ConditionMgr:1044 - genDependencies : Invalid condition id : LAN8742 Phy interface Condition cause : null
2025-08-26 13:35:03,420 [WARN] PackLoader:240 - Cannot read IP mode file for STMicroelectronics.X-CUBE-SFXS2LP1.4.0.0
2025-08-26 13:35:03,463 [WARN] PackLoader:240 - Cannot read IP mode file for STMicroelectronics.X-CUBE-AZRTOS-H7.3.3.0
2025-08-26 13:35:03,495 [WARN] PackLoader:240 - Cannot read IP mode file for STMicroelectronics.X-CUBE-BLEMGR.4.1.0
2025-08-26 13:35:03,530 [WARN] PackLoader:240 - Cannot read IP mode file for STMicroelectronics.X-CUBE-IPS.3.0.0
2025-08-26 13:35:03,568 [WARN] ConditionMgr:438 - getConditionDescription Invalid condition id : UX DEVICE CLASS RTOS Condition cause : null
2025-08-26 13:35:03,569 [WARN] ConditionMgr:438 - getConditionDescription Invalid condition id : UX DEVICE CLASS RTOS Condition cause : null
2025-08-26 13:35:03,570 [WARN] PackLoader:240 - Cannot read IP mode file for STMicroelectronics.X-CUBE-AZRTOS-WB.2.0.0
2025-08-26 13:35:03,570 [WARN] ConditionMgr:1044 - genDependencies : Invalid condition id : UX DEVICE CLASS RTOS Condition cause : null
2025-08-26 13:35:03,570 [WARN] ConditionMgr:1044 - genDependencies : Invalid condition id : UX DEVICE CLASS RTOS Condition cause : null
2025-08-26 13:35:03,570 [WARN] ConditionMgr:1044 - genDependencies : Invalid condition id : UX DEVICE CLASS RTOS Condition cause : null
2025-08-26 13:35:03,571 [WARN] ConditionMgr:1044 - genDependencies : Invalid condition id : UX DEVICE CLASS RTOS Condition cause : null
2025-08-26 13:35:03,571 [WARN] ConditionMgr:1044 - genDependencies : Invalid condition id : UX DEVICE CLASS RTOS Condition cause : null
2025-08-26 13:35:03,592 [WARN] PackLoader:240 - Cannot read IP mode file for STMicroelectronics.X-CUBE-GNSS1.7.0.0
2025-08-26 13:35:03,615 [WARN] PackLoader:240 - Cannot read IP mode file for STMicroelectronics.X-CUBE-GNSS1.7.0.1
2025-08-26 13:35:03,646 [WARN] PackLoader:240 - Cannot read IP mode file for STMicroelectronics.X-CUBE-TOUCHGFX.4.25.0
2025-08-26 13:35:03,670 [WARN] PackLoader:240 - Cannot read IP mode file for STMicroelectronics.FP-SNS-STBOX1.2.0.0
2025-08-26 13:35:03,703 [WARN] PackLoader:240 - Cannot read IP mode file for STMicroelectronics.X-CUBE-SUBG2.5.0.0
2025-08-26 13:35:03,744 [WARN] PackLoader:240 - Cannot read IP mode file for STMicroelectronics.X-CUBE-AZRTOS-H7RS.1.1.0
2025-08-26 13:35:03,775 [WARN] PackLoader:240 - Cannot read IP mode file for Cesanta.I-CUBE-Mongoose.7.13.0
2025-08-26 13:35:03,817 [WARN] PackLoader:240 - Cannot read IP mode file for STMicroelectronics.X-CUBE-AZRTOS-G4.2.0.0
2025-08-26 13:35:03,841 [WARN] PackLoader:240 - Cannot read IP mode file for STMicroelectronics.X-CUBE-NFC7.2.0.0
2025-08-26 13:35:03,862 [WARN] PackLoader:240 - Cannot read IP mode file for STMicroelectronics.X-CUBE-ISPU.2.0.0
2025-08-26 13:35:03,886 [WARN] PackLoader:240 - Cannot read IP mode file for STMicroelectronics.X-CUBE-IPS.3.1.0
2025-08-26 13:35:03,909 [WARN] PackLoader:240 - Cannot read IP mode file for STMicroelectronics.X-CUBE-ALS.1.0.2
2025-08-26 13:35:03,976 [WARN] PackLoader:240 - Cannot read IP mode file for STMicroelectronics.X-CUBE-MEMS1.10.0.0
2025-08-26 13:35:04,105 [WARN] PackLoader:240 - Cannot read IP mode file for STMicroelectronics.X-CUBE-TOUCHGFX.4.24.0
2025-08-26 13:35:04,135 [WARN] PackLoader:240 - Cannot read IP mode file for STMicroelectronics.X-CUBE-TOUCHGFX.4.24.1
2025-08-26 13:35:04,169 [WARN] PackLoader:240 - Cannot read IP mode file for portGmbH.I-Cube-SoM-uGOAL.1.1.0
2025-08-26 13:35:04,225 [WARN] PackLoader:240 - Cannot read IP mode file for STMicroelectronics.X-CUBE-AZRTOS-H7RS.1.0.0
2025-08-26 13:35:04,255 [WARN] PackLoader:240 - Cannot read IP mode file for STMicroelectronics.FP-ATR-ASTRA1.2.0.0
2025-08-26 13:35:04,311 [WARN] PackLoader:240 - Cannot read IP mode file for STMicroelectronics.X-CUBE-TOF1.3.4.2
2025-08-26 13:35:04,383 [WARN] PackLoader:240 - Cannot read IP mode file for STMicroelectronics.X-CUBE-TOF1.3.4.3
2025-08-26 13:35:04,431 [WARN] PackLoader:240 - Cannot read IP mode file for STMicroelectronics.X-CUBE-TOF1.3.4.1
2025-08-26 13:35:04,490 [WARN] PackLoader:240 - Cannot read IP mode file for STMicroelectronics.X-CUBE-AZRTOS-H7.3.2.0
2025-08-26 13:35:04,644 [WARN] PackLoader:240 - Cannot read IP mode file for Infineon.AIROC-Wi-Fi-Bluetooth-STM32.1.6.0
2025-08-26 13:35:04,670 [WARN] PackLoader:240 - Cannot read IP mode file for wolfSSL.I-CUBE-wolfSSH.1.4.17
2025-08-26 13:35:04,670 [INFO] ThirdParty:978 - Integrity check success = true
2025-08-26 13:35:04,670 [INFO] IntegrityCheckThread:100 - exiting critical section [integrity check]
2025-08-26 13:35:04,670 [INFO] IntegrityCheckThread:103 - End integrity checks thread
2025-08-26 13:35:04,731 [INFO] ProjectFactory:514 - No CPN specified for board STM32F407G-DISC1 => set CPN to STM32F407VGT6
2025-08-26 13:35:04,731 [INFO] Mcu:2029 - Initializing MCU STM32F407V(E-G)Tx STM32F407VGTx STM32F407VGT6
2025-08-26 13:35:07,727 [INFO] Context:786 - Trying to add GPIOservice into a context  which must be forbidden
2025-08-26 13:35:08,576 [INFO] Rule:233 - rule 117617 - U5Cobra4M][GTZC] default value MPCBB3 and MPCBB5 - Not Secured memory - MPCBB1 is applicable
2025-08-26 13:35:08,576 [INFO] Rule:233 - rule 117617 - U5Cobra4M][GTZC] default value MPCBB3 and MPCBB5 - Not Secured memory - MPCBB1 is applicable
2025-08-26 13:35:08,576 [INFO] Rule:233 - rule 117617 - U5Cobra4M][GTZC] default value MPCBB3 and MPCBB5 - Not Secured memory - MPCBB2 is applicable
2025-08-26 13:35:08,576 [INFO] Rule:233 - rule 117617 - U5Cobra4M][GTZC] default value MPCBB3 and MPCBB5 - Not Secured memory - MPCBB2 is applicable
2025-08-26 13:35:08,576 [INFO] Rule:233 - rule 117617 - U5Cobra4M][GTZC] default value MPCBB3 and MPCBB5 - Not Secured memory - MPCBB3 is applicable
2025-08-26 13:35:08,576 [INFO] Rule:233 - rule 117617 - U5Cobra4M][GTZC] default value MPCBB3 and MPCBB5 - Not Secured memory - MPCBB3 is applicable
2025-08-26 13:35:08,576 [INFO] Rule:233 - rule 117617 - U5Cobra4M][GTZC] default value MPCBB3 and MPCBB5 - Not Secured memory - MPCBB4 is applicable
2025-08-26 13:35:08,576 [INFO] Rule:233 - rule 117617 - U5Cobra4M][GTZC] default value MPCBB3 and MPCBB5 - Not Secured memory - MPCBB4 is applicable
2025-08-26 13:35:08,576 [INFO] Rule:233 - rule 117617 - U5Cobra4M][GTZC] default value MPCBB3 and MPCBB5 - Secured memory - MPCBB1 is applicable
2025-08-26 13:35:08,576 [INFO] Rule:233 - rule 117617 - U5Cobra4M][GTZC] default value MPCBB3 and MPCBB5 - Secured memory - MPCBB2 is applicable
2025-08-26 13:35:08,576 [INFO] Rule:233 - rule 117617 - U5Cobra4M][GTZC] default value MPCBB3 and MPCBB5 - Secured memory - MPCBB3 is applicable
2025-08-26 13:35:08,576 [INFO] Rule:233 - rule 117617 - U5Cobra4M][GTZC] default value MPCBB3 and MPCBB5 - Secured memory - MPCBB4 is applicable
2025-08-26 13:35:08,576 [INFO] Rule:233 - rule 117617 - U5Cobra4M][GTZC] default value MPCBB3 and MPCBB5 - Privileged memory - MPCBB1 is applicable
2025-08-26 13:35:08,576 [INFO] Rule:233 - rule 117617 - U5Cobra4M][GTZC] default value MPCBB3 and MPCBB5 - Privileged memory - MPCBB2 is applicable
2025-08-26 13:35:08,576 [INFO] Rule:233 - rule 117617 - U5Cobra4M][GTZC] default value MPCBB3 and MPCBB5 - Privileged memory - MPCBB3 is applicable
2025-08-26 13:35:08,576 [INFO] Rule:233 - rule 117617 - U5Cobra4M][GTZC] default value MPCBB3 and MPCBB5 - Privileged memory - MPCBB4 is applicable
2025-08-26 13:35:08,576 [INFO] Rule:233 - rule 117617 - U5Cobra4M][GTZC] default value MPCBB3 and MPCBB5 - Not Privileged memory - MPCBB1 is applicable
2025-08-26 13:35:08,576 [INFO] Rule:233 - rule 117617 - U5Cobra4M][GTZC] default value MPCBB3 and MPCBB5 - Not Privileged memory - MPCBB2 is applicable
2025-08-26 13:35:08,576 [INFO] Rule:233 - rule 117617 - U5Cobra4M][GTZC] default value MPCBB3 and MPCBB5 - Not Privileged memory - MPCBB3 is applicable
2025-08-26 13:35:08,576 [INFO] Rule:233 - rule 117617 - U5Cobra4M][GTZC] default value MPCBB3 and MPCBB5 - Not Privileged memory - MPCBB4 is applicable
2025-08-26 13:35:08,576 [INFO] Rule:233 - rule 117617 - U5Cobra4M][GTZC] default value MPCBB3 and MPCBB5 - Privileged memory - MPCBB1 is applicable
2025-08-26 13:35:08,576 [INFO] Rule:233 - rule 117617 - U5Cobra4M][GTZC] default value MPCBB3 and MPCBB5 - Privileged memory - MPCBB2 is applicable
2025-08-26 13:35:08,576 [INFO] Rule:233 - rule 117617 - U5Cobra4M][GTZC] default value MPCBB3 and MPCBB5 - Privileged memory - MPCBB3 is applicable
2025-08-26 13:35:08,576 [INFO] Rule:233 - rule 117617 - U5Cobra4M][GTZC] default value MPCBB3 and MPCBB5 - Privileged memory - MPCBB4 is applicable
2025-08-26 13:35:08,576 [INFO] Rule:233 - rule 117617 - U5Cobra4M][GTZC] default value MPCBB3 and MPCBB5 - Privileged memory - MPCBB1 is applicable
2025-08-26 13:35:08,576 [INFO] Rule:233 - rule 117617 - U5Cobra4M][GTZC] default value MPCBB3 and MPCBB5 - Privileged memory - MPCBB2 is applicable
2025-08-26 13:35:08,576 [INFO] Rule:233 - rule 117617 - U5Cobra4M][GTZC] default value MPCBB3 and MPCBB5 - Privileged memory - MPCBB3 is applicable
2025-08-26 13:35:08,576 [INFO] Rule:233 - rule 117617 - U5Cobra4M][GTZC] default value MPCBB3 and MPCBB5 - Privileged memory - MPCBB4 is applicable
2025-08-26 13:35:08,576 [INFO] Rule:233 - rule 117617 - U5Cobra4M][GTZC] default value MPCBB3 and MPCBB5 - Not Privileged memory - MPCBB1 is applicable
2025-08-26 13:35:08,576 [INFO] Rule:233 - rule 117617 - U5Cobra4M][GTZC] default value MPCBB3 and MPCBB5 - Not Privileged memory - MPCBB2 is applicable
2025-08-26 13:35:08,576 [INFO] Rule:233 - rule 117617 - U5Cobra4M][GTZC] default value MPCBB3 and MPCBB5 - Not Privileged memory - MPCBB3 is applicable
2025-08-26 13:35:08,576 [INFO] Rule:233 - rule 117617 - U5Cobra4M][GTZC] default value MPCBB3 and MPCBB5 - Not Privileged memory - MPCBB4 is applicable
2025-08-26 13:35:08,576 [INFO] Rule:233 - rule 117617 - U5Cobra4M][GTZC] default value MPCBB3 and MPCBB5 - Privileged memory - MPCBB1 is applicable
2025-08-26 13:35:08,576 [INFO] Rule:233 - rule 117617 - U5Cobra4M][GTZC] default value MPCBB3 and MPCBB5 - Privileged memory - MPCBB2 is applicable
2025-08-26 13:35:08,576 [INFO] Rule:233 - rule 117617 - U5Cobra4M][GTZC] default value MPCBB3 and MPCBB5 - Privileged memory - MPCBB3 is applicable
2025-08-26 13:35:08,576 [INFO] Rule:233 - rule 117617 - U5Cobra4M][GTZC] default value MPCBB3 and MPCBB5 - Privileged memory - MPCBB4 is applicable
2025-08-26 13:35:08,576 [INFO] Rule:233 - rule Rename SubGHz_Phy SUBGHZ_APPLICATION SUBGHZ_PINGPONG to SUBGHZ_ADV_APPLICATION is applicable
2025-08-26 13:35:08,576 [INFO] Rule:233 - rule Rename Enabled to IBEACON is applicable
2025-08-26 13:35:08,576 [INFO] Rule:233 - rule GTZC_S instance for project manager is applicable
2025-08-26 13:35:08,576 [INFO] Rule:233 - rule GTZC_S instance for context M33S is applicable
2025-08-26 13:35:08,576 [INFO] Rule:233 - rule GTZC_S instance value for IP GTZC is applicable
2025-08-26 13:35:08,576 [INFO] Rule:233 - rule GTZC_S instance for mcu.IP is applicable
2025-08-26 13:35:08,576 [INFO] Rule:233 - rule GTZC_S instance for VP is applicable
2025-08-26 13:35:08,576 [INFO] Rule:233 - rule GTZC_S instance for signal is applicable
2025-08-26 13:35:08,576 [INFO] Rule:233 - rule GTZC_S instance for mcu.Pin is applicable
2025-08-26 13:35:08,576 [INFO] Rule:233 - rule GTZC_S instance for VP is applicable
2025-08-26 13:35:08,576 [INFO] Rule:233 - rule GTZC_S instance for signal is applicable
2025-08-26 13:35:08,576 [INFO] Rule:233 - rule GTZC_S instance for mcu is applicable
2025-08-26 13:35:08,576 [INFO] Rule:233 - rule GTZC_S instance for mcu.Pin is applicable
2025-08-26 13:35:08,576 [INFO] Rule:233 - rule GTZC_S instance value for IP GTZC is applicable
2025-08-26 13:35:08,576 [INFO] Rule:233 - rule GTZC_S instance for project manager is applicable
2025-08-26 13:35:08,576 [INFO] Rule:233 - rule GTZC_S instance for context M33S is applicable
2025-08-26 13:35:08,576 [INFO] Rule:233 - rule GTZC_S instance for VP is applicable
2025-08-26 13:35:08,576 [INFO] Rule:233 - rule GTZC_S instance for signal is applicable
2025-08-26 13:35:08,576 [INFO] Rule:233 - rule SPDIFRX instance for mcu is applicable
2025-08-26 13:35:08,576 [INFO] Rule:233 - rule Rename Tracer Mode is applicable
2025-08-26 13:35:08,576 [INFO] Rule:233 - rule SPDIFRX instance value for IP SPDIFRX is applicable
2025-08-26 13:35:08,576 [INFO] Rule:233 - rule SPDIFRX instance for signal is applicable
2025-08-26 13:35:08,576 [INFO] Rule:233 - rule SPDIFRX instance for project manager is applicable
2025-08-26 13:35:08,576 [INFO] Rule:233 - rule SPDIFRX instance for project manager is applicable
2025-08-26 13:35:08,576 [INFO] Rule:233 - rule ADC Scan  fix with FW F7 is applicable
2025-08-26 13:35:08,576 [INFO] Rule:233 - rule ADC Scan  fix with FW F7 is applicable
2025-08-26 13:35:08,576 [INFO] Rule:233 - rule WakeUp0 Mode is applicable
2025-08-26 13:35:08,576 [INFO] Rule:233 - rule WakeUp0 SIGNAL is applicable
2025-08-26 13:35:08,576 [INFO] Rule:233 - rule WakeUp1 Mode is applicable
2025-08-26 13:35:08,576 [INFO] Rule:233 - rule WakeUp1 SIGNAL is applicable
2025-08-26 13:35:08,576 [INFO] Rule:233 - rule WakeUp2 Mode is applicable
2025-08-26 13:35:08,576 [INFO] Rule:233 - rule WakeUp2 SIGNAL is applicable
2025-08-26 13:35:08,576 [INFO] Rule:233 - rule WakeUp4 Mode is applicable
2025-08-26 13:35:08,576 [INFO] Rule:233 - rule WakeUp4 SIGNAL is applicable
2025-08-26 13:35:08,576 [INFO] Rule:233 - rule WakeUp5 Mode is applicable
2025-08-26 13:35:08,576 [INFO] Rule:233 - rule WakeUp5 SIGNAL is applicable
2025-08-26 13:35:08,576 [INFO] Rule:233 - rule UART/USART WORD LENGTH 7 is applicable
2025-08-26 13:35:08,576 [INFO] Rule:233 - rule UART/USART WORD LENGTH 8 is applicable
2025-08-26 13:35:08,576 [INFO] Rule:233 - rule UART/USART WORD LENGTH 9 is applicable
2025-08-26 13:35:08,576 [INFO] Rule:233 - rule Change Default Value for LSE Drive Capability for WB family is applicable
2025-08-26 13:35:08,576 [INFO] Rule:233 - rule Change Default Value for ADC Clock Prescaler G0 family is applicable
2025-08-26 13:35:08,576 [INFO] Rule:233 - rule ADC SamplingTime fix with FW L0  is applicable
2025-08-26 13:35:08,576 [INFO] Rule:233 - rule ADC SamplingTime fix with FW L0  is applicable
2025-08-26 13:35:08,576 [INFO] Rule:233 - rule ADC SamplingTime fix with FW L0 is applicable
2025-08-26 13:35:08,576 [INFO] Rule:233 - rule ADC SamplingTime fix with FW L0 is applicable
2025-08-26 13:35:08,576 [INFO] Rule:233 - rule ADC SamplingTime fix with FW L0  is applicable
2025-08-26 13:35:08,576 [INFO] Rule:233 - rule ADC SamplingTime fix with FW L0 is applicable
2025-08-26 13:35:08,576 [INFO] Rule:233 - rule Rename USB_OE Signal is applicable
2025-08-26 13:35:08,576 [INFO] Rule:233 - rule Rename Activate_OE Mode is applicable
2025-08-26 13:35:08,576 [INFO] Rule:233 - rule Rename DIE462/DIE415 pin PC14/OSC32_IN -> PC14-OSC32_IN (PC14) is applicable
2025-08-26 13:35:08,576 [INFO] Rule:233 - rule Rename DIE462/DIE415 pin PC15/OSC32_OUT -> PC15-OSC32_OUT (PC15) is applicable
2025-08-26 13:35:08,576 [INFO] Rule:233 - rule Rename DIE462/DIE415 pin PH0/OSC_IN -> PH0-OSC_IN (PH0) is applicable
2025-08-26 13:35:08,576 [INFO] Rule:233 - rule Rename DIE462/DIE415 pin PH1/OSC_OUT -> PH1-OSC_OUT (PH1) is applicable
2025-08-26 13:35:08,576 [INFO] Rule:233 - rule Rename DIE462 pin PA13 -> PA13 (JTMS/SWDIO) is applicable
2025-08-26 13:35:08,576 [INFO] Rule:233 - rule Rename DIE415 pin PA13 -> PA13 (JTMS/SWDIO) is applicable
2025-08-26 13:35:08,576 [INFO] Rule:233 - rule Rename DIE462 pin PA14 -> PA14 (JTCK/SWCLK) is applicable
2025-08-26 13:35:08,576 [INFO] Rule:233 - rule Rename DIE415 pin PA14 -> PA14 (JTCK/SWCLK) is applicable
2025-08-26 13:35:08,576 [INFO] Rule:233 - rule Rename DIE462/DIE415 pin PA15 -> PA15 (JTDI) is applicable
2025-08-26 13:35:08,576 [INFO] Rule:233 - rule Rename DIE462 pin PB3 -> PB3 (JTD0/TRACESWO) is applicable
2025-08-26 13:35:08,576 [INFO] Rule:233 - rule Rename DIE415 pin PB3 -> PB3 (JTD0-TRACESWO) is applicable
2025-08-26 13:35:08,576 [INFO] Rule:233 - rule Rename DIE462/DIE415 pin PB4 -> PB4 (NJTRST) is applicable
2025-08-26 13:35:08,576 [INFO] Rule:233 - rule Rename DIE462 pin PH3/BOOT0 -> PH3-BOOT0 (BOOT0) is applicable
2025-08-26 13:35:08,576 [INFO] Rule:233 - rule Rename CRYP DataEncryptionTypesList to Algorithm is applicable
2025-08-26 13:35:08,576 [INFO] Rule:233 - rule Rename AES DataEncryptionTypesList to Algorithm is applicable
2025-08-26 13:35:08,576 [INFO] Rule:233 - rule Rename TDESECB to CRYP_TDES_ECB is applicable
2025-08-26 13:35:08,576 [INFO] Rule:233 - rule Rename TDESCBC to CRYP_TDES_CBC is applicable
2025-08-26 13:35:08,576 [INFO] Rule:233 - rule Rename DESECB to CRYP_DES_ECB is applicable
2025-08-26 13:35:08,576 [INFO] Rule:233 - rule Rename DESCBC to CRYP_DES_CBC is applicable
2025-08-26 13:35:08,576 [INFO] Rule:233 - rule Rename AESECB to CRYP_AES_ECB is applicable
2025-08-26 13:35:08,576 [INFO] Rule:233 - rule Rename AESCBC to CRYP_AES_CBC is applicable
2025-08-26 13:35:08,576 [INFO] Rule:233 - rule Rename AESCTR to CRYP_AES_CTR is applicable
2025-08-26 13:35:08,576 [INFO] Rule:233 - rule Rename AESGCM to CRYP_AES_GCM is applicable
2025-08-26 13:35:08,576 [INFO] Rule:233 - rule Rename AESCCM to CRYP_AES_CCM is applicable
2025-08-26 13:35:08,576 [INFO] Rule:233 - rule Rename CAN TimeSeg1 to BS1 is applicable
2025-08-26 13:35:08,576 [INFO] Rule:233 - rule Rename CAN TimeSeg2 to BS2 is applicable
2025-08-26 13:35:08,576 [INFO] Rule:233 - rule Rename CAN SyncJumpWidth to SJW is applicable
2025-08-26 13:35:08,576 [INFO] Rule:233 - rule TimeTriggeredMode to TTCM is applicable
2025-08-26 13:35:08,576 [INFO] Rule:233 - rule Rename CAN AutoBusOff to ABOM is applicable
2025-08-26 13:35:08,576 [INFO] Rule:233 - rule Rename CAN AutoWakeUp to AWUM is applicable
2025-08-26 13:35:08,576 [INFO] Rule:233 - rule Rename CAN AutoRetransmission to NART is applicable
2025-08-26 13:35:08,576 [INFO] Rule:233 - rule Rename CAN ReceiveFifoLocked to RFLM is applicable
2025-08-26 13:35:08,576 [INFO] Rule:233 - rule Rename CAN TransmitFifoPriority to TXFP is applicable
2025-08-26 13:35:08,576 [INFO] Rule:233 - rule Rename HRTIMER HRTIM_OUTPUTFAULTLEVEL_HIGH in HRTIMER HRTIM_OUTPUTFAULTLEVEL_HIGHZ is applicable
2025-08-26 13:35:08,576 [INFO] Rule:233 - rule Rename TIMER TIM_CLEARINPUTSOURCE_OCREFCLR in  TIMER TIM_CLEARINPUTSOURCE_NONE for F7 family is applicable
2025-08-26 13:35:08,576 [INFO] Rule:233 - rule FDCAN_R1 - Rename FDCAN mode Master into Classic is applicable
2025-08-26 13:35:08,576 [INFO] Rule:233 - rule FDCAN_R2 - Rename FDCAN mode Slave into Classic is applicable
2025-08-26 13:35:08,576 [INFO] Rule:233 - rule FDCAN1_R3 - if PA10.Mode=FullDuplex, add Pin PA12 is applicable
2025-08-26 13:35:08,576 [INFO] Rule:233 - rule FDCAN1_R3 - if PA9.Mode=FullDuplex, add Pin PA11 is applicable
2025-08-26 13:35:08,576 [INFO] Rule:233 - rule FDCAN1_R3 - Alternatepin_1 - if PE1.Mode=FullDuplex, add Pin PB9 is applicable
2025-08-26 13:35:08,576 [INFO] Rule:233 - rule FDCAN1_R3 - Alternatepin_1 - if PE0.Mode=FullDuplex, add Pin PB8 is applicable
2025-08-26 13:35:08,576 [INFO] Rule:233 - rule FDCAN1_R3 - Alternatepin_2 - if PD5.Mode=FullDuplex, add Pin PD1 is applicable
2025-08-26 13:35:08,576 [INFO] Rule:233 - rule FDCAN1_R3 - Alternatepin_2 - if PD4.Mode=FullDuplex, add Pin PD0 is applicable
2025-08-26 13:35:08,576 [INFO] Rule:233 - rule FDCAN1_R4 - Rename Mode FullDuplex into Enable FDCAN_TXFD for pin PA10 is applicable
2025-08-26 13:35:08,576 [INFO] Rule:233 - rule FDCAN1_R4 - Rename Mode FullDuplex into Enable FDCAN_TXFD for pin PA9 is applicable
2025-08-26 13:35:08,576 [INFO] Rule:233 - rule FDCAN1_R4 - Alternatepin_1 - Rename Mode FullDuplex into Enable FDCAN_TXFD for pin PE1 is applicable
2025-08-26 13:35:08,576 [INFO] Rule:233 - rule FDCAN1_R4 - Alternatepin_1 - Rename Mode FullDuplex into Enable FDCAN_TXFD for pin PE0 is applicable
2025-08-26 13:35:08,576 [INFO] Rule:233 - rule FDCAN1_R4 - Alternatepin_2 - Rename Mode FullDuplex into Enable FDCAN_TXFD for pin PD5 is applicable
2025-08-26 13:35:08,576 [INFO] Rule:233 - rule FDCAN1_R4 - Alternatepin_2 - Rename Mode FullDuplex into Enable FDCAN_TXFD for pin PD4 is applicable
2025-08-26 13:35:08,576 [INFO] Rule:233 - rule FDCAN2_R3 - if PD10.Mode=FullDuplex, add Pin PB13 is applicable
2025-08-26 13:35:08,576 [INFO] Rule:233 - rule FDCAN2_R3 - if PD9.Mode=FullDuplex, add Pin PB12 is applicable
2025-08-26 13:35:08,576 [INFO] Rule:233 - rule FDCAN2_R3 - Alternatepin_1 - if PB7.Mode=FullDuplex, add Pin PB6 is applicable
2025-08-26 13:35:08,582 [INFO] Rule:233 - rule FDCAN2_R3 - Alternatepin_1 - if PD9.Mode=FullDuplex, add Pin PB12 is applicable
2025-08-26 13:35:08,583 [INFO] Rule:233 - rule FDCAN2_R4 - Rename Mode FullDuplex into Enable FDCAN_TXFD for pin PD10 is applicable
2025-08-26 13:35:08,584 [INFO] Rule:233 - rule FDCAN2_R4 - Rename Mode FullDuplex into Enable FDCAN_TXFD for pin PD9 is applicable
2025-08-26 13:35:08,586 [INFO] Rule:233 - rule FDCAN2_R4 - Alternatepin_1 - Rename Mode FullDuplex into Enable FDCAN_TXFD for pin PB7 is applicable
2025-08-26 13:35:08,586 [INFO] Rule:233 - rule FDCAN2_R4 - Alternatepin_1 - Rename Mode FullDuplex into Enable FDCAN_TXFD for pin PD6 is applicable
2025-08-26 13:35:08,586 [INFO] Rule:233 - rule USART TxPinLevelInvertParam Mode is applicable
2025-08-26 13:35:08,586 [INFO] Rule:233 - rule USART RxPinLevelInvertParam Mode is applicable
2025-08-26 13:35:08,586 [INFO] Rule:233 - rule USART DataInvertParam Mode is applicable
2025-08-26 13:35:08,586 [INFO] Rule:233 - rule USART SwapParam Mode is applicable
2025-08-26 13:35:08,586 [INFO] Rule:233 - rule USART OverrunDisableParam Mode is applicable
2025-08-26 13:35:08,586 [INFO] Rule:233 - rule USART DMADisableonRxErrorParam Mode is applicable
2025-08-26 13:35:08,586 [INFO] Rule:233 - rule USART MSBFirstParam Mode is applicable
2025-08-26 13:35:08,586 [INFO] Rule:233 - rule Update MwName for USB_DEVICE is applicable
2025-08-26 13:35:08,586 [INFO] Rule:233 - rule Change PWR_Regulator_Voltage_Scale Default Value for RCC  H7 family is applicable
2025-08-26 13:35:08,586 [INFO] Rule:233 - rule UART/USART IPParameter rename Prescaler parameter to ClockPrescaler is applicable
2025-08-26 13:35:08,586 [INFO] Rule:233 - rule UART/USART Prescaler rename Prescaler parameter to ClockPrescaler is applicable
2025-08-26 13:35:08,586 [INFO] Rule:233 - rule TIM1CLockSelection is applicable
2025-08-26 13:35:08,586 [INFO] Rule:233 - rule TIM15CLockSelection is applicable
2025-08-26 13:35:08,586 [INFO] Rule:233 - rule align RCC SDMMC3CLockSelection default value on MP1 is applicable
2025-08-26 13:35:08,586 [INFO] Rule:233 - rule align RCC SDMMC12CLockSelection default value on MP1 is applicable
2025-08-26 13:35:08,586 [INFO] Rule:233 - rule align RCC QSPICLockSelection default value on MP1 is applicable
2025-08-26 13:35:08,586 [INFO] Rule:233 - rule align RCC QSPICLockSelection default value on MP1 is applicable
2025-08-26 13:35:08,586 [INFO] Rule:233 - rule align RCC SPI6CLockSelection default value on MP1 is applicable
2025-08-26 13:35:08,586 [INFO] Rule:233 - rule align RCC LPTIM23CLockSelection default value on MP1 is applicable
2025-08-26 13:35:08,586 [INFO] Rule:233 - rule align RCC LPTIM1CLockSelection default value on MP1 is applicable
2025-08-26 13:35:08,586 [INFO] Rule:233 - rule align RCC USART1CLockSelection default value on MP1 is applicable
2025-08-26 13:35:08,586 [INFO] Rule:233 - rule align RCC USART24CLockSelection default value on MP1 is applicable
2025-08-26 13:35:08,586 [INFO] Rule:233 - rule align RCC USART6CLockSelection default value on MP1 is applicable
2025-08-26 13:35:08,586 [INFO] Rule:233 - rule align RCC UART78CLockSelection default value on MP1 is applicable
2025-08-26 13:35:08,586 [INFO] Rule:233 - rule align RCC USART35CLockSelection default value on MP1 is applicable
2025-08-26 13:35:08,586 [INFO] Rule:233 - rule align RCC SPI45CLockSelection default value on MP1 is applicable
2025-08-26 13:35:08,586 [INFO] Rule:233 - rule align RCC I2C46CLockSelection BCLK value on MP1 is applicable
2025-08-26 13:35:08,586 [INFO] Rule:233 - rule align RCC SPI45CLockSelection default value on MP1 is applicable
2025-08-26 13:35:08,586 [INFO] Rule:233 - rule align RCC I2C12CLockSelection default value on MP1 is applicable
2025-08-26 13:35:08,586 [INFO] Rule:233 - rule align RCC I2C35CLockSelection default value on MP1 is applicable
2025-08-26 13:35:08,586 [INFO] Rule:233 - rule align RCC LPTIM45CLockSelection default value on MP1 is applicable
2025-08-26 13:35:08,586 [INFO] Rule:233 - rule Rename DCMI PIXCK signal is applicable
2025-08-26 13:35:08,586 [INFO] Rule:233 - rule Change Default Value for I2C46CLockSelection MP1 family is applicable
2025-08-26 13:35:08,586 [INFO] Rule:233 - rule Change Default Value for UART for G4, G0 and WB families is applicable
2025-08-26 13:35:08,586 [INFO] Rule:233 - rule Change Default Value for USART for G4, G0 and WB families is applicable
2025-08-26 13:35:08,586 [INFO] Rule:233 - rule Change Default Value for USART for G4 family is applicable
2025-08-26 13:35:08,586 [INFO] Rule:233 - rule Change USART1CLockSelection refparam name for MP1 is applicable
2025-08-26 13:35:08,586 [INFO] Rule:233 - rule Change USART2CLockSelection refparam name for MP1 is applicable
2025-08-26 13:35:08,586 [INFO] Rule:233 - rule Change USART3CLockSelection refparam name for MP1 is applicable
2025-08-26 13:35:08,586 [INFO] Rule:233 - rule Change UART4CLockSelection refparam name for MP1 is applicable
2025-08-26 13:35:08,586 [INFO] Rule:233 - rule Change UART5CLockSelection refparam name for MP1 is applicable
2025-08-26 13:35:08,586 [INFO] Rule:233 - rule Change LPUART1CLockSelection refparam name for MP1 is applicable
2025-08-26 13:35:08,586 [INFO] Rule:233 - rule Change LPTIM1CLockSelection refparam name for MP1 is applicable
2025-08-26 13:35:08,586 [INFO] Rule:233 - rule Change LPTIM2CLockSelection refparam name for MP1 is applicable
2025-08-26 13:35:08,586 [INFO] Rule:233 - rule Change RCC_MCO1Source refparam name for MP1 is applicable
2025-08-26 13:35:08,586 [INFO] Rule:233 - rule Change LSCOSource1 refparam name for MP1 is applicable
2025-08-26 13:35:08,586 [INFO] Rule:233 - rule Change SMPSCLockSelection refparam name for MP1 is applicable
2025-08-26 13:35:08,586 [INFO] Rule:233 - rule Change LPTIM3CLockSelection refparam name for MP1 is applicable
2025-08-26 13:35:08,586 [INFO] Rule:233 - rule Change MPCBB* Default Template Mode to Parameters is applicable
2025-08-26 13:35:08,586 [INFO] Rule:233 - rule Change MPCWM* or MPCBB* Secure Mode to Parameters is applicable
2025-08-26 13:35:08,586 [INFO] Rule:233 - rule Change MPCWM* or MPCBB* No Secure Mode to Parameters is applicable
2025-08-26 13:35:08,586 [INFO] Rule:233 - rule Change TZSC IP Secure Mode to Parameters is applicable
2025-08-26 13:35:08,586 [INFO] Rule:233 - rule Change TZSC IP No Secure Mode to Parameters is applicable
2025-08-26 13:35:08,586 [INFO] Rule:233 - rule Change TZSC IP Privilege Mode to Parameters is applicable
2025-08-26 13:35:08,586 [INFO] Rule:233 - rule Change TZSC IP No Privilege Mode to Parameters is applicable
2025-08-26 13:35:08,586 [INFO] Rule:233 - rule Change TZIC IT Secure Mode to Parameters is applicable
2025-08-26 13:35:08,586 [INFO] Rule:233 - rule Change TZIC IT No Secure Mode to Parameters is applicable
2025-08-26 13:35:08,586 [INFO] Rule:233 - rule Add MPCBB1_NonSecureArea_Start_Address value with referenced to MPCBB1_NonSecureArea_Start value is applicable
2025-08-26 13:35:08,586 [INFO] Rule:233 - rule Add MPCBB2_NonSecureArea_Start_Address value with referenced to MPCBB2_NonSecureArea_Start value is applicable
2025-08-26 13:35:08,586 [INFO] Rule:233 - rule Add MPCWM1_NonSecureArea*_Start_Address value with referenced to MPCWM1_NonSecureArea*_Start value is applicable
2025-08-26 13:35:08,586 [INFO] Rule:233 - rule Add MPCWM2_NonSecureArea*_Start_Address value with referenced to MPCWM2_NonSecureArea*_Start value is applicable
2025-08-26 13:35:08,586 [INFO] Rule:233 - rule Add MPCWM3_NonSecureArea_Start_Address value with referenced to MPCWM3_NonSecureArea_Start value is applicable
2025-08-26 13:35:08,586 [INFO] Rule:233 - rule Change Default Value for PLL1UserDefinedConfig is applicable
2025-08-26 13:35:08,586 [INFO] Rule:233 - rule Change GPIO_PuPd Default Value for USART in async mode is applicable
2025-08-26 13:35:08,586 [INFO] Rule:233 - rule Change SMPSDivider Default Value is applicable
2025-08-26 13:35:08,586 [INFO] Rule:233 - rule OPAMP is applicable
2025-08-26 13:35:08,586 [INFO] Rule:233 - rule LPUART IPParameter rename Prescaler parameter to ClockPrescaler for STM32H7 is applicable
2025-08-26 13:35:08,586 [INFO] Rule:233 - rule LPUART IPParameter rename Prescaler parameter to ClockPrescaler for STM32H7 is applicable
2025-08-26 13:35:08,586 [INFO] Rule:233 - rule LPUART IPParameter rename Prescaler parameter to ClockPrescaler for STM32WB is applicable
2025-08-26 13:35:08,586 [INFO] Rule:233 - rule LPUART IPParameter rename Prescaler parameter to ClockPrescaler for STM32WB is applicable
2025-08-26 13:35:08,586 [INFO] Rule:233 - rule LPUART IPParameter rename Prescaler parameter to ClockPrescaler for STM32G4 is applicable
2025-08-26 13:35:08,586 [INFO] Rule:233 - rule LPUART IPParameter rename Prescaler parameter to ClockPrescaler for STM32G4 is applicable
2025-08-26 13:35:08,586 [INFO] Rule:233 - rule LPUART IPParameter rename Prescaler parameter to ClockPrescaler for STM32L5 is applicable
2025-08-26 13:35:08,586 [INFO] Rule:233 - rule LPUART IPParameter rename Prescaler parameter to ClockPrescaler for STM32L5 is applicable
2025-08-26 13:35:08,586 [INFO] Rule:233 - rule LPUART IPParameter rename Prescaler parameter to ClockPrescaler for STM32G4 is applicable
2025-08-26 13:35:08,586 [INFO] Rule:233 - rule LPUART IPParameter rename Prescaler parameter to ClockPrescaler for STM32G4 is applicable
2025-08-26 13:35:08,586 [INFO] Rule:233 - rule USB device lib V2.5.3 for L0 rename USBD_SUPPORT_USER_STRING parameter to USBD_SUPPORT_USER_STRING_DESC4 is applicable
2025-08-26 13:35:08,586 [INFO] Rule:233 - rule I2SCLockSelection clock entry align is applicable
2025-08-26 13:35:08,586 [INFO] Rule:233 - rule Assign TIMx context if used as SYS timebase is applicable
2025-08-26 13:35:08,586 [INFO] Rule:233 - rule Change GPIO_Pu Default Value for I2C is applicable
2025-08-26 13:35:08,586 [INFO] Rule:233 - rule Change GPIO_Pu Default Value for SMBus is applicable
2025-08-26 13:35:08,586 [INFO] Rule:233 - rule change FDCAN default value is applicable
2025-08-26 13:35:08,586 [INFO] Rule:233 - rule Change mode sai is applicable
2025-08-26 13:35:08,586 [INFO] Rule:233 - rule **Change sai mode is applicable
2025-08-26 13:35:08,586 [INFO] Rule:233 - rule Rename STM32WPAN CFG_BLE_IRK to CFG_BLE_IR is applicable
2025-08-26 13:35:08,586 [INFO] Rule:233 - rule Rename STM32WPAN CFG_BLE_ERK to CFG_BLE_ER is applicable
2025-08-26 13:35:08,586 [INFO] Rule:233 - rule Rename STM32WPAN CFG_BLE_IRK_HEX to CFG_BLE_IR_HEX is applicable
2025-08-26 13:35:08,586 [INFO] Rule:233 - rule Rename STM32WPAN CFG_BLE_ERK_HEX to CFG_BLE_ER_HEX is applicable
2025-08-26 13:35:08,586 [INFO] Rule:233 - rule Adapt Old IOC before rework replace old CORTEX_M33/CORTEX_M55 attributes by the new one. is applicable
2025-08-26 13:35:08,586 [INFO] Rule:233 - rule Rename parametre of RCC RCC_APBDBG_DIV2 to RCC_TIMPRES_DIV2 is applicable
2025-08-26 13:35:08,586 [INFO] Rule:233 - rule Rename DIE493 pin PA10 [PA12] -> PA10 is applicable
2025-08-26 13:35:08,608 [INFO] Rule:233 - rule Rename DIE493 pin PA9 [PA11] -> PA9 is applicable
2025-08-26 13:35:08,609 [INFO] Rule:233 - rule Rename DIE492 PartNumber CPN STM32WBA5MJGHx -> STM32WBA5MMGHx is applicable
2025-08-26 13:35:08,611 [INFO] Rule:233 - rule Rename DIE492 PartNumber  Name STM32WBA5MJGHx -> STM32WBA5MMGHx is applicable
2025-08-26 13:35:08,611 [INFO] Rule:233 - rule Rename DIE492 PartNumber UserName STM32WBA5MJGHx -> STM32WBA5MMGHx is applicable
2025-08-26 13:35:08,613 [INFO] Rule:233 - rule Rename DIE492 PartNumber DeviceId STM32WBA5MJGHx -> STM32WBA5MMGHx is applicable
2025-08-26 13:35:08,613 [INFO] Rule:233 - rule Adapt Old IOC CSI. is applicable
2025-08-26 13:35:08,613 [INFO] Rule:233 - rule Adapt Old IOC DCMIPP. is applicable
2025-08-26 13:35:08,613 [INFO] Rule:233 - rule Adapt Old IOC DCMIPP Mode Parallel. is applicable
2025-08-26 13:35:08,613 [INFO] Rule:233 - rule Adapt Old IOC LTDC. is applicable
2025-08-26 13:35:08,615 [INFO] Rule:233 - rule Rename STM32MP2 RIF Peripheral LTDC RIF.RISUP.LTDC_L0L1.Privilege -> RIF.RISUP.LTDC_L1L2.Privilege is applicable
2025-08-26 13:35:08,615 [INFO] Rule:233 - rule Rename STM32MP2 RIF Peripheral LTDC RIF.RISUP.LTDC_L0L1.Privilege -> RIF.RISUP.LTDC_L1L2.Privilege is applicable
2025-08-26 13:35:08,615 [INFO] Rule:233 - rule Rename STM32MP2 RIF Peripheral LTDC RIF.RISUP.LTDC_L0L1.Lock -> RIF.RISUP.LTDC_L1L2.Lock is applicable
2025-08-26 13:35:08,615 [INFO] Rule:233 - rule Rename STM32MP2 RIF Peripheral LTDC RIF.RISUP.LTDC_L2.Lock -> RIF.RISUP.LTDC_L3.Lock is applicable
2025-08-26 13:35:08,617 [INFO] Rule:233 - rule Adapt the old IOC example for updating the SYS when it is misconfigured. is applicable
2025-08-26 13:35:08,617 [INFO] Rule:233 - rule Rename STM32C09 Mcu.Package LQFP64 -> LQFP48 is applicable
2025-08-26 13:35:08,617 [INFO] Rule:233 - rule Adapt the old IOC example for updating the SYS when it is misconfigured. is applicable
2025-08-26 13:35:08,617 [INFO] Rule:233 - rule Adapt the old IOC example for updating the SYS when it is misconfigured. is applicable
2025-08-26 13:35:08,656 [INFO] DbConfProperties:307 - Apply Compatibility (38/250 Rules)
2025-08-26 13:35:08,744 [INFO] ImportTextPane:234 - (OptionalMessage_ERROR) Unable to find key (Mcu.ThirdPartyNb) in loaded IOC file
2025-08-26 13:35:08,757 [INFO] ImportTextPane:234 - (OptionalMessage_ERROR) Pin34 (VP_RIF_VS_RIF1) cannot be retrieved for this MCU
2025-08-26 13:35:09,498 [INFO] RtosManager:558 - Registered RTOS mode: class=CMSIS, group=RTOS, mode=CMSIS_V1, owner=FREERTOS
2025-08-26 13:35:09,498 [INFO] RtosManager:558 - Registered RTOS mode: class=CMSIS, group=RTOS2, mode=CMSIS_V2, owner=FREERTOS
2025-08-26 13:35:09,498 [INFO] RtosManager:558 - Registered RTOS mode: class=RTOS, group=Core, mode=CMSIS_V1, owner=FREERTOS
2025-08-26 13:35:09,499 [INFO] RtosManager:558 - Registered RTOS mode: class=RTOS, group=Core, mode=CMSIS_V2, owner=FREERTOS
2025-08-26 13:35:09,500 [WARN] ModelIntegratedComponent:184 - Missing modes for component STMicroelectronics:FreeRTOS:0.0.1:STMicroelectronics:RTOS:FreeRTOS:Core:::10.2.0:
2025-08-26 13:35:09,523 [WARN] ModelIntegratedComponent:63 - No mode defined for component null
2025-08-26 13:35:09,523 [WARN] ModelIntegratedComponent:63 - No mode defined for component null
2025-08-26 13:35:09,523 [WARN] ModelIntegratedComponent:63 - No mode defined for component null
2025-08-26 13:35:09,523 [WARN] ModelIntegratedComponent:63 - No mode defined for component null
2025-08-26 13:35:09,523 [WARN] ModelIntegratedComponent:63 - No mode defined for component null
2025-08-26 13:35:09,523 [WARN] ModelIntegratedComponent:63 - No mode defined for component null
2025-08-26 13:35:09,523 [WARN] ModelIntegratedComponent:63 - No mode defined for component null
2025-08-26 13:35:09,523 [WARN] ModelIntegratedComponent:63 - No mode defined for component null
2025-08-26 13:35:09,523 [WARN] ModelIntegratedComponent:63 - No mode defined for component null
2025-08-26 13:35:09,523 [WARN] ModelIntegratedComponent:63 - No mode defined for component null
2025-08-26 13:35:09,523 [WARN] ModelIntegratedComponent:63 - No mode defined for component null
2025-08-26 13:35:09,523 [WARN] ModelIntegratedComponent:63 - No mode defined for component null
2025-08-26 13:35:09,523 [WARN] ModelIntegratedComponent:63 - No mode defined for component null
2025-08-26 13:35:09,523 [WARN] ModelIntegratedComponent:63 - No mode defined for component null
2025-08-26 13:35:09,523 [WARN] ModelIntegratedComponent:63 - No mode defined for component null
2025-08-26 13:35:09,523 [WARN] ModelIntegratedComponent:63 - No mode defined for component null
2025-08-26 13:35:09,524 [WARN] ModelIntegratedComponent:63 - No mode defined for component null
2025-08-26 13:35:09,524 [WARN] ModelIntegratedComponent:63 - No mode defined for component null
2025-08-26 13:35:09,524 [WARN] ModelIntegratedComponent:63 - No mode defined for component null
2025-08-26 13:35:09,524 [WARN] ModelIntegratedComponent:63 - No mode defined for component null
2025-08-26 13:35:09,524 [WARN] ModelIntegratedComponent:63 - No mode defined for component null
2025-08-26 13:35:09,524 [WARN] ModelIntegratedComponent:63 - No mode defined for component null
2025-08-26 13:35:09,524 [WARN] ModelIntegratedComponent:63 - No mode defined for component null
2025-08-26 13:35:09,524 [WARN] ModelIntegratedComponent:63 - No mode defined for component null
2025-08-26 13:35:09,524 [WARN] ModelIntegratedComponent:63 - No mode defined for component null
2025-08-26 13:35:09,524 [WARN] ModelIntegratedComponent:63 - No mode defined for component null
2025-08-26 13:35:09,524 [WARN] ModelIntegratedComponent:63 - No mode defined for component null
2025-08-26 13:35:09,524 [WARN] ModelIntegratedComponent:63 - No mode defined for component null
2025-08-26 13:35:09,524 [WARN] ModelIntegratedComponent:63 - No mode defined for component null
2025-08-26 13:35:09,524 [WARN] ModelIntegratedComponent:63 - No mode defined for component null
2025-08-26 13:35:09,524 [WARN] ModelIntegratedComponent:63 - No mode defined for component null
2025-08-26 13:35:09,524 [WARN] ModelIntegratedComponent:63 - No mode defined for component null
2025-08-26 13:35:09,524 [WARN] ModelIntegratedComponent:63 - No mode defined for component null
2025-08-26 13:35:09,524 [WARN] ModelIntegratedComponent:63 - No mode defined for component null
2025-08-26 13:35:09,524 [WARN] ModelIntegratedComponent:63 - No mode defined for component null
2025-08-26 13:35:09,524 [WARN] ModelPack:524 - Component already loaded: STMicroelectronics:HAL Drivers:0.0.0:STMicroelectronics:Device:STMicro_Driver:XSPI:HAL::0.0.1:HAL_XSPI
2025-08-26 13:35:09,844 [INFO] ThirdPartyModel:298 - Start build external matchings
2025-08-26 13:35:11,826 [INFO] ThirdPartyModel:316 - End build external matchings
2025-08-26 13:35:12,421 [INFO] UtilMem:75 - End LoadConfig() Used Memory: 863207512 Bytes (1073741824)
2025-08-26 13:35:12,651 [WARN] ThirdParty:833 - waiting for thirdparty lock release [change project]
2025-08-26 13:35:12,651 [INFO] ThirdParty:835 - entering critical section [change project]
2025-08-26 13:35:12,652 [INFO] ThirdParty:1030 - CMSIS Pack Vendor :STMicroelectronics X-CUBE-PM33A1 1.0.0
2025-08-26 13:35:12,652 [INFO] ThirdParty:1030 - CMSIS Pack Vendor :STMicroelectronics USBPD 4.1
2025-08-26 13:35:12,652 [INFO] ThirdParty:1030 - CMSIS Pack Vendor :STMicroelectronics X-CUBE-GNSS1 6.0.0
2025-08-26 13:35:12,652 [INFO] ThirdParty:1030 - CMSIS Pack Vendor :STMicroelectronics USB_HOST 2.0.0
2025-08-26 13:35:12,652 [INFO] ThirdParty:1030 - CMSIS Pack Vendor :STMicroelectronics FP-SNS-MOTENVWB1 1.4.0
2025-08-26 13:35:12,652 [INFO] ThirdParty:1030 - CMSIS Pack Vendor :STMicroelectronics X-CUBE-AZRTOS-F4 1.1.0
2025-08-26 13:35:12,652 [INFO] ThirdParty:1030 - CMSIS Pack Vendor :STMicroelectronics LIBJPEG 8.0.0
2025-08-26 13:35:12,652 [INFO] ThirdParty:1030 - CMSIS Pack Vendor :Avnet-IotConnect X-CUBE-IoTC-DA16k-PMOD 1.0.0
2025-08-26 13:35:12,652 [INFO] ThirdParty:1030 - CMSIS Pack Vendor :STMicroelectronics X-CUBE-SMBUS 2.1.0
2025-08-26 13:35:12,652 [INFO] ThirdParty:1030 - CMSIS Pack Vendor :STMicroelectronics X-CUBE-WB05N 1.1.0
2025-08-26 13:35:12,652 [INFO] ThirdParty:1030 - CMSIS Pack Vendor :STMicroelectronics X-CUBE-ISPU 2.1.0
2025-08-26 13:35:12,652 [INFO] ThirdParty:1030 - CMSIS Pack Vendor :STMicroelectronics X-CUBE-FREERTOS 1.2.0
2025-08-26 13:35:12,652 [INFO] ThirdParty:1030 - CMSIS Pack Vendor :STMicroelectronics X-CUBE-ST60 1.0.0
2025-08-26 13:35:12,652 [INFO] ThirdParty:1030 - CMSIS Pack Vendor :STMicroelectronics X-CUBE-NFC12 1.0.0
2025-08-26 13:35:12,652 [INFO] ThirdParty:1030 - CMSIS Pack Vendor :STMicroelectronics X-CUBE-AZRTOS-F7 1.1.0
2025-08-26 13:35:12,652 [INFO] ThirdParty:1030 - CMSIS Pack Vendor :STMicroelectronics X-CUBE-AZRTOS-L5 2.0.0
2025-08-26 13:35:12,652 [INFO] ThirdParty:1030 - CMSIS Pack Vendor :STMicroelectronics USB_DEVICE 2.0.0
2025-08-26 13:35:12,653 [INFO] ThirdParty:1030 - CMSIS Pack Vendor :STMicroelectronics X-CUBE-NFC6 3.1.0
2025-08-26 13:35:12,653 [INFO] ThirdParty:1030 - CMSIS Pack Vendor :STMicroelectronics X-CUBE-MEMS1 11.0.0
2025-08-26 13:35:12,653 [INFO] ThirdParty:1030 - CMSIS Pack Vendor :STMicroelectronics FreeRTOS 0.0.1
2025-08-26 13:35:12,653 [INFO] ThirdParty:1030 - CMSIS Pack Vendor :STMicroelectronics X-CUBE-DPower 1.2.0
2025-08-26 13:35:12,653 [INFO] ThirdParty:1030 - CMSIS Pack Vendor :STMicroelectronics FP-SNS-FLIGHT1 5.0.2
2025-08-26 13:35:12,653 [INFO] ThirdParty:1030 - CMSIS Pack Vendor :STMicroelectronics X-CUBE-AI 9.0.0
2025-08-26 13:35:12,653 [INFO] ThirdParty:1030 - CMSIS Pack Vendor :STMicroelectronics PDM2PCM 3.3.0
2025-08-26 13:35:12,653 [INFO] ThirdParty:1030 - CMSIS Pack Vendor :STMicroelectronics X-CUBE-AZRTOS-H7 3.4.0
2025-08-26 13:35:12,653 [INFO] ThirdParty:1030 - CMSIS Pack Vendor :STMicroelectronics X-CUBE-DISPLAY 3.0.0
2025-08-26 13:35:12,653 [INFO] ThirdParty:1030 - CMSIS Pack Vendor :STMicroelectronics X-CUBE-BLE1 7.0.0
2025-08-26 13:35:12,653 [INFO] ThirdParty:1030 - CMSIS Pack Vendor :STMicroelectronics X-CUBE-NFC10 1.0.0
2025-08-26 13:35:12,653 [INFO] ThirdParty:1030 - CMSIS Pack Vendor :STMicroelectronics X-CUBE-BLEMGR 4.0.0
2025-08-26 13:35:12,653 [INFO] ThirdParty:1030 - CMSIS Pack Vendor :STMicroelectronics X-CUBE-FREERTOS 1.3.1
2025-08-26 13:35:12,653 [INFO] ThirdParty:1030 - CMSIS Pack Vendor :STMicroelectronics HAL Drivers 0.0.0
2025-08-26 13:35:12,653 [INFO] ThirdParty:1030 - CMSIS Pack Vendor :emotas I-CUBE-CANOPEN 1.3.0
2025-08-26 13:35:12,653 [INFO] ThirdParty:1030 - CMSIS Pack Vendor :STMicroelectronics X-CUBE-NFC7 1.0.1
2025-08-26 13:35:12,653 [INFO] ThirdParty:1030 - CMSIS Pack Vendor :STMicroelectronics MBEDTLS 2.14.1
2025-08-26 13:35:12,653 [INFO] ThirdParty:1030 - CMSIS Pack Vendor :wolfSSL I-CUBE-wolfTPM 3.2.0
2025-08-26 13:35:12,653 [INFO] ThirdParty:1030 - CMSIS Pack Vendor :STMicroelectronics X-CUBE-BLEMGR 3.1.0
2025-08-26 13:35:12,653 [INFO] ThirdParty:1030 - CMSIS Pack Vendor :STMicroelectronics FP-SNS-STBOX1 2.1.0
2025-08-26 13:35:12,653 [INFO] ThirdParty:1030 - CMSIS Pack Vendor :STMicroelectronics FP-SNS-STAIOTCFT 1.0.0
2025-08-26 13:35:12,653 [INFO] ThirdParty:1030 - CMSIS Pack Vendor :STMicroelectronics FP-SNS-SMARTAG2 1.2.0
2025-08-26 13:35:12,653 [INFO] ThirdParty:1030 - CMSIS Pack Vendor :STMicroelectronics FP-SNS-FLIGHT1 5.1.0
2025-08-26 13:35:12,653 [INFO] ThirdParty:1030 - CMSIS Pack Vendor :STMicroelectronics X-CUBE-AZRTOS-WL 2.0.0
2025-08-26 13:35:12,654 [INFO] ThirdParty:1030 - CMSIS Pack Vendor :STMicroelectronics X-CUBE-DPower 1.3.0
2025-08-26 13:35:12,654 [INFO] ThirdParty:1030 - CMSIS Pack Vendor :STMicroelectronics FP-SNS-MOTENV1 5.0.0
2025-08-26 13:35:12,654 [INFO] ThirdParty:1030 - CMSIS Pack Vendor :STMicroelectronics USB_DEVICE 1.0.0
2025-08-26 13:35:12,654 [INFO] ThirdParty:1030 - CMSIS Pack Vendor :wolfSSL I-CUBE-wolfMQTT 1.19.0
2025-08-26 13:35:12,654 [INFO] ThirdParty:1030 - CMSIS Pack Vendor :STMicroelectronics X-CUBE-AZRTOS-L4 2.0.0
2025-08-26 13:35:12,654 [INFO] ThirdParty:1030 - CMSIS Pack Vendor :STMicroelectronics ThreadX 0.0.2
2025-08-26 13:35:12,654 [INFO] ThirdParty:1030 - CMSIS Pack Vendor :WES I-CUBE-Cesium 1.3.0
2025-08-26 13:35:12,654 [INFO] ThirdParty:1030 - CMSIS Pack Vendor :STMicroelectronics lwIP 2.1.2
2025-08-26 13:35:12,654 [INFO] ThirdParty:1030 - CMSIS Pack Vendor :STMicroelectronics X-CUBE-SFXS2LP1 4.0.0
2025-08-26 13:35:12,654 [INFO] ThirdParty:1030 - CMSIS Pack Vendor :STMicroelectronics X-CUBE-BLE2 3.3.0
2025-08-26 13:35:12,654 [INFO] ThirdParty:1030 - CMSIS Pack Vendor :STMicroelectronics PDM2PCM 3.2.0
2025-08-26 13:35:12,654 [INFO] ThirdParty:1030 - CMSIS Pack Vendor :STMicroelectronics X-CUBE-AZRTOS-H7 3.3.0
2025-08-26 13:35:12,654 [INFO] ThirdParty:1030 - CMSIS Pack Vendor :STMicroelectronics X-CUBE-NFC9 1.0.0
2025-08-26 13:35:12,654 [INFO] ThirdParty:1030 - CMSIS Pack Vendor :STMicroelectronics X-CUBE-BLE1 7.1.0
2025-08-26 13:35:12,654 [INFO] ThirdParty:1030 - CMSIS Pack Vendor :STMicroelectronics USB_DEVICE 3.0.0
2025-08-26 13:35:12,654 [INFO] ThirdParty:1030 - CMSIS Pack Vendor :STMicroelectronics X-CUBE-TCPP 4.1.0
2025-08-26 13:35:12,654 [INFO] ThirdParty:1030 - CMSIS Pack Vendor :STMicroelectronics X-CUBE-EEPRMA1 5.2.0
2025-08-26 13:35:12,654 [INFO] ThirdParty:1030 - CMSIS Pack Vendor :STMicroelectronics X-CUBE-BLEMGR 4.1.0
2025-08-26 13:35:12,654 [INFO] ThirdParty:1030 - CMSIS Pack Vendor :STMicroelectronics X-CUBE-IPS 3.0.0
2025-08-26 13:35:12,654 [INFO] ThirdParty:1030 - CMSIS Pack Vendor :STMicroelectronics X-CUBE-AZRTOS-WB 2.0.0
2025-08-26 13:35:12,654 [INFO] ThirdParty:1030 - CMSIS Pack Vendor :STMicroelectronics X-CUBE-GNSS1 7.0.0
2025-08-26 13:35:12,654 [INFO] ThirdParty:1030 - CMSIS Pack Vendor :STMicroelectronics X-CUBE-GNSS1 7.0.1
2025-08-26 13:35:12,655 [INFO] ThirdParty:1030 - CMSIS Pack Vendor :STMicroelectronics X-CUBE-TOUCHGFX 4.25.0
2025-08-26 13:35:12,655 [INFO] ThirdParty:1030 - CMSIS Pack Vendor :STMicroelectronics X-CUBE-AI 10.1.0
2025-08-26 13:35:12,655 [INFO] ThirdParty:1030 - CMSIS Pack Vendor :STMicroelectronics FP-SNS-STBOX1 2.0.0
2025-08-26 13:35:12,655 [INFO] ThirdParty:1030 - CMSIS Pack Vendor :STMicroelectronics X-CUBE-AZRTOS-G0 1.1.0
2025-08-26 13:35:12,655 [INFO] ThirdParty:1030 - CMSIS Pack Vendor :STMicroelectronics X-CUBE-SAFEA1 1.2.2
2025-08-26 13:35:12,655 [INFO] ThirdParty:1030 - CMSIS Pack Vendor :STMicroelectronics X-CUBE-NFC4 3.0.0
2025-08-26 13:35:12,655 [INFO] ThirdParty:1030 - CMSIS Pack Vendor :STMicroelectronics X-CUBE-SUBG2 5.0.0
2025-08-26 13:35:12,655 [INFO] ThirdParty:1030 - CMSIS Pack Vendor :STMicroelectronics X-CUBE-AZRTOS-H7RS 1.1.0
2025-08-26 13:35:12,655 [INFO] ThirdParty:1030 - CMSIS Pack Vendor :STMicroelectronics STM32_WPAN 1.0.0
2025-08-26 13:35:12,655 [INFO] ThirdParty:1030 - CMSIS Pack Vendor :EmbeddedOffice I-CUBE-FS-RTOS 1.0.1
2025-08-26 13:35:12,655 [INFO] ThirdParty:1030 - CMSIS Pack Vendor :STMicroelectronics lwIP 2.0.3
2025-08-26 13:35:12,655 [INFO] ThirdParty:1030 - CMSIS Pack Vendor :Cesanta I-CUBE-Mongoose 7.13.0
2025-08-26 13:35:12,656 [INFO] ThirdParty:1030 - CMSIS Pack Vendor :STMicroelectronics USB_HOST 1.0.0
2025-08-26 13:35:12,656 [INFO] ThirdParty:1030 - CMSIS Pack Vendor :STMicroelectronics X-CUBE-AZRTOS-G4 2.0.0
2025-08-26 13:35:12,656 [INFO] ThirdParty:1030 - CMSIS Pack Vendor :STMicroelectronics X-CUBE-WB05N 2.0.0
2025-08-26 13:35:12,656 [INFO] ThirdParty:1030 - CMSIS Pack Vendor :STMicroelectronics PDM2PCM 3.1.0
2025-08-26 13:35:12,656 [INFO] ThirdParty:1030 - CMSIS Pack Vendor :STMicroelectronics X-CUBE-NFC7 2.0.0
2025-08-26 13:35:12,656 [INFO] ThirdParty:1030 - CMSIS Pack Vendor :STMicroelectronics X-CUBE-TCPP 4.2.0
2025-08-26 13:35:12,656 [INFO] ThirdParty:1030 - CMSIS Pack Vendor :RealThread X-CUBE-RT-Thread_Nano 4.1.1
2025-08-26 13:35:12,656 [INFO] ThirdParty:1030 - CMSIS Pack Vendor :wolfSSL I-CUBE-wolfSSL 5.7.0
2025-08-26 13:35:12,656 [INFO] ThirdParty:1030 - CMSIS Pack Vendor :STMicroelectronics FP-ATR-SIGFOX1 3.2.0
2025-08-26 13:35:12,656 [INFO] ThirdParty:1030 - CMSIS Pack Vendor :quantropi X-CUBE-qispace-sdk-base 1.9.3
2025-08-26 13:35:12,656 [INFO] ThirdParty:1030 - CMSIS Pack Vendor :STMicroelectronics X-CUBE-ISPU 2.0.0
2025-08-26 13:35:12,656 [INFO] ThirdParty:1030 - CMSIS Pack Vendor :STMicroelectronics X-CUBE-EEPRMA1 5.1.0
2025-08-26 13:35:12,656 [INFO] ThirdParty:1030 - CMSIS Pack Vendor :STMicroelectronics MBEDTLS 2.16.2
2025-08-26 13:35:12,656 [INFO] ThirdParty:1030 - CMSIS Pack Vendor :STMicroelectronics X-CUBE-IPS 3.1.0
2025-08-26 13:35:12,656 [INFO] ThirdParty:1030 - CMSIS Pack Vendor :STMicroelectronics X-CUBE-ALS 1.0.2
2025-08-26 13:35:12,656 [INFO] ThirdParty:1030 - CMSIS Pack Vendor :STMicroelectronics X-CUBE-MEMS1 10.0.0
2025-08-26 13:35:12,656 [INFO] ThirdParty:1030 - CMSIS Pack Vendor :STMicroelectronics X-CUBE-TOUCHGFX 4.24.0
2025-08-26 13:35:12,656 [INFO] ThirdParty:1030 - CMSIS Pack Vendor :ITTIA_DB I-CUBE-ITTIADB 8.9.0
2025-08-26 13:35:12,656 [INFO] ThirdParty:1030 - CMSIS Pack Vendor :STMicroelectronics X-CUBE-TOUCHGFX 4.24.1
2025-08-26 13:35:12,656 [INFO] ThirdParty:1030 - CMSIS Pack Vendor :portGmbH I-Cube-SoM-uGOAL 1.1.0
2025-08-26 13:35:12,656 [INFO] ThirdParty:1030 - CMSIS Pack Vendor :STMicroelectronics X-CUBE-ST67W61 1.0.0
2025-08-26 13:35:12,656 [INFO] ThirdParty:1030 - CMSIS Pack Vendor :STMicroelectronics X-CUBE-AI 10.2.0
2025-08-26 13:35:12,656 [INFO] ThirdParty:1030 - CMSIS Pack Vendor :STMicroelectronics ThreadX 1.0.0
2025-08-26 13:35:12,656 [INFO] ThirdParty:1030 - CMSIS Pack Vendor :SEGGER I-CUBE-embOS 1.3.1
2025-08-26 13:35:12,657 [INFO] ThirdParty:1030 - CMSIS Pack Vendor :STMicroelectronics X-CUBE-ALGOBUILD 1.4.0
2025-08-26 13:35:12,657 [INFO] ThirdParty:1030 - CMSIS Pack Vendor :STMicroelectronics X-CUBE-MEMS1 11.3.0
2025-08-26 13:35:12,657 [INFO] ThirdParty:1030 - CMSIS Pack Vendor :STMicroelectronics X-CUBE-AZRTOS-H7RS 1.0.0
2025-08-26 13:35:12,657 [INFO] ThirdParty:1030 - CMSIS Pack Vendor :STMicroelectronics FP-ATR-ASTRA1 2.0.0
2025-08-26 13:35:12,657 [INFO] ThirdParty:1030 - CMSIS Pack Vendor :STMicroelectronics X-CUBE-TOF1 3.4.2
2025-08-26 13:35:12,657 [INFO] ThirdParty:1030 - CMSIS Pack Vendor :STMicroelectronics X-CUBE-TOF1 3.4.3
2025-08-26 13:35:12,657 [INFO] ThirdParty:1030 - CMSIS Pack Vendor :STMicroelectronics X-CUBE-AI 9.1.0
2025-08-26 13:35:12,657 [INFO] ThirdParty:1030 - CMSIS Pack Vendor :STMicroelectronics X-CUBE-TOF1 3.4.1
2025-08-26 13:35:12,657 [INFO] ThirdParty:1030 - CMSIS Pack Vendor :STMicroelectronics X-CUBE-AZRTOS-H7 3.2.0
2025-08-26 13:35:12,657 [INFO] ThirdParty:1030 - CMSIS Pack Vendor :Infineon AIROC-Wi-Fi-Bluetooth-STM32 1.6.0
2025-08-26 13:35:12,657 [INFO] ThirdParty:1030 - CMSIS Pack Vendor :wolfSSL I-CUBE-wolfSSH 1.4.17
2025-08-26 13:35:12,658 [INFO] ThirdParty:841 - exiting critical section [change project]
2025-08-26 13:35:13,486 [INFO] PinOutPanel:1589 - setPackage(No Configuration,No Configuration)
2025-08-26 13:35:13,489 [INFO] PinOutPanel:1589 - setPackage(STM32F407VGTx,LQFP100)
2025-08-26 13:35:14,280 [INFO] UtilMem:75 - Before build in PCC Used Memory: 916056496 Bytes (1073741824)
2025-08-26 13:35:16,152 [INFO] UtilMem:75 - After build in PCC Used Memory: 976347568 Bytes (1073741824)
2025-08-26 13:35:16,216 [INFO] IPUIPlugin:80 - create IPUIPlugin
2025-08-26 13:35:16,216 [INFO] IPUIPlugin:80 - create IPUIPlugin
2025-08-26 13:35:16,216 [INFO] IPUIPlugin:80 - create IPUIPlugin
2025-08-26 13:35:16,216 [INFO] IPUIPlugin:80 - create IPUIPlugin
2025-08-26 13:35:16,216 [INFO] IPUIPlugin:80 - create IPUIPlugin
2025-08-26 13:35:16,216 [INFO] IPUIPlugin:80 - create IPUIPlugin
2025-08-26 13:35:16,217 [INFO] IPUIPlugin:80 - create IPUIPlugin
2025-08-26 13:35:16,217 [INFO] IPUIPlugin:80 - create IPUIPlugin
2025-08-26 13:35:16,217 [INFO] IPUIPlugin:80 - create IPUIPlugin
2025-08-26 13:35:16,217 [INFO] IPUIPlugin:80 - create IPUIPlugin
2025-08-26 13:35:16,217 [INFO] IPUIPlugin:80 - create IPUIPlugin
2025-08-26 13:35:16,217 [INFO] IPUIPlugin:80 - create IPUIPlugin
2025-08-26 13:35:16,217 [INFO] IPUIPlugin:80 - create IPUIPlugin
2025-08-26 13:35:16,217 [INFO] IPUIPlugin:80 - create IPUIPlugin
2025-08-26 13:35:16,217 [INFO] IPUIPlugin:80 - create IPUIPlugin
2025-08-26 13:35:16,217 [INFO] IPUIPlugin:80 - create IPUIPlugin
2025-08-26 13:35:16,217 [INFO] IPUIPlugin:80 - create IPUIPlugin
2025-08-26 13:35:16,217 [INFO] IPUIPlugin:80 - create IPUIPlugin
2025-08-26 13:35:16,218 [INFO] IPUIPlugin:80 - create IPUIPlugin
2025-08-26 13:35:16,218 [INFO] IPUIPlugin:80 - create IPUIPlugin
2025-08-26 13:35:16,218 [INFO] IPUIPlugin:80 - create IPUIPlugin
2025-08-26 13:35:16,218 [INFO] IPUIPlugin:80 - create IPUIPlugin
2025-08-26 13:35:16,218 [INFO] IPUIPlugin:80 - create IPUIPlugin
2025-08-26 13:35:16,218 [INFO] IPUIPlugin:80 - create IPUIPlugin
2025-08-26 13:35:16,218 [INFO] IPUIPlugin:80 - create IPUIPlugin
2025-08-26 13:35:16,219 [INFO] IPUIPlugin:80 - create IPUIPlugin
2025-08-26 13:35:16,219 [INFO] IPUIPlugin:80 - create IPUIPlugin
2025-08-26 13:35:16,219 [INFO] IPUIPlugin:80 - create IPUIPlugin
2025-08-26 13:35:16,219 [INFO] IPUIPlugin:80 - create IPUIPlugin
2025-08-26 13:35:16,219 [INFO] IPUIPlugin:80 - create IPUIPlugin
2025-08-26 13:35:16,219 [INFO] IPUIPlugin:80 - create IPUIPlugin
2025-08-26 13:35:16,219 [INFO] IPUIPlugin:80 - create IPUIPlugin
2025-08-26 13:35:16,220 [INFO] IPUIPlugin:80 - create IPUIPlugin
2025-08-26 13:35:16,220 [INFO] IPUIPlugin:80 - create IPUIPlugin
2025-08-26 13:35:16,220 [INFO] IPUIPlugin:80 - create IPUIPlugin
2025-08-26 13:35:16,220 [INFO] IPUIPlugin:80 - create IPUIPlugin
2025-08-26 13:35:16,220 [INFO] IPUIPlugin:80 - create IPUIPlugin
2025-08-26 13:35:16,220 [INFO] IPUIPlugin:80 - create IPUIPlugin
2025-08-26 13:35:16,221 [INFO] IPUIPlugin:80 - create IPUIPlugin
2025-08-26 13:35:16,221 [INFO] IPUIPlugin:80 - create IPUIPlugin
2025-08-26 13:35:16,221 [INFO] IPUIPlugin:80 - create IPUIPlugin
2025-08-26 13:35:16,221 [INFO] IPUIPlugin:80 - create IPUIPlugin
2025-08-26 13:35:16,221 [INFO] IPUIPlugin:80 - create IPUIPlugin
2025-08-26 13:35:16,222 [INFO] IPUIPlugin:80 - create IPUIPlugin
2025-08-26 13:35:16,222 [INFO] IPUIPlugin:80 - create IPUIPlugin
2025-08-26 13:35:16,222 [INFO] IPUIPlugin:80 - create IPUIPlugin
2025-08-26 13:35:16,222 [INFO] IPUIPlugin:80 - create IPUIPlugin
2025-08-26 13:35:16,222 [INFO] IPUIPlugin:80 - create IPUIPlugin
2025-08-26 13:35:16,222 [INFO] IPUIPlugin:80 - create IPUIPlugin
2025-08-26 13:35:16,223 [INFO] IPUIPlugin:80 - create IPUIPlugin
2025-08-26 13:35:16,223 [INFO] IPUIPlugin:80 - create IPUIPlugin
2025-08-26 13:35:16,223 [INFO] IPUIPlugin:80 - create IPUIPlugin
2025-08-26 13:35:16,223 [INFO] IPUIPlugin:80 - create IPUIPlugin
2025-08-26 13:35:16,224 [INFO] IPUIPlugin:80 - create IPUIPlugin
2025-08-26 13:35:16,224 [INFO] IPUIPlugin:80 - create IPUIPlugin
2025-08-26 13:35:16,224 [INFO] IPUIPlugin:80 - create IPUIPlugin
2025-08-26 13:35:16,224 [INFO] IPUIPlugin:80 - create IPUIPlugin
2025-08-26 13:35:16,225 [INFO] IPUIPlugin:80 - create IPUIPlugin
2025-08-26 13:35:16,472 [INFO] ApiDbMcu:532 - Load IP Config File for PDM2PCM
2025-08-26 13:35:16,792 [INFO] CADModel:165 - CPN selected for project levelSTM32F407VGT6
2025-08-26 13:35:16,794 [INFO] CADModel:114 - Register for checkConnection events
2025-08-26 13:35:16,869 [INFO] OpenFileManager:386 - Restore cursor
2025-08-26 13:35:21,628 [INFO] UtilMem:75 - End SaveConfig() Used Memory: 985597696 Bytes (1073741824)
2025-08-26 13:35:21,823 [INFO] UtilMem:75 - End SaveConfig() Used Memory: 934699792 Bytes (1073741824)
2025-08-26 13:35:22,670 [INFO] BlockDiagram:2775 - set Specific Code input for plugin: SYS
2025-08-26 13:35:22,675 [INFO] BlockDiagram:2775 - set Specific Code input for plugin: RCC
2025-08-26 13:35:22,675 [INFO] BlockDiagram:2775 - set Specific Code input for plugin: NVIC
2025-08-26 13:35:22,675 [INFO] BlockDiagram:2775 - set Specific Code input for plugin: GPIO
2025-08-26 13:35:22,681 [INFO] CodeGenerator:892 - code generatio: config db path: C:\ST\STM32CubeIDE_1.16.0\STM32CubeIDE\plugins\com.st.stm32cube.common.mx_6.15.0.202507011659\\db\
2025-08-26 13:35:23,189 [INFO] CodeEngine:265 - oldGeneratedFile, C:\Users\nisha\OneDrive\Desktop\stm32f407\freertos\synch_task_task_semaph\MXTmpFiles\license.tmp_save
2025-08-26 13:35:23,823 [INFO] CodeEngine:289 - Generated code: C:\Users\nisha\OneDrive\Desktop\stm32f407\freertos\synch_task_task_semaph\MXTmpFiles\license.tmp
2025-08-26 13:35:24,087 [INFO] CodeEngine:265 - oldGeneratedFile, C:\Users\nisha\OneDrive\Desktop\stm32f407\freertos\synch_task_task_semaph\MXTmpFiles\gpio.tmp_save
2025-08-26 13:35:24,484 [INFO] CodeEngine:289 - Generated code: C:\Users\nisha\OneDrive\Desktop\stm32f407\freertos\synch_task_task_semaph\MXTmpFiles\gpio.tmp
2025-08-26 13:35:24,644 [INFO] CodeEngine:265 - oldGeneratedFile, C:\Users\nisha\OneDrive\Desktop\stm32f407\freertos\synch_task_task_semaph\Core\Src\stm32f4xx_it.c_save
2025-08-26 13:35:24,966 [INFO] CodeEngine:289 - Generated code: C:\Users\nisha\OneDrive\Desktop\stm32f407\freertos\synch_task_task_semaph\Core\Src\stm32f4xx_it.c
2025-08-26 13:35:24,997 [INFO] CodeEngine:265 - oldGeneratedFile, C:\Users\nisha\OneDrive\Desktop\stm32f407\freertos\synch_task_task_semaph\Core\Inc\stm32f4xx_it.h_save
2025-08-26 13:35:25,109 [INFO] CodeEngine:289 - Generated code: C:\Users\nisha\OneDrive\Desktop\stm32f407\freertos\synch_task_task_semaph\Core\Inc\stm32f4xx_it.h
2025-08-26 13:35:25,154 [INFO] CodeEngine:265 - oldGeneratedFile, C:\Users\nisha\OneDrive\Desktop\stm32f407\freertos\synch_task_task_semaph\Core\Src\stm32f4xx_hal_msp.c_save
2025-08-26 13:35:25,515 [INFO] CodeEngine:289 - Generated code: C:\Users\nisha\OneDrive\Desktop\stm32f407\freertos\synch_task_task_semaph\Core\Src\stm32f4xx_hal_msp.c
2025-08-26 13:35:25,548 [INFO] CodeEngine:265 - oldGeneratedFile, C:\Users\nisha\OneDrive\Desktop\stm32f407\freertos\synch_task_task_semaph\MXTmpFiles\system.tmp_save
2025-08-26 13:35:25,762 [INFO] CodeEngine:289 - Generated code: C:\Users\nisha\OneDrive\Desktop\stm32f407\freertos\synch_task_task_semaph\MXTmpFiles\system.tmp
2025-08-26 13:35:25,822 [INFO] CodeEngine:321 - oldGeneratedFile, C:\Users\nisha\OneDrive\Desktop\stm32f407\freertos\synch_task_task_semaph\Core\Inc\stm32f4xx_hal_conf.h_save
2025-08-26 13:35:26,065 [INFO] CodeEngine:345 - Generated code: C:\Users\nisha\OneDrive\Desktop\stm32f407\freertos\synch_task_task_semaph\Core\Inc\stm32f4xx_hal_conf.h
2025-08-26 13:35:26,160 [INFO] ApiDbMcu:532 - Load IP Config File for RCC
2025-08-26 13:35:26,186 [INFO] CodeEngine:265 - oldGeneratedFile, C:\Users\nisha\OneDrive\Desktop\stm32f407\freertos\synch_task_task_semaph\Core\Inc\main.h_save
2025-08-26 13:35:26,425 [INFO] CodeEngine:289 - Generated code: C:\Users\nisha\OneDrive\Desktop\stm32f407\freertos\synch_task_task_semaph\Core\Inc\main.h
2025-08-26 13:35:26,451 [INFO] CodeEngine:265 - oldGeneratedFile, C:\Users\nisha\OneDrive\Desktop\stm32f407\freertos\synch_task_task_semaph\Core\Src\main.c_save
2025-08-26 13:35:26,710 [INFO] CodeEngine:289 - Generated code: C:\Users\nisha\OneDrive\Desktop\stm32f407\freertos\synch_task_task_semaph\Core\Src\main.c
2025-08-26 13:35:27,562 [INFO] ProjectBuilder:3606 - Time for Copy HAL[1] : 548mS.
2025-08-26 13:35:27,580 [INFO] ProjectBuilder:5216 - Project Generator version: 4.7.0-B52
2025-08-26 13:35:27,709 [INFO] ConfigFileManager:1595 - The Die is : DIE413
2025-08-26 13:35:27,751 [INFO] ApiDbMcu:532 - Load IP Config File for FATFS
2025-08-26 13:35:27,768 [INFO] ApiDbMcu:532 - Load IP Config File for FREERTOS
2025-08-26 13:35:27,784 [INFO] ApiDbMcu:532 - Load IP Config File for LIBJPEG
2025-08-26 13:35:27,802 [INFO] ApiDbMcu:532 - Load IP Config File for LWIP
2025-08-26 13:35:27,821 [INFO] ApiDbMcu:532 - Load IP Config File for MBEDTLS
2025-08-26 13:35:27,844 [INFO] ApiDbMcu:532 - Load IP Config File for USB_DEVICE
2025-08-26 13:35:27,863 [INFO] ApiDbMcu:532 - Load IP Config File for USB_HOST
2025-08-26 13:35:28,920 [INFO] LogOutputStream:77 - [STDOUT_REDIRECT] 
2025-08-26 13:35:34,990 [INFO] ProjectBuilder:5496 - Time for Generating toolchain IDE Files: 7410mS.
2025-08-26 13:35:34,992 [INFO] ProjectBuilder:3463 - Time for Copy CMSIS : 1mS.
2025-08-26 13:35:34,997 [INFO] ProjectBuilder:3463 - Time for Copy CMSIS : 0mS.
2025-08-26 13:35:36,418 [INFO] McuFinderGlobals:76 - Set McuFinderConnectedMode to true
2025-08-26 13:35:36,427 [INFO] ApiDb:448 - Save user favorites file C:\Users\nisha/.stm32cubeide/favorites.mcus.txt: 0 item(s)
2025-08-26 13:35:36,428 [INFO] ApiDb:452 - User favorites MCUs=[]
2025-08-26 13:35:36,435 [INFO] ApiDb:448 - Save user favorites file C:\Users\nisha/.stm32cubeide/favorites.boards.txt: 1 item(s)
2025-08-26 13:35:36,437 [INFO] ApiDb:452 - User favorites Boards=[STM32F407G-DISC1]
2025-08-26 13:40:52,633 [INFO] MainUpdater:2872 - connection check result : 10
2025-08-26 13:40:52,633 [INFO] MainUpdater:2872 - connection check result : 10
2025-08-26 13:40:52,662 [INFO] MicroXplorer:468 - Change Database Path : 
2025-08-26 13:40:52,662 [INFO] MicroXplorer:498 - Change Database Version : DB.6.0.150
2025-08-26 13:40:52,709 [ERROR] ProjectManagerView:395 - 
java.lang.NullPointerException: Cannot invoke "javax.swing.JTextField.getText()" because the return value of "java.util.List.get(int)" is null
	at com.st.microxplorer.plugins.projectmanager.gui.ProjectChoiceTab$9.caretUpdate(ProjectChoiceTab.java:2706) ~[filemanager.jar:?]
	at javax.swing.text.JTextComponent.fireCaretUpdate(JTextComponent.java:408) ~[?:?]
	at javax.swing.text.JTextComponent$MutableCaretEvent.fire(JTextComponent.java:4484) ~[?:?]
	at javax.swing.text.JTextComponent$MutableCaretEvent.stateChanged(JTextComponent.java:4506) ~[?:?]
	at javax.swing.text.DefaultCaret.fireStateChanged(DefaultCaret.java:857) ~[?:?]
	at javax.swing.text.DefaultCaret.changeCaretPosition(DefaultCaret.java:1343) ~[?:?]
	at javax.swing.text.DefaultCaret.handleSetDot(DefaultCaret.java:1242) ~[?:?]
	at javax.swing.text.DefaultCaret.setDot(DefaultCaret.java:1223) ~[?:?]
	at javax.swing.text.DefaultCaret$Handler.insertUpdate(DefaultCaret.java:1819) ~[?:?]
	at javax.swing.text.AbstractDocument.fireInsertUpdate(AbstractDocument.java:227) ~[?:?]
	at javax.swing.text.AbstractDocument.handleInsertString(AbstractDocument.java:781) ~[?:?]
	at javax.swing.text.AbstractDocument.insertString(AbstractDocument.java:740) ~[?:?]
	at javax.swing.text.PlainDocument.insertString(PlainDocument.java:131) ~[?:?]
	at javax.swing.text.AbstractDocument.replace(AbstractDocument.java:699) ~[?:?]
	at javax.swing.text.JTextComponent.setText(JTextComponent.java:1725) ~[?:?]
	at com.st.microxplorer.plugins.projectmanager.gui.ProjectChoiceTab.createHeapStackFields(ProjectChoiceTab.java:993) ~[filemanager.jar:?]
	at com.st.microxplorer.plugins.projectmanager.gui.ProjectChoiceTab.buildLinkSettingsPanel(ProjectChoiceTab.java:3813) ~[filemanager.jar:?]
	at com.st.microxplorer.plugins.projectmanager.gui.ProjectChoiceTab.defineWindowsFields(ProjectChoiceTab.java:1987) ~[filemanager.jar:?]
	at com.st.microxplorer.plugins.projectmanager.gui.ProjectChoiceTab.updateSettings(ProjectChoiceTab.java:558) ~[filemanager.jar:?]
	at com.st.microxplorer.plugins.projectmanager.gui.ProjectSettingsPanel.UpdateDialog(ProjectSettingsPanel.java:247) ~[filemanager.jar:?]
	at com.st.microxplorer.plugins.projectmanager.ProjectManagerView.propertyChange(ProjectManagerView.java:392) ~[filemanager.jar:?]
	at java.beans.PropertyChangeSupport.fire(PropertyChangeSupport.java:343) ~[?:?]
	at java.beans.PropertyChangeSupport.firePropertyChange(PropertyChangeSupport.java:335) ~[?:?]
	at java.beans.PropertyChangeSupport.firePropertyChange(PropertyChangeSupport.java:268) ~[?:?]
	at com.st.microxplorer.util.MXPropertyChangeSupport.firePropertyChange(MXPropertyChangeSupport.java:54) ~[STM32CubeMX.jar:?]
	at com.st.microxplorer.mxsystem.MxSystem.closeConfig(MxSystem.java:899) ~[STM32CubeMX.jar:?]
	at com.st.microxplorer.maingui.MainPanel.closeConfig(MainPanel.java:792) ~[STM32CubeMX.jar:?]
	at com.st.microxplorer.plugins.filemanager.engine.OpenFileManager.loadConfigurationFile(OpenFileManager.java:288) ~[filemanager.jar:?]
	at com.st.microxplorer.plugins.filemanager.engine.MainFileManager.userLoadConfig(MainFileManager.java:364) ~[filemanager.jar:?]
	at com.st.microxplorer.plugins.filemanager.engine.MainFileManager.userLoadConfig(MainFileManager.java:342) ~[filemanager.jar:?]
	at com.st.microxplorer.plugins.filemanager.FileManagerView.getSpecificTask(FileManagerView.java:264) ~[filemanager.jar:?]
	at com.st.stm32cube.common.mx.editor.CubeMxEditor.getMxTabbedPaneInstance(CubeMxEditor.java:1198) ~[com.st.stm32cube.common.mx_6.15.0.202507011659/:?]
	at com.st.stm32cube.common.mx.editor.CubeMxEditor$12$1.createSwingComponent(CubeMxEditor.java:1068) ~[com.st.stm32cube.common.mx_6.15.0.202507011659/:?]
	at com.st.stm32cube.common.mx.oss.core.awtswtbridge.EmbeddedSwingComposite.doComponentCreation(EmbeddedSwingComposite.java:492) ~[com.st.stm32cube.common.mx.oss_6.15.0.202507011659/:?]
	at com.st.stm32cube.common.mx.oss.core.awtswtbridge.EmbeddedSwingComposite$4.run(EmbeddedSwingComposite.java:291) ~[com.st.stm32cube.common.mx.oss_6.15.0.202507011659/:?]
	at com.st.stm32cube.common.mx.oss.core.awtswtbridge.AwtEnvironment$2.run(AwtEnvironment.java:166) ~[com.st.stm32cube.common.mx.oss_6.15.0.202507011659/:?]
	at java.awt.event.InvocationEvent.dispatch(InvocationEvent.java:318) ~[?:?]
	at java.awt.EventQueue.dispatchEventImpl(EventQueue.java:773) ~[?:?]
	at java.awt.EventQueue$4.run(EventQueue.java:720) ~[?:?]
	at java.awt.EventQueue$4.run(EventQueue.java:714) ~[?:?]
	at java.security.AccessController.doPrivileged(AccessController.java:400) ~[?:?]
	at java.security.ProtectionDomain$JavaSecurityAccessImpl.doIntersectionPrivilege(ProtectionDomain.java:87) ~[?:?]
	at java.awt.EventQueue.dispatchEvent(EventQueue.java:742) ~[?:?]
	at java.awt.EventDispatchThread.pumpOneEventForFilters(EventDispatchThread.java:203) ~[?:?]
	at java.awt.EventDispatchThread.pumpEventsForFilter(EventDispatchThread.java:124) ~[?:?]
	at java.awt.EventDispatchThread.pumpEventsForHierarchy(EventDispatchThread.java:113) ~[?:?]
	at java.awt.EventDispatchThread.pumpEvents(EventDispatchThread.java:109) ~[?:?]
	at java.awt.EventDispatchThread.pumpEvents(EventDispatchThread.java:101) ~[?:?]
	at java.awt.EventDispatchThread.run(EventDispatchThread.java:90) ~[?:?]
2025-08-26 13:40:52,728 [WARN] ThirdParty:871 - waiting for thirdparty lock release [close project]
2025-08-26 13:40:52,728 [INFO] ThirdParty:873 - entering critical section [close project]
2025-08-26 13:40:52,729 [INFO] ThirdParty:883 - exiting critical section [close project]
2025-08-26 13:40:52,732 [INFO] PinOutPanel:1589 - setPackage(No Configuration,No Configuration)
2025-08-26 13:40:52,756 [WARN] IpParametersView:155 - Warning: This peripheral hasn't parameters
2025-08-26 13:40:52,783 [WARN] MainPanel:289 - <html><b><center>Warning: This peripheral has no parameters to be configured<br></b></html>
2025-08-26 13:40:52,801 [INFO] UtilMem:75 - Begin LoadConfig() Used Memory: 699106408 Bytes (1073741824)
2025-08-26 13:40:52,803 [INFO] MicroXplorer:468 - Change Database Path : 
2025-08-26 13:40:52,803 [INFO] MicroXplorer:498 - Change Database Version : DB.6.0.150
2025-08-26 13:40:52,803 [INFO] OpenFileManager:355 - Change cursor
2025-08-26 13:40:52,833 [INFO] RulesReader:64 - Compatibility file has been processed (317 Rules)
2025-08-26 13:40:52,838 [INFO] Mcu:2029 - Initializing MCU STM32F407V(E-G)Tx STM32F407VGTx STM32F407VGT6
2025-08-26 13:40:54,877 [INFO] Context:786 - Trying to add GPIOservice into a context  which must be forbidden
2025-08-26 13:40:55,458 [INFO] ImportTextPane:234 - (OptionalMessage_ERROR) Pin34 (VP_RIF_VS_RIF1) cannot be retrieved for this MCU
2025-08-26 13:40:55,765 [INFO] RtosManager:558 - Registered RTOS mode: class=CMSIS, group=RTOS, mode=CMSIS_V1, owner=FREERTOS
2025-08-26 13:40:55,765 [INFO] RtosManager:558 - Registered RTOS mode: class=CMSIS, group=RTOS2, mode=CMSIS_V2, owner=FREERTOS
2025-08-26 13:40:55,765 [INFO] RtosManager:558 - Registered RTOS mode: class=RTOS, group=Core, mode=CMSIS_V1, owner=FREERTOS
2025-08-26 13:40:55,765 [INFO] RtosManager:558 - Registered RTOS mode: class=RTOS, group=Core, mode=CMSIS_V2, owner=FREERTOS
2025-08-26 13:40:55,765 [WARN] ModelIntegratedComponent:184 - Missing modes for component STMicroelectronics:FreeRTOS:0.0.1:STMicroelectronics:RTOS:FreeRTOS:Core:::10.2.0:
2025-08-26 13:40:55,765 [WARN] ModelIntegratedComponent:63 - No mode defined for component null
2025-08-26 13:40:55,765 [WARN] ModelIntegratedComponent:63 - No mode defined for component null
2025-08-26 13:40:55,765 [WARN] ModelIntegratedComponent:63 - No mode defined for component null
2025-08-26 13:40:55,765 [WARN] ModelIntegratedComponent:63 - No mode defined for component null
2025-08-26 13:40:55,765 [WARN] ModelIntegratedComponent:63 - No mode defined for component null
2025-08-26 13:40:55,765 [WARN] ModelIntegratedComponent:63 - No mode defined for component null
2025-08-26 13:40:55,765 [WARN] ModelIntegratedComponent:63 - No mode defined for component null
2025-08-26 13:40:55,765 [WARN] ModelIntegratedComponent:63 - No mode defined for component null
2025-08-26 13:40:55,765 [WARN] ModelIntegratedComponent:63 - No mode defined for component null
2025-08-26 13:40:55,765 [WARN] ModelIntegratedComponent:63 - No mode defined for component null
2025-08-26 13:40:55,765 [WARN] ModelIntegratedComponent:63 - No mode defined for component null
2025-08-26 13:40:55,765 [WARN] ModelIntegratedComponent:63 - No mode defined for component null
2025-08-26 13:40:55,765 [WARN] ModelIntegratedComponent:63 - No mode defined for component null
2025-08-26 13:40:55,765 [WARN] ModelIntegratedComponent:63 - No mode defined for component null
2025-08-26 13:40:55,765 [WARN] ModelIntegratedComponent:63 - No mode defined for component null
2025-08-26 13:40:55,765 [WARN] ModelIntegratedComponent:63 - No mode defined for component null
2025-08-26 13:40:55,765 [WARN] ModelIntegratedComponent:63 - No mode defined for component null
2025-08-26 13:40:55,765 [WARN] ModelIntegratedComponent:63 - No mode defined for component null
2025-08-26 13:40:55,765 [WARN] ModelIntegratedComponent:63 - No mode defined for component null
2025-08-26 13:40:55,765 [WARN] ModelIntegratedComponent:63 - No mode defined for component null
2025-08-26 13:40:55,765 [WARN] ModelIntegratedComponent:63 - No mode defined for component null
2025-08-26 13:40:55,765 [WARN] ModelIntegratedComponent:63 - No mode defined for component null
2025-08-26 13:40:55,765 [WARN] ModelIntegratedComponent:63 - No mode defined for component null
2025-08-26 13:40:55,765 [WARN] ModelIntegratedComponent:63 - No mode defined for component null
2025-08-26 13:40:55,765 [WARN] ModelIntegratedComponent:63 - No mode defined for component null
2025-08-26 13:40:55,765 [WARN] ModelIntegratedComponent:63 - No mode defined for component null
2025-08-26 13:40:55,765 [WARN] ModelIntegratedComponent:63 - No mode defined for component null
2025-08-26 13:40:55,765 [WARN] ModelIntegratedComponent:63 - No mode defined for component null
2025-08-26 13:40:55,765 [WARN] ModelIntegratedComponent:63 - No mode defined for component null
2025-08-26 13:40:55,765 [WARN] ModelIntegratedComponent:63 - No mode defined for component null
2025-08-26 13:40:55,765 [WARN] ModelIntegratedComponent:63 - No mode defined for component null
2025-08-26 13:40:55,765 [WARN] ModelIntegratedComponent:63 - No mode defined for component null
2025-08-26 13:40:55,765 [WARN] ModelIntegratedComponent:63 - No mode defined for component null
2025-08-26 13:40:55,765 [WARN] ModelIntegratedComponent:63 - No mode defined for component null
2025-08-26 13:40:55,765 [WARN] ModelIntegratedComponent:63 - No mode defined for component null
2025-08-26 13:40:55,765 [WARN] ModelPack:524 - Component already loaded: STMicroelectronics:HAL Drivers:0.0.0:STMicroelectronics:Device:STMicro_Driver:XSPI:HAL::0.0.1:HAL_XSPI
2025-08-26 13:40:56,022 [INFO] ThirdPartyModel:298 - Start build external matchings
2025-08-26 13:40:58,022 [INFO] ThirdPartyModel:316 - End build external matchings
2025-08-26 13:40:58,447 [INFO] UtilMem:75 - End LoadConfig() Used Memory: 897462024 Bytes (1073741824)
2025-08-26 13:40:58,460 [WARN] ThirdParty:833 - waiting for thirdparty lock release [change project]
2025-08-26 13:40:58,461 [INFO] ThirdParty:835 - entering critical section [change project]
2025-08-26 13:40:58,461 [INFO] ThirdParty:1030 - CMSIS Pack Vendor :STMicroelectronics X-CUBE-PM33A1 1.0.0
2025-08-26 13:40:58,463 [INFO] ThirdParty:1030 - CMSIS Pack Vendor :STMicroelectronics USBPD 4.1
2025-08-26 13:40:58,464 [INFO] ThirdParty:1030 - CMSIS Pack Vendor :STMicroelectronics X-CUBE-GNSS1 6.0.0
2025-08-26 13:40:58,465 [INFO] ThirdParty:1030 - CMSIS Pack Vendor :STMicroelectronics USB_HOST 2.0.0
2025-08-26 13:40:58,465 [INFO] ThirdParty:1030 - CMSIS Pack Vendor :STMicroelectronics FP-SNS-MOTENVWB1 1.4.0
2025-08-26 13:40:58,465 [INFO] ThirdParty:1030 - CMSIS Pack Vendor :STMicroelectronics X-CUBE-AZRTOS-F4 1.1.0
2025-08-26 13:40:58,465 [INFO] ThirdParty:1030 - CMSIS Pack Vendor :STMicroelectronics LIBJPEG 8.0.0
2025-08-26 13:40:58,465 [INFO] ThirdParty:1030 - CMSIS Pack Vendor :Avnet-IotConnect X-CUBE-IoTC-DA16k-PMOD 1.0.0
2025-08-26 13:40:58,465 [INFO] ThirdParty:1030 - CMSIS Pack Vendor :STMicroelectronics X-CUBE-SMBUS 2.1.0
2025-08-26 13:40:58,465 [INFO] ThirdParty:1030 - CMSIS Pack Vendor :STMicroelectronics X-CUBE-WB05N 1.1.0
2025-08-26 13:40:58,465 [INFO] ThirdParty:1030 - CMSIS Pack Vendor :STMicroelectronics X-CUBE-ISPU 2.1.0
2025-08-26 13:40:58,465 [INFO] ThirdParty:1030 - CMSIS Pack Vendor :STMicroelectronics X-CUBE-FREERTOS 1.2.0
2025-08-26 13:40:58,465 [INFO] ThirdParty:1030 - CMSIS Pack Vendor :STMicroelectronics X-CUBE-ST60 1.0.0
2025-08-26 13:40:58,465 [INFO] ThirdParty:1030 - CMSIS Pack Vendor :STMicroelectronics X-CUBE-NFC12 1.0.0
2025-08-26 13:40:58,466 [INFO] ThirdParty:1030 - CMSIS Pack Vendor :STMicroelectronics X-CUBE-AZRTOS-F7 1.1.0
2025-08-26 13:40:58,466 [INFO] ThirdParty:1030 - CMSIS Pack Vendor :STMicroelectronics X-CUBE-AZRTOS-L5 2.0.0
2025-08-26 13:40:58,466 [INFO] ThirdParty:1030 - CMSIS Pack Vendor :STMicroelectronics USB_DEVICE 2.0.0
2025-08-26 13:40:58,466 [INFO] ThirdParty:1030 - CMSIS Pack Vendor :STMicroelectronics X-CUBE-NFC6 3.1.0
2025-08-26 13:40:58,466 [INFO] ThirdParty:1030 - CMSIS Pack Vendor :STMicroelectronics X-CUBE-MEMS1 11.0.0
2025-08-26 13:40:58,466 [INFO] ThirdParty:1030 - CMSIS Pack Vendor :STMicroelectronics FreeRTOS 0.0.1
2025-08-26 13:40:58,466 [INFO] ThirdParty:1030 - CMSIS Pack Vendor :STMicroelectronics X-CUBE-DPower 1.2.0
2025-08-26 13:40:58,466 [INFO] ThirdParty:1030 - CMSIS Pack Vendor :STMicroelectronics FP-SNS-FLIGHT1 5.0.2
2025-08-26 13:40:58,466 [INFO] ThirdParty:1030 - CMSIS Pack Vendor :STMicroelectronics X-CUBE-AI 9.0.0
2025-08-26 13:40:58,466 [INFO] ThirdParty:1030 - CMSIS Pack Vendor :STMicroelectronics PDM2PCM 3.3.0
2025-08-26 13:40:58,466 [INFO] ThirdParty:1030 - CMSIS Pack Vendor :STMicroelectronics X-CUBE-AZRTOS-H7 3.4.0
2025-08-26 13:40:58,466 [INFO] ThirdParty:1030 - CMSIS Pack Vendor :STMicroelectronics X-CUBE-DISPLAY 3.0.0
2025-08-26 13:40:58,466 [INFO] ThirdParty:1030 - CMSIS Pack Vendor :STMicroelectronics X-CUBE-BLE1 7.0.0
2025-08-26 13:40:58,466 [INFO] ThirdParty:1030 - CMSIS Pack Vendor :STMicroelectronics X-CUBE-NFC10 1.0.0
2025-08-26 13:40:58,466 [INFO] ThirdParty:1030 - CMSIS Pack Vendor :STMicroelectronics X-CUBE-BLEMGR 4.0.0
2025-08-26 13:40:58,466 [INFO] ThirdParty:1030 - CMSIS Pack Vendor :STMicroelectronics X-CUBE-FREERTOS 1.3.1
2025-08-26 13:40:58,466 [INFO] ThirdParty:1030 - CMSIS Pack Vendor :STMicroelectronics HAL Drivers 0.0.0
2025-08-26 13:40:58,466 [INFO] ThirdParty:1030 - CMSIS Pack Vendor :emotas I-CUBE-CANOPEN 1.3.0
2025-08-26 13:40:58,466 [INFO] ThirdParty:1030 - CMSIS Pack Vendor :STMicroelectronics X-CUBE-NFC7 1.0.1
2025-08-26 13:40:58,466 [INFO] ThirdParty:1030 - CMSIS Pack Vendor :STMicroelectronics MBEDTLS 2.14.1
2025-08-26 13:40:58,467 [INFO] ThirdParty:1030 - CMSIS Pack Vendor :wolfSSL I-CUBE-wolfTPM 3.2.0
2025-08-26 13:40:58,467 [INFO] ThirdParty:1030 - CMSIS Pack Vendor :STMicroelectronics X-CUBE-BLEMGR 3.1.0
2025-08-26 13:40:58,467 [INFO] ThirdParty:1030 - CMSIS Pack Vendor :STMicroelectronics FP-SNS-STBOX1 2.1.0
2025-08-26 13:40:58,467 [INFO] ThirdParty:1030 - CMSIS Pack Vendor :STMicroelectronics FP-SNS-STAIOTCFT 1.0.0
2025-08-26 13:40:58,467 [INFO] ThirdParty:1030 - CMSIS Pack Vendor :STMicroelectronics FP-SNS-SMARTAG2 1.2.0
2025-08-26 13:40:58,467 [INFO] ThirdParty:1030 - CMSIS Pack Vendor :STMicroelectronics FP-SNS-FLIGHT1 5.1.0
2025-08-26 13:40:58,467 [INFO] ThirdParty:1030 - CMSIS Pack Vendor :STMicroelectronics X-CUBE-AZRTOS-WL 2.0.0
2025-08-26 13:40:58,467 [INFO] ThirdParty:1030 - CMSIS Pack Vendor :STMicroelectronics X-CUBE-DPower 1.3.0
2025-08-26 13:40:58,467 [INFO] ThirdParty:1030 - CMSIS Pack Vendor :STMicroelectronics FP-SNS-MOTENV1 5.0.0
2025-08-26 13:40:58,467 [INFO] ThirdParty:1030 - CMSIS Pack Vendor :STMicroelectronics USB_DEVICE 1.0.0
2025-08-26 13:40:58,467 [INFO] ThirdParty:1030 - CMSIS Pack Vendor :wolfSSL I-CUBE-wolfMQTT 1.19.0
2025-08-26 13:40:58,467 [INFO] ThirdParty:1030 - CMSIS Pack Vendor :STMicroelectronics X-CUBE-AZRTOS-L4 2.0.0
2025-08-26 13:40:58,467 [INFO] ThirdParty:1030 - CMSIS Pack Vendor :STMicroelectronics ThreadX 0.0.2
2025-08-26 13:40:58,468 [INFO] ThirdParty:1030 - CMSIS Pack Vendor :WES I-CUBE-Cesium 1.3.0
2025-08-26 13:40:58,468 [INFO] ThirdParty:1030 - CMSIS Pack Vendor :STMicroelectronics lwIP 2.1.2
2025-08-26 13:40:58,468 [INFO] ThirdParty:1030 - CMSIS Pack Vendor :STMicroelectronics X-CUBE-SFXS2LP1 4.0.0
2025-08-26 13:40:58,468 [INFO] ThirdParty:1030 - CMSIS Pack Vendor :STMicroelectronics X-CUBE-BLE2 3.3.0
2025-08-26 13:40:58,468 [INFO] ThirdParty:1030 - CMSIS Pack Vendor :STMicroelectronics PDM2PCM 3.2.0
2025-08-26 13:40:58,468 [INFO] ThirdParty:1030 - CMSIS Pack Vendor :STMicroelectronics X-CUBE-AZRTOS-H7 3.3.0
2025-08-26 13:40:58,468 [INFO] ThirdParty:1030 - CMSIS Pack Vendor :STMicroelectronics X-CUBE-NFC9 1.0.0
2025-08-26 13:40:58,468 [INFO] ThirdParty:1030 - CMSIS Pack Vendor :STMicroelectronics X-CUBE-BLE1 7.1.0
2025-08-26 13:40:58,468 [INFO] ThirdParty:1030 - CMSIS Pack Vendor :STMicroelectronics USB_DEVICE 3.0.0
2025-08-26 13:40:58,468 [INFO] ThirdParty:1030 - CMSIS Pack Vendor :STMicroelectronics X-CUBE-TCPP 4.1.0
2025-08-26 13:40:58,468 [INFO] ThirdParty:1030 - CMSIS Pack Vendor :STMicroelectronics X-CUBE-EEPRMA1 5.2.0
2025-08-26 13:40:58,468 [INFO] ThirdParty:1030 - CMSIS Pack Vendor :STMicroelectronics X-CUBE-BLEMGR 4.1.0
2025-08-26 13:40:58,468 [INFO] ThirdParty:1030 - CMSIS Pack Vendor :STMicroelectronics X-CUBE-IPS 3.0.0
2025-08-26 13:40:58,468 [INFO] ThirdParty:1030 - CMSIS Pack Vendor :STMicroelectronics X-CUBE-AZRTOS-WB 2.0.0
2025-08-26 13:40:58,468 [INFO] ThirdParty:1030 - CMSIS Pack Vendor :STMicroelectronics X-CUBE-GNSS1 7.0.0
2025-08-26 13:40:58,468 [INFO] ThirdParty:1030 - CMSIS Pack Vendor :STMicroelectronics X-CUBE-GNSS1 7.0.1
2025-08-26 13:40:58,468 [INFO] ThirdParty:1030 - CMSIS Pack Vendor :STMicroelectronics X-CUBE-TOUCHGFX 4.25.0
2025-08-26 13:40:58,468 [INFO] ThirdParty:1030 - CMSIS Pack Vendor :STMicroelectronics X-CUBE-AI 10.1.0
2025-08-26 13:40:58,468 [INFO] ThirdParty:1030 - CMSIS Pack Vendor :STMicroelectronics FP-SNS-STBOX1 2.0.0
2025-08-26 13:40:58,468 [INFO] ThirdParty:1030 - CMSIS Pack Vendor :STMicroelectronics X-CUBE-AZRTOS-G0 1.1.0
2025-08-26 13:40:58,468 [INFO] ThirdParty:1030 - CMSIS Pack Vendor :STMicroelectronics X-CUBE-SAFEA1 1.2.2
2025-08-26 13:40:58,468 [INFO] ThirdParty:1030 - CMSIS Pack Vendor :STMicroelectronics X-CUBE-NFC4 3.0.0
2025-08-26 13:40:58,468 [INFO] ThirdParty:1030 - CMSIS Pack Vendor :STMicroelectronics X-CUBE-SUBG2 5.0.0
2025-08-26 13:40:58,469 [INFO] ThirdParty:1030 - CMSIS Pack Vendor :STMicroelectronics X-CUBE-AZRTOS-H7RS 1.1.0
2025-08-26 13:40:58,469 [INFO] ThirdParty:1030 - CMSIS Pack Vendor :STMicroelectronics STM32_WPAN 1.0.0
2025-08-26 13:40:58,469 [INFO] ThirdParty:1030 - CMSIS Pack Vendor :EmbeddedOffice I-CUBE-FS-RTOS 1.0.1
2025-08-26 13:40:58,469 [INFO] ThirdParty:1030 - CMSIS Pack Vendor :STMicroelectronics lwIP 2.0.3
2025-08-26 13:40:58,469 [INFO] ThirdParty:1030 - CMSIS Pack Vendor :Cesanta I-CUBE-Mongoose 7.13.0
2025-08-26 13:40:58,469 [INFO] ThirdParty:1030 - CMSIS Pack Vendor :STMicroelectronics USB_HOST 1.0.0
2025-08-26 13:40:58,469 [INFO] ThirdParty:1030 - CMSIS Pack Vendor :STMicroelectronics X-CUBE-AZRTOS-G4 2.0.0
2025-08-26 13:40:58,469 [INFO] ThirdParty:1030 - CMSIS Pack Vendor :STMicroelectronics X-CUBE-WB05N 2.0.0
2025-08-26 13:40:58,469 [INFO] ThirdParty:1030 - CMSIS Pack Vendor :STMicroelectronics PDM2PCM 3.1.0
2025-08-26 13:40:58,469 [INFO] ThirdParty:1030 - CMSIS Pack Vendor :STMicroelectronics X-CUBE-NFC7 2.0.0
2025-08-26 13:40:58,469 [INFO] ThirdParty:1030 - CMSIS Pack Vendor :STMicroelectronics X-CUBE-TCPP 4.2.0
2025-08-26 13:40:58,469 [INFO] ThirdParty:1030 - CMSIS Pack Vendor :RealThread X-CUBE-RT-Thread_Nano 4.1.1
2025-08-26 13:40:58,469 [INFO] ThirdParty:1030 - CMSIS Pack Vendor :wolfSSL I-CUBE-wolfSSL 5.7.0
2025-08-26 13:40:58,469 [INFO] ThirdParty:1030 - CMSIS Pack Vendor :STMicroelectronics FP-ATR-SIGFOX1 3.2.0
2025-08-26 13:40:58,469 [INFO] ThirdParty:1030 - CMSIS Pack Vendor :quantropi X-CUBE-qispace-sdk-base 1.9.3
2025-08-26 13:40:58,469 [INFO] ThirdParty:1030 - CMSIS Pack Vendor :STMicroelectronics X-CUBE-ISPU 2.0.0
2025-08-26 13:40:58,469 [INFO] ThirdParty:1030 - CMSIS Pack Vendor :STMicroelectronics X-CUBE-EEPRMA1 5.1.0
2025-08-26 13:40:58,469 [INFO] ThirdParty:1030 - CMSIS Pack Vendor :STMicroelectronics MBEDTLS 2.16.2
2025-08-26 13:40:58,469 [INFO] ThirdParty:1030 - CMSIS Pack Vendor :STMicroelectronics X-CUBE-IPS 3.1.0
2025-08-26 13:40:58,469 [INFO] ThirdParty:1030 - CMSIS Pack Vendor :STMicroelectronics X-CUBE-ALS 1.0.2
2025-08-26 13:40:58,469 [INFO] ThirdParty:1030 - CMSIS Pack Vendor :STMicroelectronics X-CUBE-MEMS1 10.0.0
2025-08-26 13:40:58,469 [INFO] ThirdParty:1030 - CMSIS Pack Vendor :STMicroelectronics X-CUBE-TOUCHGFX 4.24.0
2025-08-26 13:40:58,469 [INFO] ThirdParty:1030 - CMSIS Pack Vendor :ITTIA_DB I-CUBE-ITTIADB 8.9.0
2025-08-26 13:40:58,469 [INFO] ThirdParty:1030 - CMSIS Pack Vendor :STMicroelectronics X-CUBE-TOUCHGFX 4.24.1
2025-08-26 13:40:58,469 [INFO] ThirdParty:1030 - CMSIS Pack Vendor :portGmbH I-Cube-SoM-uGOAL 1.1.0
2025-08-26 13:40:58,469 [INFO] ThirdParty:1030 - CMSIS Pack Vendor :STMicroelectronics X-CUBE-ST67W61 1.0.0
2025-08-26 13:40:58,469 [INFO] ThirdParty:1030 - CMSIS Pack Vendor :STMicroelectronics X-CUBE-AI 10.2.0
2025-08-26 13:40:58,469 [INFO] ThirdParty:1030 - CMSIS Pack Vendor :STMicroelectronics ThreadX 1.0.0
2025-08-26 13:40:58,469 [INFO] ThirdParty:1030 - CMSIS Pack Vendor :SEGGER I-CUBE-embOS 1.3.1
2025-08-26 13:40:58,470 [INFO] ThirdParty:1030 - CMSIS Pack Vendor :STMicroelectronics X-CUBE-ALGOBUILD 1.4.0
2025-08-26 13:40:58,470 [INFO] ThirdParty:1030 - CMSIS Pack Vendor :STMicroelectronics X-CUBE-MEMS1 11.3.0
2025-08-26 13:40:58,470 [INFO] ThirdParty:1030 - CMSIS Pack Vendor :STMicroelectronics X-CUBE-AZRTOS-H7RS 1.0.0
2025-08-26 13:40:58,470 [INFO] ThirdParty:1030 - CMSIS Pack Vendor :STMicroelectronics FP-ATR-ASTRA1 2.0.0
2025-08-26 13:40:58,470 [INFO] ThirdParty:1030 - CMSIS Pack Vendor :STMicroelectronics X-CUBE-TOF1 3.4.2
2025-08-26 13:40:58,470 [INFO] ThirdParty:1030 - CMSIS Pack Vendor :STMicroelectronics X-CUBE-TOF1 3.4.3
2025-08-26 13:40:58,470 [INFO] ThirdParty:1030 - CMSIS Pack Vendor :STMicroelectronics X-CUBE-AI 9.1.0
2025-08-26 13:40:58,470 [INFO] ThirdParty:1030 - CMSIS Pack Vendor :STMicroelectronics X-CUBE-TOF1 3.4.1
2025-08-26 13:40:58,470 [INFO] ThirdParty:1030 - CMSIS Pack Vendor :STMicroelectronics X-CUBE-AZRTOS-H7 3.2.0
2025-08-26 13:40:58,470 [INFO] ThirdParty:1030 - CMSIS Pack Vendor :Infineon AIROC-Wi-Fi-Bluetooth-STM32 1.6.0
2025-08-26 13:40:58,470 [INFO] ThirdParty:1030 - CMSIS Pack Vendor :wolfSSL I-CUBE-wolfSSH 1.4.17
2025-08-26 13:40:58,470 [INFO] ThirdParty:841 - exiting critical section [change project]
2025-08-26 13:40:58,994 [INFO] PinOutPanel:1589 - setPackage(No Configuration,No Configuration)
2025-08-26 13:40:58,999 [INFO] PinOutPanel:1589 - setPackage(STM32F407VGTx,LQFP100)
2025-08-26 13:40:59,505 [INFO] UtilMem:75 - Before build in PCC Used Memory: 394507008 Bytes (1073741824)
2025-08-26 13:40:59,972 [INFO] UtilMem:75 - After build in PCC Used Memory: 442215168 Bytes (1073741824)
2025-08-26 13:41:00,044 [INFO] IPUIPlugin:80 - create IPUIPlugin
2025-08-26 13:41:00,044 [INFO] IPUIPlugin:80 - create IPUIPlugin
2025-08-26 13:41:00,044 [INFO] IPUIPlugin:80 - create IPUIPlugin
2025-08-26 13:41:00,044 [INFO] IPUIPlugin:80 - create IPUIPlugin
2025-08-26 13:41:00,044 [INFO] IPUIPlugin:80 - create IPUIPlugin
2025-08-26 13:41:00,044 [INFO] IPUIPlugin:80 - create IPUIPlugin
2025-08-26 13:41:00,044 [INFO] IPUIPlugin:80 - create IPUIPlugin
2025-08-26 13:41:00,044 [INFO] IPUIPlugin:80 - create IPUIPlugin
2025-08-26 13:41:00,045 [INFO] IPUIPlugin:80 - create IPUIPlugin
2025-08-26 13:41:00,045 [INFO] IPUIPlugin:80 - create IPUIPlugin
2025-08-26 13:41:00,046 [INFO] IPUIPlugin:80 - create IPUIPlugin
2025-08-26 13:41:00,046 [INFO] IPUIPlugin:80 - create IPUIPlugin
2025-08-26 13:41:00,046 [INFO] IPUIPlugin:80 - create IPUIPlugin
2025-08-26 13:41:00,047 [INFO] IPUIPlugin:80 - create IPUIPlugin
2025-08-26 13:41:00,049 [INFO] IPUIPlugin:80 - create IPUIPlugin
2025-08-26 13:41:00,049 [INFO] IPUIPlugin:80 - create IPUIPlugin
2025-08-26 13:41:00,049 [INFO] IPUIPlugin:80 - create IPUIPlugin
2025-08-26 13:41:00,049 [INFO] IPUIPlugin:80 - create IPUIPlugin
2025-08-26 13:41:00,049 [INFO] IPUIPlugin:80 - create IPUIPlugin
2025-08-26 13:41:00,049 [INFO] IPUIPlugin:80 - create IPUIPlugin
2025-08-26 13:41:00,050 [INFO] IPUIPlugin:80 - create IPUIPlugin
2025-08-26 13:41:00,050 [INFO] IPUIPlugin:80 - create IPUIPlugin
2025-08-26 13:41:00,051 [INFO] IPUIPlugin:80 - create IPUIPlugin
2025-08-26 13:41:00,051 [INFO] IPUIPlugin:80 - create IPUIPlugin
2025-08-26 13:41:00,051 [INFO] IPUIPlugin:80 - create IPUIPlugin
2025-08-26 13:41:00,051 [INFO] IPUIPlugin:80 - create IPUIPlugin
2025-08-26 13:41:00,051 [INFO] IPUIPlugin:80 - create IPUIPlugin
2025-08-26 13:41:00,052 [INFO] IPUIPlugin:80 - create IPUIPlugin
2025-08-26 13:41:00,054 [INFO] IPUIPlugin:80 - create IPUIPlugin
2025-08-26 13:41:00,054 [INFO] IPUIPlugin:80 - create IPUIPlugin
2025-08-26 13:41:00,054 [INFO] IPUIPlugin:80 - create IPUIPlugin
2025-08-26 13:41:00,054 [INFO] IPUIPlugin:80 - create IPUIPlugin
2025-08-26 13:41:00,054 [INFO] IPUIPlugin:80 - create IPUIPlugin
2025-08-26 13:41:00,055 [INFO] IPUIPlugin:80 - create IPUIPlugin
2025-08-26 13:41:00,055 [INFO] IPUIPlugin:80 - create IPUIPlugin
2025-08-26 13:41:00,055 [INFO] IPUIPlugin:80 - create IPUIPlugin
2025-08-26 13:41:00,055 [INFO] IPUIPlugin:80 - create IPUIPlugin
2025-08-26 13:41:00,055 [INFO] IPUIPlugin:80 - create IPUIPlugin
2025-08-26 13:41:00,056 [INFO] IPUIPlugin:80 - create IPUIPlugin
2025-08-26 13:41:00,056 [INFO] IPUIPlugin:80 - create IPUIPlugin
2025-08-26 13:41:00,056 [INFO] IPUIPlugin:80 - create IPUIPlugin
2025-08-26 13:41:00,056 [INFO] IPUIPlugin:80 - create IPUIPlugin
2025-08-26 13:41:00,057 [INFO] IPUIPlugin:80 - create IPUIPlugin
2025-08-26 13:41:00,057 [INFO] IPUIPlugin:80 - create IPUIPlugin
2025-08-26 13:41:00,057 [INFO] IPUIPlugin:80 - create IPUIPlugin
2025-08-26 13:41:00,057 [INFO] IPUIPlugin:80 - create IPUIPlugin
2025-08-26 13:41:00,057 [INFO] IPUIPlugin:80 - create IPUIPlugin
2025-08-26 13:41:00,058 [INFO] IPUIPlugin:80 - create IPUIPlugin
2025-08-26 13:41:00,058 [INFO] IPUIPlugin:80 - create IPUIPlugin
2025-08-26 13:41:00,058 [INFO] IPUIPlugin:80 - create IPUIPlugin
2025-08-26 13:41:00,058 [INFO] IPUIPlugin:80 - create IPUIPlugin
2025-08-26 13:41:00,059 [INFO] IPUIPlugin:80 - create IPUIPlugin
2025-08-26 13:41:00,059 [INFO] IPUIPlugin:80 - create IPUIPlugin
2025-08-26 13:41:00,059 [INFO] IPUIPlugin:80 - create IPUIPlugin
2025-08-26 13:41:00,059 [INFO] IPUIPlugin:80 - create IPUIPlugin
2025-08-26 13:41:00,060 [INFO] IPUIPlugin:80 - create IPUIPlugin
2025-08-26 13:41:00,060 [INFO] IPUIPlugin:80 - create IPUIPlugin
2025-08-26 13:41:00,060 [INFO] IPUIPlugin:80 - create IPUIPlugin
2025-08-26 13:41:00,086 [INFO] ApiDbMcu:532 - Load IP Config File for PDM2PCM
2025-08-26 13:41:00,144 [INFO] CADModel:165 - CPN selected for project levelSTM32F407VGT6
2025-08-26 13:41:00,144 [INFO] CADModel:114 - Register for checkConnection events
2025-08-26 13:41:00,250 [INFO] OpenFileManager:386 - Restore cursor
2025-08-26 13:41:00,257 [INFO] ApiDb:581 - Connected to CubeFinder SQLite database (C:\Users\nisha\.stmcufinder\plugins\mcufinder\mcu\cube-finder-db.db)
2025-08-26 13:41:49,488 [INFO] Gpio:278 - dependency for GPIO []
2025-08-26 13:42:01,266 [INFO] NvicIntPanel:101 - NVIC parent = com.st.microxplorer.plugins.ip.nvic.MultiNvicIntPanel[,2,27,560x319,layout=javax.swing.BoxLayout,alignmentX=0.0,alignmentY=0.0,border=,flags=9,maximumSize=,minimumSize=,preferredSize=]
2025-08-26 13:42:05,350 [INFO] Gpio:278 - dependency for GPIO []
2025-08-26 13:42:05,568 [ERROR] LogOutputStream:75 - [STDERR_REDIRECT] java.lang.Error: no ComponentUI class for: com.st.microxplorer.plugins.ip.nvic.CheckBoxHeader[,0,0,0x0,invalid,alignmentX=0.0,alignmentY=0.0,border=,flags=0,maximumSize=,minimumSize=,preferredSize=,defaultIcon=,disabledIcon=,disabledSelectedIcon=,margin=null,paintBorder=true,paintFocus=true,pressedIcon=,rolloverEnabled=false,rolloverIcon=,rolloverSelectedIcon=,selectedIcon=,text=]
2025-08-26 13:42:05,569 [ERROR] LogOutputStream:75 - [STDERR_REDIRECT] 	at java.desktop/javax.swing.UIDefaults.getUIError(UIDefaults.java:763)
2025-08-26 13:42:05,570 [ERROR] LogOutputStream:75 - [STDERR_REDIRECT] 	at java.desktop/javax.swing.MultiUIDefaults.getUIError(MultiUIDefaults.java:144)
2025-08-26 13:42:05,571 [ERROR] LogOutputStream:75 - [STDERR_REDIRECT] 	at java.desktop/javax.swing.UIDefaults.getUI(UIDefaults.java:793)
2025-08-26 13:42:05,571 [ERROR] LogOutputStream:75 - [STDERR_REDIRECT] 	at java.desktop/javax.swing.UIManager.getUI(UIManager.java:1070)
2025-08-26 13:42:05,572 [ERROR] LogOutputStream:75 - [STDERR_REDIRECT] 	at java.desktop/javax.swing.JCheckBox.updateUI(JCheckBox.java:228)
2025-08-26 13:42:05,573 [ERROR] LogOutputStream:75 - [STDERR_REDIRECT] 	at java.desktop/javax.swing.AbstractButton.init(AbstractButton.java:2141)
2025-08-26 13:42:05,574 [ERROR] LogOutputStream:75 - [STDERR_REDIRECT] 	at java.desktop/javax.swing.JToggleButton.<init>(JToggleButton.java:187)
2025-08-26 13:42:05,575 [ERROR] LogOutputStream:75 - [STDERR_REDIRECT] 	at java.desktop/javax.swing.JCheckBox.<init>(JCheckBox.java:176)
2025-08-26 13:42:05,577 [ERROR] LogOutputStream:75 - [STDERR_REDIRECT] 	at java.desktop/javax.swing.JCheckBox.<init>(JCheckBox.java:97)
2025-08-26 13:42:05,579 [ERROR] LogOutputStream:75 - [STDERR_REDIRECT] 	at com.st.microxplorer.plugins.ip.nvic.CheckBoxHeader.<init>(CheckBoxHeader.java:55)
2025-08-26 13:42:05,580 [ERROR] LogOutputStream:75 - [STDERR_REDIRECT] 	at com.st.microxplorer.plugins.ip.nvic.NvicCodeSelectionTable.<init>(NvicCodeSelectionTable.java:75)
2025-08-26 13:42:05,581 [ERROR] LogOutputStream:75 - [STDERR_REDIRECT] 	at com.st.microxplorer.plugins.ip.nvic.NvicCodePanel.initComponents(NvicCodePanel.java:102)
2025-08-26 13:42:05,582 [ERROR] LogOutputStream:75 - [STDERR_REDIRECT] 	at com.st.microxplorer.plugins.ip.nvic.NvicCodePanel.<init>(NvicCodePanel.java:78)
2025-08-26 13:42:05,584 [ERROR] LogOutputStream:75 - [STDERR_REDIRECT] 	at com.st.microxplorer.plugins.ip.nvic.NvicTabbedPanel.<init>(NvicTabbedPanel.java:57)
2025-08-26 13:42:05,585 [ERROR] LogOutputStream:75 - [STDERR_REDIRECT] 	at com.st.microxplorer.plugins.ip.nvic.Nvic.getUI(Nvic.java:73)
2025-08-26 13:42:05,587 [ERROR] LogOutputStream:75 - [STDERR_REDIRECT] 	at com.st.microxplorer.plugins.ipmanager.gui.BlockDiagram.createIpPanel(BlockDiagram.java:402)
2025-08-26 13:42:05,588 [ERROR] LogOutputStream:75 - [STDERR_REDIRECT] 	at com.st.microxplorer.plugins.ipmanager.gui.BlockDiagram.getIPConfigPanel(BlockDiagram.java:552)
2025-08-26 13:42:05,590 [ERROR] LogOutputStream:75 - [STDERR_REDIRECT] 	at com.st.microxplorer.plugins.ipmanager.gui.BlockDiagram.getIPConfigPanel(BlockDiagram.java:458)
2025-08-26 13:42:05,592 [ERROR] LogOutputStream:75 - [STDERR_REDIRECT] 	at com.st.microxplorer.plugins.ipmanager.gui.BlockDiagram.propertyChange(BlockDiagram.java:1389)
2025-08-26 13:42:05,596 [ERROR] LogOutputStream:75 - [STDERR_REDIRECT] 	at java.desktop/java.beans.PropertyChangeSupport.fire(PropertyChangeSupport.java:343)
2025-08-26 13:42:05,598 [ERROR] LogOutputStream:75 - [STDERR_REDIRECT] 	at java.desktop/java.beans.PropertyChangeSupport.firePropertyChange(PropertyChangeSupport.java:335)
2025-08-26 13:42:05,599 [ERROR] LogOutputStream:75 - [STDERR_REDIRECT] 	at java.desktop/java.beans.PropertyChangeSupport.firePropertyChange(PropertyChangeSupport.java:268)
2025-08-26 13:42:05,601 [ERROR] LogOutputStream:75 - [STDERR_REDIRECT] 	at com.st.microxplorer.util.MXPropertyChangeSupport.firePropertyChange(MXPropertyChangeSupport.java:54)
2025-08-26 13:42:05,603 [ERROR] LogOutputStream:75 - [STDERR_REDIRECT] 	at com.st.microxplorer.mxsystem.MxSystem.firePropertyChange(MxSystem.java:357)
2025-08-26 13:42:05,604 [ERROR] LogOutputStream:75 - [STDERR_REDIRECT] 	at com.st.microxplorer.plugins.pinoutconfig.guiV5.PeripheralsSelectionPanel.selectIP(PeripheralsSelectionPanel.java:409)
2025-08-26 13:42:05,605 [ERROR] LogOutputStream:75 - [STDERR_REDIRECT] 	at com.st.microxplorer.plugins.pinoutconfig.guiV5.PeripheralsListListener.mouseClicked(PeripheralsListListener.java:103)
2025-08-26 13:42:05,607 [ERROR] LogOutputStream:75 - [STDERR_REDIRECT] 	at java.desktop/java.awt.AWTEventMulticaster.mouseClicked(AWTEventMulticaster.java:278)
2025-08-26 13:42:05,608 [ERROR] LogOutputStream:75 - [STDERR_REDIRECT] 	at java.desktop/java.awt.Component.processMouseEvent(Component.java:6624)
2025-08-26 13:42:05,609 [ERROR] LogOutputStream:75 - [STDERR_REDIRECT] 	at java.desktop/javax.swing.JComponent.processMouseEvent(JComponent.java:3398)
2025-08-26 13:42:05,611 [ERROR] LogOutputStream:75 - [STDERR_REDIRECT] 	at java.desktop/java.awt.Component.processEvent(Component.java:6386)
2025-08-26 13:42:05,611 [ERROR] LogOutputStream:75 - [STDERR_REDIRECT] 	at java.desktop/java.awt.Container.processEvent(Container.java:2266)
2025-08-26 13:42:05,612 [ERROR] LogOutputStream:75 - [STDERR_REDIRECT] 	at java.desktop/java.awt.Component.dispatchEventImpl(Component.java:4996)
2025-08-26 13:42:05,613 [ERROR] LogOutputStream:75 - [STDERR_REDIRECT] 	at java.desktop/java.awt.Container.dispatchEventImpl(Container.java:2324)
2025-08-26 13:42:05,614 [ERROR] LogOutputStream:75 - [STDERR_REDIRECT] 	at java.desktop/java.awt.Component.dispatchEvent(Component.java:4828)
2025-08-26 13:42:05,615 [ERROR] LogOutputStream:75 - [STDERR_REDIRECT] 	at java.desktop/java.awt.LightweightDispatcher.retargetMouseEvent(Container.java:4948)
2025-08-26 13:42:05,616 [ERROR] LogOutputStream:75 - [STDERR_REDIRECT] 	at java.desktop/java.awt.LightweightDispatcher.processMouseEvent(Container.java:4584)
2025-08-26 13:42:05,617 [ERROR] LogOutputStream:75 - [STDERR_REDIRECT] 	at java.desktop/java.awt.LightweightDispatcher.dispatchEvent(Container.java:4516)
2025-08-26 13:42:05,618 [ERROR] LogOutputStream:75 - [STDERR_REDIRECT] 	at java.desktop/java.awt.Container.dispatchEventImpl(Container.java:2310)
2025-08-26 13:42:05,619 [ERROR] LogOutputStream:75 - [STDERR_REDIRECT] 	at java.desktop/java.awt.Component.dispatchEvent(Component.java:4828)
2025-08-26 13:42:05,620 [ERROR] LogOutputStream:75 - [STDERR_REDIRECT] 	at java.desktop/java.awt.EventQueue.dispatchEventImpl(EventQueue.java:775)
2025-08-26 13:42:05,621 [ERROR] LogOutputStream:75 - [STDERR_REDIRECT] 	at java.desktop/java.awt.EventQueue$4.run(EventQueue.java:720)
2025-08-26 13:42:05,622 [ERROR] LogOutputStream:75 - [STDERR_REDIRECT] 	at java.desktop/java.awt.EventQueue$4.run(EventQueue.java:714)
2025-08-26 13:42:05,623 [ERROR] LogOutputStream:75 - [STDERR_REDIRECT] 	at java.base/java.security.AccessController.doPrivileged(AccessController.java:400)
2025-08-26 13:42:05,625 [ERROR] LogOutputStream:75 - [STDERR_REDIRECT] 	at java.base/java.security.ProtectionDomain$JavaSecurityAccessImpl.doIntersectionPrivilege(ProtectionDomain.java:87)
2025-08-26 13:42:05,628 [ERROR] LogOutputStream:75 - [STDERR_REDIRECT] 	at java.base/java.security.ProtectionDomain$JavaSecurityAccessImpl.doIntersectionPrivilege(ProtectionDomain.java:98)
2025-08-26 13:42:05,629 [ERROR] LogOutputStream:75 - [STDERR_REDIRECT] 	at java.desktop/java.awt.EventQueue$5.run(EventQueue.java:747)
2025-08-26 13:42:05,630 [ERROR] LogOutputStream:75 - [STDERR_REDIRECT] 	at java.desktop/java.awt.EventQueue$5.run(EventQueue.java:745)
2025-08-26 13:42:05,631 [ERROR] LogOutputStream:75 - [STDERR_REDIRECT] 	at java.base/java.security.AccessController.doPrivileged(AccessController.java:400)
2025-08-26 13:42:05,632 [ERROR] LogOutputStream:75 - [STDERR_REDIRECT] 	at java.base/java.security.ProtectionDomain$JavaSecurityAccessImpl.doIntersectionPrivilege(ProtectionDomain.java:87)
2025-08-26 13:42:05,633 [ERROR] LogOutputStream:75 - [STDERR_REDIRECT] 	at java.desktop/java.awt.EventQueue.dispatchEvent(EventQueue.java:744)
2025-08-26 13:42:05,634 [ERROR] LogOutputStream:75 - [STDERR_REDIRECT] 	at java.desktop/java.awt.EventDispatchThread.pumpOneEventForFilters(EventDispatchThread.java:203)
2025-08-26 13:42:05,637 [ERROR] LogOutputStream:75 - [STDERR_REDIRECT] 	at java.desktop/java.awt.EventDispatchThread.pumpEventsForFilter(EventDispatchThread.java:124)
2025-08-26 13:42:05,639 [ERROR] LogOutputStream:75 - [STDERR_REDIRECT] 	at java.desktop/java.awt.EventDispatchThread.pumpEventsForHierarchy(EventDispatchThread.java:113)
2025-08-26 13:42:05,641 [ERROR] LogOutputStream:75 - [STDERR_REDIRECT] 	at java.desktop/java.awt.EventDispatchThread.pumpEvents(EventDispatchThread.java:109)
2025-08-26 13:42:05,644 [ERROR] LogOutputStream:75 - [STDERR_REDIRECT] 	at java.desktop/java.awt.EventDispatchThread.pumpEvents(EventDispatchThread.java:101)
2025-08-26 13:42:05,644 [ERROR] LogOutputStream:75 - [STDERR_REDIRECT] 	at java.desktop/java.awt.EventDispatchThread.run(EventDispatchThread.java:90)
2025-08-26 13:42:05,650 [ERROR] LogOutputStream:75 - [STDERR_REDIRECT] java.lang.Error: no ComponentUI class for: com.st.microxplorer.plugins.ip.nvic.CheckBoxHeader[,0,0,0x0,invalid,alignmentX=0.0,alignmentY=0.0,border=,flags=0,maximumSize=,minimumSize=,preferredSize=,defaultIcon=,disabledIcon=,disabledSelectedIcon=,margin=null,paintBorder=true,paintFocus=true,pressedIcon=,rolloverEnabled=false,rolloverIcon=,rolloverSelectedIcon=,selectedIcon=,text=]
2025-08-26 13:42:05,651 [ERROR] LogOutputStream:75 - [STDERR_REDIRECT] 	at java.desktop/javax.swing.UIDefaults.getUIError(UIDefaults.java:763)
2025-08-26 13:42:05,652 [ERROR] LogOutputStream:75 - [STDERR_REDIRECT] 	at java.desktop/javax.swing.MultiUIDefaults.getUIError(MultiUIDefaults.java:144)
2025-08-26 13:42:05,653 [ERROR] LogOutputStream:75 - [STDERR_REDIRECT] 	at java.desktop/javax.swing.UIDefaults.getUI(UIDefaults.java:793)
2025-08-26 13:42:05,654 [ERROR] LogOutputStream:75 - [STDERR_REDIRECT] 	at java.desktop/javax.swing.UIManager.getUI(UIManager.java:1070)
2025-08-26 13:42:05,655 [ERROR] LogOutputStream:75 - [STDERR_REDIRECT] 	at java.desktop/javax.swing.JCheckBox.updateUI(JCheckBox.java:228)
2025-08-26 13:42:05,657 [ERROR] LogOutputStream:75 - [STDERR_REDIRECT] 	at java.desktop/javax.swing.AbstractButton.init(AbstractButton.java:2141)
2025-08-26 13:42:05,657 [ERROR] LogOutputStream:75 - [STDERR_REDIRECT] 	at java.desktop/javax.swing.JToggleButton.<init>(JToggleButton.java:187)
2025-08-26 13:42:05,659 [ERROR] LogOutputStream:75 - [STDERR_REDIRECT] 	at java.desktop/javax.swing.JCheckBox.<init>(JCheckBox.java:176)
2025-08-26 13:42:05,660 [ERROR] LogOutputStream:75 - [STDERR_REDIRECT] 	at java.desktop/javax.swing.JCheckBox.<init>(JCheckBox.java:97)
2025-08-26 13:42:05,661 [ERROR] LogOutputStream:75 - [STDERR_REDIRECT] 	at com.st.microxplorer.plugins.ip.nvic.CheckBoxHeader.<init>(CheckBoxHeader.java:55)
2025-08-26 13:42:05,663 [ERROR] LogOutputStream:75 - [STDERR_REDIRECT] 	at com.st.microxplorer.plugins.ip.nvic.NvicCodeSelectionTable.<init>(NvicCodeSelectionTable.java:78)
2025-08-26 13:42:05,664 [ERROR] LogOutputStream:75 - [STDERR_REDIRECT] 	at com.st.microxplorer.plugins.ip.nvic.NvicCodePanel.initComponents(NvicCodePanel.java:102)
2025-08-26 13:42:05,664 [ERROR] LogOutputStream:75 - [STDERR_REDIRECT] 	at com.st.microxplorer.plugins.ip.nvic.NvicCodePanel.<init>(NvicCodePanel.java:78)
2025-08-26 13:42:05,665 [ERROR] LogOutputStream:75 - [STDERR_REDIRECT] 	at com.st.microxplorer.plugins.ip.nvic.NvicTabbedPanel.<init>(NvicTabbedPanel.java:57)
2025-08-26 13:42:05,666 [ERROR] LogOutputStream:75 - [STDERR_REDIRECT] 	at com.st.microxplorer.plugins.ip.nvic.Nvic.getUI(Nvic.java:73)
2025-08-26 13:42:05,667 [ERROR] LogOutputStream:75 - [STDERR_REDIRECT] 	at com.st.microxplorer.plugins.ipmanager.gui.BlockDiagram.createIpPanel(BlockDiagram.java:402)
2025-08-26 13:42:05,668 [ERROR] LogOutputStream:75 - [STDERR_REDIRECT] 	at com.st.microxplorer.plugins.ipmanager.gui.BlockDiagram.getIPConfigPanel(BlockDiagram.java:552)
2025-08-26 13:42:05,669 [ERROR] LogOutputStream:75 - [STDERR_REDIRECT] 	at com.st.microxplorer.plugins.ipmanager.gui.BlockDiagram.getIPConfigPanel(BlockDiagram.java:458)
2025-08-26 13:42:05,670 [ERROR] LogOutputStream:75 - [STDERR_REDIRECT] 	at com.st.microxplorer.plugins.ipmanager.gui.BlockDiagram.propertyChange(BlockDiagram.java:1389)
2025-08-26 13:42:05,671 [ERROR] LogOutputStream:75 - [STDERR_REDIRECT] 	at java.desktop/java.beans.PropertyChangeSupport.fire(PropertyChangeSupport.java:343)
2025-08-26 13:42:05,672 [ERROR] LogOutputStream:75 - [STDERR_REDIRECT] 	at java.desktop/java.beans.PropertyChangeSupport.firePropertyChange(PropertyChangeSupport.java:335)
2025-08-26 13:42:05,673 [ERROR] LogOutputStream:75 - [STDERR_REDIRECT] 	at java.desktop/java.beans.PropertyChangeSupport.firePropertyChange(PropertyChangeSupport.java:268)
2025-08-26 13:42:05,674 [ERROR] LogOutputStream:75 - [STDERR_REDIRECT] 	at com.st.microxplorer.util.MXPropertyChangeSupport.firePropertyChange(MXPropertyChangeSupport.java:54)
2025-08-26 13:42:05,675 [ERROR] LogOutputStream:75 - [STDERR_REDIRECT] 	at com.st.microxplorer.mxsystem.MxSystem.firePropertyChange(MxSystem.java:357)
2025-08-26 13:42:05,678 [ERROR] LogOutputStream:75 - [STDERR_REDIRECT] 	at com.st.microxplorer.plugins.pinoutconfig.guiV5.PeripheralsSelectionPanel.selectIP(PeripheralsSelectionPanel.java:409)
2025-08-26 13:42:05,680 [ERROR] LogOutputStream:75 - [STDERR_REDIRECT] 	at com.st.microxplorer.plugins.pinoutconfig.guiV5.PeripheralsListListener.mouseClicked(PeripheralsListListener.java:103)
2025-08-26 13:42:05,681 [ERROR] LogOutputStream:75 - [STDERR_REDIRECT] 	at java.desktop/java.awt.AWTEventMulticaster.mouseClicked(AWTEventMulticaster.java:278)
2025-08-26 13:42:05,682 [ERROR] LogOutputStream:75 - [STDERR_REDIRECT] 	at java.desktop/java.awt.Component.processMouseEvent(Component.java:6624)
2025-08-26 13:42:05,683 [ERROR] LogOutputStream:75 - [STDERR_REDIRECT] 	at java.desktop/javax.swing.JComponent.processMouseEvent(JComponent.java:3398)
2025-08-26 13:42:05,685 [ERROR] LogOutputStream:75 - [STDERR_REDIRECT] 	at java.desktop/java.awt.Component.processEvent(Component.java:6386)
2025-08-26 13:42:05,685 [ERROR] LogOutputStream:75 - [STDERR_REDIRECT] 	at java.desktop/java.awt.Container.processEvent(Container.java:2266)
2025-08-26 13:42:05,686 [ERROR] LogOutputStream:75 - [STDERR_REDIRECT] 	at java.desktop/java.awt.Component.dispatchEventImpl(Component.java:4996)
2025-08-26 13:42:05,688 [ERROR] LogOutputStream:75 - [STDERR_REDIRECT] 	at java.desktop/java.awt.Container.dispatchEventImpl(Container.java:2324)
2025-08-26 13:42:05,689 [ERROR] LogOutputStream:75 - [STDERR_REDIRECT] 	at java.desktop/java.awt.Component.dispatchEvent(Component.java:4828)
2025-08-26 13:42:05,690 [ERROR] LogOutputStream:75 - [STDERR_REDIRECT] 	at java.desktop/java.awt.LightweightDispatcher.retargetMouseEvent(Container.java:4948)
2025-08-26 13:42:05,691 [ERROR] LogOutputStream:75 - [STDERR_REDIRECT] 	at java.desktop/java.awt.LightweightDispatcher.processMouseEvent(Container.java:4584)
2025-08-26 13:42:05,693 [ERROR] LogOutputStream:75 - [STDERR_REDIRECT] 	at java.desktop/java.awt.LightweightDispatcher.dispatchEvent(Container.java:4516)
2025-08-26 13:42:05,694 [ERROR] LogOutputStream:75 - [STDERR_REDIRECT] 	at java.desktop/java.awt.Container.dispatchEventImpl(Container.java:2310)
2025-08-26 13:42:05,695 [ERROR] LogOutputStream:75 - [STDERR_REDIRECT] 	at java.desktop/java.awt.Component.dispatchEvent(Component.java:4828)
2025-08-26 13:42:05,697 [ERROR] LogOutputStream:75 - [STDERR_REDIRECT] 	at java.desktop/java.awt.EventQueue.dispatchEventImpl(EventQueue.java:775)
2025-08-26 13:42:05,698 [ERROR] LogOutputStream:75 - [STDERR_REDIRECT] 	at java.desktop/java.awt.EventQueue$4.run(EventQueue.java:720)
2025-08-26 13:42:05,698 [ERROR] LogOutputStream:75 - [STDERR_REDIRECT] 	at java.desktop/java.awt.EventQueue$4.run(EventQueue.java:714)
2025-08-26 13:42:05,700 [ERROR] LogOutputStream:75 - [STDERR_REDIRECT] 	at java.base/java.security.AccessController.doPrivileged(AccessController.java:400)
2025-08-26 13:42:05,701 [ERROR] LogOutputStream:75 - [STDERR_REDIRECT] 	at java.base/java.security.ProtectionDomain$JavaSecurityAccessImpl.doIntersectionPrivilege(ProtectionDomain.java:87)
2025-08-26 13:42:05,702 [ERROR] LogOutputStream:75 - [STDERR_REDIRECT] 	at java.base/java.security.ProtectionDomain$JavaSecurityAccessImpl.doIntersectionPrivilege(ProtectionDomain.java:98)
2025-08-26 13:42:05,703 [ERROR] LogOutputStream:75 - [STDERR_REDIRECT] 	at java.desktop/java.awt.EventQueue$5.run(EventQueue.java:747)
2025-08-26 13:42:05,705 [ERROR] LogOutputStream:75 - [STDERR_REDIRECT] 	at java.desktop/java.awt.EventQueue$5.run(EventQueue.java:745)
2025-08-26 13:42:05,706 [ERROR] LogOutputStream:75 - [STDERR_REDIRECT] 	at java.base/java.security.AccessController.doPrivileged(AccessController.java:400)
2025-08-26 13:42:05,707 [ERROR] LogOutputStream:75 - [STDERR_REDIRECT] 	at java.base/java.security.ProtectionDomain$JavaSecurityAccessImpl.doIntersectionPrivilege(ProtectionDomain.java:87)
2025-08-26 13:42:05,708 [ERROR] LogOutputStream:75 - [STDERR_REDIRECT] 	at java.desktop/java.awt.EventQueue.dispatchEvent(EventQueue.java:744)
2025-08-26 13:42:05,710 [ERROR] LogOutputStream:75 - [STDERR_REDIRECT] 	at java.desktop/java.awt.EventDispatchThread.pumpOneEventForFilters(EventDispatchThread.java:203)
2025-08-26 13:42:05,712 [ERROR] LogOutputStream:75 - [STDERR_REDIRECT] 	at java.desktop/java.awt.EventDispatchThread.pumpEventsForFilter(EventDispatchThread.java:124)
2025-08-26 13:42:05,713 [ERROR] LogOutputStream:75 - [STDERR_REDIRECT] 	at java.desktop/java.awt.EventDispatchThread.pumpEventsForHierarchy(EventDispatchThread.java:113)
2025-08-26 13:42:05,714 [ERROR] LogOutputStream:75 - [STDERR_REDIRECT] 	at java.desktop/java.awt.EventDispatchThread.pumpEvents(EventDispatchThread.java:109)
2025-08-26 13:42:05,715 [ERROR] LogOutputStream:75 - [STDERR_REDIRECT] 	at java.desktop/java.awt.EventDispatchThread.pumpEvents(EventDispatchThread.java:101)
2025-08-26 13:42:05,716 [ERROR] LogOutputStream:75 - [STDERR_REDIRECT] 	at java.desktop/java.awt.EventDispatchThread.run(EventDispatchThread.java:90)
2025-08-26 13:42:52,701 [INFO] UtilMem:75 - End SaveConfig() Used Memory: 934085080 Bytes (1073741824)
2025-08-26 13:42:55,763 [INFO] UtilMem:75 - End SaveConfig() Used Memory: 956627416 Bytes (1073741824)
2025-08-26 13:42:56,668 [INFO] UtilMem:75 - End SaveConfig() Used Memory: 516424168 Bytes (1073741824)
2025-08-26 13:42:56,886 [INFO] BlockDiagram:2775 - set Specific Code input for plugin: SYS
2025-08-26 13:42:56,886 [INFO] BlockDiagram:2775 - set Specific Code input for plugin: RCC
2025-08-26 13:42:56,886 [INFO] BlockDiagram:2775 - set Specific Code input for plugin: NVIC
2025-08-26 13:42:56,886 [INFO] BlockDiagram:2775 - set Specific Code input for plugin: GPIO
2025-08-26 13:42:56,888 [INFO] CodeGenerator:892 - code generatio: config db path: C:\ST\STM32CubeIDE_1.16.0\STM32CubeIDE\plugins\com.st.stm32cube.common.mx_6.15.0.202507011659\\db\
2025-08-26 13:42:57,047 [INFO] CodeEngine:265 - oldGeneratedFile, C:\Users\nisha\OneDrive\Desktop\stm32f407\freertos\synch_task_task_semaph\MXTmpFiles\license.tmp_save
2025-08-26 13:42:57,412 [INFO] CodeEngine:289 - Generated code: C:\Users\nisha\OneDrive\Desktop\stm32f407\freertos\synch_task_task_semaph\MXTmpFiles\license.tmp
2025-08-26 13:42:57,510 [INFO] CodeEngine:265 - oldGeneratedFile, C:\Users\nisha\OneDrive\Desktop\stm32f407\freertos\synch_task_task_semaph\MXTmpFiles\gpio.tmp_save
2025-08-26 13:42:57,771 [INFO] CodeEngine:289 - Generated code: C:\Users\nisha\OneDrive\Desktop\stm32f407\freertos\synch_task_task_semaph\MXTmpFiles\gpio.tmp
2025-08-26 13:42:57,880 [INFO] CodeEngine:265 - oldGeneratedFile, C:\Users\nisha\OneDrive\Desktop\stm32f407\freertos\synch_task_task_semaph\Core\Src\stm32f4xx_it.c_save
2025-08-26 13:42:58,148 [INFO] CodeEngine:289 - Generated code: C:\Users\nisha\OneDrive\Desktop\stm32f407\freertos\synch_task_task_semaph\Core\Src\stm32f4xx_it.c
2025-08-26 13:42:58,165 [INFO] CodeEngine:265 - oldGeneratedFile, C:\Users\nisha\OneDrive\Desktop\stm32f407\freertos\synch_task_task_semaph\Core\Inc\stm32f4xx_it.h_save
2025-08-26 13:42:58,298 [INFO] CodeEngine:289 - Generated code: C:\Users\nisha\OneDrive\Desktop\stm32f407\freertos\synch_task_task_semaph\Core\Inc\stm32f4xx_it.h
2025-08-26 13:42:58,326 [INFO] CodeEngine:265 - oldGeneratedFile, C:\Users\nisha\OneDrive\Desktop\stm32f407\freertos\synch_task_task_semaph\Core\Src\stm32f4xx_hal_msp.c_save
2025-08-26 13:42:58,579 [INFO] CodeEngine:289 - Generated code: C:\Users\nisha\OneDrive\Desktop\stm32f407\freertos\synch_task_task_semaph\Core\Src\stm32f4xx_hal_msp.c
2025-08-26 13:42:58,593 [INFO] CodeEngine:265 - oldGeneratedFile, C:\Users\nisha\OneDrive\Desktop\stm32f407\freertos\synch_task_task_semaph\MXTmpFiles\system.tmp_save
2025-08-26 13:42:58,726 [INFO] CodeEngine:289 - Generated code: C:\Users\nisha\OneDrive\Desktop\stm32f407\freertos\synch_task_task_semaph\MXTmpFiles\system.tmp
2025-08-26 13:42:58,755 [INFO] CodeEngine:265 - oldGeneratedFile, C:\Users\nisha\OneDrive\Desktop\stm32f407\freertos\synch_task_task_semaph\Core\Src\stm32f4xx_hal_timebase_tim.c_save
2025-08-26 13:42:58,885 [INFO] CodeEngine:289 - Generated code: C:\Users\nisha\OneDrive\Desktop\stm32f407\freertos\synch_task_task_semaph\Core\Src\stm32f4xx_hal_timebase_tim.c
2025-08-26 13:42:58,925 [INFO] CodeEngine:321 - oldGeneratedFile, C:\Users\nisha\OneDrive\Desktop\stm32f407\freertos\synch_task_task_semaph\Core\Inc\stm32f4xx_hal_conf.h_save
2025-08-26 13:42:59,125 [INFO] CodeEngine:345 - Generated code: C:\Users\nisha\OneDrive\Desktop\stm32f407\freertos\synch_task_task_semaph\Core\Inc\stm32f4xx_hal_conf.h
2025-08-26 13:42:59,234 [INFO] ApiDbMcu:532 - Load IP Config File for RCC
2025-08-26 13:42:59,264 [INFO] CodeEngine:265 - oldGeneratedFile, C:\Users\nisha\OneDrive\Desktop\stm32f407\freertos\synch_task_task_semaph\Core\Inc\main.h_save
2025-08-26 13:42:59,420 [INFO] CodeEngine:289 - Generated code: C:\Users\nisha\OneDrive\Desktop\stm32f407\freertos\synch_task_task_semaph\Core\Inc\main.h
2025-08-26 13:42:59,435 [INFO] CodeEngine:265 - oldGeneratedFile, C:\Users\nisha\OneDrive\Desktop\stm32f407\freertos\synch_task_task_semaph\Core\Src\main.c_save
2025-08-26 13:42:59,668 [INFO] CodeEngine:289 - Generated code: C:\Users\nisha\OneDrive\Desktop\stm32f407\freertos\synch_task_task_semaph\Core\Src\main.c
2025-08-26 13:43:00,246 [INFO] ProjectBuilder:3606 - Time for Copy HAL[1] : 379mS.
2025-08-26 13:43:00,254 [INFO] ProjectBuilder:5216 - Project Generator version: 4.7.0-B52
2025-08-26 13:43:00,322 [INFO] ConfigFileManager:1595 - The Die is : DIE413
2025-08-26 13:43:00,326 [INFO] ApiDbMcu:532 - Load IP Config File for FATFS
2025-08-26 13:43:00,331 [INFO] ApiDbMcu:532 - Load IP Config File for FREERTOS
2025-08-26 13:43:00,333 [INFO] ApiDbMcu:532 - Load IP Config File for LIBJPEG
2025-08-26 13:43:00,339 [INFO] ApiDbMcu:532 - Load IP Config File for LWIP
2025-08-26 13:43:00,347 [INFO] ApiDbMcu:532 - Load IP Config File for MBEDTLS
2025-08-26 13:43:00,360 [INFO] ApiDbMcu:532 - Load IP Config File for USB_DEVICE
2025-08-26 13:43:00,364 [INFO] ApiDbMcu:532 - Load IP Config File for USB_HOST
2025-08-26 13:43:02,703 [INFO] ProjectBuilder:5496 - Time for Generating toolchain IDE Files: 2449mS.
2025-08-26 13:43:02,705 [INFO] ProjectBuilder:3463 - Time for Copy CMSIS : 1mS.
2025-08-26 13:43:02,710 [INFO] ProjectBuilder:3463 - Time for Copy CMSIS : 0mS.
2025-08-26 14:53:39,867 [INFO] WebApp:194 - Connection lost
2025-08-26 17:23:18,839 [INFO] WebApp:191 - Connection restablished
2025-08-26 17:23:19,364 [INFO] WebApp:194 - Connection lost
2025-08-26 17:23:20,385 [INFO] WebApp:191 - Connection restablished
2025-08-26 17:23:22,342 [INFO] WebApp:194 - Connection lost
2025-08-26 17:23:23,250 [INFO] WebApp:191 - Connection restablished
2025-08-26 19:01:44,586 [INFO] WebApp:194 - Connection lost
2025-08-26 23:20:20,469 [INFO] WebApp:191 - Connection restablished
2025-08-26 23:20:23,305 [INFO] WebApp:194 - Connection lost
2025-08-26 23:20:23,679 [INFO] WebApp:191 - Connection restablished
2025-08-26 23:22:04,830 [INFO] WebApp:194 - Connection lost
2025-08-26 23:22:05,679 [INFO] WebApp:191 - Connection restablished
2025-08-26 23:47:53,930 [INFO] MainUpdater:2872 - connection check result : 10
2025-08-26 23:47:54,051 [INFO] McuFinderGlobals:76 - Set McuFinderConnectedMode to true
2025-08-26 23:47:54,056 [INFO] MultiScanPanel:200 - Auto-refresh data requested => check proxy status ongoing
2025-08-26 23:47:54,057 [INFO] FinderPluginLoader:96 - Searching for filters in installed packs
2025-08-26 23:47:55,693 [INFO] LoadUrlFilesThread:185 - End of LoadServerUrlFiles without Thread
2025-08-26 23:47:55,693 [INFO] DetailPanel:341 - Set advertising image to C:/Users/nisha/STM32Cube/Repository/\en.2400x1350px.jpeg
2025-08-26 23:48:00,419 [INFO] MultiScanPanel:200 - Auto-refresh data requested => check proxy status ongoing
2025-08-26 23:48:00,549 [INFO] LoadUrlFilesThread:185 - End of LoadServerUrlFiles without Thread
2025-08-26 23:48:00,550 [INFO] DetailPanel:341 - Set advertising image to C:/Users/nisha/STM32Cube/Repository/\en.2400x1350px.jpeg
2025-08-26 23:48:32,766 [INFO] MainUpdater:2872 - connection check result : 10
2025-08-26 23:48:32,767 [INFO] MainUpdater:2872 - connection check result : 10
2025-08-26 23:48:32,783 [INFO] MicroXplorer:468 - Change Database Path : 
2025-08-26 23:48:32,784 [INFO] MicroXplorer:498 - Change Database Version : DB.6.0.150
2025-08-26 23:48:32,851 [ERROR] ProjectManagerView:395 - 
java.lang.NullPointerException: Cannot invoke "javax.swing.JTextField.getText()" because the return value of "java.util.List.get(int)" is null
	at com.st.microxplorer.plugins.projectmanager.gui.ProjectChoiceTab$9.caretUpdate(ProjectChoiceTab.java:2706) ~[filemanager.jar:?]
	at javax.swing.text.JTextComponent.fireCaretUpdate(JTextComponent.java:408) ~[?:?]
	at javax.swing.text.JTextComponent$MutableCaretEvent.fire(JTextComponent.java:4484) ~[?:?]
	at javax.swing.text.JTextComponent$MutableCaretEvent.stateChanged(JTextComponent.java:4506) ~[?:?]
	at javax.swing.text.DefaultCaret.fireStateChanged(DefaultCaret.java:857) ~[?:?]
	at javax.swing.text.DefaultCaret.changeCaretPosition(DefaultCaret.java:1343) ~[?:?]
	at javax.swing.text.DefaultCaret.handleSetDot(DefaultCaret.java:1242) ~[?:?]
	at javax.swing.text.DefaultCaret.setDot(DefaultCaret.java:1223) ~[?:?]
	at javax.swing.text.DefaultCaret$Handler.insertUpdate(DefaultCaret.java:1819) ~[?:?]
	at javax.swing.text.AbstractDocument.fireInsertUpdate(AbstractDocument.java:227) ~[?:?]
	at javax.swing.text.AbstractDocument.handleInsertString(AbstractDocument.java:781) ~[?:?]
	at javax.swing.text.AbstractDocument.insertString(AbstractDocument.java:740) ~[?:?]
	at javax.swing.text.PlainDocument.insertString(PlainDocument.java:131) ~[?:?]
	at javax.swing.text.AbstractDocument.replace(AbstractDocument.java:699) ~[?:?]
	at javax.swing.text.JTextComponent.setText(JTextComponent.java:1725) ~[?:?]
	at com.st.microxplorer.plugins.projectmanager.gui.ProjectChoiceTab.createHeapStackFields(ProjectChoiceTab.java:993) ~[filemanager.jar:?]
	at com.st.microxplorer.plugins.projectmanager.gui.ProjectChoiceTab.buildLinkSettingsPanel(ProjectChoiceTab.java:3813) ~[filemanager.jar:?]
	at com.st.microxplorer.plugins.projectmanager.gui.ProjectChoiceTab.defineWindowsFields(ProjectChoiceTab.java:1987) ~[filemanager.jar:?]
	at com.st.microxplorer.plugins.projectmanager.gui.ProjectChoiceTab.updateSettings(ProjectChoiceTab.java:558) ~[filemanager.jar:?]
	at com.st.microxplorer.plugins.projectmanager.gui.ProjectSettingsPanel.UpdateDialog(ProjectSettingsPanel.java:247) ~[filemanager.jar:?]
	at com.st.microxplorer.plugins.projectmanager.ProjectManagerView.propertyChange(ProjectManagerView.java:392) ~[filemanager.jar:?]
	at java.beans.PropertyChangeSupport.fire(PropertyChangeSupport.java:343) ~[?:?]
	at java.beans.PropertyChangeSupport.firePropertyChange(PropertyChangeSupport.java:335) ~[?:?]
	at java.beans.PropertyChangeSupport.firePropertyChange(PropertyChangeSupport.java:268) ~[?:?]
	at com.st.microxplorer.util.MXPropertyChangeSupport.firePropertyChange(MXPropertyChangeSupport.java:54) ~[STM32CubeMX.jar:?]
	at com.st.microxplorer.mxsystem.MxSystem.closeConfig(MxSystem.java:899) ~[STM32CubeMX.jar:?]
	at com.st.microxplorer.maingui.MainPanel.closeConfig(MainPanel.java:792) ~[STM32CubeMX.jar:?]
	at com.st.microxplorer.plugins.filemanager.engine.OpenFileManager.loadConfigurationFile(OpenFileManager.java:288) ~[filemanager.jar:?]
	at com.st.microxplorer.plugins.filemanager.engine.MainFileManager.userLoadConfig(MainFileManager.java:364) ~[filemanager.jar:?]
	at com.st.microxplorer.plugins.filemanager.FileManagerView.getSpecificTask(FileManagerView.java:268) ~[filemanager.jar:?]
	at com.st.stm32cube.common.mx.editor.CubeMxEditor.getMxTabbedPaneInstance(CubeMxEditor.java:1191) ~[com.st.stm32cube.common.mx_6.15.0.202507011659/:?]
	at com.st.stm32cube.common.mx.editor.CubeMxEditor$12$1.createSwingComponent(CubeMxEditor.java:1068) ~[com.st.stm32cube.common.mx_6.15.0.202507011659/:?]
	at com.st.stm32cube.common.mx.oss.core.awtswtbridge.EmbeddedSwingComposite.doComponentCreation(EmbeddedSwingComposite.java:492) ~[com.st.stm32cube.common.mx.oss_6.15.0.202507011659/:?]
	at com.st.stm32cube.common.mx.oss.core.awtswtbridge.EmbeddedSwingComposite$4.run(EmbeddedSwingComposite.java:291) ~[com.st.stm32cube.common.mx.oss_6.15.0.202507011659/:?]
	at com.st.stm32cube.common.mx.oss.core.awtswtbridge.AwtEnvironment$2.run(AwtEnvironment.java:166) ~[com.st.stm32cube.common.mx.oss_6.15.0.202507011659/:?]
	at java.awt.event.InvocationEvent.dispatch(InvocationEvent.java:318) ~[?:?]
	at java.awt.EventQueue.dispatchEventImpl(EventQueue.java:773) ~[?:?]
	at java.awt.EventQueue$4.run(EventQueue.java:720) ~[?:?]
	at java.awt.EventQueue$4.run(EventQueue.java:714) ~[?:?]
	at java.security.AccessController.doPrivileged(AccessController.java:400) ~[?:?]
	at java.security.ProtectionDomain$JavaSecurityAccessImpl.doIntersectionPrivilege(ProtectionDomain.java:87) ~[?:?]
	at java.awt.EventQueue.dispatchEvent(EventQueue.java:742) ~[?:?]
	at java.awt.EventDispatchThread.pumpOneEventForFilters(EventDispatchThread.java:203) ~[?:?]
	at java.awt.EventDispatchThread.pumpEventsForFilter(EventDispatchThread.java:124) ~[?:?]
	at java.awt.EventDispatchThread.pumpEventsForHierarchy(EventDispatchThread.java:113) ~[?:?]
	at java.awt.EventDispatchThread.pumpEvents(EventDispatchThread.java:109) ~[?:?]
	at java.awt.EventDispatchThread.pumpEvents(EventDispatchThread.java:101) ~[?:?]
	at java.awt.EventDispatchThread.run(EventDispatchThread.java:90) ~[?:?]
2025-08-26 23:48:32,855 [WARN] ThirdParty:871 - waiting for thirdparty lock release [close project]
2025-08-26 23:48:32,855 [INFO] ThirdParty:873 - entering critical section [close project]
2025-08-26 23:48:32,855 [INFO] ThirdParty:883 - exiting critical section [close project]
2025-08-26 23:48:32,860 [INFO] PinOutPanel:1589 - setPackage(No Configuration,No Configuration)
2025-08-26 23:48:32,894 [WARN] IpParametersView:155 - Warning: This peripheral hasn't parameters
2025-08-26 23:48:32,912 [WARN] MainPanel:289 - <html><b><center>Warning: This peripheral has no parameters to be configured<br></b></html>
2025-08-26 23:48:32,924 [INFO] UtilMem:75 - Begin LoadConfig() Used Memory: 551103856 Bytes (1073741824)
2025-08-26 23:48:32,925 [INFO] OpenFileManager:355 - Change cursor
2025-08-26 23:48:32,974 [INFO] RulesReader:64 - Compatibility file has been processed (317 Rules)
2025-08-26 23:48:32,983 [INFO] ProjectFactory:514 - No CPN specified for board STM32F407G-DISC1 => set CPN to STM32F407VGT6
2025-08-26 23:48:32,983 [INFO] Mcu:2029 - Initializing MCU STM32F407V(E-G)Tx STM32F407VGTx STM32F407VGT6
2025-08-26 23:48:34,739 [INFO] Context:786 - Trying to add GPIOservice into a context  which must be forbidden
2025-08-26 23:48:35,324 [INFO] Rule:233 - rule 117617 - U5Cobra4M][GTZC] default value MPCBB3 and MPCBB5 - Not Secured memory - MPCBB1 is applicable
2025-08-26 23:48:35,324 [INFO] Rule:233 - rule 117617 - U5Cobra4M][GTZC] default value MPCBB3 and MPCBB5 - Not Secured memory - MPCBB1 is applicable
2025-08-26 23:48:35,324 [INFO] Rule:233 - rule 117617 - U5Cobra4M][GTZC] default value MPCBB3 and MPCBB5 - Not Secured memory - MPCBB2 is applicable
2025-08-26 23:48:35,325 [INFO] Rule:233 - rule 117617 - U5Cobra4M][GTZC] default value MPCBB3 and MPCBB5 - Not Secured memory - MPCBB2 is applicable
2025-08-26 23:48:35,325 [INFO] Rule:233 - rule 117617 - U5Cobra4M][GTZC] default value MPCBB3 and MPCBB5 - Not Secured memory - MPCBB3 is applicable
2025-08-26 23:48:35,325 [INFO] Rule:233 - rule 117617 - U5Cobra4M][GTZC] default value MPCBB3 and MPCBB5 - Not Secured memory - MPCBB3 is applicable
2025-08-26 23:48:35,325 [INFO] Rule:233 - rule 117617 - U5Cobra4M][GTZC] default value MPCBB3 and MPCBB5 - Not Secured memory - MPCBB4 is applicable
2025-08-26 23:48:35,325 [INFO] Rule:233 - rule 117617 - U5Cobra4M][GTZC] default value MPCBB3 and MPCBB5 - Not Secured memory - MPCBB4 is applicable
2025-08-26 23:48:35,325 [INFO] Rule:233 - rule 117617 - U5Cobra4M][GTZC] default value MPCBB3 and MPCBB5 - Secured memory - MPCBB1 is applicable
2025-08-26 23:48:35,325 [INFO] Rule:233 - rule 117617 - U5Cobra4M][GTZC] default value MPCBB3 and MPCBB5 - Secured memory - MPCBB2 is applicable
2025-08-26 23:48:35,325 [INFO] Rule:233 - rule 117617 - U5Cobra4M][GTZC] default value MPCBB3 and MPCBB5 - Secured memory - MPCBB3 is applicable
2025-08-26 23:48:35,325 [INFO] Rule:233 - rule 117617 - U5Cobra4M][GTZC] default value MPCBB3 and MPCBB5 - Secured memory - MPCBB4 is applicable
2025-08-26 23:48:35,325 [INFO] Rule:233 - rule 117617 - U5Cobra4M][GTZC] default value MPCBB3 and MPCBB5 - Privileged memory - MPCBB1 is applicable
2025-08-26 23:48:35,325 [INFO] Rule:233 - rule 117617 - U5Cobra4M][GTZC] default value MPCBB3 and MPCBB5 - Privileged memory - MPCBB2 is applicable
2025-08-26 23:48:35,325 [INFO] Rule:233 - rule 117617 - U5Cobra4M][GTZC] default value MPCBB3 and MPCBB5 - Privileged memory - MPCBB3 is applicable
2025-08-26 23:48:35,325 [INFO] Rule:233 - rule 117617 - U5Cobra4M][GTZC] default value MPCBB3 and MPCBB5 - Privileged memory - MPCBB4 is applicable
2025-08-26 23:48:35,325 [INFO] Rule:233 - rule 117617 - U5Cobra4M][GTZC] default value MPCBB3 and MPCBB5 - Not Privileged memory - MPCBB1 is applicable
2025-08-26 23:48:35,325 [INFO] Rule:233 - rule 117617 - U5Cobra4M][GTZC] default value MPCBB3 and MPCBB5 - Not Privileged memory - MPCBB2 is applicable
2025-08-26 23:48:35,325 [INFO] Rule:233 - rule 117617 - U5Cobra4M][GTZC] default value MPCBB3 and MPCBB5 - Not Privileged memory - MPCBB3 is applicable
2025-08-26 23:48:35,325 [INFO] Rule:233 - rule 117617 - U5Cobra4M][GTZC] default value MPCBB3 and MPCBB5 - Not Privileged memory - MPCBB4 is applicable
2025-08-26 23:48:35,325 [INFO] Rule:233 - rule 117617 - U5Cobra4M][GTZC] default value MPCBB3 and MPCBB5 - Privileged memory - MPCBB1 is applicable
2025-08-26 23:48:35,325 [INFO] Rule:233 - rule 117617 - U5Cobra4M][GTZC] default value MPCBB3 and MPCBB5 - Privileged memory - MPCBB2 is applicable
2025-08-26 23:48:35,325 [INFO] Rule:233 - rule 117617 - U5Cobra4M][GTZC] default value MPCBB3 and MPCBB5 - Privileged memory - MPCBB3 is applicable
2025-08-26 23:48:35,325 [INFO] Rule:233 - rule 117617 - U5Cobra4M][GTZC] default value MPCBB3 and MPCBB5 - Privileged memory - MPCBB4 is applicable
2025-08-26 23:48:35,326 [INFO] Rule:233 - rule 117617 - U5Cobra4M][GTZC] default value MPCBB3 and MPCBB5 - Privileged memory - MPCBB1 is applicable
2025-08-26 23:48:35,326 [INFO] Rule:233 - rule 117617 - U5Cobra4M][GTZC] default value MPCBB3 and MPCBB5 - Privileged memory - MPCBB2 is applicable
2025-08-26 23:48:35,326 [INFO] Rule:233 - rule 117617 - U5Cobra4M][GTZC] default value MPCBB3 and MPCBB5 - Privileged memory - MPCBB3 is applicable
2025-08-26 23:48:35,326 [INFO] Rule:233 - rule 117617 - U5Cobra4M][GTZC] default value MPCBB3 and MPCBB5 - Privileged memory - MPCBB4 is applicable
2025-08-26 23:48:35,326 [INFO] Rule:233 - rule 117617 - U5Cobra4M][GTZC] default value MPCBB3 and MPCBB5 - Not Privileged memory - MPCBB1 is applicable
2025-08-26 23:48:35,326 [INFO] Rule:233 - rule 117617 - U5Cobra4M][GTZC] default value MPCBB3 and MPCBB5 - Not Privileged memory - MPCBB2 is applicable
2025-08-26 23:48:35,326 [INFO] Rule:233 - rule 117617 - U5Cobra4M][GTZC] default value MPCBB3 and MPCBB5 - Not Privileged memory - MPCBB3 is applicable
2025-08-26 23:48:35,326 [INFO] Rule:233 - rule 117617 - U5Cobra4M][GTZC] default value MPCBB3 and MPCBB5 - Not Privileged memory - MPCBB4 is applicable
2025-08-26 23:48:35,326 [INFO] Rule:233 - rule 117617 - U5Cobra4M][GTZC] default value MPCBB3 and MPCBB5 - Privileged memory - MPCBB1 is applicable
2025-08-26 23:48:35,326 [INFO] Rule:233 - rule 117617 - U5Cobra4M][GTZC] default value MPCBB3 and MPCBB5 - Privileged memory - MPCBB2 is applicable
2025-08-26 23:48:35,326 [INFO] Rule:233 - rule 117617 - U5Cobra4M][GTZC] default value MPCBB3 and MPCBB5 - Privileged memory - MPCBB3 is applicable
2025-08-26 23:48:35,326 [INFO] Rule:233 - rule 117617 - U5Cobra4M][GTZC] default value MPCBB3 and MPCBB5 - Privileged memory - MPCBB4 is applicable
2025-08-26 23:48:35,326 [INFO] Rule:233 - rule Rename SubGHz_Phy SUBGHZ_APPLICATION SUBGHZ_PINGPONG to SUBGHZ_ADV_APPLICATION is applicable
2025-08-26 23:48:35,326 [INFO] Rule:233 - rule Rename Enabled to IBEACON is applicable
2025-08-26 23:48:35,326 [INFO] Rule:233 - rule GTZC_S instance for project manager is applicable
2025-08-26 23:48:35,326 [INFO] Rule:233 - rule GTZC_S instance for context M33S is applicable
2025-08-26 23:48:35,326 [INFO] Rule:233 - rule GTZC_S instance value for IP GTZC is applicable
2025-08-26 23:48:35,326 [INFO] Rule:233 - rule GTZC_S instance for mcu.IP is applicable
2025-08-26 23:48:35,326 [INFO] Rule:233 - rule GTZC_S instance for VP is applicable
2025-08-26 23:48:35,326 [INFO] Rule:233 - rule GTZC_S instance for signal is applicable
2025-08-26 23:48:35,326 [INFO] Rule:233 - rule GTZC_S instance for mcu.Pin is applicable
2025-08-26 23:48:35,326 [INFO] Rule:233 - rule GTZC_S instance for VP is applicable
2025-08-26 23:48:35,326 [INFO] Rule:233 - rule GTZC_S instance for signal is applicable
2025-08-26 23:48:35,327 [INFO] Rule:233 - rule GTZC_S instance for mcu is applicable
2025-08-26 23:48:35,327 [INFO] Rule:233 - rule GTZC_S instance for mcu.Pin is applicable
2025-08-26 23:48:35,327 [INFO] Rule:233 - rule GTZC_S instance value for IP GTZC is applicable
2025-08-26 23:48:35,327 [INFO] Rule:233 - rule GTZC_S instance for project manager is applicable
2025-08-26 23:48:35,327 [INFO] Rule:233 - rule GTZC_S instance for context M33S is applicable
2025-08-26 23:48:35,327 [INFO] Rule:233 - rule GTZC_S instance for VP is applicable
2025-08-26 23:48:35,327 [INFO] Rule:233 - rule GTZC_S instance for signal is applicable
2025-08-26 23:48:35,327 [INFO] Rule:233 - rule SPDIFRX instance for mcu is applicable
2025-08-26 23:48:35,327 [INFO] Rule:233 - rule Rename Tracer Mode is applicable
2025-08-26 23:48:35,327 [INFO] Rule:233 - rule SPDIFRX instance value for IP SPDIFRX is applicable
2025-08-26 23:48:35,327 [INFO] Rule:233 - rule SPDIFRX instance for signal is applicable
2025-08-26 23:48:35,327 [INFO] Rule:233 - rule SPDIFRX instance for project manager is applicable
2025-08-26 23:48:35,327 [INFO] Rule:233 - rule SPDIFRX instance for project manager is applicable
2025-08-26 23:48:35,327 [INFO] Rule:233 - rule ADC Scan  fix with FW F7 is applicable
2025-08-26 23:48:35,328 [INFO] Rule:233 - rule ADC Scan  fix with FW F7 is applicable
2025-08-26 23:48:35,328 [INFO] Rule:233 - rule WakeUp0 Mode is applicable
2025-08-26 23:48:35,328 [INFO] Rule:233 - rule WakeUp0 SIGNAL is applicable
2025-08-26 23:48:35,328 [INFO] Rule:233 - rule WakeUp1 Mode is applicable
2025-08-26 23:48:35,328 [INFO] Rule:233 - rule WakeUp1 SIGNAL is applicable
2025-08-26 23:48:35,328 [INFO] Rule:233 - rule WakeUp2 Mode is applicable
2025-08-26 23:48:35,328 [INFO] Rule:233 - rule WakeUp2 SIGNAL is applicable
2025-08-26 23:48:35,328 [INFO] Rule:233 - rule WakeUp4 Mode is applicable
2025-08-26 23:48:35,329 [INFO] Rule:233 - rule WakeUp4 SIGNAL is applicable
2025-08-26 23:48:35,329 [INFO] Rule:233 - rule WakeUp5 Mode is applicable
2025-08-26 23:48:35,329 [INFO] Rule:233 - rule WakeUp5 SIGNAL is applicable
2025-08-26 23:48:35,329 [INFO] Rule:233 - rule UART/USART WORD LENGTH 7 is applicable
2025-08-26 23:48:35,329 [INFO] Rule:233 - rule UART/USART WORD LENGTH 8 is applicable
2025-08-26 23:48:35,329 [INFO] Rule:233 - rule UART/USART WORD LENGTH 9 is applicable
2025-08-26 23:48:35,329 [INFO] Rule:233 - rule Change Default Value for LSE Drive Capability for WB family is applicable
2025-08-26 23:48:35,329 [INFO] Rule:233 - rule Change Default Value for ADC Clock Prescaler G0 family is applicable
2025-08-26 23:48:35,329 [INFO] Rule:233 - rule ADC SamplingTime fix with FW L0  is applicable
2025-08-26 23:48:35,329 [INFO] Rule:233 - rule ADC SamplingTime fix with FW L0  is applicable
2025-08-26 23:48:35,329 [INFO] Rule:233 - rule ADC SamplingTime fix with FW L0 is applicable
2025-08-26 23:48:35,329 [INFO] Rule:233 - rule ADC SamplingTime fix with FW L0 is applicable
2025-08-26 23:48:35,330 [INFO] Rule:233 - rule ADC SamplingTime fix with FW L0  is applicable
2025-08-26 23:48:35,330 [INFO] Rule:233 - rule ADC SamplingTime fix with FW L0 is applicable
2025-08-26 23:48:35,330 [INFO] Rule:233 - rule Rename USB_OE Signal is applicable
2025-08-26 23:48:35,330 [INFO] Rule:233 - rule Rename Activate_OE Mode is applicable
2025-08-26 23:48:35,330 [INFO] Rule:233 - rule Rename DIE462/DIE415 pin PC14/OSC32_IN -> PC14-OSC32_IN (PC14) is applicable
2025-08-26 23:48:35,330 [INFO] Rule:233 - rule Rename DIE462/DIE415 pin PC15/OSC32_OUT -> PC15-OSC32_OUT (PC15) is applicable
2025-08-26 23:48:35,330 [INFO] Rule:233 - rule Rename DIE462/DIE415 pin PH0/OSC_IN -> PH0-OSC_IN (PH0) is applicable
2025-08-26 23:48:35,330 [INFO] Rule:233 - rule Rename DIE462/DIE415 pin PH1/OSC_OUT -> PH1-OSC_OUT (PH1) is applicable
2025-08-26 23:48:35,330 [INFO] Rule:233 - rule Rename DIE462 pin PA13 -> PA13 (JTMS/SWDIO) is applicable
2025-08-26 23:48:35,331 [INFO] Rule:233 - rule Rename DIE415 pin PA13 -> PA13 (JTMS/SWDIO) is applicable
2025-08-26 23:48:35,331 [INFO] Rule:233 - rule Rename DIE462 pin PA14 -> PA14 (JTCK/SWCLK) is applicable
2025-08-26 23:48:35,332 [INFO] Rule:233 - rule Rename DIE415 pin PA14 -> PA14 (JTCK/SWCLK) is applicable
2025-08-26 23:48:35,332 [INFO] Rule:233 - rule Rename DIE462/DIE415 pin PA15 -> PA15 (JTDI) is applicable
2025-08-26 23:48:35,332 [INFO] Rule:233 - rule Rename DIE462 pin PB3 -> PB3 (JTD0/TRACESWO) is applicable
2025-08-26 23:48:35,332 [INFO] Rule:233 - rule Rename DIE415 pin PB3 -> PB3 (JTD0-TRACESWO) is applicable
2025-08-26 23:48:35,332 [INFO] Rule:233 - rule Rename DIE462/DIE415 pin PB4 -> PB4 (NJTRST) is applicable
2025-08-26 23:48:35,332 [INFO] Rule:233 - rule Rename DIE462 pin PH3/BOOT0 -> PH3-BOOT0 (BOOT0) is applicable
2025-08-26 23:48:35,332 [INFO] Rule:233 - rule Rename CRYP DataEncryptionTypesList to Algorithm is applicable
2025-08-26 23:48:35,332 [INFO] Rule:233 - rule Rename AES DataEncryptionTypesList to Algorithm is applicable
2025-08-26 23:48:35,332 [INFO] Rule:233 - rule Rename TDESECB to CRYP_TDES_ECB is applicable
2025-08-26 23:48:35,332 [INFO] Rule:233 - rule Rename TDESCBC to CRYP_TDES_CBC is applicable
2025-08-26 23:48:35,332 [INFO] Rule:233 - rule Rename DESECB to CRYP_DES_ECB is applicable
2025-08-26 23:48:35,332 [INFO] Rule:233 - rule Rename DESCBC to CRYP_DES_CBC is applicable
2025-08-26 23:48:35,332 [INFO] Rule:233 - rule Rename AESECB to CRYP_AES_ECB is applicable
2025-08-26 23:48:35,332 [INFO] Rule:233 - rule Rename AESCBC to CRYP_AES_CBC is applicable
2025-08-26 23:48:35,332 [INFO] Rule:233 - rule Rename AESCTR to CRYP_AES_CTR is applicable
2025-08-26 23:48:35,332 [INFO] Rule:233 - rule Rename AESGCM to CRYP_AES_GCM is applicable
2025-08-26 23:48:35,332 [INFO] Rule:233 - rule Rename AESCCM to CRYP_AES_CCM is applicable
2025-08-26 23:48:35,332 [INFO] Rule:233 - rule Rename CAN TimeSeg1 to BS1 is applicable
2025-08-26 23:48:35,332 [INFO] Rule:233 - rule Rename CAN TimeSeg2 to BS2 is applicable
2025-08-26 23:48:35,332 [INFO] Rule:233 - rule Rename CAN SyncJumpWidth to SJW is applicable
2025-08-26 23:48:35,333 [INFO] Rule:233 - rule TimeTriggeredMode to TTCM is applicable
2025-08-26 23:48:35,333 [INFO] Rule:233 - rule Rename CAN AutoBusOff to ABOM is applicable
2025-08-26 23:48:35,333 [INFO] Rule:233 - rule Rename CAN AutoWakeUp to AWUM is applicable
2025-08-26 23:48:35,333 [INFO] Rule:233 - rule Rename CAN AutoRetransmission to NART is applicable
2025-08-26 23:48:35,333 [INFO] Rule:233 - rule Rename CAN ReceiveFifoLocked to RFLM is applicable
2025-08-26 23:48:35,333 [INFO] Rule:233 - rule Rename CAN TransmitFifoPriority to TXFP is applicable
2025-08-26 23:48:35,333 [INFO] Rule:233 - rule Rename HRTIMER HRTIM_OUTPUTFAULTLEVEL_HIGH in HRTIMER HRTIM_OUTPUTFAULTLEVEL_HIGHZ is applicable
2025-08-26 23:48:35,333 [INFO] Rule:233 - rule Rename TIMER TIM_CLEARINPUTSOURCE_OCREFCLR in  TIMER TIM_CLEARINPUTSOURCE_NONE for F7 family is applicable
2025-08-26 23:48:35,333 [INFO] Rule:233 - rule FDCAN_R1 - Rename FDCAN mode Master into Classic is applicable
2025-08-26 23:48:35,333 [INFO] Rule:233 - rule FDCAN_R2 - Rename FDCAN mode Slave into Classic is applicable
2025-08-26 23:48:35,333 [INFO] Rule:233 - rule FDCAN1_R3 - if PA10.Mode=FullDuplex, add Pin PA12 is applicable
2025-08-26 23:48:35,333 [INFO] Rule:233 - rule FDCAN1_R3 - if PA9.Mode=FullDuplex, add Pin PA11 is applicable
2025-08-26 23:48:35,333 [INFO] Rule:233 - rule FDCAN1_R3 - Alternatepin_1 - if PE1.Mode=FullDuplex, add Pin PB9 is applicable
2025-08-26 23:48:35,333 [INFO] Rule:233 - rule FDCAN1_R3 - Alternatepin_1 - if PE0.Mode=FullDuplex, add Pin PB8 is applicable
2025-08-26 23:48:35,333 [INFO] Rule:233 - rule FDCAN1_R3 - Alternatepin_2 - if PD5.Mode=FullDuplex, add Pin PD1 is applicable
2025-08-26 23:48:35,333 [INFO] Rule:233 - rule FDCAN1_R3 - Alternatepin_2 - if PD4.Mode=FullDuplex, add Pin PD0 is applicable
2025-08-26 23:48:35,333 [INFO] Rule:233 - rule FDCAN1_R4 - Rename Mode FullDuplex into Enable FDCAN_TXFD for pin PA10 is applicable
2025-08-26 23:48:35,333 [INFO] Rule:233 - rule FDCAN1_R4 - Rename Mode FullDuplex into Enable FDCAN_TXFD for pin PA9 is applicable
2025-08-26 23:48:35,333 [INFO] Rule:233 - rule FDCAN1_R4 - Alternatepin_1 - Rename Mode FullDuplex into Enable FDCAN_TXFD for pin PE1 is applicable
2025-08-26 23:48:35,333 [INFO] Rule:233 - rule FDCAN1_R4 - Alternatepin_1 - Rename Mode FullDuplex into Enable FDCAN_TXFD for pin PE0 is applicable
2025-08-26 23:48:35,333 [INFO] Rule:233 - rule FDCAN1_R4 - Alternatepin_2 - Rename Mode FullDuplex into Enable FDCAN_TXFD for pin PD5 is applicable
2025-08-26 23:48:35,333 [INFO] Rule:233 - rule FDCAN1_R4 - Alternatepin_2 - Rename Mode FullDuplex into Enable FDCAN_TXFD for pin PD4 is applicable
2025-08-26 23:48:35,333 [INFO] Rule:233 - rule FDCAN2_R3 - if PD10.Mode=FullDuplex, add Pin PB13 is applicable
2025-08-26 23:48:35,333 [INFO] Rule:233 - rule FDCAN2_R3 - if PD9.Mode=FullDuplex, add Pin PB12 is applicable
2025-08-26 23:48:35,333 [INFO] Rule:233 - rule FDCAN2_R3 - Alternatepin_1 - if PB7.Mode=FullDuplex, add Pin PB6 is applicable
2025-08-26 23:48:35,333 [INFO] Rule:233 - rule FDCAN2_R3 - Alternatepin_1 - if PD9.Mode=FullDuplex, add Pin PB12 is applicable
2025-08-26 23:48:35,334 [INFO] Rule:233 - rule FDCAN2_R4 - Rename Mode FullDuplex into Enable FDCAN_TXFD for pin PD10 is applicable
2025-08-26 23:48:35,334 [INFO] Rule:233 - rule FDCAN2_R4 - Rename Mode FullDuplex into Enable FDCAN_TXFD for pin PD9 is applicable
2025-08-26 23:48:35,334 [INFO] Rule:233 - rule FDCAN2_R4 - Alternatepin_1 - Rename Mode FullDuplex into Enable FDCAN_TXFD for pin PB7 is applicable
2025-08-26 23:48:35,334 [INFO] Rule:233 - rule FDCAN2_R4 - Alternatepin_1 - Rename Mode FullDuplex into Enable FDCAN_TXFD for pin PD6 is applicable
2025-08-26 23:48:35,334 [INFO] Rule:233 - rule USART TxPinLevelInvertParam Mode is applicable
2025-08-26 23:48:35,334 [INFO] Rule:233 - rule USART RxPinLevelInvertParam Mode is applicable
2025-08-26 23:48:35,334 [INFO] Rule:233 - rule USART DataInvertParam Mode is applicable
2025-08-26 23:48:35,334 [INFO] Rule:233 - rule USART SwapParam Mode is applicable
2025-08-26 23:48:35,334 [INFO] Rule:233 - rule USART OverrunDisableParam Mode is applicable
2025-08-26 23:48:35,334 [INFO] Rule:233 - rule USART DMADisableonRxErrorParam Mode is applicable
2025-08-26 23:48:35,334 [INFO] Rule:233 - rule USART MSBFirstParam Mode is applicable
2025-08-26 23:48:35,334 [INFO] Rule:233 - rule Update MwName for USB_DEVICE is applicable
2025-08-26 23:48:35,334 [INFO] Rule:233 - rule Change PWR_Regulator_Voltage_Scale Default Value for RCC  H7 family is applicable
2025-08-26 23:48:35,334 [INFO] Rule:233 - rule UART/USART IPParameter rename Prescaler parameter to ClockPrescaler is applicable
2025-08-26 23:48:35,334 [INFO] Rule:233 - rule UART/USART Prescaler rename Prescaler parameter to ClockPrescaler is applicable
2025-08-26 23:48:35,334 [INFO] Rule:233 - rule TIM1CLockSelection is applicable
2025-08-26 23:48:35,334 [INFO] Rule:233 - rule TIM15CLockSelection is applicable
2025-08-26 23:48:35,334 [INFO] Rule:233 - rule align RCC SDMMC3CLockSelection default value on MP1 is applicable
2025-08-26 23:48:35,334 [INFO] Rule:233 - rule align RCC SDMMC12CLockSelection default value on MP1 is applicable
2025-08-26 23:48:35,334 [INFO] Rule:233 - rule align RCC QSPICLockSelection default value on MP1 is applicable
2025-08-26 23:48:35,334 [INFO] Rule:233 - rule align RCC QSPICLockSelection default value on MP1 is applicable
2025-08-26 23:48:35,334 [INFO] Rule:233 - rule align RCC SPI6CLockSelection default value on MP1 is applicable
2025-08-26 23:48:35,334 [INFO] Rule:233 - rule align RCC LPTIM23CLockSelection default value on MP1 is applicable
2025-08-26 23:48:35,334 [INFO] Rule:233 - rule align RCC LPTIM1CLockSelection default value on MP1 is applicable
2025-08-26 23:48:35,334 [INFO] Rule:233 - rule align RCC USART1CLockSelection default value on MP1 is applicable
2025-08-26 23:48:35,334 [INFO] Rule:233 - rule align RCC USART24CLockSelection default value on MP1 is applicable
2025-08-26 23:48:35,334 [INFO] Rule:233 - rule align RCC USART6CLockSelection default value on MP1 is applicable
2025-08-26 23:48:35,334 [INFO] Rule:233 - rule align RCC UART78CLockSelection default value on MP1 is applicable
2025-08-26 23:48:35,334 [INFO] Rule:233 - rule align RCC USART35CLockSelection default value on MP1 is applicable
2025-08-26 23:48:35,334 [INFO] Rule:233 - rule align RCC SPI45CLockSelection default value on MP1 is applicable
2025-08-26 23:48:35,334 [INFO] Rule:233 - rule align RCC I2C46CLockSelection BCLK value on MP1 is applicable
2025-08-26 23:48:35,335 [INFO] Rule:233 - rule align RCC SPI45CLockSelection default value on MP1 is applicable
2025-08-26 23:48:35,335 [INFO] Rule:233 - rule align RCC I2C12CLockSelection default value on MP1 is applicable
2025-08-26 23:48:35,335 [INFO] Rule:233 - rule align RCC I2C35CLockSelection default value on MP1 is applicable
2025-08-26 23:48:35,335 [INFO] Rule:233 - rule align RCC LPTIM45CLockSelection default value on MP1 is applicable
2025-08-26 23:48:35,335 [INFO] Rule:233 - rule Rename DCMI PIXCK signal is applicable
2025-08-26 23:48:35,335 [INFO] Rule:233 - rule Change Default Value for I2C46CLockSelection MP1 family is applicable
2025-08-26 23:48:35,335 [INFO] Rule:233 - rule Change Default Value for UART for G4, G0 and WB families is applicable
2025-08-26 23:48:35,335 [INFO] Rule:233 - rule Change Default Value for USART for G4, G0 and WB families is applicable
2025-08-26 23:48:35,335 [INFO] Rule:233 - rule Change Default Value for USART for G4 family is applicable
2025-08-26 23:48:35,335 [INFO] Rule:233 - rule Change USART1CLockSelection refparam name for MP1 is applicable
2025-08-26 23:48:35,335 [INFO] Rule:233 - rule Change USART2CLockSelection refparam name for MP1 is applicable
2025-08-26 23:48:35,335 [INFO] Rule:233 - rule Change USART3CLockSelection refparam name for MP1 is applicable
2025-08-26 23:48:35,335 [INFO] Rule:233 - rule Change UART4CLockSelection refparam name for MP1 is applicable
2025-08-26 23:48:35,335 [INFO] Rule:233 - rule Change UART5CLockSelection refparam name for MP1 is applicable
2025-08-26 23:48:35,335 [INFO] Rule:233 - rule Change LPUART1CLockSelection refparam name for MP1 is applicable
2025-08-26 23:48:35,335 [INFO] Rule:233 - rule Change LPTIM1CLockSelection refparam name for MP1 is applicable
2025-08-26 23:48:35,335 [INFO] Rule:233 - rule Change LPTIM2CLockSelection refparam name for MP1 is applicable
2025-08-26 23:48:35,335 [INFO] Rule:233 - rule Change RCC_MCO1Source refparam name for MP1 is applicable
2025-08-26 23:48:35,335 [INFO] Rule:233 - rule Change LSCOSource1 refparam name for MP1 is applicable
2025-08-26 23:48:35,335 [INFO] Rule:233 - rule Change SMPSCLockSelection refparam name for MP1 is applicable
2025-08-26 23:48:35,335 [INFO] Rule:233 - rule Change LPTIM3CLockSelection refparam name for MP1 is applicable
2025-08-26 23:48:35,335 [INFO] Rule:233 - rule Change MPCBB* Default Template Mode to Parameters is applicable
2025-08-26 23:48:35,335 [INFO] Rule:233 - rule Change MPCWM* or MPCBB* Secure Mode to Parameters is applicable
2025-08-26 23:48:35,335 [INFO] Rule:233 - rule Change MPCWM* or MPCBB* No Secure Mode to Parameters is applicable
2025-08-26 23:48:35,335 [INFO] Rule:233 - rule Change TZSC IP Secure Mode to Parameters is applicable
2025-08-26 23:48:35,335 [INFO] Rule:233 - rule Change TZSC IP No Secure Mode to Parameters is applicable
2025-08-26 23:48:35,335 [INFO] Rule:233 - rule Change TZSC IP Privilege Mode to Parameters is applicable
2025-08-26 23:48:35,335 [INFO] Rule:233 - rule Change TZSC IP No Privilege Mode to Parameters is applicable
2025-08-26 23:48:35,335 [INFO] Rule:233 - rule Change TZIC IT Secure Mode to Parameters is applicable
2025-08-26 23:48:35,335 [INFO] Rule:233 - rule Change TZIC IT No Secure Mode to Parameters is applicable
2025-08-26 23:48:35,335 [INFO] Rule:233 - rule Add MPCBB1_NonSecureArea_Start_Address value with referenced to MPCBB1_NonSecureArea_Start value is applicable
2025-08-26 23:48:35,335 [INFO] Rule:233 - rule Add MPCBB2_NonSecureArea_Start_Address value with referenced to MPCBB2_NonSecureArea_Start value is applicable
2025-08-26 23:48:35,335 [INFO] Rule:233 - rule Add MPCWM1_NonSecureArea*_Start_Address value with referenced to MPCWM1_NonSecureArea*_Start value is applicable
2025-08-26 23:48:35,335 [INFO] Rule:233 - rule Add MPCWM2_NonSecureArea*_Start_Address value with referenced to MPCWM2_NonSecureArea*_Start value is applicable
2025-08-26 23:48:35,336 [INFO] Rule:233 - rule Add MPCWM3_NonSecureArea_Start_Address value with referenced to MPCWM3_NonSecureArea_Start value is applicable
2025-08-26 23:48:35,336 [INFO] Rule:233 - rule Change Default Value for PLL1UserDefinedConfig is applicable
2025-08-26 23:48:35,336 [INFO] Rule:233 - rule Change GPIO_PuPd Default Value for USART in async mode is applicable
2025-08-26 23:48:35,336 [INFO] Rule:233 - rule Change SMPSDivider Default Value is applicable
2025-08-26 23:48:35,336 [INFO] Rule:233 - rule OPAMP is applicable
2025-08-26 23:48:35,336 [INFO] Rule:233 - rule LPUART IPParameter rename Prescaler parameter to ClockPrescaler for STM32H7 is applicable
2025-08-26 23:48:35,336 [INFO] Rule:233 - rule LPUART IPParameter rename Prescaler parameter to ClockPrescaler for STM32H7 is applicable
2025-08-26 23:48:35,336 [INFO] Rule:233 - rule LPUART IPParameter rename Prescaler parameter to ClockPrescaler for STM32WB is applicable
2025-08-26 23:48:35,336 [INFO] Rule:233 - rule LPUART IPParameter rename Prescaler parameter to ClockPrescaler for STM32WB is applicable
2025-08-26 23:48:35,336 [INFO] Rule:233 - rule LPUART IPParameter rename Prescaler parameter to ClockPrescaler for STM32G4 is applicable
2025-08-26 23:48:35,336 [INFO] Rule:233 - rule LPUART IPParameter rename Prescaler parameter to ClockPrescaler for STM32G4 is applicable
2025-08-26 23:48:35,336 [INFO] Rule:233 - rule LPUART IPParameter rename Prescaler parameter to ClockPrescaler for STM32L5 is applicable
2025-08-26 23:48:35,336 [INFO] Rule:233 - rule LPUART IPParameter rename Prescaler parameter to ClockPrescaler for STM32L5 is applicable
2025-08-26 23:48:35,336 [INFO] Rule:233 - rule LPUART IPParameter rename Prescaler parameter to ClockPrescaler for STM32G4 is applicable
2025-08-26 23:48:35,336 [INFO] Rule:233 - rule LPUART IPParameter rename Prescaler parameter to ClockPrescaler for STM32G4 is applicable
2025-08-26 23:48:35,336 [INFO] Rule:233 - rule USB device lib V2.5.3 for L0 rename USBD_SUPPORT_USER_STRING parameter to USBD_SUPPORT_USER_STRING_DESC4 is applicable
2025-08-26 23:48:35,336 [INFO] Rule:233 - rule I2SCLockSelection clock entry align is applicable
2025-08-26 23:48:35,336 [INFO] Rule:233 - rule Assign TIMx context if used as SYS timebase is applicable
2025-08-26 23:48:35,336 [INFO] Rule:233 - rule Change GPIO_Pu Default Value for I2C is applicable
2025-08-26 23:48:35,336 [INFO] Rule:233 - rule Change GPIO_Pu Default Value for SMBus is applicable
2025-08-26 23:48:35,336 [INFO] Rule:233 - rule change FDCAN default value is applicable
2025-08-26 23:48:35,336 [INFO] Rule:233 - rule Change mode sai is applicable
2025-08-26 23:48:35,336 [INFO] Rule:233 - rule **Change sai mode is applicable
2025-08-26 23:48:35,336 [INFO] Rule:233 - rule Rename STM32WPAN CFG_BLE_IRK to CFG_BLE_IR is applicable
2025-08-26 23:48:35,336 [INFO] Rule:233 - rule Rename STM32WPAN CFG_BLE_ERK to CFG_BLE_ER is applicable
2025-08-26 23:48:35,336 [INFO] Rule:233 - rule Rename STM32WPAN CFG_BLE_IRK_HEX to CFG_BLE_IR_HEX is applicable
2025-08-26 23:48:35,336 [INFO] Rule:233 - rule Rename STM32WPAN CFG_BLE_ERK_HEX to CFG_BLE_ER_HEX is applicable
2025-08-26 23:48:35,336 [INFO] Rule:233 - rule Adapt Old IOC before rework replace old CORTEX_M33/CORTEX_M55 attributes by the new one. is applicable
2025-08-26 23:48:35,336 [INFO] Rule:233 - rule Rename parametre of RCC RCC_APBDBG_DIV2 to RCC_TIMPRES_DIV2 is applicable
2025-08-26 23:48:35,336 [INFO] Rule:233 - rule Rename DIE493 pin PA10 [PA12] -> PA10 is applicable
2025-08-26 23:48:35,336 [INFO] Rule:233 - rule Rename DIE493 pin PA9 [PA11] -> PA9 is applicable
2025-08-26 23:48:35,336 [INFO] Rule:233 - rule Rename DIE492 PartNumber CPN STM32WBA5MJGHx -> STM32WBA5MMGHx is applicable
2025-08-26 23:48:35,337 [INFO] Rule:233 - rule Rename DIE492 PartNumber  Name STM32WBA5MJGHx -> STM32WBA5MMGHx is applicable
2025-08-26 23:48:35,337 [INFO] Rule:233 - rule Rename DIE492 PartNumber UserName STM32WBA5MJGHx -> STM32WBA5MMGHx is applicable
2025-08-26 23:48:35,337 [INFO] Rule:233 - rule Rename DIE492 PartNumber DeviceId STM32WBA5MJGHx -> STM32WBA5MMGHx is applicable
2025-08-26 23:48:35,337 [INFO] Rule:233 - rule Adapt Old IOC CSI. is applicable
2025-08-26 23:48:35,337 [INFO] Rule:233 - rule Adapt Old IOC DCMIPP. is applicable
2025-08-26 23:48:35,337 [INFO] Rule:233 - rule Adapt Old IOC DCMIPP Mode Parallel. is applicable
2025-08-26 23:48:35,337 [INFO] Rule:233 - rule Adapt Old IOC LTDC. is applicable
2025-08-26 23:48:35,337 [INFO] Rule:233 - rule Rename STM32MP2 RIF Peripheral LTDC RIF.RISUP.LTDC_L0L1.Privilege -> RIF.RISUP.LTDC_L1L2.Privilege is applicable
2025-08-26 23:48:35,337 [INFO] Rule:233 - rule Rename STM32MP2 RIF Peripheral LTDC RIF.RISUP.LTDC_L0L1.Privilege -> RIF.RISUP.LTDC_L1L2.Privilege is applicable
2025-08-26 23:48:35,337 [INFO] Rule:233 - rule Rename STM32MP2 RIF Peripheral LTDC RIF.RISUP.LTDC_L0L1.Lock -> RIF.RISUP.LTDC_L1L2.Lock is applicable
2025-08-26 23:48:35,337 [INFO] Rule:233 - rule Rename STM32MP2 RIF Peripheral LTDC RIF.RISUP.LTDC_L2.Lock -> RIF.RISUP.LTDC_L3.Lock is applicable
2025-08-26 23:48:35,337 [INFO] Rule:233 - rule Adapt the old IOC example for updating the SYS when it is misconfigured. is applicable
2025-08-26 23:48:35,337 [INFO] Rule:233 - rule Rename STM32C09 Mcu.Package LQFP64 -> LQFP48 is applicable
2025-08-26 23:48:35,337 [INFO] Rule:233 - rule Adapt the old IOC example for updating the SYS when it is misconfigured. is applicable
2025-08-26 23:48:35,337 [INFO] Rule:233 - rule Adapt the old IOC example for updating the SYS when it is misconfigured. is applicable
2025-08-26 23:48:35,348 [INFO] DbConfProperties:307 - Apply Compatibility (38/250 Rules)
2025-08-26 23:48:35,361 [INFO] ImportTextPane:234 - (OptionalMessage_ERROR) Unable to find key (Mcu.ThirdPartyNb) in loaded IOC file
2025-08-26 23:48:35,362 [INFO] ImportTextPane:234 - (OptionalMessage_ERROR) Pin34 (VP_RIF_VS_RIF1) cannot be retrieved for this MCU
2025-08-26 23:48:35,529 [INFO] RtosManager:558 - Registered RTOS mode: class=CMSIS, group=RTOS, mode=CMSIS_V1, owner=FREERTOS
2025-08-26 23:48:35,530 [INFO] RtosManager:558 - Registered RTOS mode: class=CMSIS, group=RTOS2, mode=CMSIS_V2, owner=FREERTOS
2025-08-26 23:48:35,530 [INFO] RtosManager:558 - Registered RTOS mode: class=RTOS, group=Core, mode=CMSIS_V1, owner=FREERTOS
2025-08-26 23:48:35,530 [INFO] RtosManager:558 - Registered RTOS mode: class=RTOS, group=Core, mode=CMSIS_V2, owner=FREERTOS
2025-08-26 23:48:35,530 [WARN] ModelIntegratedComponent:184 - Missing modes for component STMicroelectronics:FreeRTOS:0.0.1:STMicroelectronics:RTOS:FreeRTOS:Core:::10.2.0:
2025-08-26 23:48:35,534 [WARN] ModelIntegratedComponent:63 - No mode defined for component null
2025-08-26 23:48:35,534 [WARN] ModelIntegratedComponent:63 - No mode defined for component null
2025-08-26 23:48:35,534 [WARN] ModelIntegratedComponent:63 - No mode defined for component null
2025-08-26 23:48:35,534 [WARN] ModelIntegratedComponent:63 - No mode defined for component null
2025-08-26 23:48:35,534 [WARN] ModelIntegratedComponent:63 - No mode defined for component null
2025-08-26 23:48:35,534 [WARN] ModelIntegratedComponent:63 - No mode defined for component null
2025-08-26 23:48:35,534 [WARN] ModelIntegratedComponent:63 - No mode defined for component null
2025-08-26 23:48:35,534 [WARN] ModelIntegratedComponent:63 - No mode defined for component null
2025-08-26 23:48:35,534 [WARN] ModelIntegratedComponent:63 - No mode defined for component null
2025-08-26 23:48:35,535 [WARN] ModelIntegratedComponent:63 - No mode defined for component null
2025-08-26 23:48:35,535 [WARN] ModelIntegratedComponent:63 - No mode defined for component null
2025-08-26 23:48:35,535 [WARN] ModelIntegratedComponent:63 - No mode defined for component null
2025-08-26 23:48:35,535 [WARN] ModelIntegratedComponent:63 - No mode defined for component null
2025-08-26 23:48:35,535 [WARN] ModelIntegratedComponent:63 - No mode defined for component null
2025-08-26 23:48:35,535 [WARN] ModelIntegratedComponent:63 - No mode defined for component null
2025-08-26 23:48:35,535 [WARN] ModelIntegratedComponent:63 - No mode defined for component null
2025-08-26 23:48:35,535 [WARN] ModelIntegratedComponent:63 - No mode defined for component null
2025-08-26 23:48:35,535 [WARN] ModelIntegratedComponent:63 - No mode defined for component null
2025-08-26 23:48:35,535 [WARN] ModelIntegratedComponent:63 - No mode defined for component null
2025-08-26 23:48:35,535 [WARN] ModelIntegratedComponent:63 - No mode defined for component null
2025-08-26 23:48:35,535 [WARN] ModelIntegratedComponent:63 - No mode defined for component null
2025-08-26 23:48:35,535 [WARN] ModelIntegratedComponent:63 - No mode defined for component null
2025-08-26 23:48:35,535 [WARN] ModelIntegratedComponent:63 - No mode defined for component null
2025-08-26 23:48:35,535 [WARN] ModelIntegratedComponent:63 - No mode defined for component null
2025-08-26 23:48:35,535 [WARN] ModelIntegratedComponent:63 - No mode defined for component null
2025-08-26 23:48:35,535 [WARN] ModelIntegratedComponent:63 - No mode defined for component null
2025-08-26 23:48:35,535 [WARN] ModelIntegratedComponent:63 - No mode defined for component null
2025-08-26 23:48:35,535 [WARN] ModelIntegratedComponent:63 - No mode defined for component null
2025-08-26 23:48:35,535 [WARN] ModelIntegratedComponent:63 - No mode defined for component null
2025-08-26 23:48:35,535 [WARN] ModelIntegratedComponent:63 - No mode defined for component null
2025-08-26 23:48:35,535 [WARN] ModelIntegratedComponent:63 - No mode defined for component null
2025-08-26 23:48:35,535 [WARN] ModelIntegratedComponent:63 - No mode defined for component null
2025-08-26 23:48:35,535 [WARN] ModelIntegratedComponent:63 - No mode defined for component null
2025-08-26 23:48:35,535 [WARN] ModelIntegratedComponent:63 - No mode defined for component null
2025-08-26 23:48:35,535 [WARN] ModelIntegratedComponent:63 - No mode defined for component null
2025-08-26 23:48:35,535 [WARN] ModelPack:524 - Component already loaded: STMicroelectronics:HAL Drivers:0.0.0:STMicroelectronics:Device:STMicro_Driver:XSPI:HAL::0.0.1:HAL_XSPI
2025-08-26 23:48:35,674 [INFO] ThirdPartyModel:298 - Start build external matchings
2025-08-26 23:48:36,780 [INFO] ThirdPartyModel:316 - End build external matchings
2025-08-26 23:48:37,129 [INFO] UtilMem:75 - End LoadConfig() Used Memory: 852512904 Bytes (1073741824)
2025-08-26 23:48:37,150 [WARN] ThirdParty:833 - waiting for thirdparty lock release [change project]
2025-08-26 23:48:37,151 [INFO] ThirdParty:835 - entering critical section [change project]
2025-08-26 23:48:37,151 [INFO] ThirdParty:1030 - CMSIS Pack Vendor :STMicroelectronics X-CUBE-PM33A1 1.0.0
2025-08-26 23:48:37,151 [INFO] ThirdParty:1030 - CMSIS Pack Vendor :STMicroelectronics USBPD 4.1
2025-08-26 23:48:37,151 [INFO] ThirdParty:1030 - CMSIS Pack Vendor :STMicroelectronics X-CUBE-GNSS1 6.0.0
2025-08-26 23:48:37,151 [INFO] ThirdParty:1030 - CMSIS Pack Vendor :STMicroelectronics USB_HOST 2.0.0
2025-08-26 23:48:37,151 [INFO] ThirdParty:1030 - CMSIS Pack Vendor :STMicroelectronics FP-SNS-MOTENVWB1 1.4.0
2025-08-26 23:48:37,151 [INFO] ThirdParty:1030 - CMSIS Pack Vendor :STMicroelectronics X-CUBE-AZRTOS-F4 1.1.0
2025-08-26 23:48:37,151 [INFO] ThirdParty:1030 - CMSIS Pack Vendor :STMicroelectronics LIBJPEG 8.0.0
2025-08-26 23:48:37,151 [INFO] ThirdParty:1030 - CMSIS Pack Vendor :Avnet-IotConnect X-CUBE-IoTC-DA16k-PMOD 1.0.0
2025-08-26 23:48:37,151 [INFO] ThirdParty:1030 - CMSIS Pack Vendor :STMicroelectronics X-CUBE-SMBUS 2.1.0
2025-08-26 23:48:37,151 [INFO] ThirdParty:1030 - CMSIS Pack Vendor :STMicroelectronics X-CUBE-WB05N 1.1.0
2025-08-26 23:48:37,151 [INFO] ThirdParty:1030 - CMSIS Pack Vendor :STMicroelectronics X-CUBE-ISPU 2.1.0
2025-08-26 23:48:37,151 [INFO] ThirdParty:1030 - CMSIS Pack Vendor :STMicroelectronics X-CUBE-FREERTOS 1.2.0
2025-08-26 23:48:37,151 [INFO] ThirdParty:1030 - CMSIS Pack Vendor :STMicroelectronics X-CUBE-ST60 1.0.0
2025-08-26 23:48:37,151 [INFO] ThirdParty:1030 - CMSIS Pack Vendor :STMicroelectronics X-CUBE-NFC12 1.0.0
2025-08-26 23:48:37,151 [INFO] ThirdParty:1030 - CMSIS Pack Vendor :STMicroelectronics X-CUBE-AZRTOS-F7 1.1.0
2025-08-26 23:48:37,151 [INFO] ThirdParty:1030 - CMSIS Pack Vendor :STMicroelectronics X-CUBE-AZRTOS-L5 2.0.0
2025-08-26 23:48:37,151 [INFO] ThirdParty:1030 - CMSIS Pack Vendor :STMicroelectronics USB_DEVICE 2.0.0
2025-08-26 23:48:37,151 [INFO] ThirdParty:1030 - CMSIS Pack Vendor :STMicroelectronics X-CUBE-NFC6 3.1.0
2025-08-26 23:48:37,151 [INFO] ThirdParty:1030 - CMSIS Pack Vendor :STMicroelectronics X-CUBE-MEMS1 11.0.0
2025-08-26 23:48:37,151 [INFO] ThirdParty:1030 - CMSIS Pack Vendor :STMicroelectronics FreeRTOS 0.0.1
2025-08-26 23:48:37,151 [INFO] ThirdParty:1030 - CMSIS Pack Vendor :STMicroelectronics X-CUBE-DPower 1.2.0
2025-08-26 23:48:37,151 [INFO] ThirdParty:1030 - CMSIS Pack Vendor :STMicroelectronics FP-SNS-FLIGHT1 5.0.2
2025-08-26 23:48:37,151 [INFO] ThirdParty:1030 - CMSIS Pack Vendor :STMicroelectronics X-CUBE-AI 9.0.0
2025-08-26 23:48:37,151 [INFO] ThirdParty:1030 - CMSIS Pack Vendor :STMicroelectronics PDM2PCM 3.3.0
2025-08-26 23:48:37,151 [INFO] ThirdParty:1030 - CMSIS Pack Vendor :STMicroelectronics X-CUBE-AZRTOS-H7 3.4.0
2025-08-26 23:48:37,151 [INFO] ThirdParty:1030 - CMSIS Pack Vendor :STMicroelectronics X-CUBE-DISPLAY 3.0.0
2025-08-26 23:48:37,151 [INFO] ThirdParty:1030 - CMSIS Pack Vendor :STMicroelectronics X-CUBE-BLE1 7.0.0
2025-08-26 23:48:37,151 [INFO] ThirdParty:1030 - CMSIS Pack Vendor :STMicroelectronics X-CUBE-NFC10 1.0.0
2025-08-26 23:48:37,151 [INFO] ThirdParty:1030 - CMSIS Pack Vendor :STMicroelectronics X-CUBE-BLEMGR 4.0.0
2025-08-26 23:48:37,151 [INFO] ThirdParty:1030 - CMSIS Pack Vendor :STMicroelectronics X-CUBE-FREERTOS 1.3.1
2025-08-26 23:48:37,151 [INFO] ThirdParty:1030 - CMSIS Pack Vendor :STMicroelectronics HAL Drivers 0.0.0
2025-08-26 23:48:37,151 [INFO] ThirdParty:1030 - CMSIS Pack Vendor :emotas I-CUBE-CANOPEN 1.3.0
2025-08-26 23:48:37,151 [INFO] ThirdParty:1030 - CMSIS Pack Vendor :STMicroelectronics X-CUBE-NFC7 1.0.1
2025-08-26 23:48:37,151 [INFO] ThirdParty:1030 - CMSIS Pack Vendor :STMicroelectronics MBEDTLS 2.14.1
2025-08-26 23:48:37,151 [INFO] ThirdParty:1030 - CMSIS Pack Vendor :wolfSSL I-CUBE-wolfTPM 3.2.0
2025-08-26 23:48:37,151 [INFO] ThirdParty:1030 - CMSIS Pack Vendor :STMicroelectronics X-CUBE-BLEMGR 3.1.0
2025-08-26 23:48:37,151 [INFO] ThirdParty:1030 - CMSIS Pack Vendor :STMicroelectronics FP-SNS-STBOX1 2.1.0
2025-08-26 23:48:37,151 [INFO] ThirdParty:1030 - CMSIS Pack Vendor :STMicroelectronics FP-SNS-STAIOTCFT 1.0.0
2025-08-26 23:48:37,151 [INFO] ThirdParty:1030 - CMSIS Pack Vendor :STMicroelectronics FP-SNS-SMARTAG2 1.2.0
2025-08-26 23:48:37,151 [INFO] ThirdParty:1030 - CMSIS Pack Vendor :STMicroelectronics FP-SNS-FLIGHT1 5.1.0
2025-08-26 23:48:37,151 [INFO] ThirdParty:1030 - CMSIS Pack Vendor :STMicroelectronics X-CUBE-AZRTOS-WL 2.0.0
2025-08-26 23:48:37,152 [INFO] ThirdParty:1030 - CMSIS Pack Vendor :STMicroelectronics X-CUBE-DPower 1.3.0
2025-08-26 23:48:37,152 [INFO] ThirdParty:1030 - CMSIS Pack Vendor :STMicroelectronics FP-SNS-MOTENV1 5.0.0
2025-08-26 23:48:37,152 [INFO] ThirdParty:1030 - CMSIS Pack Vendor :STMicroelectronics USB_DEVICE 1.0.0
2025-08-26 23:48:37,152 [INFO] ThirdParty:1030 - CMSIS Pack Vendor :wolfSSL I-CUBE-wolfMQTT 1.19.0
2025-08-26 23:48:37,152 [INFO] ThirdParty:1030 - CMSIS Pack Vendor :STMicroelectronics X-CUBE-AZRTOS-L4 2.0.0
2025-08-26 23:48:37,152 [INFO] ThirdParty:1030 - CMSIS Pack Vendor :STMicroelectronics ThreadX 0.0.2
2025-08-26 23:48:37,152 [INFO] ThirdParty:1030 - CMSIS Pack Vendor :WES I-CUBE-Cesium 1.3.0
2025-08-26 23:48:37,152 [INFO] ThirdParty:1030 - CMSIS Pack Vendor :STMicroelectronics lwIP 2.1.2
2025-08-26 23:48:37,152 [INFO] ThirdParty:1030 - CMSIS Pack Vendor :STMicroelectronics X-CUBE-SFXS2LP1 4.0.0
2025-08-26 23:48:37,152 [INFO] ThirdParty:1030 - CMSIS Pack Vendor :STMicroelectronics X-CUBE-BLE2 3.3.0
2025-08-26 23:48:37,152 [INFO] ThirdParty:1030 - CMSIS Pack Vendor :STMicroelectronics PDM2PCM 3.2.0
2025-08-26 23:48:37,152 [INFO] ThirdParty:1030 - CMSIS Pack Vendor :STMicroelectronics X-CUBE-AZRTOS-H7 3.3.0
2025-08-26 23:48:37,153 [INFO] ThirdParty:1030 - CMSIS Pack Vendor :STMicroelectronics X-CUBE-NFC9 1.0.0
2025-08-26 23:48:37,153 [INFO] ThirdParty:1030 - CMSIS Pack Vendor :STMicroelectronics X-CUBE-BLE1 7.1.0
2025-08-26 23:48:37,153 [INFO] ThirdParty:1030 - CMSIS Pack Vendor :STMicroelectronics USB_DEVICE 3.0.0
2025-08-26 23:48:37,153 [INFO] ThirdParty:1030 - CMSIS Pack Vendor :STMicroelectronics X-CUBE-TCPP 4.1.0
2025-08-26 23:48:37,153 [INFO] ThirdParty:1030 - CMSIS Pack Vendor :STMicroelectronics X-CUBE-EEPRMA1 5.2.0
2025-08-26 23:48:37,153 [INFO] ThirdParty:1030 - CMSIS Pack Vendor :STMicroelectronics X-CUBE-BLEMGR 4.1.0
2025-08-26 23:48:37,154 [INFO] ThirdParty:1030 - CMSIS Pack Vendor :STMicroelectronics X-CUBE-IPS 3.0.0
2025-08-26 23:48:37,154 [INFO] ThirdParty:1030 - CMSIS Pack Vendor :STMicroelectronics X-CUBE-AZRTOS-WB 2.0.0
2025-08-26 23:48:37,154 [INFO] ThirdParty:1030 - CMSIS Pack Vendor :STMicroelectronics X-CUBE-GNSS1 7.0.0
2025-08-26 23:48:37,154 [INFO] ThirdParty:1030 - CMSIS Pack Vendor :STMicroelectronics X-CUBE-GNSS1 7.0.1
2025-08-26 23:48:37,154 [INFO] ThirdParty:1030 - CMSIS Pack Vendor :STMicroelectronics X-CUBE-TOUCHGFX 4.25.0
2025-08-26 23:48:37,154 [INFO] ThirdParty:1030 - CMSIS Pack Vendor :STMicroelectronics X-CUBE-AI 10.1.0
2025-08-26 23:48:37,154 [INFO] ThirdParty:1030 - CMSIS Pack Vendor :STMicroelectronics FP-SNS-STBOX1 2.0.0
2025-08-26 23:48:37,154 [INFO] ThirdParty:1030 - CMSIS Pack Vendor :STMicroelectronics X-CUBE-AZRTOS-G0 1.1.0
2025-08-26 23:48:37,154 [INFO] ThirdParty:1030 - CMSIS Pack Vendor :STMicroelectronics X-CUBE-SAFEA1 1.2.2
2025-08-26 23:48:37,154 [INFO] ThirdParty:1030 - CMSIS Pack Vendor :STMicroelectronics X-CUBE-NFC4 3.0.0
2025-08-26 23:48:37,154 [INFO] ThirdParty:1030 - CMSIS Pack Vendor :STMicroelectronics X-CUBE-SUBG2 5.0.0
2025-08-26 23:48:37,154 [INFO] ThirdParty:1030 - CMSIS Pack Vendor :STMicroelectronics X-CUBE-AZRTOS-H7RS 1.1.0
2025-08-26 23:48:37,154 [INFO] ThirdParty:1030 - CMSIS Pack Vendor :STMicroelectronics STM32_WPAN 1.0.0
2025-08-26 23:48:37,154 [INFO] ThirdParty:1030 - CMSIS Pack Vendor :EmbeddedOffice I-CUBE-FS-RTOS 1.0.1
2025-08-26 23:48:37,154 [INFO] ThirdParty:1030 - CMSIS Pack Vendor :STMicroelectronics lwIP 2.0.3
2025-08-26 23:48:37,154 [INFO] ThirdParty:1030 - CMSIS Pack Vendor :Cesanta I-CUBE-Mongoose 7.13.0
2025-08-26 23:48:37,154 [INFO] ThirdParty:1030 - CMSIS Pack Vendor :STMicroelectronics USB_HOST 1.0.0
2025-08-26 23:48:37,154 [INFO] ThirdParty:1030 - CMSIS Pack Vendor :STMicroelectronics X-CUBE-AZRTOS-G4 2.0.0
2025-08-26 23:48:37,154 [INFO] ThirdParty:1030 - CMSIS Pack Vendor :STMicroelectronics X-CUBE-WB05N 2.0.0
2025-08-26 23:48:37,154 [INFO] ThirdParty:1030 - CMSIS Pack Vendor :STMicroelectronics PDM2PCM 3.1.0
2025-08-26 23:48:37,154 [INFO] ThirdParty:1030 - CMSIS Pack Vendor :STMicroelectronics X-CUBE-NFC7 2.0.0
2025-08-26 23:48:37,154 [INFO] ThirdParty:1030 - CMSIS Pack Vendor :STMicroelectronics X-CUBE-TCPP 4.2.0
2025-08-26 23:48:37,154 [INFO] ThirdParty:1030 - CMSIS Pack Vendor :RealThread X-CUBE-RT-Thread_Nano 4.1.1
2025-08-26 23:48:37,154 [INFO] ThirdParty:1030 - CMSIS Pack Vendor :wolfSSL I-CUBE-wolfSSL 5.7.0
2025-08-26 23:48:37,154 [INFO] ThirdParty:1030 - CMSIS Pack Vendor :STMicroelectronics FP-ATR-SIGFOX1 3.2.0
2025-08-26 23:48:37,154 [INFO] ThirdParty:1030 - CMSIS Pack Vendor :quantropi X-CUBE-qispace-sdk-base 1.9.3
2025-08-26 23:48:37,154 [INFO] ThirdParty:1030 - CMSIS Pack Vendor :STMicroelectronics X-CUBE-ISPU 2.0.0
2025-08-26 23:48:37,154 [INFO] ThirdParty:1030 - CMSIS Pack Vendor :STMicroelectronics X-CUBE-EEPRMA1 5.1.0
2025-08-26 23:48:37,154 [INFO] ThirdParty:1030 - CMSIS Pack Vendor :STMicroelectronics MBEDTLS 2.16.2
2025-08-26 23:48:37,154 [INFO] ThirdParty:1030 - CMSIS Pack Vendor :STMicroelectronics X-CUBE-IPS 3.1.0
2025-08-26 23:48:37,154 [INFO] ThirdParty:1030 - CMSIS Pack Vendor :STMicroelectronics X-CUBE-ALS 1.0.2
2025-08-26 23:48:37,154 [INFO] ThirdParty:1030 - CMSIS Pack Vendor :STMicroelectronics X-CUBE-MEMS1 10.0.0
2025-08-26 23:48:37,154 [INFO] ThirdParty:1030 - CMSIS Pack Vendor :STMicroelectronics X-CUBE-TOUCHGFX 4.24.0
2025-08-26 23:48:37,154 [INFO] ThirdParty:1030 - CMSIS Pack Vendor :ITTIA_DB I-CUBE-ITTIADB 8.9.0
2025-08-26 23:48:37,154 [INFO] ThirdParty:1030 - CMSIS Pack Vendor :STMicroelectronics X-CUBE-TOUCHGFX 4.24.1
2025-08-26 23:48:37,154 [INFO] ThirdParty:1030 - CMSIS Pack Vendor :portGmbH I-Cube-SoM-uGOAL 1.1.0
2025-08-26 23:48:37,154 [INFO] ThirdParty:1030 - CMSIS Pack Vendor :STMicroelectronics X-CUBE-ST67W61 1.0.0
2025-08-26 23:48:37,154 [INFO] ThirdParty:1030 - CMSIS Pack Vendor :STMicroelectronics X-CUBE-AI 10.2.0
2025-08-26 23:48:37,154 [INFO] ThirdParty:1030 - CMSIS Pack Vendor :STMicroelectronics ThreadX 1.0.0
2025-08-26 23:48:37,154 [INFO] ThirdParty:1030 - CMSIS Pack Vendor :SEGGER I-CUBE-embOS 1.3.1
2025-08-26 23:48:37,154 [INFO] ThirdParty:1030 - CMSIS Pack Vendor :STMicroelectronics X-CUBE-ALGOBUILD 1.4.0
2025-08-26 23:48:37,154 [INFO] ThirdParty:1030 - CMSIS Pack Vendor :STMicroelectronics X-CUBE-MEMS1 11.3.0
2025-08-26 23:48:37,154 [INFO] ThirdParty:1030 - CMSIS Pack Vendor :STMicroelectronics X-CUBE-AZRTOS-H7RS 1.0.0
2025-08-26 23:48:37,154 [INFO] ThirdParty:1030 - CMSIS Pack Vendor :STMicroelectronics FP-ATR-ASTRA1 2.0.0
2025-08-26 23:48:37,154 [INFO] ThirdParty:1030 - CMSIS Pack Vendor :STMicroelectronics X-CUBE-TOF1 3.4.2
2025-08-26 23:48:37,154 [INFO] ThirdParty:1030 - CMSIS Pack Vendor :STMicroelectronics X-CUBE-TOF1 3.4.3
2025-08-26 23:48:37,154 [INFO] ThirdParty:1030 - CMSIS Pack Vendor :STMicroelectronics X-CUBE-AI 9.1.0
2025-08-26 23:48:37,154 [INFO] ThirdParty:1030 - CMSIS Pack Vendor :STMicroelectronics X-CUBE-TOF1 3.4.1
2025-08-26 23:48:37,154 [INFO] ThirdParty:1030 - CMSIS Pack Vendor :STMicroelectronics X-CUBE-AZRTOS-H7 3.2.0
2025-08-26 23:48:37,154 [INFO] ThirdParty:1030 - CMSIS Pack Vendor :Infineon AIROC-Wi-Fi-Bluetooth-STM32 1.6.0
2025-08-26 23:48:37,154 [INFO] ThirdParty:1030 - CMSIS Pack Vendor :wolfSSL I-CUBE-wolfSSH 1.4.17
2025-08-26 23:48:37,155 [INFO] ThirdParty:841 - exiting critical section [change project]
2025-08-26 23:48:37,370 [INFO] PinOutPanel:1589 - setPackage(No Configuration,No Configuration)
2025-08-26 23:48:37,371 [INFO] PinOutPanel:1589 - setPackage(STM32F407VGTx,LQFP100)
2025-08-26 23:48:37,661 [INFO] UtilMem:75 - Before build in PCC Used Memory: 452697272 Bytes (1073741824)
2025-08-26 23:48:37,885 [INFO] UtilMem:75 - After build in PCC Used Memory: 498840776 Bytes (1073741824)
2025-08-26 23:48:37,917 [INFO] IPUIPlugin:80 - create IPUIPlugin
2025-08-26 23:48:37,917 [INFO] IPUIPlugin:80 - create IPUIPlugin
2025-08-26 23:48:37,917 [INFO] IPUIPlugin:80 - create IPUIPlugin
2025-08-26 23:48:37,917 [INFO] IPUIPlugin:80 - create IPUIPlugin
2025-08-26 23:48:37,917 [INFO] IPUIPlugin:80 - create IPUIPlugin
2025-08-26 23:48:37,918 [INFO] IPUIPlugin:80 - create IPUIPlugin
2025-08-26 23:48:37,918 [INFO] IPUIPlugin:80 - create IPUIPlugin
2025-08-26 23:48:37,918 [INFO] IPUIPlugin:80 - create IPUIPlugin
2025-08-26 23:48:37,918 [INFO] IPUIPlugin:80 - create IPUIPlugin
2025-08-26 23:48:37,918 [INFO] IPUIPlugin:80 - create IPUIPlugin
2025-08-26 23:48:37,918 [INFO] IPUIPlugin:80 - create IPUIPlugin
2025-08-26 23:48:37,918 [INFO] IPUIPlugin:80 - create IPUIPlugin
2025-08-26 23:48:37,918 [INFO] IPUIPlugin:80 - create IPUIPlugin
2025-08-26 23:48:37,918 [INFO] IPUIPlugin:80 - create IPUIPlugin
2025-08-26 23:48:37,918 [INFO] IPUIPlugin:80 - create IPUIPlugin
2025-08-26 23:48:37,918 [INFO] IPUIPlugin:80 - create IPUIPlugin
2025-08-26 23:48:37,919 [INFO] IPUIPlugin:80 - create IPUIPlugin
2025-08-26 23:48:37,919 [INFO] IPUIPlugin:80 - create IPUIPlugin
2025-08-26 23:48:37,919 [INFO] IPUIPlugin:80 - create IPUIPlugin
2025-08-26 23:48:37,919 [INFO] IPUIPlugin:80 - create IPUIPlugin
2025-08-26 23:48:37,919 [INFO] IPUIPlugin:80 - create IPUIPlugin
2025-08-26 23:48:37,919 [INFO] IPUIPlugin:80 - create IPUIPlugin
2025-08-26 23:48:37,919 [INFO] IPUIPlugin:80 - create IPUIPlugin
2025-08-26 23:48:37,919 [INFO] IPUIPlugin:80 - create IPUIPlugin
2025-08-26 23:48:37,919 [INFO] IPUIPlugin:80 - create IPUIPlugin
2025-08-26 23:48:37,919 [INFO] IPUIPlugin:80 - create IPUIPlugin
2025-08-26 23:48:37,920 [INFO] IPUIPlugin:80 - create IPUIPlugin
2025-08-26 23:48:37,920 [INFO] IPUIPlugin:80 - create IPUIPlugin
2025-08-26 23:48:37,920 [INFO] IPUIPlugin:80 - create IPUIPlugin
2025-08-26 23:48:37,920 [INFO] IPUIPlugin:80 - create IPUIPlugin
2025-08-26 23:48:37,920 [INFO] IPUIPlugin:80 - create IPUIPlugin
2025-08-26 23:48:37,920 [INFO] IPUIPlugin:80 - create IPUIPlugin
2025-08-26 23:48:37,920 [INFO] IPUIPlugin:80 - create IPUIPlugin
2025-08-26 23:48:37,921 [INFO] IPUIPlugin:80 - create IPUIPlugin
2025-08-26 23:48:37,921 [INFO] IPUIPlugin:80 - create IPUIPlugin
2025-08-26 23:48:37,921 [INFO] IPUIPlugin:80 - create IPUIPlugin
2025-08-26 23:48:37,921 [INFO] IPUIPlugin:80 - create IPUIPlugin
2025-08-26 23:48:37,921 [INFO] IPUIPlugin:80 - create IPUIPlugin
2025-08-26 23:48:37,921 [INFO] IPUIPlugin:80 - create IPUIPlugin
2025-08-26 23:48:37,921 [INFO] IPUIPlugin:80 - create IPUIPlugin
2025-08-26 23:48:37,922 [INFO] IPUIPlugin:80 - create IPUIPlugin
2025-08-26 23:48:37,922 [INFO] IPUIPlugin:80 - create IPUIPlugin
2025-08-26 23:48:37,922 [INFO] IPUIPlugin:80 - create IPUIPlugin
2025-08-26 23:48:37,922 [INFO] IPUIPlugin:80 - create IPUIPlugin
2025-08-26 23:48:37,922 [INFO] IPUIPlugin:80 - create IPUIPlugin
2025-08-26 23:48:37,922 [INFO] IPUIPlugin:80 - create IPUIPlugin
2025-08-26 23:48:37,922 [INFO] IPUIPlugin:80 - create IPUIPlugin
2025-08-26 23:48:37,922 [INFO] IPUIPlugin:80 - create IPUIPlugin
2025-08-26 23:48:37,923 [INFO] IPUIPlugin:80 - create IPUIPlugin
2025-08-26 23:48:37,923 [INFO] IPUIPlugin:80 - create IPUIPlugin
2025-08-26 23:48:37,923 [INFO] IPUIPlugin:80 - create IPUIPlugin
2025-08-26 23:48:37,923 [INFO] IPUIPlugin:80 - create IPUIPlugin
2025-08-26 23:48:37,923 [INFO] IPUIPlugin:80 - create IPUIPlugin
2025-08-26 23:48:37,923 [INFO] IPUIPlugin:80 - create IPUIPlugin
2025-08-26 23:48:37,923 [INFO] IPUIPlugin:80 - create IPUIPlugin
2025-08-26 23:48:37,924 [INFO] IPUIPlugin:80 - create IPUIPlugin
2025-08-26 23:48:37,924 [INFO] IPUIPlugin:80 - create IPUIPlugin
2025-08-26 23:48:37,924 [INFO] IPUIPlugin:80 - create IPUIPlugin
2025-08-26 23:48:37,933 [INFO] ApiDbMcu:532 - Load IP Config File for PDM2PCM
2025-08-26 23:48:37,973 [INFO] CADModel:165 - CPN selected for project levelSTM32F407VGT6
2025-08-26 23:48:37,973 [INFO] CADModel:114 - Register for checkConnection events
2025-08-26 23:48:38,022 [INFO] OpenFileManager:386 - Restore cursor
2025-08-26 23:48:38,583 [INFO] UtilMem:75 - End SaveConfig() Used Memory: 594255032 Bytes (1073741824)
2025-08-26 23:48:38,679 [INFO] UtilMem:75 - End SaveConfig() Used Memory: 615226552 Bytes (1073741824)
2025-08-26 23:48:38,966 [INFO] BlockDiagram:2775 - set Specific Code input for plugin: SYS
2025-08-26 23:48:38,966 [INFO] BlockDiagram:2775 - set Specific Code input for plugin: RCC
2025-08-26 23:48:38,966 [INFO] BlockDiagram:2775 - set Specific Code input for plugin: NVIC
2025-08-26 23:48:38,966 [INFO] BlockDiagram:2775 - set Specific Code input for plugin: GPIO
2025-08-26 23:48:38,968 [INFO] CodeGenerator:892 - code generatio: config db path: C:\ST\STM32CubeIDE_1.16.0\STM32CubeIDE\plugins\com.st.stm32cube.common.mx_6.15.0.202507011659\\db\
2025-08-26 23:48:39,061 [INFO] CodeEngine:265 - oldGeneratedFile, C:\Users\nisha\OneDrive\Desktop\stm32f407\freertos\semph__\MXTmpFiles\license.tmp_save
2025-08-26 23:48:39,328 [INFO] CodeEngine:289 - Generated code: C:\Users\nisha\OneDrive\Desktop\stm32f407\freertos\semph__\MXTmpFiles\license.tmp
2025-08-26 23:48:39,382 [INFO] CodeEngine:265 - oldGeneratedFile, C:\Users\nisha\OneDrive\Desktop\stm32f407\freertos\semph__\MXTmpFiles\gpio.tmp_save
2025-08-26 23:48:39,565 [INFO] CodeEngine:289 - Generated code: C:\Users\nisha\OneDrive\Desktop\stm32f407\freertos\semph__\MXTmpFiles\gpio.tmp
2025-08-26 23:48:39,616 [INFO] CodeEngine:265 - oldGeneratedFile, C:\Users\nisha\OneDrive\Desktop\stm32f407\freertos\semph__\Core\Src\stm32f4xx_it.c_save
2025-08-26 23:48:39,840 [INFO] CodeEngine:289 - Generated code: C:\Users\nisha\OneDrive\Desktop\stm32f407\freertos\semph__\Core\Src\stm32f4xx_it.c
2025-08-26 23:48:39,860 [INFO] CodeEngine:265 - oldGeneratedFile, C:\Users\nisha\OneDrive\Desktop\stm32f407\freertos\semph__\Core\Inc\stm32f4xx_it.h_save
2025-08-26 23:48:39,922 [INFO] CodeEngine:289 - Generated code: C:\Users\nisha\OneDrive\Desktop\stm32f407\freertos\semph__\Core\Inc\stm32f4xx_it.h
2025-08-26 23:48:39,946 [INFO] CodeEngine:265 - oldGeneratedFile, C:\Users\nisha\OneDrive\Desktop\stm32f407\freertos\semph__\Core\Src\stm32f4xx_hal_msp.c_save
2025-08-26 23:48:40,099 [INFO] CodeEngine:289 - Generated code: C:\Users\nisha\OneDrive\Desktop\stm32f407\freertos\semph__\Core\Src\stm32f4xx_hal_msp.c
2025-08-26 23:48:40,107 [INFO] CodeEngine:265 - oldGeneratedFile, C:\Users\nisha\OneDrive\Desktop\stm32f407\freertos\semph__\MXTmpFiles\system.tmp_save
2025-08-26 23:48:40,167 [INFO] CodeEngine:289 - Generated code: C:\Users\nisha\OneDrive\Desktop\stm32f407\freertos\semph__\MXTmpFiles\system.tmp
2025-08-26 23:48:40,188 [INFO] CodeEngine:321 - oldGeneratedFile, C:\Users\nisha\OneDrive\Desktop\stm32f407\freertos\semph__\Core\Inc\stm32f4xx_hal_conf.h_save
2025-08-26 23:48:40,318 [INFO] CodeEngine:345 - Generated code: C:\Users\nisha\OneDrive\Desktop\stm32f407\freertos\semph__\Core\Inc\stm32f4xx_hal_conf.h
2025-08-26 23:48:40,367 [INFO] ApiDbMcu:532 - Load IP Config File for RCC
2025-08-26 23:48:40,380 [INFO] CodeEngine:265 - oldGeneratedFile, C:\Users\nisha\OneDrive\Desktop\stm32f407\freertos\semph__\Core\Inc\main.h_save
2025-08-26 23:48:40,511 [INFO] CodeEngine:289 - Generated code: C:\Users\nisha\OneDrive\Desktop\stm32f407\freertos\semph__\Core\Inc\main.h
2025-08-26 23:48:40,520 [INFO] CodeEngine:265 - oldGeneratedFile, C:\Users\nisha\OneDrive\Desktop\stm32f407\freertos\semph__\Core\Src\main.c_save
2025-08-26 23:48:40,635 [INFO] CodeEngine:289 - Generated code: C:\Users\nisha\OneDrive\Desktop\stm32f407\freertos\semph__\Core\Src\main.c
2025-08-26 23:48:41,023 [INFO] ProjectBuilder:3606 - Time for Copy HAL[1] : 276mS.
2025-08-26 23:48:41,028 [INFO] ProjectBuilder:5216 - Project Generator version: 4.7.0-B52
2025-08-26 23:48:41,087 [INFO] ConfigFileManager:1595 - The Die is : DIE413
2025-08-26 23:48:41,090 [INFO] ApiDbMcu:532 - Load IP Config File for FATFS
2025-08-26 23:48:41,095 [INFO] ApiDbMcu:532 - Load IP Config File for FREERTOS
2025-08-26 23:48:41,099 [INFO] ApiDbMcu:532 - Load IP Config File for LIBJPEG
2025-08-26 23:48:41,104 [INFO] ApiDbMcu:532 - Load IP Config File for LWIP
2025-08-26 23:48:41,110 [INFO] ApiDbMcu:532 - Load IP Config File for MBEDTLS
2025-08-26 23:48:41,116 [INFO] ApiDbMcu:532 - Load IP Config File for USB_DEVICE
2025-08-26 23:48:41,121 [INFO] ApiDbMcu:532 - Load IP Config File for USB_HOST
2025-08-26 23:48:42,692 [INFO] ProjectBuilder:5496 - Time for Generating toolchain IDE Files: 1664mS.
2025-08-26 23:48:42,694 [INFO] ProjectBuilder:3463 - Time for Copy CMSIS : 0mS.
2025-08-26 23:48:42,696 [INFO] ProjectBuilder:3463 - Time for Copy CMSIS : 0mS.
2025-08-26 23:48:43,196 [INFO] McuFinderGlobals:76 - Set McuFinderConnectedMode to true
2025-08-26 23:48:43,200 [INFO] ApiDb:448 - Save user favorites file C:\Users\nisha/.stm32cubeide/favorites.mcus.txt: 0 item(s)
2025-08-26 23:48:43,200 [INFO] ApiDb:452 - User favorites MCUs=[]
2025-08-26 23:48:43,202 [INFO] ApiDb:448 - Save user favorites file C:\Users\nisha/.stm32cubeide/favorites.boards.txt: 1 item(s)
2025-08-26 23:48:43,202 [INFO] ApiDb:452 - User favorites Boards=[STM32F407G-DISC1]
2025-08-26 23:49:43,183 [ERROR] LogOutputStream:75 - [STDERR_REDIRECT] java.lang.Error: no ComponentUI class for: com.st.microxplorer.plugins.ip.nvic.CheckBoxHeader[,0,0,0x0,invalid,alignmentX=0.0,alignmentY=0.0,border=,flags=0,maximumSize=,minimumSize=,preferredSize=,defaultIcon=,disabledIcon=,disabledSelectedIcon=,margin=null,paintBorder=true,paintFocus=true,pressedIcon=,rolloverEnabled=false,rolloverIcon=,rolloverSelectedIcon=,selectedIcon=,text=]
2025-08-26 23:49:43,184 [ERROR] LogOutputStream:75 - [STDERR_REDIRECT] 	at java.desktop/javax.swing.UIDefaults.getUIError(UIDefaults.java:763)
2025-08-26 23:49:43,185 [ERROR] LogOutputStream:75 - [STDERR_REDIRECT] 	at java.desktop/javax.swing.MultiUIDefaults.getUIError(MultiUIDefaults.java:144)
2025-08-26 23:49:43,187 [ERROR] LogOutputStream:75 - [STDERR_REDIRECT] 	at java.desktop/javax.swing.UIDefaults.getUI(UIDefaults.java:793)
2025-08-26 23:49:43,187 [ERROR] LogOutputStream:75 - [STDERR_REDIRECT] 	at java.desktop/javax.swing.UIManager.getUI(UIManager.java:1070)
2025-08-26 23:49:43,188 [ERROR] LogOutputStream:75 - [STDERR_REDIRECT] 	at java.desktop/javax.swing.JCheckBox.updateUI(JCheckBox.java:228)
2025-08-26 23:49:43,189 [ERROR] LogOutputStream:75 - [STDERR_REDIRECT] 	at java.desktop/javax.swing.AbstractButton.init(AbstractButton.java:2141)
2025-08-26 23:49:43,190 [ERROR] LogOutputStream:75 - [STDERR_REDIRECT] 	at java.desktop/javax.swing.JToggleButton.<init>(JToggleButton.java:187)
2025-08-26 23:49:43,190 [ERROR] LogOutputStream:75 - [STDERR_REDIRECT] 	at java.desktop/javax.swing.JCheckBox.<init>(JCheckBox.java:176)
2025-08-26 23:49:43,191 [ERROR] LogOutputStream:75 - [STDERR_REDIRECT] 	at java.desktop/javax.swing.JCheckBox.<init>(JCheckBox.java:97)
2025-08-26 23:49:43,192 [ERROR] LogOutputStream:75 - [STDERR_REDIRECT] 	at com.st.microxplorer.plugins.ip.nvic.CheckBoxHeader.<init>(CheckBoxHeader.java:55)
2025-08-26 23:49:43,192 [ERROR] LogOutputStream:75 - [STDERR_REDIRECT] 	at com.st.microxplorer.plugins.ip.nvic.NvicCodeSelectionTable.<init>(NvicCodeSelectionTable.java:75)
2025-08-26 23:49:43,193 [ERROR] LogOutputStream:75 - [STDERR_REDIRECT] 	at com.st.microxplorer.plugins.ip.nvic.NvicCodePanel.initComponents(NvicCodePanel.java:102)
2025-08-26 23:49:43,195 [ERROR] LogOutputStream:75 - [STDERR_REDIRECT] 	at com.st.microxplorer.plugins.ip.nvic.NvicCodePanel.<init>(NvicCodePanel.java:78)
2025-08-26 23:49:43,196 [ERROR] LogOutputStream:75 - [STDERR_REDIRECT] 	at com.st.microxplorer.plugins.ip.nvic.NvicTabbedPanel.<init>(NvicTabbedPanel.java:57)
2025-08-26 23:49:43,197 [ERROR] LogOutputStream:75 - [STDERR_REDIRECT] 	at com.st.microxplorer.plugins.ip.nvic.Nvic.getUI(Nvic.java:73)
2025-08-26 23:49:43,198 [ERROR] LogOutputStream:75 - [STDERR_REDIRECT] 	at com.st.microxplorer.plugins.ipmanager.gui.BlockDiagram.createIpPanel(BlockDiagram.java:402)
2025-08-26 23:49:43,199 [ERROR] LogOutputStream:75 - [STDERR_REDIRECT] 	at com.st.microxplorer.plugins.ipmanager.gui.BlockDiagram.getIPConfigPanel(BlockDiagram.java:552)
2025-08-26 23:49:43,200 [ERROR] LogOutputStream:75 - [STDERR_REDIRECT] 	at com.st.microxplorer.plugins.ipmanager.gui.BlockDiagram.getIPConfigPanel(BlockDiagram.java:458)
2025-08-26 23:49:43,200 [ERROR] LogOutputStream:75 - [STDERR_REDIRECT] 	at com.st.microxplorer.plugins.ipmanager.gui.BlockDiagram.propertyChange(BlockDiagram.java:1389)
2025-08-26 23:49:43,201 [ERROR] LogOutputStream:75 - [STDERR_REDIRECT] 	at java.desktop/java.beans.PropertyChangeSupport.fire(PropertyChangeSupport.java:343)
2025-08-26 23:49:43,202 [ERROR] LogOutputStream:75 - [STDERR_REDIRECT] 	at java.desktop/java.beans.PropertyChangeSupport.firePropertyChange(PropertyChangeSupport.java:335)
2025-08-26 23:49:43,203 [ERROR] LogOutputStream:75 - [STDERR_REDIRECT] 	at java.desktop/java.beans.PropertyChangeSupport.firePropertyChange(PropertyChangeSupport.java:268)
2025-08-26 23:49:43,204 [ERROR] LogOutputStream:75 - [STDERR_REDIRECT] 	at com.st.microxplorer.util.MXPropertyChangeSupport.firePropertyChange(MXPropertyChangeSupport.java:54)
2025-08-26 23:49:43,205 [ERROR] LogOutputStream:75 - [STDERR_REDIRECT] 	at com.st.microxplorer.mxsystem.MxSystem.firePropertyChange(MxSystem.java:357)
2025-08-26 23:49:43,207 [ERROR] LogOutputStream:75 - [STDERR_REDIRECT] 	at com.st.microxplorer.plugins.pinoutconfig.guiV5.PeripheralsSelectionPanel.selectIP(PeripheralsSelectionPanel.java:409)
2025-08-26 23:49:43,208 [ERROR] LogOutputStream:75 - [STDERR_REDIRECT] 	at com.st.microxplorer.plugins.pinoutconfig.guiV5.PeripheralsListListener.mouseClicked(PeripheralsListListener.java:103)
2025-08-26 23:49:43,209 [ERROR] LogOutputStream:75 - [STDERR_REDIRECT] 	at java.desktop/java.awt.AWTEventMulticaster.mouseClicked(AWTEventMulticaster.java:278)
2025-08-26 23:49:43,209 [ERROR] LogOutputStream:75 - [STDERR_REDIRECT] 	at java.desktop/java.awt.Component.processMouseEvent(Component.java:6624)
2025-08-26 23:49:43,210 [ERROR] LogOutputStream:75 - [STDERR_REDIRECT] 	at java.desktop/javax.swing.JComponent.processMouseEvent(JComponent.java:3398)
2025-08-26 23:49:43,212 [ERROR] LogOutputStream:75 - [STDERR_REDIRECT] 	at java.desktop/java.awt.Component.processEvent(Component.java:6386)
2025-08-26 23:49:43,213 [ERROR] LogOutputStream:75 - [STDERR_REDIRECT] 	at java.desktop/java.awt.Container.processEvent(Container.java:2266)
2025-08-26 23:49:43,213 [ERROR] LogOutputStream:75 - [STDERR_REDIRECT] 	at java.desktop/java.awt.Component.dispatchEventImpl(Component.java:4996)
2025-08-26 23:49:43,214 [ERROR] LogOutputStream:75 - [STDERR_REDIRECT] 	at java.desktop/java.awt.Container.dispatchEventImpl(Container.java:2324)
2025-08-26 23:49:43,215 [ERROR] LogOutputStream:75 - [STDERR_REDIRECT] 	at java.desktop/java.awt.Component.dispatchEvent(Component.java:4828)
2025-08-26 23:49:43,216 [ERROR] LogOutputStream:75 - [STDERR_REDIRECT] 	at java.desktop/java.awt.LightweightDispatcher.retargetMouseEvent(Container.java:4948)
2025-08-26 23:49:43,216 [ERROR] LogOutputStream:75 - [STDERR_REDIRECT] 	at java.desktop/java.awt.LightweightDispatcher.processMouseEvent(Container.java:4584)
2025-08-26 23:49:43,217 [ERROR] LogOutputStream:75 - [STDERR_REDIRECT] 	at java.desktop/java.awt.LightweightDispatcher.dispatchEvent(Container.java:4516)
2025-08-26 23:49:43,218 [ERROR] LogOutputStream:75 - [STDERR_REDIRECT] 	at java.desktop/java.awt.Container.dispatchEventImpl(Container.java:2310)
2025-08-26 23:49:43,218 [ERROR] LogOutputStream:75 - [STDERR_REDIRECT] 	at java.desktop/java.awt.Component.dispatchEvent(Component.java:4828)
2025-08-26 23:49:43,219 [ERROR] LogOutputStream:75 - [STDERR_REDIRECT] 	at java.desktop/java.awt.EventQueue.dispatchEventImpl(EventQueue.java:775)
2025-08-26 23:49:43,220 [ERROR] LogOutputStream:75 - [STDERR_REDIRECT] 	at java.desktop/java.awt.EventQueue$4.run(EventQueue.java:720)
2025-08-26 23:49:43,221 [ERROR] LogOutputStream:75 - [STDERR_REDIRECT] 	at java.desktop/java.awt.EventQueue$4.run(EventQueue.java:714)
2025-08-26 23:49:43,221 [ERROR] LogOutputStream:75 - [STDERR_REDIRECT] 	at java.base/java.security.AccessController.doPrivileged(AccessController.java:400)
2025-08-26 23:49:43,222 [ERROR] LogOutputStream:75 - [STDERR_REDIRECT] 	at java.base/java.security.ProtectionDomain$JavaSecurityAccessImpl.doIntersectionPrivilege(ProtectionDomain.java:87)
2025-08-26 23:49:43,223 [ERROR] LogOutputStream:75 - [STDERR_REDIRECT] 	at java.base/java.security.ProtectionDomain$JavaSecurityAccessImpl.doIntersectionPrivilege(ProtectionDomain.java:98)
2025-08-26 23:49:43,224 [ERROR] LogOutputStream:75 - [STDERR_REDIRECT] 	at java.desktop/java.awt.EventQueue$5.run(EventQueue.java:747)
2025-08-26 23:49:43,225 [ERROR] LogOutputStream:75 - [STDERR_REDIRECT] 	at java.desktop/java.awt.EventQueue$5.run(EventQueue.java:745)
2025-08-26 23:49:43,225 [ERROR] LogOutputStream:75 - [STDERR_REDIRECT] 	at java.base/java.security.AccessController.doPrivileged(AccessController.java:400)
2025-08-26 23:49:43,226 [ERROR] LogOutputStream:75 - [STDERR_REDIRECT] 	at java.base/java.security.ProtectionDomain$JavaSecurityAccessImpl.doIntersectionPrivilege(ProtectionDomain.java:87)
2025-08-26 23:49:43,227 [ERROR] LogOutputStream:75 - [STDERR_REDIRECT] 	at java.desktop/java.awt.EventQueue.dispatchEvent(EventQueue.java:744)
2025-08-26 23:49:43,228 [ERROR] LogOutputStream:75 - [STDERR_REDIRECT] 	at java.desktop/java.awt.EventDispatchThread.pumpOneEventForFilters(EventDispatchThread.java:203)
2025-08-26 23:49:43,229 [ERROR] LogOutputStream:75 - [STDERR_REDIRECT] 	at java.desktop/java.awt.EventDispatchThread.pumpEventsForFilter(EventDispatchThread.java:124)
2025-08-26 23:49:43,230 [ERROR] LogOutputStream:75 - [STDERR_REDIRECT] 	at java.desktop/java.awt.EventDispatchThread.pumpEventsForHierarchy(EventDispatchThread.java:113)
2025-08-26 23:49:43,231 [ERROR] LogOutputStream:75 - [STDERR_REDIRECT] 	at java.desktop/java.awt.EventDispatchThread.pumpEvents(EventDispatchThread.java:109)
2025-08-26 23:49:43,231 [ERROR] LogOutputStream:75 - [STDERR_REDIRECT] 	at java.desktop/java.awt.EventDispatchThread.pumpEvents(EventDispatchThread.java:101)
2025-08-26 23:49:43,232 [ERROR] LogOutputStream:75 - [STDERR_REDIRECT] 	at java.desktop/java.awt.EventDispatchThread.run(EventDispatchThread.java:90)
2025-08-26 23:49:43,235 [ERROR] LogOutputStream:75 - [STDERR_REDIRECT] java.lang.Error: no ComponentUI class for: com.st.microxplorer.plugins.ip.nvic.CheckBoxHeader[,0,0,0x0,invalid,alignmentX=0.0,alignmentY=0.0,border=,flags=0,maximumSize=,minimumSize=,preferredSize=,defaultIcon=,disabledIcon=,disabledSelectedIcon=,margin=null,paintBorder=true,paintFocus=true,pressedIcon=,rolloverEnabled=false,rolloverIcon=,rolloverSelectedIcon=,selectedIcon=,text=]
2025-08-26 23:49:43,236 [ERROR] LogOutputStream:75 - [STDERR_REDIRECT] 	at java.desktop/javax.swing.UIDefaults.getUIError(UIDefaults.java:763)
2025-08-26 23:49:43,236 [ERROR] LogOutputStream:75 - [STDERR_REDIRECT] 	at java.desktop/javax.swing.MultiUIDefaults.getUIError(MultiUIDefaults.java:144)
2025-08-26 23:49:43,237 [ERROR] LogOutputStream:75 - [STDERR_REDIRECT] 	at java.desktop/javax.swing.UIDefaults.getUI(UIDefaults.java:793)
2025-08-26 23:49:43,238 [ERROR] LogOutputStream:75 - [STDERR_REDIRECT] 	at java.desktop/javax.swing.UIManager.getUI(UIManager.java:1070)
2025-08-26 23:49:43,239 [ERROR] LogOutputStream:75 - [STDERR_REDIRECT] 	at java.desktop/javax.swing.JCheckBox.updateUI(JCheckBox.java:228)
2025-08-26 23:49:43,239 [ERROR] LogOutputStream:75 - [STDERR_REDIRECT] 	at java.desktop/javax.swing.AbstractButton.init(AbstractButton.java:2141)
2025-08-26 23:49:43,240 [ERROR] LogOutputStream:75 - [STDERR_REDIRECT] 	at java.desktop/javax.swing.JToggleButton.<init>(JToggleButton.java:187)
2025-08-26 23:49:43,241 [ERROR] LogOutputStream:75 - [STDERR_REDIRECT] 	at java.desktop/javax.swing.JCheckBox.<init>(JCheckBox.java:176)
2025-08-26 23:49:43,241 [ERROR] LogOutputStream:75 - [STDERR_REDIRECT] 	at java.desktop/javax.swing.JCheckBox.<init>(JCheckBox.java:97)
2025-08-26 23:49:43,242 [ERROR] LogOutputStream:75 - [STDERR_REDIRECT] 	at com.st.microxplorer.plugins.ip.nvic.CheckBoxHeader.<init>(CheckBoxHeader.java:55)
2025-08-26 23:49:43,243 [ERROR] LogOutputStream:75 - [STDERR_REDIRECT] 	at com.st.microxplorer.plugins.ip.nvic.NvicCodeSelectionTable.<init>(NvicCodeSelectionTable.java:78)
2025-08-26 23:49:43,244 [ERROR] LogOutputStream:75 - [STDERR_REDIRECT] 	at com.st.microxplorer.plugins.ip.nvic.NvicCodePanel.initComponents(NvicCodePanel.java:102)
2025-08-26 23:49:43,245 [ERROR] LogOutputStream:75 - [STDERR_REDIRECT] 	at com.st.microxplorer.plugins.ip.nvic.NvicCodePanel.<init>(NvicCodePanel.java:78)
2025-08-26 23:49:43,245 [ERROR] LogOutputStream:75 - [STDERR_REDIRECT] 	at com.st.microxplorer.plugins.ip.nvic.NvicTabbedPanel.<init>(NvicTabbedPanel.java:57)
2025-08-26 23:49:43,246 [ERROR] LogOutputStream:75 - [STDERR_REDIRECT] 	at com.st.microxplorer.plugins.ip.nvic.Nvic.getUI(Nvic.java:73)
2025-08-26 23:49:43,247 [ERROR] LogOutputStream:75 - [STDERR_REDIRECT] 	at com.st.microxplorer.plugins.ipmanager.gui.BlockDiagram.createIpPanel(BlockDiagram.java:402)
2025-08-26 23:49:43,247 [ERROR] LogOutputStream:75 - [STDERR_REDIRECT] 	at com.st.microxplorer.plugins.ipmanager.gui.BlockDiagram.getIPConfigPanel(BlockDiagram.java:552)
2025-08-26 23:49:43,248 [ERROR] LogOutputStream:75 - [STDERR_REDIRECT] 	at com.st.microxplorer.plugins.ipmanager.gui.BlockDiagram.getIPConfigPanel(BlockDiagram.java:458)
2025-08-26 23:49:43,249 [ERROR] LogOutputStream:75 - [STDERR_REDIRECT] 	at com.st.microxplorer.plugins.ipmanager.gui.BlockDiagram.propertyChange(BlockDiagram.java:1389)
2025-08-26 23:49:43,250 [ERROR] LogOutputStream:75 - [STDERR_REDIRECT] 	at java.desktop/java.beans.PropertyChangeSupport.fire(PropertyChangeSupport.java:343)
2025-08-26 23:49:43,250 [ERROR] LogOutputStream:75 - [STDERR_REDIRECT] 	at java.desktop/java.beans.PropertyChangeSupport.firePropertyChange(PropertyChangeSupport.java:335)
2025-08-26 23:49:43,251 [ERROR] LogOutputStream:75 - [STDERR_REDIRECT] 	at java.desktop/java.beans.PropertyChangeSupport.firePropertyChange(PropertyChangeSupport.java:268)
2025-08-26 23:49:43,252 [ERROR] LogOutputStream:75 - [STDERR_REDIRECT] 	at com.st.microxplorer.util.MXPropertyChangeSupport.firePropertyChange(MXPropertyChangeSupport.java:54)
2025-08-26 23:49:43,253 [ERROR] LogOutputStream:75 - [STDERR_REDIRECT] 	at com.st.microxplorer.mxsystem.MxSystem.firePropertyChange(MxSystem.java:357)
2025-08-26 23:49:43,254 [ERROR] LogOutputStream:75 - [STDERR_REDIRECT] 	at com.st.microxplorer.plugins.pinoutconfig.guiV5.PeripheralsSelectionPanel.selectIP(PeripheralsSelectionPanel.java:409)
2025-08-26 23:49:43,255 [ERROR] LogOutputStream:75 - [STDERR_REDIRECT] 	at com.st.microxplorer.plugins.pinoutconfig.guiV5.PeripheralsListListener.mouseClicked(PeripheralsListListener.java:103)
2025-08-26 23:49:43,256 [ERROR] LogOutputStream:75 - [STDERR_REDIRECT] 	at java.desktop/java.awt.AWTEventMulticaster.mouseClicked(AWTEventMulticaster.java:278)
2025-08-26 23:49:43,257 [ERROR] LogOutputStream:75 - [STDERR_REDIRECT] 	at java.desktop/java.awt.Component.processMouseEvent(Component.java:6624)
2025-08-26 23:49:43,257 [ERROR] LogOutputStream:75 - [STDERR_REDIRECT] 	at java.desktop/javax.swing.JComponent.processMouseEvent(JComponent.java:3398)
2025-08-26 23:49:43,258 [ERROR] LogOutputStream:75 - [STDERR_REDIRECT] 	at java.desktop/java.awt.Component.processEvent(Component.java:6386)
2025-08-26 23:49:43,259 [ERROR] LogOutputStream:75 - [STDERR_REDIRECT] 	at java.desktop/java.awt.Container.processEvent(Container.java:2266)
2025-08-26 23:49:43,259 [ERROR] LogOutputStream:75 - [STDERR_REDIRECT] 	at java.desktop/java.awt.Component.dispatchEventImpl(Component.java:4996)
2025-08-26 23:49:43,260 [ERROR] LogOutputStream:75 - [STDERR_REDIRECT] 	at java.desktop/java.awt.Container.dispatchEventImpl(Container.java:2324)
2025-08-26 23:49:43,261 [ERROR] LogOutputStream:75 - [STDERR_REDIRECT] 	at java.desktop/java.awt.Component.dispatchEvent(Component.java:4828)
2025-08-26 23:49:43,262 [ERROR] LogOutputStream:75 - [STDERR_REDIRECT] 	at java.desktop/java.awt.LightweightDispatcher.retargetMouseEvent(Container.java:4948)
2025-08-26 23:49:43,262 [ERROR] LogOutputStream:75 - [STDERR_REDIRECT] 	at java.desktop/java.awt.LightweightDispatcher.processMouseEvent(Container.java:4584)
2025-08-26 23:49:43,263 [ERROR] LogOutputStream:75 - [STDERR_REDIRECT] 	at java.desktop/java.awt.LightweightDispatcher.dispatchEvent(Container.java:4516)
2025-08-26 23:49:43,264 [ERROR] LogOutputStream:75 - [STDERR_REDIRECT] 	at java.desktop/java.awt.Container.dispatchEventImpl(Container.java:2310)
2025-08-26 23:49:43,265 [ERROR] LogOutputStream:75 - [STDERR_REDIRECT] 	at java.desktop/java.awt.Component.dispatchEvent(Component.java:4828)
2025-08-26 23:49:43,266 [ERROR] LogOutputStream:75 - [STDERR_REDIRECT] 	at java.desktop/java.awt.EventQueue.dispatchEventImpl(EventQueue.java:775)
2025-08-26 23:49:43,267 [ERROR] LogOutputStream:75 - [STDERR_REDIRECT] 	at java.desktop/java.awt.EventQueue$4.run(EventQueue.java:720)
2025-08-26 23:49:43,268 [ERROR] LogOutputStream:75 - [STDERR_REDIRECT] 	at java.desktop/java.awt.EventQueue$4.run(EventQueue.java:714)
2025-08-26 23:49:43,269 [ERROR] LogOutputStream:75 - [STDERR_REDIRECT] 	at java.base/java.security.AccessController.doPrivileged(AccessController.java:400)
2025-08-26 23:49:43,270 [ERROR] LogOutputStream:75 - [STDERR_REDIRECT] 	at java.base/java.security.ProtectionDomain$JavaSecurityAccessImpl.doIntersectionPrivilege(ProtectionDomain.java:87)
2025-08-26 23:49:43,271 [ERROR] LogOutputStream:75 - [STDERR_REDIRECT] 	at java.base/java.security.ProtectionDomain$JavaSecurityAccessImpl.doIntersectionPrivilege(ProtectionDomain.java:98)
2025-08-26 23:49:43,272 [ERROR] LogOutputStream:75 - [STDERR_REDIRECT] 	at java.desktop/java.awt.EventQueue$5.run(EventQueue.java:747)
2025-08-26 23:49:43,272 [ERROR] LogOutputStream:75 - [STDERR_REDIRECT] 	at java.desktop/java.awt.EventQueue$5.run(EventQueue.java:745)
2025-08-26 23:49:43,273 [ERROR] LogOutputStream:75 - [STDERR_REDIRECT] 	at java.base/java.security.AccessController.doPrivileged(AccessController.java:400)
2025-08-26 23:49:43,274 [ERROR] LogOutputStream:75 - [STDERR_REDIRECT] 	at java.base/java.security.ProtectionDomain$JavaSecurityAccessImpl.doIntersectionPrivilege(ProtectionDomain.java:87)
2025-08-26 23:49:43,275 [ERROR] LogOutputStream:75 - [STDERR_REDIRECT] 	at java.desktop/java.awt.EventQueue.dispatchEvent(EventQueue.java:744)
2025-08-26 23:49:43,276 [ERROR] LogOutputStream:75 - [STDERR_REDIRECT] 	at java.desktop/java.awt.EventDispatchThread.pumpOneEventForFilters(EventDispatchThread.java:203)
2025-08-26 23:49:43,276 [ERROR] LogOutputStream:75 - [STDERR_REDIRECT] 	at java.desktop/java.awt.EventDispatchThread.pumpEventsForFilter(EventDispatchThread.java:124)
2025-08-26 23:49:43,278 [ERROR] LogOutputStream:75 - [STDERR_REDIRECT] 	at java.desktop/java.awt.EventDispatchThread.pumpEventsForHierarchy(EventDispatchThread.java:113)
2025-08-26 23:49:43,278 [ERROR] LogOutputStream:75 - [STDERR_REDIRECT] 	at java.desktop/java.awt.EventDispatchThread.pumpEvents(EventDispatchThread.java:109)
2025-08-26 23:49:43,279 [ERROR] LogOutputStream:75 - [STDERR_REDIRECT] 	at java.desktop/java.awt.EventDispatchThread.pumpEvents(EventDispatchThread.java:101)
2025-08-26 23:49:43,280 [ERROR] LogOutputStream:75 - [STDERR_REDIRECT] 	at java.desktop/java.awt.EventDispatchThread.run(EventDispatchThread.java:90)
2025-08-26 23:50:16,174 [INFO] UtilMem:75 - End SaveConfig() Used Memory: 1005207192 Bytes (1073741824)
2025-08-26 23:50:18,299 [INFO] UtilMem:75 - End SaveConfig() Used Memory: 404261752 Bytes (1073741824)
2025-08-26 23:50:19,107 [INFO] UtilMem:75 - End SaveConfig() Used Memory: 512791416 Bytes (1073741824)
2025-08-26 23:50:19,291 [INFO] BlockDiagram:2775 - set Specific Code input for plugin: SYS
2025-08-26 23:50:19,292 [INFO] BlockDiagram:2775 - set Specific Code input for plugin: RCC
2025-08-26 23:50:19,292 [INFO] BlockDiagram:2775 - set Specific Code input for plugin: NVIC
2025-08-26 23:50:19,292 [INFO] BlockDiagram:2775 - set Specific Code input for plugin: GPIO
2025-08-26 23:50:19,296 [INFO] CodeGenerator:892 - code generatio: config db path: C:\ST\STM32CubeIDE_1.16.0\STM32CubeIDE\plugins\com.st.stm32cube.common.mx_6.15.0.202507011659\\db\
2025-08-26 23:50:19,398 [INFO] CodeEngine:265 - oldGeneratedFile, C:\Users\nisha\OneDrive\Desktop\stm32f407\freertos\semph__\MXTmpFiles\license.tmp_save
2025-08-26 23:50:19,484 [INFO] CodeEngine:289 - Generated code: C:\Users\nisha\OneDrive\Desktop\stm32f407\freertos\semph__\MXTmpFiles\license.tmp
2025-08-26 23:50:19,521 [INFO] CodeEngine:265 - oldGeneratedFile, C:\Users\nisha\OneDrive\Desktop\stm32f407\freertos\semph__\MXTmpFiles\gpio.tmp_save
2025-08-26 23:50:19,631 [INFO] CodeEngine:289 - Generated code: C:\Users\nisha\OneDrive\Desktop\stm32f407\freertos\semph__\MXTmpFiles\gpio.tmp
2025-08-26 23:50:19,675 [INFO] CodeEngine:265 - oldGeneratedFile, C:\Users\nisha\OneDrive\Desktop\stm32f407\freertos\semph__\Core\Src\stm32f4xx_it.c_save
2025-08-26 23:50:19,802 [INFO] CodeEngine:289 - Generated code: C:\Users\nisha\OneDrive\Desktop\stm32f407\freertos\semph__\Core\Src\stm32f4xx_it.c
2025-08-26 23:50:19,813 [INFO] CodeEngine:265 - oldGeneratedFile, C:\Users\nisha\OneDrive\Desktop\stm32f407\freertos\semph__\Core\Inc\stm32f4xx_it.h_save
2025-08-26 23:50:19,872 [INFO] CodeEngine:289 - Generated code: C:\Users\nisha\OneDrive\Desktop\stm32f407\freertos\semph__\Core\Inc\stm32f4xx_it.h
2025-08-26 23:50:19,890 [INFO] CodeEngine:265 - oldGeneratedFile, C:\Users\nisha\OneDrive\Desktop\stm32f407\freertos\semph__\Core\Src\stm32f4xx_hal_msp.c_save
2025-08-26 23:50:20,005 [INFO] CodeEngine:289 - Generated code: C:\Users\nisha\OneDrive\Desktop\stm32f407\freertos\semph__\Core\Src\stm32f4xx_hal_msp.c
2025-08-26 23:50:20,012 [INFO] CodeEngine:265 - oldGeneratedFile, C:\Users\nisha\OneDrive\Desktop\stm32f407\freertos\semph__\MXTmpFiles\system.tmp_save
2025-08-26 23:50:20,056 [INFO] CodeEngine:289 - Generated code: C:\Users\nisha\OneDrive\Desktop\stm32f407\freertos\semph__\MXTmpFiles\system.tmp
2025-08-26 23:50:20,064 [INFO] CodeEngine:265 - oldGeneratedFile, C:\Users\nisha\OneDrive\Desktop\stm32f407\freertos\semph__\Core\Src\stm32f4xx_hal_timebase_tim.c_save
2025-08-26 23:50:20,132 [INFO] CodeEngine:289 - Generated code: C:\Users\nisha\OneDrive\Desktop\stm32f407\freertos\semph__\Core\Src\stm32f4xx_hal_timebase_tim.c
2025-08-26 23:50:20,151 [INFO] CodeEngine:321 - oldGeneratedFile, C:\Users\nisha\OneDrive\Desktop\stm32f407\freertos\semph__\Core\Inc\stm32f4xx_hal_conf.h_save
2025-08-26 23:50:20,267 [INFO] CodeEngine:345 - Generated code: C:\Users\nisha\OneDrive\Desktop\stm32f407\freertos\semph__\Core\Inc\stm32f4xx_hal_conf.h
2025-08-26 23:50:20,316 [INFO] CodeEngine:265 - oldGeneratedFile, C:\Users\nisha\OneDrive\Desktop\stm32f407\freertos\semph__\Core\Inc\main.h_save
2025-08-26 23:50:20,421 [INFO] CodeEngine:289 - Generated code: C:\Users\nisha\OneDrive\Desktop\stm32f407\freertos\semph__\Core\Inc\main.h
2025-08-26 23:50:20,435 [INFO] CodeEngine:265 - oldGeneratedFile, C:\Users\nisha\OneDrive\Desktop\stm32f407\freertos\semph__\Core\Src\main.c_save
2025-08-26 23:50:20,546 [INFO] CodeEngine:289 - Generated code: C:\Users\nisha\OneDrive\Desktop\stm32f407\freertos\semph__\Core\Src\main.c
2025-08-26 23:50:20,825 [INFO] ProjectBuilder:3606 - Time for Copy HAL[1] : 186mS.
2025-08-26 23:50:20,828 [INFO] ProjectBuilder:5216 - Project Generator version: 4.7.0-B52
2025-08-26 23:50:20,871 [INFO] ConfigFileManager:1595 - The Die is : DIE413
2025-08-26 23:50:21,396 [INFO] ProjectBuilder:5496 - Time for Generating toolchain IDE Files: 568mS.
2025-08-26 23:50:21,397 [INFO] ProjectBuilder:3463 - Time for Copy CMSIS : 1mS.
2025-08-26 23:50:21,399 [INFO] ProjectBuilder:3463 - Time for Copy CMSIS : 0mS.
