2025-09-19 09:31:30,553 [INFO] Activator:176 - 


2025-09-19 09:31:30,573 [INFO] Activator:177 - !SESSION log4j initialized
2025-09-19 09:32:01,085 [INFO] LogOutputStream:77 - [STDOUT_REDIRECT] 
2025-09-19 09:32:22,718 [INFO] ApplicationProperties:184 - Using Application install path: C:\ST\STM32CubeIDE_1.16.0\STM32CubeIDE\plugins\com.st.stm32cube.common.mx_6.15.0.202507011659
2025-09-19 09:32:22,741 [INFO] DbMcusXml:78 - Set database path to: C:\ST\STM32CubeIDE_1.16.0\STM32CubeIDE\plugins\com.st.stm32cube.common.mx_6.15.0.202507011659\\db\/mcu/
2025-09-19 09:32:22,742 [INFO] ApiDb:274 - Set plugin database path to: C:\ST\STM32CubeIDE_1.16.0\STM32CubeIDE\plugins\com.st.stm32cube.common.mx_6.15.0.202507011659\\db\/plugins/boardmanager/
2025-09-19 09:32:22,743 [WARN] ApiDb:259 - Overriding images path with different value:  => C:\ST\STM32CubeIDE_1.16.0\STM32CubeIDE\plugins\com.st.stm32cube.common.mx_6.15.0.202507011659\\db\/plugins/mcufinder/images/
2025-09-19 09:32:22,750 [INFO] ApiDb:250 - Set database path to: C:\Users\nisha\.stmcufinder\plugins\mcufinder//mcu/
2025-09-19 09:32:22,751 [INFO] DbMcusAds:125 - Set database path to: C:\Users\nisha\.stmcufinder\plugins\mcufinder//mcu/
2025-09-19 09:32:22,835 [INFO] CrossReferenceDbSqlite:203 - Set database path to: C:\Users\nisha\.stmcufinder\plugins\mcufinder//mcu/cs/
2025-09-19 09:32:23,006 [INFO] RulesReader:64 - Compatibility file has been processed (317 Rules)
2025-09-19 09:32:23,269 [INFO] DbMcusXml:78 - Set database path to: C:\ST\STM32CubeIDE_1.16.0\STM32CubeIDE\plugins\com.st.stm32cube.common.mx_6.15.0.202507011659\\db\/mcu/
2025-09-19 09:32:23,269 [INFO] ApiDb:274 - Set plugin database path to: C:\ST\STM32CubeIDE_1.16.0\STM32CubeIDE\plugins\com.st.stm32cube.common.mx_6.15.0.202507011659\\db\/plugins/boardmanager/
2025-09-19 09:32:23,270 [INFO] ApiDb:261 - Set plugin images path to: C:\ST\STM32CubeIDE_1.16.0\STM32CubeIDE\plugins\com.st.stm32cube.common.mx_6.15.0.202507011659\\db\/plugins/mcufinder/images/
2025-09-19 09:32:23,270 [WARN] DbFile:41 - Overriding database path with different value: C:\Users\nisha\.stmcufinder\plugins\mcufinder/ => C:\Users\nisha\.stmcufinder\plugins\mcufinder
2025-09-19 09:32:23,270 [INFO] ApiDb:250 - Set database path to: C:\Users\nisha\.stmcufinder\plugins\mcufinder//mcu/
2025-09-19 09:32:23,270 [WARN] DbFile:41 - Overriding database path with different value: C:\Users\nisha\.stmcufinder\plugins\mcufinder/ => C:\Users\nisha\.stmcufinder\plugins\mcufinder
2025-09-19 09:32:23,270 [INFO] DbMcusAds:125 - Set database path to: C:\Users\nisha\.stmcufinder\plugins\mcufinder//mcu/
2025-09-19 09:32:23,270 [WARN] DbFile:41 - Overriding database path with different value: C:\Users\nisha\.stmcufinder\plugins\mcufinder/ => C:\Users\nisha\.stmcufinder\plugins\mcufinder
2025-09-19 09:32:23,270 [WARN] DbFile:41 - Overriding database path with different value: C:\Users\nisha\.stmcufinder\plugins\mcufinder/ => C:\Users\nisha\.stmcufinder\plugins\mcufinder
2025-09-19 09:32:23,271 [INFO] CrossReferenceDbSqlite:203 - Set database path to: C:\Users\nisha\.stmcufinder\plugins\mcufinder//mcu/cs/
2025-09-19 09:32:23,377 [INFO] MainPanel:274 - HeapMemory: 270532608
2025-09-19 09:32:23,531 [INFO] DbMcusXml:78 - Set database path to: C:\ST\STM32CubeIDE_1.16.0\STM32CubeIDE\plugins\com.st.stm32cube.common.mx_6.15.0.202507011659\\db\/mcu/
2025-09-19 09:32:23,531 [INFO] ApiDb:274 - Set plugin database path to: C:\ST\STM32CubeIDE_1.16.0\STM32CubeIDE\plugins\com.st.stm32cube.common.mx_6.15.0.202507011659\\db\/plugins/boardmanager/
2025-09-19 09:32:23,531 [INFO] ApiDb:261 - Set plugin images path to: C:\ST\STM32CubeIDE_1.16.0\STM32CubeIDE\plugins\com.st.stm32cube.common.mx_6.15.0.202507011659\\db\/plugins/mcufinder/images/
2025-09-19 09:32:23,532 [WARN] DbFile:41 - Overriding database path with different value: C:\Users\nisha\.stmcufinder\plugins\mcufinder/ => C:\Users\nisha\.stmcufinder\plugins\mcufinder
2025-09-19 09:32:23,532 [INFO] ApiDb:250 - Set database path to: C:\Users\nisha\.stmcufinder\plugins\mcufinder//mcu/
2025-09-19 09:32:23,533 [WARN] DbFile:41 - Overriding database path with different value: C:\Users\nisha\.stmcufinder\plugins\mcufinder/ => C:\Users\nisha\.stmcufinder\plugins\mcufinder
2025-09-19 09:32:23,533 [INFO] DbMcusAds:125 - Set database path to: C:\Users\nisha\.stmcufinder\plugins\mcufinder//mcu/
2025-09-19 09:32:23,533 [WARN] DbFile:41 - Overriding database path with different value: C:\Users\nisha\.stmcufinder\plugins\mcufinder/ => C:\Users\nisha\.stmcufinder\plugins\mcufinder
2025-09-19 09:32:23,534 [WARN] DbFile:41 - Overriding database path with different value: C:\Users\nisha\.stmcufinder\plugins\mcufinder/ => C:\Users\nisha\.stmcufinder\plugins\mcufinder
2025-09-19 09:32:23,534 [INFO] CrossReferenceDbSqlite:203 - Set database path to: C:\Users\nisha\.stmcufinder\plugins\mcufinder//mcu/cs/
2025-09-19 09:32:23,582 [INFO] ApplicationProperties:184 - Using Application install path: C:\ST\STM32CubeIDE_1.16.0\STM32CubeIDE\plugins\com.st.stm32cube.common.mx_6.15.0.202507011659
2025-09-19 09:32:23,585 [INFO] PluginManage:196 - Search for loadable plugins [exclusion list=, ]
2025-09-19 09:32:23,588 [INFO] PluginManage:310 - Check plugin analytics
2025-09-19 09:32:23,950 [INFO] AnalyticsPlugin:253 - Accepted Software Licenses: 
2025-09-19 09:32:23,951 [INFO] AnalyticsPlugin:255 - Accepted CMSIS Pack Licenses: 
2025-09-19 09:32:23,951 [INFO] AnalyticsPlugin:257 - Accepted Firmware Licenses: FW.F4.1.28.0
2025-09-19 09:32:23,958 [INFO] PluginManage:359 - Loaded plugin analytics (category:tool,tabindex:-1)
2025-09-19 09:32:23,959 [INFO] PluginManage:310 - Check plugin cadmodel
2025-09-19 09:32:23,989 [INFO] CADModel:105 - Init CAD model plugin
2025-09-19 09:32:23,989 [INFO] PluginManage:359 - Loaded plugin cadmodel (category:power,tabindex:5)
2025-09-19 09:32:23,989 [INFO] PluginManage:310 - Check plugin clock
2025-09-19 09:32:24,022 [INFO] PluginManage:359 - Loaded plugin clock (category:base,tabindex:2)
2025-09-19 09:32:24,022 [INFO] PluginManage:310 - Check plugin ddr
2025-09-19 09:32:24,025 [INFO] PluginManage:359 - Loaded plugin ddr (category:tool,tabindex:6)
2025-09-19 09:32:24,026 [INFO] PluginManage:310 - Check plugin filemanager
2025-09-19 09:32:24,210 [INFO] PluginManage:359 - Loaded plugin filemanager (category:base,tabindex:10)
2025-09-19 09:32:24,210 [INFO] PluginManage:310 - Check plugin ipmanager
2025-09-19 09:32:24,219 [INFO] PluginManage:359 - Loaded plugin ipmanager (category:base,tabindex:5)
2025-09-19 09:32:24,219 [INFO] PluginManage:310 - Check plugin lpbam
2025-09-19 09:32:24,256 [INFO] PluginManage:359 - Loaded plugin lpbam (category:base,tabindex:0)
2025-09-19 09:32:24,256 [INFO] PluginManage:310 - Check plugin memorymap
2025-09-19 09:32:24,313 [INFO] PluginManage:359 - Loaded plugin memorymap (category:base,tabindex:4)
2025-09-19 09:32:24,313 [INFO] PluginManage:310 - Check plugin pinoutandconfiguration
2025-09-19 09:32:24,353 [INFO] PluginManage:359 - Loaded plugin pinoutandconfiguration (category:base,tabindex:1)
2025-09-19 09:32:24,354 [INFO] PluginManage:310 - Check plugin pinoutconfig
2025-09-19 09:32:24,537 [WARN] SupportedApi:132 - Cannot load RTOS API schema: s4s-elt-must-match.1: The content of 'definitions' must match (annotation?, (simpleType | complexType)?, (unique | key | keyref)*)). A problem was found starting at: attribute.
2025-09-19 09:32:24,743 [INFO] PluginManage:359 - Loaded plugin pinoutconfig (category:base,tabindex:0)
2025-09-19 09:32:24,744 [INFO] PluginManage:310 - Check plugin power
2025-09-19 09:32:24,783 [INFO] PluginManage:359 - Loaded plugin power (category:power,tabindex:4)
2025-09-19 09:32:24,783 [INFO] PluginManage:310 - Check plugin projectmanager
2025-09-19 09:32:24,816 [INFO] PluginManage:359 - Loaded plugin projectmanager (category:projectmanager,tabindex:4)
2025-09-19 09:32:24,816 [INFO] PluginManage:310 - Check plugin rif
2025-09-19 09:32:24,842 [INFO] PluginManage:359 - Loaded plugin rif (category:base,tabindex:3)
2025-09-19 09:32:24,843 [INFO] PluginManage:310 - Check plugin thirdparty
2025-09-19 09:32:25,388 [INFO] PluginManage:359 - Loaded plugin thirdparty (category:base,tabindex:-1)
2025-09-19 09:32:25,389 [INFO] PluginManage:310 - Check plugin tools
2025-09-19 09:32:25,389 [WARN] IntegrityCheckThread:84 - waiting for thirdparty lock release [integrity check]
2025-09-19 09:32:25,389 [INFO] IntegrityCheckThread:86 - entering critical section [integrity check]
2025-09-19 09:32:25,390 [INFO] ThirdPartyUpdaterWithRetryManager:70 - Updater plugin not ready yet. [1/15]
2025-09-19 09:32:25,469 [INFO] PluginManage:359 - Loaded plugin tools (category:base,tabindex:7)
2025-09-19 09:32:25,469 [INFO] PluginManage:310 - Check plugin tutovideos
2025-09-19 09:32:25,976 [INFO] PluginManage:359 - Loaded plugin tutovideos (category:base,tabindex:-1)
2025-09-19 09:32:25,976 [INFO] PluginManage:310 - Check plugin updater
2025-09-19 09:32:26,024 [INFO] PluginManage:359 - Loaded plugin updater (category:base,tabindex:12)
2025-09-19 09:32:26,024 [INFO] PluginManage:310 - Check plugin userauth
2025-09-19 09:32:26,033 [INFO] UserAuth:118 - Init User Auth plugin
2025-09-19 09:32:26,034 [INFO] PluginManage:359 - Loaded plugin userauth (category:base,tabindex:14)
2025-09-19 09:32:26,035 [INFO] PluginManage:283 - PluginManage : Loaded plugins [18]
2025-09-19 09:32:26,438 [INFO] PinOutPanel:1589 - setPackage(No Configuration,No Configuration)
2025-09-19 09:32:26,538 [INFO] CADModel:165 - CPN selected for project level
2025-09-19 09:32:26,539 [INFO] CADModel:114 - Register for checkConnection events
2025-09-19 09:32:26,582 [INFO] IPUIPlugin:80 - create IPUIPlugin
2025-09-19 09:32:26,582 [INFO] PluginManager:220 - loadIPPluginJar : add adc
2025-09-19 09:32:26,631 [INFO] IPUIPlugin:80 - create IPUIPlugin
2025-09-19 09:32:26,631 [INFO] PluginManager:220 - loadIPPluginJar : add aes
2025-09-19 09:32:26,690 [INFO] IPUIPlugin:80 - create IPUIPlugin
2025-09-19 09:32:26,691 [INFO] PluginManager:220 - loadIPPluginJar : add can
2025-09-19 09:32:26,734 [INFO] IPUIPlugin:80 - create IPUIPlugin
2025-09-19 09:32:26,734 [INFO] PluginManager:220 - loadIPPluginJar : add comp
2025-09-19 09:32:26,778 [INFO] IPUIPlugin:80 - create IPUIPlugin
2025-09-19 09:32:26,778 [INFO] PluginManager:220 - loadIPPluginJar : add cryp
2025-09-19 09:32:26,796 [INFO] IPUIPlugin:80 - create IPUIPlugin
2025-09-19 09:32:26,796 [INFO] PluginManager:220 - loadIPPluginJar : add ddr_ctrl_phy
2025-09-19 09:32:26,841 [INFO] IPUIPlugin:80 - create IPUIPlugin
2025-09-19 09:32:26,841 [INFO] PluginManager:220 - loadIPPluginJar : add dfsdm
2025-09-19 09:32:26,858 [INFO] IPUIPlugin:80 - create IPUIPlugin
2025-09-19 09:32:26,859 [INFO] PluginManager:220 - loadIPPluginJar : add dma
2025-09-19 09:32:26,929 [INFO] IPUIPlugin:80 - create IPUIPlugin
2025-09-19 09:32:26,929 [INFO] PluginManager:220 - loadIPPluginJar : add dma3
2025-09-19 09:32:26,996 [INFO] IPUIPlugin:80 - create IPUIPlugin
2025-09-19 09:32:26,997 [INFO] PluginManager:220 - loadIPPluginJar : add extmemmanager
2025-09-19 09:32:27,027 [INFO] IPUIPlugin:80 - create IPUIPlugin
2025-09-19 09:32:27,027 [INFO] PluginManager:220 - loadIPPluginJar : add fatfs
2025-09-19 09:32:27,082 [INFO] IPUIPlugin:80 - create IPUIPlugin
2025-09-19 09:32:27,082 [INFO] PluginManager:220 - loadIPPluginJar : add fmc
2025-09-19 09:32:27,101 [INFO] IPUIPlugin:80 - create IPUIPlugin
2025-09-19 09:32:27,101 [INFO] PluginManager:220 - loadIPPluginJar : add freertos
2025-09-19 09:32:27,134 [INFO] IPUIPlugin:80 - create IPUIPlugin
2025-09-19 09:32:27,134 [INFO] PluginManager:220 - loadIPPluginJar : add genericplugin
2025-09-19 09:32:27,263 [INFO] IPUIPlugin:80 - create IPUIPlugin
2025-09-19 09:32:27,263 [INFO] PluginManager:220 - loadIPPluginJar : add gfxmmu
2025-09-19 09:32:27,394 [INFO] IPUIPlugin:80 - create IPUIPlugin
2025-09-19 09:32:27,394 [INFO] PluginManager:220 - loadIPPluginJar : add gic
2025-09-19 09:32:27,407 [INFO] IPUIPlugin:80 - create IPUIPlugin
2025-09-19 09:32:27,408 [INFO] PluginManager:220 - loadIPPluginJar : add gpio
2025-09-19 09:32:27,497 [INFO] IPUIPlugin:80 - create IPUIPlugin
2025-09-19 09:32:27,498 [INFO] PluginManager:220 - loadIPPluginJar : add gtzc
2025-09-19 09:32:27,549 [INFO] IPUIPlugin:80 - create IPUIPlugin
2025-09-19 09:32:27,549 [INFO] PluginManager:220 - loadIPPluginJar : add hash
2025-09-19 09:32:27,620 [INFO] IPUIPlugin:80 - create IPUIPlugin
2025-09-19 09:32:27,620 [INFO] PluginManager:220 - loadIPPluginJar : add i2c
2025-09-19 09:32:27,698 [INFO] IPUIPlugin:80 - create IPUIPlugin
2025-09-19 09:32:27,698 [INFO] PluginManager:220 - loadIPPluginJar : add i2s
2025-09-19 09:32:27,762 [INFO] IPUIPlugin:80 - create IPUIPlugin
2025-09-19 09:32:27,763 [INFO] PluginManager:220 - loadIPPluginJar : add i3c
2025-09-19 09:32:27,864 [INFO] IPUIPlugin:80 - create IPUIPlugin
2025-09-19 09:32:27,865 [INFO] PluginManager:220 - loadIPPluginJar : add ipddr
2025-09-19 09:32:27,967 [INFO] IPUIPlugin:80 - create IPUIPlugin
2025-09-19 09:32:27,967 [INFO] PluginManager:220 - loadIPPluginJar : add linkedlist
2025-09-19 09:32:28,040 [INFO] IPUIPlugin:80 - create IPUIPlugin
2025-09-19 09:32:28,040 [INFO] PluginManager:220 - loadIPPluginJar : add lorawan
2025-09-19 09:32:28,099 [INFO] IPUIPlugin:80 - create IPUIPlugin
2025-09-19 09:32:28,099 [INFO] PluginManager:220 - loadIPPluginJar : add ltdc
2025-09-19 09:32:28,120 [INFO] IPUIPlugin:80 - create IPUIPlugin
2025-09-19 09:32:28,121 [INFO] PluginManager:220 - loadIPPluginJar : add mdma
2025-09-19 09:32:28,138 [INFO] IPUIPlugin:80 - create IPUIPlugin
2025-09-19 09:32:28,138 [INFO] PluginManager:220 - loadIPPluginJar : add nvic
2025-09-19 09:32:28,189 [INFO] IPUIPlugin:80 - create IPUIPlugin
2025-09-19 09:32:28,189 [INFO] PluginManager:220 - loadIPPluginJar : add opamp
2025-09-19 09:32:28,260 [INFO] IPUIPlugin:80 - create IPUIPlugin
2025-09-19 09:32:28,260 [INFO] PluginManager:220 - loadIPPluginJar : add openamp
2025-09-19 09:32:28,308 [INFO] IPUIPlugin:80 - create IPUIPlugin
2025-09-19 09:32:28,308 [INFO] PluginManager:220 - loadIPPluginJar : add pdm2pcm
2025-09-19 09:32:28,322 [INFO] IPUIPlugin:80 - create IPUIPlugin
2025-09-19 09:32:28,324 [INFO] PluginManager:220 - loadIPPluginJar : add plateformsettings
2025-09-19 09:32:28,355 [INFO] IPUIPlugin:80 - create IPUIPlugin
2025-09-19 09:32:28,355 [INFO] PluginManager:220 - loadIPPluginJar : add quadspi
2025-09-19 09:32:28,391 [INFO] ThirdPartyUpdaterWithRetryManager:70 - Updater plugin not ready yet. [2/15]
2025-09-19 09:32:28,392 [INFO] IPUIPlugin:80 - create IPUIPlugin
2025-09-19 09:32:28,392 [INFO] PluginManager:220 - loadIPPluginJar : add radio
2025-09-19 09:32:28,410 [INFO] IPUIPlugin:80 - create IPUIPlugin
2025-09-19 09:32:28,410 [INFO] PluginManager:220 - loadIPPluginJar : add resmgrutility
2025-09-19 09:32:28,499 [INFO] IPUIPlugin:80 - create IPUIPlugin
2025-09-19 09:32:28,499 [INFO] PluginManager:220 - loadIPPluginJar : add sai
2025-09-19 09:32:28,543 [INFO] IPUIPlugin:80 - create IPUIPlugin
2025-09-19 09:32:28,543 [INFO] PluginManager:220 - loadIPPluginJar : add spi
2025-09-19 09:32:28,637 [INFO] IPUIPlugin:80 - create IPUIPlugin
2025-09-19 09:32:28,638 [INFO] PluginManager:220 - loadIPPluginJar : add stm32_wpan
2025-09-19 09:32:28,665 [INFO] IPUIPlugin:80 - create IPUIPlugin
2025-09-19 09:32:28,665 [INFO] PluginManager:220 - loadIPPluginJar : add tim
2025-09-19 09:32:28,728 [INFO] IPUIPlugin:80 - create IPUIPlugin
2025-09-19 09:32:28,728 [INFO] PluginManager:220 - loadIPPluginJar : add touchsensing
2025-09-19 09:32:28,758 [INFO] IPUIPlugin:80 - create IPUIPlugin
2025-09-19 09:32:28,758 [INFO] PluginManager:220 - loadIPPluginJar : add tracer_emb
2025-09-19 09:32:28,794 [INFO] IPUIPlugin:80 - create IPUIPlugin
2025-09-19 09:32:28,794 [INFO] PluginManager:220 - loadIPPluginJar : add ts
2025-09-19 09:32:28,824 [INFO] IPUIPlugin:80 - create IPUIPlugin
2025-09-19 09:32:28,824 [INFO] PluginManager:220 - loadIPPluginJar : add tsc
2025-09-19 09:32:28,883 [INFO] IPUIPlugin:80 - create IPUIPlugin
2025-09-19 09:32:28,883 [INFO] PluginManager:220 - loadIPPluginJar : add ucpd
2025-09-19 09:32:28,958 [INFO] IPUIPlugin:80 - create IPUIPlugin
2025-09-19 09:32:28,958 [INFO] PluginManager:220 - loadIPPluginJar : add usart
2025-09-19 09:32:29,030 [INFO] IPUIPlugin:80 - create IPUIPlugin
2025-09-19 09:32:29,031 [INFO] PluginManager:220 - loadIPPluginJar : add usbx
2025-09-19 09:32:29,202 [FATAL] Updater:351 - Updater called before beeing initialized
2025-09-19 09:32:29,274 [INFO] RulesReader:64 - Compatibility file has been processed (317 Rules)
2025-09-19 09:32:29,297 [INFO] RulesReader:64 - Compatibility file has been processed (317 Rules)
2025-09-19 09:32:29,341 [INFO] CADModel:165 - CPN selected for project level
2025-09-19 09:32:29,341 [INFO] CADModel:114 - Register for checkConnection events
2025-09-19 09:32:29,342 [FATAL] Updater:351 - Updater called before beeing initialized
2025-09-19 09:32:29,342 [ERROR] CADModel:125 - Updater not yet initialized, retry later 
2025-09-19 09:32:29,669 [FATAL] Updater:351 - Updater called before beeing initialized
2025-09-19 09:32:29,675 [INFO] CADModel:165 - CPN selected for project level
2025-09-19 09:32:29,675 [INFO] CADModel:114 - Register for checkConnection events
2025-09-19 09:32:29,675 [FATAL] Updater:351 - Updater called before beeing initialized
2025-09-19 09:32:29,675 [ERROR] CADModel:125 - Updater not yet initialized, retry later 
2025-09-19 09:32:29,682 [FATAL] Updater:351 - Updater called before beeing initialized
2025-09-19 09:32:29,935 [FATAL] Updater:351 - Updater called before beeing initialized
2025-09-19 09:32:29,956 [INFO] DbMcusAds:53 - JSON generation date=Tue Jul 08 13:44:27 IST 2025 (1751962467633)
2025-09-19 09:32:29,956 [FATAL] Updater:351 - Updater called before beeing initialized
2025-09-19 09:32:30,017 [WARN] DetailPanel:346 - Failed to get advertising image, set to default
2025-09-19 09:32:30,170 [FATAL] Updater:351 - Updater called before beeing initialized
2025-09-19 09:32:30,174 [FATAL] Updater:351 - Updater called before beeing initialized
2025-09-19 09:32:30,175 [FATAL] Updater:351 - Updater called before beeing initialized
2025-09-19 09:32:30,176 [WARN] DetailPanel:346 - Failed to get advertising image, set to default
2025-09-19 09:32:30,178 [FATAL] Updater:351 - Updater called before beeing initialized
2025-09-19 09:32:30,287 [ERROR] Updater:1198 - MainUpdater not yet initialized. External WinMGr cannot be set.
2025-09-19 09:32:30,305 [INFO] Updater:1134 - Updater Version found : 6.15.0
2025-09-19 09:32:30,334 [INFO] ApplicationProperties:184 - Using Application install path: C:\ST\STM32CubeIDE_1.16.0\STM32CubeIDE\plugins\com.st.stm32cube.common.mx_6.15.0.202507011659
2025-09-19 09:32:31,392 [INFO] ThirdPartyUpdaterWithRetryManager:70 - Updater plugin not ready yet. [3/15]
2025-09-19 09:32:31,946 [ERROR] LogOutputStream:75 - [STDERR_REDIRECT] Sep 19, 2025 9:32:31 AM java.util.prefs.WindowsPreferences <init>
2025-09-19 09:32:31,949 [ERROR] LogOutputStream:75 - [STDERR_REDIRECT] WARNING: Could not open/create prefs root node Software\JavaSoft\Prefs at root 0xffffffff80000002. Windows RegCreateKeyEx(...) returned error code 5.
2025-09-19 09:32:31,949 [ERROR] LogOutputStream:75 - [STDERR_REDIRECT] 
2025-09-19 09:32:32,902 [INFO] MainUpdater:2872 - connection check result : 10
2025-09-19 09:32:32,903 [INFO] MainUpdater:289 - Updater Check For Update Now.
2025-09-19 09:32:32,904 [INFO] MicroXplorer:498 - Change Database Version : DB.6.0.150
2025-09-19 09:32:32,943 [INFO] McuFinderGlobals:63 - Set McuFinder mode to 2 (CubeIDE integrated)
2025-09-19 09:32:32,965 [INFO] UserAuth:487 - Internet connection configuration mode: 1
2025-09-19 09:32:33,068 [INFO] JxBrowserEngine:152 - Initiate JxBrowser Engine with user profile folder
2025-09-19 09:32:33,218 [INFO] CheckServerUpdateThread:120 - End of CheckServer Thread
2025-09-19 09:32:35,005 [WARN] PackLoader:240 - Cannot read IP mode file for STMicroelectronics.FP-SNS-MOTENVWB1.1.4.0
2025-09-19 09:32:35,043 [WARN] PackLoader:240 - Cannot read IP mode file for STMicroelectronics.X-CUBE-SMBUS.2.1.0
2025-09-19 09:32:35,089 [WARN] PackLoader:240 - Cannot read IP mode file for STMicroelectronics.X-CUBE-WB05N.1.1.0
2025-09-19 09:32:35,123 [WARN] PackLoader:240 - Cannot read IP mode file for STMicroelectronics.X-CUBE-ST60.1.0.0
2025-09-19 09:32:35,236 [WARN] PackLoader:240 - Cannot read IP mode file for STMicroelectronics.X-CUBE-AZRTOS-F7.1.1.0
2025-09-19 09:32:35,343 [WARN] PackLoader:240 - Cannot read IP mode file for STMicroelectronics.X-CUBE-MEMS1.11.0.0
2025-09-19 09:32:35,544 [WARN] PackLoader:240 - Cannot read IP mode file for STMicroelectronics.FP-SNS-FLIGHT1.5.0.2
2025-09-19 09:32:35,594 [WARN] PackLoader:240 - Cannot read IP mode file for STMicroelectronics.X-CUBE-AZRTOS-H7.3.4.0
2025-09-19 09:32:35,631 [WARN] PackLoader:240 - Cannot read IP mode file for STMicroelectronics.X-CUBE-DISPLAY.3.0.0
2025-09-19 09:32:35,658 [WARN] PackLoader:240 - Cannot read IP mode file for STMicroelectronics.X-CUBE-BLE1.7.0.0
2025-09-19 09:32:35,685 [WARN] PackLoader:240 - Cannot read IP mode file for STMicroelectronics.X-CUBE-NFC10.1.0.0
2025-09-19 09:32:35,715 [WARN] PackLoader:240 - Cannot read IP mode file for STMicroelectronics.X-CUBE-BLEMGR.4.0.0
2025-09-19 09:32:35,745 [WARN] PackLoader:240 - Cannot read IP mode file for emotas.I-CUBE-CANOPEN.1.3.0
2025-09-19 09:32:35,772 [WARN] PackLoader:240 - Cannot read IP mode file for STMicroelectronics.X-CUBE-BLEMGR.3.1.0
2025-09-19 09:32:35,812 [WARN] PackLoader:240 - Cannot read IP mode file for STMicroelectronics.FP-SNS-STBOX1.2.1.0
2025-09-19 09:32:35,845 [WARN] PackLoader:240 - Cannot read IP mode file for STMicroelectronics.FP-SNS-SMARTAG2.1.2.0
2025-09-19 09:32:35,868 [WARN] PackLoader:240 - Cannot read IP mode file for STMicroelectronics.FP-SNS-FLIGHT1.5.1.0
2025-09-19 09:32:35,901 [INFO] LogOutputStream:77 - [STDOUT_REDIRECT] 1 : Invalid condition id : UX_CORESTACK_Condition cause : null
2025-09-19 09:32:35,903 [INFO] LogOutputStream:77 - [STDOUT_REDIRECT] 1 : Invalid condition id : UX_CORESTACK_Condition cause : null
2025-09-19 09:32:35,905 [INFO] LogOutputStream:77 - [STDOUT_REDIRECT] 1 : Invalid condition id : UX_CORESTACK_Condition cause : null
2025-09-19 09:32:35,907 [INFO] LogOutputStream:77 - [STDOUT_REDIRECT] 1 : Invalid condition id : UX_CORESTACK_Condition cause : null
2025-09-19 09:32:35,910 [INFO] LogOutputStream:77 - [STDOUT_REDIRECT] 1 : Invalid condition id : UX_CORESTACK_Condition cause : null
2025-09-19 09:32:35,913 [WARN] PackLoader:240 - Cannot read IP mode file for STMicroelectronics.X-CUBE-AZRTOS-WL.2.0.0
2025-09-19 09:32:35,938 [WARN] PackLoader:240 - Cannot read IP mode file for STMicroelectronics.FP-SNS-MOTENV1.5.0.0
2025-09-19 09:32:35,978 [WARN] PackLoader:240 - Cannot read IP mode file for wolfSSL.I-CUBE-wolfMQTT.1.19.0
2025-09-19 09:32:36,028 [WARN] PackLoader:240 - Cannot read IP mode file for WES.I-CUBE-Cesium.1.3.0
2025-09-19 09:32:36,071 [WARN] PackLoader:240 - Cannot read IP mode file for STMicroelectronics.X-CUBE-BLE2.3.3.0
2025-09-19 09:32:36,102 [WARN] PackLoader:240 - Cannot read IP mode file for STMicroelectronics.X-CUBE-NFC9.1.0.0
2025-09-19 09:32:36,131 [WARN] PackLoader:240 - Cannot read IP mode file for STMicroelectronics.X-CUBE-BLE1.7.1.0
2025-09-19 09:32:36,157 [WARN] PackLoader:240 - Cannot read IP mode file for STMicroelectronics.X-CUBE-TCPP.4.1.0
2025-09-19 09:32:36,186 [WARN] PackLoader:240 - Cannot read IP mode file for STMicroelectronics.X-CUBE-EEPRMA1.5.2.0
2025-09-19 09:32:36,216 [WARN] PackLoader:240 - Cannot read IP mode file for STMicroelectronics.X-CUBE-AI.10.1.0
2025-09-19 09:32:36,262 [WARN] PackLoader:240 - Cannot read IP mode file for STMicroelectronics.X-CUBE-AZRTOS-G0.1.1.0
2025-09-19 09:32:36,288 [WARN] PackLoader:240 - Cannot read IP mode file for STMicroelectronics.X-CUBE-SAFEA1.1.2.2
2025-09-19 09:32:36,318 [WARN] PackLoader:240 - Cannot read IP mode file for STMicroelectronics.X-CUBE-NFC4.3.0.0
2025-09-19 09:32:36,349 [WARN] PackLoader:240 - Cannot read IP mode file for EmbeddedOffice.I-CUBE-FS-RTOS.1.0.1
2025-09-19 09:32:36,371 [WARN] PackLoader:240 - Cannot read IP mode file for STMicroelectronics.X-CUBE-WB05N.2.0.0
2025-09-19 09:32:36,414 [WARN] PackLoader:240 - Cannot read IP mode file for STMicroelectronics.X-CUBE-TCPP.4.2.0
2025-09-19 09:32:36,443 [WARN] PackLoader:240 - Cannot read IP mode file for RealThread.X-CUBE-RT-Thread_Nano.4.1.1
2025-09-19 09:32:36,481 [WARN] PackLoader:240 - Cannot read IP mode file for wolfSSL.I-CUBE-wolfSSL.5.7.0
2025-09-19 09:32:36,517 [WARN] PackLoader:240 - Cannot read IP mode file for STMicroelectronics.FP-ATR-SIGFOX1.3.2.0
2025-09-19 09:32:36,543 [WARN] ConditionMgr:438 - getConditionDescription Invalid condition id : Cortex-A Device cause : null
2025-09-19 09:32:36,587 [WARN] ConditionMgr:1044 - genDependencies : Invalid condition id : Cortex-A Device cause : null
2025-09-19 09:32:36,588 [WARN] ConditionMgr:1044 - genDependencies : Invalid condition id : Cortex-A Device cause : null
2025-09-19 09:32:36,588 [WARN] ConditionMgr:1044 - genDependencies : Invalid condition id : Cortex-A Device cause : null
2025-09-19 09:32:36,611 [WARN] PackLoader:240 - Cannot read IP mode file for STMicroelectronics.X-CUBE-EEPRMA1.5.1.0
2025-09-19 09:32:36,639 [WARN] PackLoader:240 - Cannot read IP mode file for ITTIA_DB.I-CUBE-ITTIADB.8.9.0
2025-09-19 09:32:36,675 [WARN] PackLoader:240 - Cannot read IP mode file for STMicroelectronics.X-CUBE-ST67W61.1.0.0
2025-09-19 09:32:36,704 [WARN] PackLoader:240 - Cannot read IP mode file for STMicroelectronics.X-CUBE-AI.10.2.0
2025-09-19 09:32:36,753 [WARN] PackLoader:240 - Cannot read IP mode file for SEGGER.I-CUBE-embOS.1.3.1
2025-09-19 09:32:36,823 [WARN] PackLoader:240 - Cannot read IP mode file for STMicroelectronics.X-CUBE-ALGOBUILD.1.4.0
2025-09-19 09:32:36,916 [WARN] PackLoader:240 - Cannot read IP mode file for STMicroelectronics.X-CUBE-MEMS1.11.3.0
2025-09-19 09:32:37,124 [INFO] WebApp:169 - Instantiating new browser for Auth
2025-09-19 09:32:37,156 [WARN] PackLoader:240 - Cannot read IP mode file for STMicroelectronics.X-CUBE-AI.9.1.0
2025-09-19 09:32:37,190 [WARN] PackLoader:240 - Cannot read IP mode file for STMicroelectronics.X-CUBE-PM33A1.1.0.0
2025-09-19 09:32:37,259 [WARN] PackLoader:240 - Cannot read IP mode file for STMicroelectronics.X-CUBE-GNSS1.6.0.0
2025-09-19 09:32:37,326 [WARN] PackLoader:240 - Cannot read IP mode file for STMicroelectronics.X-CUBE-AZRTOS-F4.1.1.0
2025-09-19 09:32:37,360 [WARN] PackLoader:240 - Cannot read IP mode file for Avnet-IotConnect.X-CUBE-IoTC-DA16k-PMOD.1.0.0
2025-09-19 09:32:37,385 [WARN] PackLoader:240 - Cannot read IP mode file for STMicroelectronics.X-CUBE-ISPU.2.1.0
2025-09-19 09:32:37,413 [WARN] PackLoader:240 - Cannot read IP mode file for STMicroelectronics.X-CUBE-FREERTOS.1.2.0
2025-09-19 09:32:37,450 [WARN] PackLoader:240 - Cannot read IP mode file for STMicroelectronics.X-CUBE-NFC12.1.0.0
2025-09-19 09:32:37,498 [WARN] PackLoader:240 - Cannot read IP mode file for STMicroelectronics.X-CUBE-AZRTOS-L5.2.0.0
2025-09-19 09:32:37,542 [WARN] PackLoader:240 - Cannot read IP mode file for STMicroelectronics.X-CUBE-NFC6.3.1.0
2025-09-19 09:32:37,576 [WARN] PackLoader:240 - Cannot read IP mode file for STMicroelectronics.X-CUBE-DPower.1.2.0
2025-09-19 09:32:37,600 [WARN] PackLoader:240 - Cannot read IP mode file for STMicroelectronics.X-CUBE-AI.9.0.0
2025-09-19 09:32:37,624 [WARN] PackLoader:240 - Cannot read IP mode file for STMicroelectronics.X-CUBE-FREERTOS.1.3.1
2025-09-19 09:32:37,648 [WARN] PackLoader:240 - Cannot read IP mode file for STMicroelectronics.X-CUBE-NFC7.1.0.1
2025-09-19 09:32:37,672 [WARN] PackLoader:240 - Cannot read IP mode file for wolfSSL.I-CUBE-wolfTPM.3.2.0
2025-09-19 09:32:37,698 [WARN] PackLoader:240 - Cannot read IP mode file for STMicroelectronics.FP-SNS-STAIOTCFT.1.0.0
2025-09-19 09:32:37,723 [WARN] PackLoader:240 - Cannot read IP mode file for STMicroelectronics.X-CUBE-DPower.1.3.0
2025-09-19 09:32:37,777 [WARN] ConditionMgr:438 - getConditionDescription Invalid condition id : LAN8742 Phy interface Condition cause : null
2025-09-19 09:32:37,777 [WARN] PackLoader:240 - Cannot read IP mode file for STMicroelectronics.X-CUBE-AZRTOS-L4.2.0.0
2025-09-19 09:32:37,779 [WARN] ConditionMgr:1044 - genDependencies : Invalid condition id : LAN8742 Phy interface Condition cause : null
2025-09-19 09:32:37,779 [WARN] ConditionMgr:1044 - genDependencies : Invalid condition id : LAN8742 Phy interface Condition cause : null
2025-09-19 09:32:37,779 [WARN] ConditionMgr:1044 - genDependencies : Invalid condition id : LAN8742 Phy interface Condition cause : null
2025-09-19 09:32:37,806 [WARN] PackLoader:240 - Cannot read IP mode file for STMicroelectronics.X-CUBE-SFXS2LP1.4.0.0
2025-09-19 09:32:37,849 [WARN] PackLoader:240 - Cannot read IP mode file for STMicroelectronics.X-CUBE-AZRTOS-H7.3.3.0
2025-09-19 09:32:37,880 [WARN] PackLoader:240 - Cannot read IP mode file for STMicroelectronics.X-CUBE-BLEMGR.4.1.0
2025-09-19 09:32:37,916 [WARN] PackLoader:240 - Cannot read IP mode file for STMicroelectronics.X-CUBE-IPS.3.0.0
2025-09-19 09:32:37,958 [WARN] ConditionMgr:438 - getConditionDescription Invalid condition id : UX DEVICE CLASS RTOS Condition cause : null
2025-09-19 09:32:37,959 [WARN] ConditionMgr:438 - getConditionDescription Invalid condition id : UX DEVICE CLASS RTOS Condition cause : null
2025-09-19 09:32:37,962 [WARN] PackLoader:240 - Cannot read IP mode file for STMicroelectronics.X-CUBE-AZRTOS-WB.2.0.0
2025-09-19 09:32:37,963 [WARN] ConditionMgr:1044 - genDependencies : Invalid condition id : UX DEVICE CLASS RTOS Condition cause : null
2025-09-19 09:32:37,963 [WARN] ConditionMgr:1044 - genDependencies : Invalid condition id : UX DEVICE CLASS RTOS Condition cause : null
2025-09-19 09:32:37,964 [WARN] ConditionMgr:1044 - genDependencies : Invalid condition id : UX DEVICE CLASS RTOS Condition cause : null
2025-09-19 09:32:37,964 [WARN] ConditionMgr:1044 - genDependencies : Invalid condition id : UX DEVICE CLASS RTOS Condition cause : null
2025-09-19 09:32:37,964 [WARN] ConditionMgr:1044 - genDependencies : Invalid condition id : UX DEVICE CLASS RTOS Condition cause : null
2025-09-19 09:32:37,984 [WARN] PackLoader:240 - Cannot read IP mode file for STMicroelectronics.X-CUBE-GNSS1.7.0.0
2025-09-19 09:32:38,004 [WARN] PackLoader:240 - Cannot read IP mode file for STMicroelectronics.X-CUBE-GNSS1.7.0.1
2025-09-19 09:32:38,026 [WARN] PackLoader:240 - Cannot read IP mode file for STMicroelectronics.X-CUBE-TOUCHGFX.4.25.0
2025-09-19 09:32:38,051 [WARN] PackLoader:240 - Cannot read IP mode file for STMicroelectronics.FP-SNS-STBOX1.2.0.0
2025-09-19 09:32:38,080 [WARN] PackLoader:240 - Cannot read IP mode file for STMicroelectronics.X-CUBE-SUBG2.5.0.0
2025-09-19 09:32:38,125 [WARN] PackLoader:240 - Cannot read IP mode file for STMicroelectronics.X-CUBE-AZRTOS-H7RS.1.1.0
2025-09-19 09:32:38,151 [WARN] PackLoader:240 - Cannot read IP mode file for Cesanta.I-CUBE-Mongoose.7.13.0
2025-09-19 09:32:38,183 [WARN] PackLoader:240 - Cannot read IP mode file for STMicroelectronics.X-CUBE-AZRTOS-G4.2.0.0
2025-09-19 09:32:38,205 [WARN] PackLoader:240 - Cannot read IP mode file for STMicroelectronics.X-CUBE-NFC7.2.0.0
2025-09-19 09:32:38,227 [WARN] PackLoader:240 - Cannot read IP mode file for STMicroelectronics.X-CUBE-ISPU.2.0.0
2025-09-19 09:32:38,258 [WARN] PackLoader:240 - Cannot read IP mode file for STMicroelectronics.X-CUBE-IPS.3.1.0
2025-09-19 09:32:38,289 [WARN] PackLoader:240 - Cannot read IP mode file for STMicroelectronics.X-CUBE-ALS.1.0.2
2025-09-19 09:32:38,365 [WARN] PackLoader:240 - Cannot read IP mode file for STMicroelectronics.X-CUBE-MEMS1.10.0.0
2025-09-19 09:32:38,490 [WARN] PackLoader:240 - Cannot read IP mode file for STMicroelectronics.X-CUBE-TOUCHGFX.4.24.0
2025-09-19 09:32:38,519 [WARN] PackLoader:240 - Cannot read IP mode file for STMicroelectronics.X-CUBE-TOUCHGFX.4.24.1
2025-09-19 09:32:38,545 [WARN] PackLoader:240 - Cannot read IP mode file for STMicroelectronics.X-CUBE-STSE01.1.0.0
2025-09-19 09:32:38,571 [WARN] PackLoader:240 - Cannot read IP mode file for portGmbH.I-Cube-SoM-uGOAL.1.1.0
2025-09-19 09:32:38,615 [WARN] PackLoader:240 - Cannot read IP mode file for STMicroelectronics.X-CUBE-AZRTOS-H7RS.1.0.0
2025-09-19 09:32:38,762 [WARN] PackLoader:240 - Cannot read IP mode file for STMicroelectronics.FP-ATR-ASTRA1.2.0.0
2025-09-19 09:32:38,795 [WARN] PackLoader:240 - Cannot read IP mode file for STMicroelectronics.X-CUBE-TOF1.3.4.2
2025-09-19 09:32:38,840 [WARN] PackLoader:240 - Cannot read IP mode file for STMicroelectronics.X-CUBE-TOF1.3.4.3
2025-09-19 09:32:38,891 [WARN] PackLoader:240 - Cannot read IP mode file for STMicroelectronics.X-CUBE-TOF1.3.4.1
2025-09-19 09:32:38,955 [WARN] PackLoader:240 - Cannot read IP mode file for STMicroelectronics.X-CUBE-AZRTOS-H7.3.2.0
2025-09-19 09:32:38,994 [WARN] PackLoader:240 - Cannot read IP mode file for Infineon.AIROC-Wi-Fi-Bluetooth-STM32.1.6.0
2025-09-19 09:32:39,017 [WARN] PackLoader:240 - Cannot read IP mode file for wolfSSL.I-CUBE-wolfSSH.1.4.17
2025-09-19 09:32:39,018 [INFO] ThirdParty:978 - Integrity check success = true
2025-09-19 09:32:39,018 [INFO] IntegrityCheckThread:100 - exiting critical section [integrity check]
2025-09-19 09:32:39,018 [INFO] IntegrityCheckThread:103 - End integrity checks thread
2025-09-19 09:32:39,097 [INFO] WebApp:463 - Apply proxy settings
2025-09-19 09:32:39,098 [INFO] WebApp:548 - Chromium requires no authentication
2025-09-19 09:32:39,114 [INFO] WebApp:491 - Direct internet connection detected
2025-09-19 09:32:39,151 [INFO] WebApp:900 - Register for checkConnection events
2025-09-19 09:32:39,152 [INFO] WebApp:463 - Apply proxy settings
2025-09-19 09:32:39,152 [INFO] WebApp:548 - Chromium requires no authentication
2025-09-19 09:32:39,153 [INFO] WebApp:491 - Direct internet connection detected
2025-09-19 09:32:39,509 [INFO] WebApp:225 - Starting web application
2025-09-19 09:32:39,510 [INFO] WebApp:593 - Web application path used C:\ST\STM32CubeIDE_1.16.0\STM32CubeIDE\plugins\com.st.stm32cube.common.mx_6.15.0.202507011659\db\plugins\mcufinder\reactClient1\index.html
2025-09-19 09:32:39,562 [INFO] WebApp:191 - Connection restablished
2025-09-19 09:32:39,829 [INFO] UserAuth:487 - Internet connection configuration mode: 1
2025-09-19 09:33:02,348 [INFO] McuFinderGlobals:63 - Set McuFinder mode to 2 (CubeIDE integrated)
2025-09-19 09:33:02,390 [INFO] MainUpdater:2872 - connection check result : 10
2025-09-19 09:33:03,925 [INFO] ApiDb:581 - Connected to CubeFinder SQLite database (C:\Users\nisha\.stmcufinder\plugins\mcufinder\mcu\cube-finder-db.db)
2025-09-19 09:33:04,145 [INFO] ApiDb:668 - CubeFinder database Data Model version=2.1
2025-09-19 09:33:04,146 [INFO] ApiDb:669 - CubeFinder database Configuration version=3.0.39
2025-09-19 09:33:04,147 [INFO] ApiDb:670 - CubeFinder database generation date=2025-08-25 (1756130511)
2025-09-19 09:33:04,147 [INFO] ApiDb:671 - CubeFinder database FW Pack versions=[FP-ATR-ASTRA1_V2.0.0, FP-SNS-FLIGHT1_V5.1.0, FP-SNS-MOTENV1_V5.0.0, FP-SNS-MOTENVWB1_V1.4.0, FP-SNS-SMARTAG2_V1.2.0, FP-SNS-STBOX1_V2.1.0, STM32Cube_FW_C0_V1.4.0, STM32Cube_FW_F4_V1.28.3, STM32Cube_FW_F7_V1.17.4, STM32Cube_FW_G0_V1.6.2, STM32Cube_FW_G4_V1.6.1, STM32Cube_FW_H5_V1.5.0, STM32Cube_FW_H7RS_V1.2.0, STM32Cube_FW_H7_V1.12.1, STM32Cube_FW_L0_V1.12.2, STM32Cube_FW_L4_V1.18.1, STM32Cube_FW_L5_V1.5.1, STM32Cube_FW_N6_V1.2.0, STM32Cube_FW_U0_V1.3.0, STM32Cube_FW_U3_V1.2.0, STM32Cube_FW_U5_V1.8.0, STM32Cube_FW_WB0_V1.3.0, STM32Cube_FW_WBA_V1.7.0, STM32Cube_FW_WB_V1.23.0, STM32Cube_FW_WL3_V1.2.0, STM32Cube_FW_WL_V1.3.1, X-CUBE-ALGOBUILD_V1.4.0, X-CUBE-ALS_V1.0.2, X-CUBE-AZRTOS-F4_V1.1.0, X-CUBE-AZRTOS-F7_V1.1.0, X-CUBE-AZRTOS-G0_V1.1.0, X-CUBE-AZRTOS-G4_V2.0.0, X-CUBE-AZRTOS-H7RS_V1.1.0, X-CUBE-AZRTOS-H7_V3.4.0, X-CUBE-AZRTOS-L4_V2.0.0, X-CUBE-AZRTOS-L5_V2.0.0, X-CUBE-AZRTOS-WB_V2.0.0, X-CUBE-AZRTOS-WL_V2.0.0, X-CUBE-BLE1_V7.1.0, X-CUBE-BLE2_V3.3.0, X-CUBE-BLEMGR_V4.1.0, X-CUBE-EEPRMA1_V5.2.0, X-CUBE-FREERTOS_V1.3.1, X-CUBE-GNSS1_V6.0.0, X-CUBE-MEMS1_V11.3.0, X-CUBE-NFC4_V3.0.0, X-CUBE-NFC7_V2.0.0, X-CUBE-SFXS2LP1_V4.0.0, X-CUBE-ST67W61_V1.0.0, X-CUBE-SUBG2_V5.0.0, X-CUBE-TOF1_V3.4.3]
2025-09-19 09:33:08,655 [INFO] ApiDb:240 - Found 880 in-development CPN: [B-G473E-ZEST1S, B-WB1M-WPAN1, B-WBA5M-WPAN, B-WL5M-SUBG1, NUCLEO-C031C6, NUCLEO-C051C8, NUCLEO-C071RB, NUCLEO-C092RC, NUCLEO-H503RB, NUCLEO-H533RE, NUCLEO-H563ZI, NUCLEO-H7S3L8, NUCLEO-N657X0-Q, NUCLEO-U031R8, NUCLEO-U083RC, NUCLEO-U385RG-Q, NUCLEO-U545RE-Q, NUCLEO-U5A5ZJ-Q, NUCLEO-WB05KZ, NUCLEO-WB07CC, NUCLEO-WB09KE, NUCLEO-WBA52CG, NUCLEO-WBA55CG, NUCLEO-WL33CC1, NUCLEO-WL33CC2, STEVAL-PROTEUS1, STEVAL-SMARTAG2, STEVAL-STWINBX1, STM320518-EVAL, STM32C0116-DK, STM32C011D6Y3TR, STM32C011D6Y6TR, STM32C011F4P3, STM32C011F4P6, STM32C011F4U3, STM32C011F4U6TR, STM32C011F6P3, STM32C011F6P6, STM32C011F6U3, STM32C011F6U6TR, STM32C011J4M3, STM32C011J4M6, STM32C011J6M3, STM32C011J6M6, STM32C0316-DK, STM32C031C4T3, STM32C031C4T6, STM32C031C4U3, STM32C031C4U6, STM32C031C6T3, STM32C031C6T6, STM32C031C6U3, STM32C031C6U6, STM32C031F4P3, STM32C031F4P6, STM32C031F6P3, STM32C031F6P6, STM32C031G4U3, STM32C031G4U6, STM32C031G6U3, STM32C031G6U6, STM32C031K4T3, STM32C031K4T6, STM32C031K4U3, STM32C031K4U6, STM32C031K6T3, STM32C031K6T6, STM32C031K6U3, STM32C031K6U6, STM32C051C6T6, STM32C051C6U6, STM32C051C8T6, STM32C051C8U6, STM32C051D8Y6TR, STM32C051F6P6, STM32C051F8P6, STM32C051G6U6, STM32C051G8U6, STM32C051K6T6, STM32C051K6U6, STM32C051K8T6, STM32C071C8T6, STM32C071C8T6N, STM32C071C8U6, STM32C071C8U6N, STM32C071CBT6, STM32C071CBT6N, STM32C071CBU6, STM32C071CBU6N, STM32C071F8P6, STM32C071F8P6N, STM32C071FBP6, STM32C071FBP6N, STM32C071FBY6TR, STM32C071G8U6, STM32C071G8U6N, STM32C071GBU6, STM32C071GBU6N, STM32C071K8T6, STM32C071K8T6N, STM32C071K8U6, STM32C071K8U6N, STM32C071KBT6, STM32C071KBT6N, STM32C071KBU6, STM32C071KBU6N, STM32C071R8T6, STM32C071R8T6N, STM32C071RBI6N, STM32C071RBT6, STM32C071RBT6N, STM32C091CBT6, STM32C091CBU6, STM32C091CCT6, STM32C091CCU6, STM32C091ECY6TR, STM32C091FBP6, STM32C091FCP6, STM32C091GBU6, STM32C091GCU6, STM32C091KBT6, STM32C091KBU6, STM32C091KCT6, STM32C091KCU6, STM32C091RBT6, STM32C091RCI6, STM32C091RCT6, STM32C092CBT6, STM32C092CBU6, STM32C092CCT6, STM32C092CCU6, STM32C092ECY6TR, STM32C092FBP6, STM32C092FCP6, STM32C092GBU6, STM32C092GCU6, STM32C092KBT6, STM32C092KBU6, STM32C092KCT6, STM32C092KCU6, STM32C092RBT6, STM32C092RCI6, STM32C092RCT6, STM32G071K8TXN, STM32G071K8UXN, STM32G081GBU6N, STM32G081KBT6N, STM32G081KBUXN, STM32G0B1CCT6N, STM32G0B1KCT6, STM32G0B1NEY6TR, STM32G0B1RCT6N, STM32G0C1CCT6, STM32G0C1CCT6N, STM32G0C1CCU6N, STM32G0C1CET6N, STM32G0C1CEU6N, STM32G0C1KCT6, STM32G0C1NEY6TR, STM32G0C1RCI6N, STM32G0C1RCT6N, STM32G0C1REI6N, STM32G0C1RET6N, STM32G0C1VCI6, STM32G0C1VEI6, STM32G411C6T3, STM32G411C6T6, STM32G411C6U3, STM32G411C6U6, STM32G411C8T3, STM32G411C8T6, STM32G411C8U3, STM32G411C8U6, STM32G411CBT3, STM32G411CBT6, STM32G411CBU3, STM32G411CBU6, STM32G411K6T3, STM32G411K6T6, STM32G411K6U3, STM32G411K6U6, STM32G411K8T3, STM32G411K8T6, STM32G411K8U3, STM32G411K8U6, STM32G411KBT3, STM32G411KBT6, STM32G411KBU3, STM32G411KBU6, STM32G411M6T3, STM32G411M6T6, STM32G411M8T3, STM32G411M8T6, STM32G411MBT3, STM32G411MBT6, STM32G411R6T3, STM32G411R6T6, STM32G411R8T3, STM32G411R8T6, STM32G411RBT3, STM32G411RBT6, STM32G414CBT3, STM32G414CBT6, STM32G414CBU3, STM32G414CBU6, STM32G414CCT3, STM32G414CCT6, STM32G414CCU3, STM32G414CCU6, STM32G414MBT3, STM32G414MBT6, STM32G414MCT3, STM32G414MCT6, STM32G414RBT3, STM32G414RBT6, STM32G414RCT3, STM32G414RCT6, STM32G414VBT3, STM32G414VBT6, STM32G414VCT3, STM32G414VCT6, STM32G431CBT3Z, STM32G431RBT3Z, STM32G471CCT6, STM32G471CCU6, STM32G471CET3, STM32G471CET6, STM32G471CEU3, STM32G471CEU6, STM32G471MCT6, STM32G471MET3, STM32G471MET6, STM32G471MEY6TR, STM32G471QCT6, STM32G471QET3, STM32G471RCT6, STM32G471RET3, STM32G471RET6, STM32G471VCH6, STM32G471VCI6, STM32G471VCT6, STM32G471VEH3, STM32G471VEH6, STM32G471VEI3, STM32G471VEI6, STM32G471VET3, STM32G471VET6, STM32G473QET3Z, STM32G473RET3Z, STM32G474CCT6, STM32G491RET3Z, STM32H503CBT6, STM32H503CBU6, STM32H503EBY6TR, STM32H503KBU6, STM32H503RBT6, STM32H523CCT6, STM32H523CCU6, STM32H523CET6, STM32H523CEU6, STM32H523HEY6TR, STM32H523RCT6, STM32H523RET6, STM32H523VCI6, STM32H523VCT6, STM32H523VEI6, STM32H523VET6, STM32H523ZCJ6, STM32H523ZCT6, STM32H523ZEJ6, STM32H523ZET6, STM32H533CET6, STM32H533CEU6, STM32H533HEY6TR, STM32H533RET6, STM32H533VEI6, STM32H533VET6, STM32H533ZEJ6, STM32H533ZET6, STM32H562AGI6, STM32H562AII6, STM32H562IGK6, STM32H562IGT6, STM32H562IIK6, STM32H562IIT6, STM32H562RGT6, STM32H562RGV6, STM32H562RIT6, STM32H562RIV6, STM32H562VGT6, STM32H562VIT6, STM32H562ZGT6, STM32H562ZIT6, STM32H563AGI6, STM32H563AII3Q, STM32H563AII6, STM32H563IGK6, STM32H563IGT6, STM32H563IIK3Q, STM32H563IIK6, STM32H563IIT3Q, STM32H563IIT6, STM32H563MIY3QTR, STM32H563RGT6, STM32H563RGV6, STM32H563RIT6, STM32H563RIV6, STM32H563VGT6, STM32H563VIT3Q, STM32H563VIT6, STM32H563ZGT6, STM32H563ZIT3Q, STM32H563ZIT6, STM32H573AII3Q, STM32H573AII6, STM32H573I-DK, STM32H573IIK3Q, STM32H573IIK6, STM32H573IIT3Q, STM32H573IIT6, STM32H573MIY3QTR, STM32H573RIT6, STM32H573RIV6, STM32H573VIT3Q, STM32H573VIT6, STM32H573ZIT3Q, STM32H573ZIT6, STM32H7R3A8I6, STM32H7R3I8K6, STM32H7R3I8T6, STM32H7R3L8H6, STM32H7R3L8H6H, STM32H7R3R8V6, STM32H7R3V8H6, STM32H7R3V8T6, STM32H7R3V8Y6TR, STM32H7R3Z8J6, STM32H7R3Z8T6, STM32H7R7A8I6, STM32H7R7I8K6, STM32H7R7I8T6, STM32H7R7L8H6, STM32H7R7L8H6H, STM32H7R7Z8J6, STM32H7S3A8I6, STM32H7S3I8K6, STM32H7S3I8T6, STM32H7S3L8H6, STM32H7S3L8H6H, STM32H7S3R8V6, STM32H7S3V8H6, STM32H7S3V8T6, STM32H7S3V8Y6TR, STM32H7S3Z8J6, STM32H7S3Z8T6, STM32H7S78-DK, STM32H7S7A8I6, STM32H7S7I8K6, STM32H7S7I8T6, STM32H7S7L8H6, STM32H7S7L8H6H, STM32H7S7Z8J6, STM32L4R5QGI6STR, STM32MP131AAE3, STM32MP131AAF3, STM32MP131AAG3, STM32MP131CAE3, STM32MP131CAF3, STM32MP131CAG3, STM32MP131DAE7, STM32MP131DAF7, STM32MP131DAG7, STM32MP131FAE7, STM32MP131FAF7, STM32MP131FAG7, STM32MP133AAE3, STM32MP133AAF3, STM32MP133AAG3, STM32MP133CAE3, STM32MP133CAF3, STM32MP133CAG3, STM32MP133DAE7, STM32MP133DAF7, STM32MP133DAG7, STM32MP133FAE7, STM32MP133FAF7, STM32MP133FAG7, STM32MP135AAE3, STM32MP135AAF3, STM32MP135AAG3, STM32MP135CAE3, STM32MP135CAF3, STM32MP135CAG3, STM32MP135DAE7, STM32MP135DAF7, STM32MP135DAG7, STM32MP135F-DK, STM32MP135FAE7, STM32MP135FAF7, STM32MP135FAF7T, STM32MP135FAF7U, STM32MP135FAG7, STM32MP211AAL3, STM32MP211AAM3, STM32MP211AAN3, STM32MP211AAO3, STM32MP211CAL3, STM32MP211CAM3, STM32MP211CAN3, STM32MP211CAO3, STM32MP211DAL3, STM32MP211DAM3, STM32MP211DAN3, STM32MP211DAO3, STM32MP211FAL3, STM32MP211FAM3, STM32MP211FAN3, STM32MP211FAO3, STM32MP213AAL3, STM32MP213AAM3, STM32MP213AAN3, STM32MP213AAO3, STM32MP213CAL3, STM32MP213CAM3, STM32MP213CAN3, STM32MP213CAO3, STM32MP213DAL3, STM32MP213DAM3, STM32MP213DAN3, STM32MP213DAO3, STM32MP213FAL3, STM32MP213FAM3, STM32MP213FAN3, STM32MP213FAO3, STM32MP215AAL3, STM32MP215AAM3, STM32MP215AAN3, STM32MP215AAO3, STM32MP215CAL3, STM32MP215CAM3, STM32MP215CAN3, STM32MP215CAO3, STM32MP215DAL3, STM32MP215DAM3, STM32MP215DAN3, STM32MP215DAO3, STM32MP215F-DK, STM32MP215FAL3, STM32MP215FAM3, STM32MP215FAN3, STM32MP215FAO3, STM32MP231AAJ3, STM32MP231AAK3, STM32MP231AAL3, STM32MP231CAJ3, STM32MP231CAK3, STM32MP231CAL3, STM32MP231DAJ3, STM32MP231DAK3, STM32MP231DAL3, STM32MP231FAJ3, STM32MP231FAK3, STM32MP231FAL3, STM32MP233AAJ3, STM32MP233AAK3, STM32MP233AAL3, STM32MP233CAJ3, STM32MP233CAK3, STM32MP233CAL3, STM32MP233DAJ3, STM32MP233DAK3, STM32MP233DAL3, STM32MP233FAJ3, STM32MP233FAK3, STM32MP233FAL3, STM32MP235AAJ3, STM32MP235AAK3, STM32MP235AAL3, STM32MP235CAJ3, STM32MP235CAK3, STM32MP235CAL3, STM32MP235DAJ3, STM32MP235DAK3, STM32MP235DAL3, STM32MP235FAJ3, STM32MP235FAK3, STM32MP235FAL3, STM32MP251AAI3, STM32MP251AAK3, STM32MP251AAL3, STM32MP251CAI3, STM32MP251CAK3, STM32MP251CAL3, STM32MP251DAI3, STM32MP251DAK3, STM32MP251DAL3, STM32MP251FAI3, STM32MP251FAK3, STM32MP251FAL3, STM32MP253AAI3, STM32MP253AAK3, STM32MP253AAL3, STM32MP253CAI3, STM32MP253CAK3, STM32MP253CAL3, STM32MP253DAI3, STM32MP253DAK3, STM32MP253DAL3, STM32MP253FAI3, STM32MP253FAK3, STM32MP253FAL3, STM32MP255AAI3, STM32MP255AAK3, STM32MP255AAL3, STM32MP255CAI3, STM32MP255CAK3, STM32MP255CAL3, STM32MP255DAI3, STM32MP255DAK3, STM32MP255DAL3, STM32MP255FAI3, STM32MP255FAK3, STM32MP255FAL3, STM32MP257AAI3, STM32MP257AAK3, STM32MP257AAL3, STM32MP257CAI3, STM32MP257CAK3, STM32MP257CAL3, STM32MP257DAI3, STM32MP257DAK3, STM32MP257DAL3, STM32MP257F-DK, STM32MP257F-EV1, STM32MP257FAI3, STM32MP257FAK3, STM32MP257FAL3, STM32N645A0H3Q, STM32N645B0H3Q, STM32N645I0H3Q, STM32N645L0H3Q, STM32N645X0H3Q, STM32N645Z0H3Q, STM32N647A0H3Q, STM32N647B0H3Q, STM32N647I0H3Q, STM32N647L0H3Q, STM32N647X0H3Q, STM32N647Z0H3Q, STM32N655A0H3Q, STM32N655B0H3Q, STM32N655I0H3Q, STM32N655L0H3Q, STM32N655X0H3Q, STM32N655Z0H3Q, STM32N6570-DK, STM32N657A0H3Q, STM32N657B0H3Q, STM32N657I0H3Q, STM32N657L0H3Q, STM32N657X0H3Q, STM32N657Z0H3Q, STM32U031C6T6, STM32U031C6U6, STM32U031C8T6, STM32U031C8U6, STM32U031F4P6, STM32U031F6P6, STM32U031F8P6, STM32U031G6Y6TR, STM32U031G8Y6TR, STM32U031K4U6, STM32U031K6U6, STM32U031K8U6, STM32U031R6I6, STM32U031R6T6, STM32U031R8I6, STM32U031R8T6, STM32U073C8T6, STM32U073C8U6, STM32U073CBT6, STM32U073CBU6, STM32U073CCT6, STM32U073CCU6, STM32U073H8Y6TR, STM32U073HBY6TR, STM32U073HCY6TR, STM32U073K8U6, STM32U073KBU6, STM32U073KCU6, STM32U073M8I6, STM32U073M8T6, STM32U073MBI6, STM32U073MBT6, STM32U073MCI6, STM32U073MCT6, STM32U073R8I6, STM32U073R8T6, STM32U073RBI6, STM32U073RBT6, STM32U073RCI6, STM32U073RCT6, STM32U083C-DK, STM32U083CCT6, STM32U083CCU6, STM32U083HCY6TR, STM32U083KCU6, STM32U083MCI6, STM32U083MCT6, STM32U083RCI6, STM32U083RCT6, STM32U375CET6, STM32U375CET6Q, STM32U375CEU6, STM32U375CEU6Q, STM32U375CEY6QTR, STM32U375CGT6, STM32U375CGT6Q, STM32U375CGU6, STM32U375CGU6Q, STM32U375CGY6QTR, STM32U375KEU6, STM32U375KGU6, STM32U375REI6, STM32U375REI6Q, STM32U375RET6, STM32U375RET6Q, STM32U375REY6GTR, STM32U375REY6QTR, STM32U375RGI6, STM32U375RGI6Q, STM32U375RGT6, STM32U375RGT6Q, STM32U375RGY6GTR, STM32U375RGY6QTR, STM32U375VEI6, STM32U375VEI6Q, STM32U375VET6, STM32U375VET6Q, STM32U375VGI6, STM32U375VGI6Q, STM32U375VGT6, STM32U375VGT6Q, STM32U385CGT6, STM32U385CGT6Q, STM32U385CGU6, STM32U385CGU6Q, STM32U385CGY6QTR, STM32U385KGU6, STM32U385RGI6, STM32U385RGI6Q, STM32U385RGT6, STM32U385RGT6Q, STM32U385RGY6GTR, STM32U385RGY6QTR, STM32U385VGI6, STM32U385VGI6Q, STM32U385VGT6, STM32U385VGT6Q, STM32U535CBT6, STM32U535CBT6Q, STM32U535CBU6, STM32U535CBU6Q, STM32U535CCT6, STM32U535CCT6Q, STM32U535CCU6, STM32U535CCU6Q, STM32U535CET6, STM32U535CET6Q, STM32U535CEU6, STM32U535CEU6Q, STM32U535JEY6QTR, STM32U535NCY6QTR, STM32U535NEY6QTR, STM32U535RBI6, STM32U535RBI6Q, STM32U535RBT6, STM32U535RBT6Q, STM32U535RCI6, STM32U535RCI6Q, STM32U535RCT6, STM32U535RCT6Q, STM32U535REI6, STM32U535REI6Q, STM32U535RET6, STM32U535RET6Q, STM32U535VCI6, STM32U535VCI6Q, STM32U535VCT6, STM32U535VCT6Q, STM32U535VEI6, STM32U535VEI6Q, STM32U535VET6, STM32U535VET6Q, STM32U545CET6, STM32U545CET6Q, STM32U545CEU6, STM32U545CEU6Q, STM32U545JEY6QTR, STM32U545NEY6QTR, STM32U545REI6, STM32U545REI6Q, STM32U545RET6, STM32U545RET6Q, STM32U545VEI6, STM32U545VEI6Q, STM32U545VET6, STM32U545VET6Q, STM32U595AIH6, STM32U595AIH6Q, STM32U595AJH6, STM32U595AJH6Q, STM32U595QII6, STM32U595QII6Q, STM32U595QJI6, STM32U595QJI6Q, STM32U595RIT6, STM32U595RIT6Q, STM32U595RJT6, STM32U595RJT6Q, STM32U595VIT6, STM32U595VIT6Q, STM32U595VJT6, STM32U595VJT6Q, STM32U595ZIT6, STM32U595ZIT6Q, STM32U595ZIY6QTR, STM32U595ZJT6, STM32U595ZJT6Q, STM32U595ZJY6QTR, STM32U599BJY6QTR, STM32U599NIH6Q, STM32U599NJH6Q, STM32U599VIT6Q, STM32U599VJT6, STM32U599VJT6Q, STM32U599ZIT6Q, STM32U599ZIY6QTR, STM32U599ZJT6Q, STM32U599ZJY6QTR, STM32U5A5AJH6, STM32U5A5AJH6Q, STM32U5A5QII3Q , STM32U5A5QJI6, STM32U5A5QJI6Q, STM32U5A5RJT6, STM32U5A5RJT6Q, STM32U5A5VJT6, STM32U5A5VJT6Q, STM32U5A5ZJT6, STM32U5A5ZJT6Q, STM32U5A5ZJY6QTR, STM32U5A9BJY6QTR, STM32U5A9J-DK, STM32U5A9NJH6Q, STM32U5A9VJT6Q, STM32U5A9ZJT6Q, STM32U5A9ZJY6QTR, STM32U5F7VIT6, STM32U5F7VIT6Q, STM32U5F7VJT6, STM32U5F7VJT6Q, STM32U5F9BJY6QTR, STM32U5F9NJH6Q, STM32U5F9VIT6Q, STM32U5F9VJT6Q, STM32U5F9ZIJ6QTR, STM32U5F9ZIT6Q, STM32U5F9ZJJ6QTR, STM32U5F9ZJT6Q, STM32U5G7VJT6, STM32U5G7VJT6Q, STM32U5G9BJY6QTR, STM32U5G9J-DK1, STM32U5G9J-DK2, STM32U5G9NJH6Q, STM32U5G9VJT6Q, STM32U5G9ZJJ6QTR, STM32U5G9ZJT6Q, STM32WB05KZV6TR, STM32WB05KZV7TR, STM32WB05TZF6TR, STM32WB05TZF7TR, STM32WB06CCF6TR, STM32WB06CCF7TR, STM32WB06CCV6TR, STM32WB06CCV7TR, STM32WB06KCV6TR, STM32WB06KCV7TR, STM32WB07CCF6TR, STM32WB07CCF7TR, STM32WB07CCV6TR, STM32WB07CCV7TR, STM32WB07KCV6TR, STM32WB07KCV7TR, STM32WB09KEV6TR, STM32WB09KEV7TR, STM32WB09TEF6TR, STM32WB09TEF7TR, STM32WB1MMCH6, STM32WBA50KGU6, STM32WBA50KGU6TR, STM32WBA52CEU6, STM32WBA52CEU6TR, STM32WBA52CEU7, STM32WBA52CEU7TR, STM32WBA52CGU6, STM32WBA52CGU6TR, STM32WBA52CGU6U, STM32WBA52CGU7, STM32WBA52CGU7TR, STM32WBA52KEU6, STM32WBA52KEU6TR, STM32WBA52KGU6, STM32WBA52KGU6TR, STM32WBA54CEU6, STM32WBA54CEU6TR, STM32WBA54CEU7, STM32WBA54CEU7TR, STM32WBA54CGU6, STM32WBA54CGU6TR, STM32WBA54CGU7, STM32WBA54CGU7TR, STM32WBA54KEU6, STM32WBA54KEU6TR, STM32WBA54KEU7, STM32WBA54KEU7TR, STM32WBA54KGU6, STM32WBA54KGU6TR, STM32WBA54KGU7, STM32WBA54KGU7TR, STM32WBA55CEU6, STM32WBA55CEU6TR, STM32WBA55CEU7, STM32WBA55CEU7TR, STM32WBA55CGU6, STM32WBA55CGU6TR, STM32WBA55CGU6U, STM32WBA55CGU7, STM32WBA55CGU7TR, STM32WBA55G-DK1, STM32WBA55HEF6, STM32WBA55HEF7, STM32WBA55HGF6, STM32WBA55HGF7, STM32WBA55UEI6, STM32WBA55UEI6TR, STM32WBA55UEI7, STM32WBA55UEI7TR, STM32WBA55UGI6, STM32WBA55UGI6TR, STM32WBA55UGI7, STM32WBA55UGI7TR, STM32WBA5MMGH6TR, STM32WBA62MGF6, STM32WBA62MIF6, STM32WBA65MGF7, STM32WBA65MIF6, STM32WBA65MIF7, STM32WL30K8V6, STM32WL30KBV6, STM32WL31C8V6, STM32WL31CBV6, STM32WL31K8V6, STM32WL31KBV6, STM32WL33C8V6, STM32WL33C8V6X, STM32WL33CBV6, STM32WL33CBV6X, STM32WL33CCV6, STM32WL33CCV6A, STM32WL33CCV6X, STM32WL33K8V7, STM32WL33K8V7X, STM32WL33KBV7 , STM32WL33KBV7X, STM32WL33KCV7, STM32WL33KCV7X, STM32WL5MOCH6, STM32WL5MOCH6TR]
2025-09-19 09:33:08,661 [INFO] DbMcus:218 - Found 4801 MCUs, 4801 are supported
2025-09-19 09:33:08,663 [INFO] ApiDb:423 - Load user favorites file C:\Users\nisha/.stm32cubeide/favorites.mcus.txt: 0 item(s)
2025-09-19 09:33:08,663 [INFO] ApiDb:427 - User favorites MCUs=[]
2025-09-19 09:33:08,664 [INFO] DbMcus:224 - Set 0 / 0 favorites MCUs
2025-09-19 09:33:09,156 [INFO] ApiDb:668 - CubeFinder database Data Model version=2.1
2025-09-19 09:33:09,156 [INFO] ApiDb:669 - CubeFinder database Configuration version=3.0.39
2025-09-19 09:33:09,156 [INFO] ApiDb:670 - CubeFinder database generation date=2025-08-25 (1756130511)
2025-09-19 09:33:09,156 [INFO] ApiDb:671 - CubeFinder database FW Pack versions=[FP-ATR-ASTRA1_V2.0.0, FP-SNS-FLIGHT1_V5.1.0, FP-SNS-MOTENV1_V5.0.0, FP-SNS-MOTENVWB1_V1.4.0, FP-SNS-SMARTAG2_V1.2.0, FP-SNS-STBOX1_V2.1.0, STM32Cube_FW_C0_V1.4.0, STM32Cube_FW_F4_V1.28.3, STM32Cube_FW_F7_V1.17.4, STM32Cube_FW_G0_V1.6.2, STM32Cube_FW_G4_V1.6.1, STM32Cube_FW_H5_V1.5.0, STM32Cube_FW_H7RS_V1.2.0, STM32Cube_FW_H7_V1.12.1, STM32Cube_FW_L0_V1.12.2, STM32Cube_FW_L4_V1.18.1, STM32Cube_FW_L5_V1.5.1, STM32Cube_FW_N6_V1.2.0, STM32Cube_FW_U0_V1.3.0, STM32Cube_FW_U3_V1.2.0, STM32Cube_FW_U5_V1.8.0, STM32Cube_FW_WB0_V1.3.0, STM32Cube_FW_WBA_V1.7.0, STM32Cube_FW_WB_V1.23.0, STM32Cube_FW_WL3_V1.2.0, STM32Cube_FW_WL_V1.3.1, X-CUBE-ALGOBUILD_V1.4.0, X-CUBE-ALS_V1.0.2, X-CUBE-AZRTOS-F4_V1.1.0, X-CUBE-AZRTOS-F7_V1.1.0, X-CUBE-AZRTOS-G0_V1.1.0, X-CUBE-AZRTOS-G4_V2.0.0, X-CUBE-AZRTOS-H7RS_V1.1.0, X-CUBE-AZRTOS-H7_V3.4.0, X-CUBE-AZRTOS-L4_V2.0.0, X-CUBE-AZRTOS-L5_V2.0.0, X-CUBE-AZRTOS-WB_V2.0.0, X-CUBE-AZRTOS-WL_V2.0.0, X-CUBE-BLE1_V7.1.0, X-CUBE-BLE2_V3.3.0, X-CUBE-BLEMGR_V4.1.0, X-CUBE-EEPRMA1_V5.2.0, X-CUBE-FREERTOS_V1.3.1, X-CUBE-GNSS1_V6.0.0, X-CUBE-MEMS1_V11.3.0, X-CUBE-NFC4_V3.0.0, X-CUBE-NFC7_V2.0.0, X-CUBE-SFXS2LP1_V4.0.0, X-CUBE-ST67W61_V1.0.0, X-CUBE-SUBG2_V5.0.0, X-CUBE-TOF1_V3.4.3]
2025-09-19 09:33:09,266 [INFO] DbBoardsSqlite:226 - include board P-NUCLEO-WB55-NUCLEO as a kit item of type 'Nucleo-64'
2025-09-19 09:33:09,267 [INFO] DbBoardsSqlite:226 - include board P-NUCLEO-WB55-USBDONGLE as a kit item of type 'Nucleo USB Dongle'
2025-09-19 09:33:09,267 [INFO] DbBoardsSqlite:226 - include board STEVAL-IDP005V1 as a kit item of type 'Evaluation Board'
2025-09-19 09:33:09,268 [INFO] DbBoardsSqlite:226 - include board STEVAL-IDP005V2 as a kit item of type 'Evaluation Board'
2025-09-19 09:33:09,377 [INFO] ApiDb:240 - Found 880 in-development CPN: [B-G473E-ZEST1S, B-WB1M-WPAN1, B-WBA5M-WPAN, B-WL5M-SUBG1, NUCLEO-C031C6, NUCLEO-C051C8, NUCLEO-C071RB, NUCLEO-C092RC, NUCLEO-H503RB, NUCLEO-H533RE, NUCLEO-H563ZI, NUCLEO-H7S3L8, NUCLEO-N657X0-Q, NUCLEO-U031R8, NUCLEO-U083RC, NUCLEO-U385RG-Q, NUCLEO-U545RE-Q, NUCLEO-U5A5ZJ-Q, NUCLEO-WB05KZ, NUCLEO-WB07CC, NUCLEO-WB09KE, NUCLEO-WBA52CG, NUCLEO-WBA55CG, NUCLEO-WL33CC1, NUCLEO-WL33CC2, STEVAL-PROTEUS1, STEVAL-SMARTAG2, STEVAL-STWINBX1, STM320518-EVAL, STM32C0116-DK, STM32C011D6Y3TR, STM32C011D6Y6TR, STM32C011F4P3, STM32C011F4P6, STM32C011F4U3, STM32C011F4U6TR, STM32C011F6P3, STM32C011F6P6, STM32C011F6U3, STM32C011F6U6TR, STM32C011J4M3, STM32C011J4M6, STM32C011J6M3, STM32C011J6M6, STM32C0316-DK, STM32C031C4T3, STM32C031C4T6, STM32C031C4U3, STM32C031C4U6, STM32C031C6T3, STM32C031C6T6, STM32C031C6U3, STM32C031C6U6, STM32C031F4P3, STM32C031F4P6, STM32C031F6P3, STM32C031F6P6, STM32C031G4U3, STM32C031G4U6, STM32C031G6U3, STM32C031G6U6, STM32C031K4T3, STM32C031K4T6, STM32C031K4U3, STM32C031K4U6, STM32C031K6T3, STM32C031K6T6, STM32C031K6U3, STM32C031K6U6, STM32C051C6T6, STM32C051C6U6, STM32C051C8T6, STM32C051C8U6, STM32C051D8Y6TR, STM32C051F6P6, STM32C051F8P6, STM32C051G6U6, STM32C051G8U6, STM32C051K6T6, STM32C051K6U6, STM32C051K8T6, STM32C071C8T6, STM32C071C8T6N, STM32C071C8U6, STM32C071C8U6N, STM32C071CBT6, STM32C071CBT6N, STM32C071CBU6, STM32C071CBU6N, STM32C071F8P6, STM32C071F8P6N, STM32C071FBP6, STM32C071FBP6N, STM32C071FBY6TR, STM32C071G8U6, STM32C071G8U6N, STM32C071GBU6, STM32C071GBU6N, STM32C071K8T6, STM32C071K8T6N, STM32C071K8U6, STM32C071K8U6N, STM32C071KBT6, STM32C071KBT6N, STM32C071KBU6, STM32C071KBU6N, STM32C071R8T6, STM32C071R8T6N, STM32C071RBI6N, STM32C071RBT6, STM32C071RBT6N, STM32C091CBT6, STM32C091CBU6, STM32C091CCT6, STM32C091CCU6, STM32C091ECY6TR, STM32C091FBP6, STM32C091FCP6, STM32C091GBU6, STM32C091GCU6, STM32C091KBT6, STM32C091KBU6, STM32C091KCT6, STM32C091KCU6, STM32C091RBT6, STM32C091RCI6, STM32C091RCT6, STM32C092CBT6, STM32C092CBU6, STM32C092CCT6, STM32C092CCU6, STM32C092ECY6TR, STM32C092FBP6, STM32C092FCP6, STM32C092GBU6, STM32C092GCU6, STM32C092KBT6, STM32C092KBU6, STM32C092KCT6, STM32C092KCU6, STM32C092RBT6, STM32C092RCI6, STM32C092RCT6, STM32G071K8TXN, STM32G071K8UXN, STM32G081GBU6N, STM32G081KBT6N, STM32G081KBUXN, STM32G0B1CCT6N, STM32G0B1KCT6, STM32G0B1NEY6TR, STM32G0B1RCT6N, STM32G0C1CCT6, STM32G0C1CCT6N, STM32G0C1CCU6N, STM32G0C1CET6N, STM32G0C1CEU6N, STM32G0C1KCT6, STM32G0C1NEY6TR, STM32G0C1RCI6N, STM32G0C1RCT6N, STM32G0C1REI6N, STM32G0C1RET6N, STM32G0C1VCI6, STM32G0C1VEI6, STM32G411C6T3, STM32G411C6T6, STM32G411C6U3, STM32G411C6U6, STM32G411C8T3, STM32G411C8T6, STM32G411C8U3, STM32G411C8U6, STM32G411CBT3, STM32G411CBT6, STM32G411CBU3, STM32G411CBU6, STM32G411K6T3, STM32G411K6T6, STM32G411K6U3, STM32G411K6U6, STM32G411K8T3, STM32G411K8T6, STM32G411K8U3, STM32G411K8U6, STM32G411KBT3, STM32G411KBT6, STM32G411KBU3, STM32G411KBU6, STM32G411M6T3, STM32G411M6T6, STM32G411M8T3, STM32G411M8T6, STM32G411MBT3, STM32G411MBT6, STM32G411R6T3, STM32G411R6T6, STM32G411R8T3, STM32G411R8T6, STM32G411RBT3, STM32G411RBT6, STM32G414CBT3, STM32G414CBT6, STM32G414CBU3, STM32G414CBU6, STM32G414CCT3, STM32G414CCT6, STM32G414CCU3, STM32G414CCU6, STM32G414MBT3, STM32G414MBT6, STM32G414MCT3, STM32G414MCT6, STM32G414RBT3, STM32G414RBT6, STM32G414RCT3, STM32G414RCT6, STM32G414VBT3, STM32G414VBT6, STM32G414VCT3, STM32G414VCT6, STM32G431CBT3Z, STM32G431RBT3Z, STM32G471CCT6, STM32G471CCU6, STM32G471CET3, STM32G471CET6, STM32G471CEU3, STM32G471CEU6, STM32G471MCT6, STM32G471MET3, STM32G471MET6, STM32G471MEY6TR, STM32G471QCT6, STM32G471QET3, STM32G471RCT6, STM32G471RET3, STM32G471RET6, STM32G471VCH6, STM32G471VCI6, STM32G471VCT6, STM32G471VEH3, STM32G471VEH6, STM32G471VEI3, STM32G471VEI6, STM32G471VET3, STM32G471VET6, STM32G473QET3Z, STM32G473RET3Z, STM32G474CCT6, STM32G491RET3Z, STM32H503CBT6, STM32H503CBU6, STM32H503EBY6TR, STM32H503KBU6, STM32H503RBT6, STM32H523CCT6, STM32H523CCU6, STM32H523CET6, STM32H523CEU6, STM32H523HEY6TR, STM32H523RCT6, STM32H523RET6, STM32H523VCI6, STM32H523VCT6, STM32H523VEI6, STM32H523VET6, STM32H523ZCJ6, STM32H523ZCT6, STM32H523ZEJ6, STM32H523ZET6, STM32H533CET6, STM32H533CEU6, STM32H533HEY6TR, STM32H533RET6, STM32H533VEI6, STM32H533VET6, STM32H533ZEJ6, STM32H533ZET6, STM32H562AGI6, STM32H562AII6, STM32H562IGK6, STM32H562IGT6, STM32H562IIK6, STM32H562IIT6, STM32H562RGT6, STM32H562RGV6, STM32H562RIT6, STM32H562RIV6, STM32H562VGT6, STM32H562VIT6, STM32H562ZGT6, STM32H562ZIT6, STM32H563AGI6, STM32H563AII3Q, STM32H563AII6, STM32H563IGK6, STM32H563IGT6, STM32H563IIK3Q, STM32H563IIK6, STM32H563IIT3Q, STM32H563IIT6, STM32H563MIY3QTR, STM32H563RGT6, STM32H563RGV6, STM32H563RIT6, STM32H563RIV6, STM32H563VGT6, STM32H563VIT3Q, STM32H563VIT6, STM32H563ZGT6, STM32H563ZIT3Q, STM32H563ZIT6, STM32H573AII3Q, STM32H573AII6, STM32H573I-DK, STM32H573IIK3Q, STM32H573IIK6, STM32H573IIT3Q, STM32H573IIT6, STM32H573MIY3QTR, STM32H573RIT6, STM32H573RIV6, STM32H573VIT3Q, STM32H573VIT6, STM32H573ZIT3Q, STM32H573ZIT6, STM32H7R3A8I6, STM32H7R3I8K6, STM32H7R3I8T6, STM32H7R3L8H6, STM32H7R3L8H6H, STM32H7R3R8V6, STM32H7R3V8H6, STM32H7R3V8T6, STM32H7R3V8Y6TR, STM32H7R3Z8J6, STM32H7R3Z8T6, STM32H7R7A8I6, STM32H7R7I8K6, STM32H7R7I8T6, STM32H7R7L8H6, STM32H7R7L8H6H, STM32H7R7Z8J6, STM32H7S3A8I6, STM32H7S3I8K6, STM32H7S3I8T6, STM32H7S3L8H6, STM32H7S3L8H6H, STM32H7S3R8V6, STM32H7S3V8H6, STM32H7S3V8T6, STM32H7S3V8Y6TR, STM32H7S3Z8J6, STM32H7S3Z8T6, STM32H7S78-DK, STM32H7S7A8I6, STM32H7S7I8K6, STM32H7S7I8T6, STM32H7S7L8H6, STM32H7S7L8H6H, STM32H7S7Z8J6, STM32L4R5QGI6STR, STM32MP131AAE3, STM32MP131AAF3, STM32MP131AAG3, STM32MP131CAE3, STM32MP131CAF3, STM32MP131CAG3, STM32MP131DAE7, STM32MP131DAF7, STM32MP131DAG7, STM32MP131FAE7, STM32MP131FAF7, STM32MP131FAG7, STM32MP133AAE3, STM32MP133AAF3, STM32MP133AAG3, STM32MP133CAE3, STM32MP133CAF3, STM32MP133CAG3, STM32MP133DAE7, STM32MP133DAF7, STM32MP133DAG7, STM32MP133FAE7, STM32MP133FAF7, STM32MP133FAG7, STM32MP135AAE3, STM32MP135AAF3, STM32MP135AAG3, STM32MP135CAE3, STM32MP135CAF3, STM32MP135CAG3, STM32MP135DAE7, STM32MP135DAF7, STM32MP135DAG7, STM32MP135F-DK, STM32MP135FAE7, STM32MP135FAF7, STM32MP135FAF7T, STM32MP135FAF7U, STM32MP135FAG7, STM32MP211AAL3, STM32MP211AAM3, STM32MP211AAN3, STM32MP211AAO3, STM32MP211CAL3, STM32MP211CAM3, STM32MP211CAN3, STM32MP211CAO3, STM32MP211DAL3, STM32MP211DAM3, STM32MP211DAN3, STM32MP211DAO3, STM32MP211FAL3, STM32MP211FAM3, STM32MP211FAN3, STM32MP211FAO3, STM32MP213AAL3, STM32MP213AAM3, STM32MP213AAN3, STM32MP213AAO3, STM32MP213CAL3, STM32MP213CAM3, STM32MP213CAN3, STM32MP213CAO3, STM32MP213DAL3, STM32MP213DAM3, STM32MP213DAN3, STM32MP213DAO3, STM32MP213FAL3, STM32MP213FAM3, STM32MP213FAN3, STM32MP213FAO3, STM32MP215AAL3, STM32MP215AAM3, STM32MP215AAN3, STM32MP215AAO3, STM32MP215CAL3, STM32MP215CAM3, STM32MP215CAN3, STM32MP215CAO3, STM32MP215DAL3, STM32MP215DAM3, STM32MP215DAN3, STM32MP215DAO3, STM32MP215F-DK, STM32MP215FAL3, STM32MP215FAM3, STM32MP215FAN3, STM32MP215FAO3, STM32MP231AAJ3, STM32MP231AAK3, STM32MP231AAL3, STM32MP231CAJ3, STM32MP231CAK3, STM32MP231CAL3, STM32MP231DAJ3, STM32MP231DAK3, STM32MP231DAL3, STM32MP231FAJ3, STM32MP231FAK3, STM32MP231FAL3, STM32MP233AAJ3, STM32MP233AAK3, STM32MP233AAL3, STM32MP233CAJ3, STM32MP233CAK3, STM32MP233CAL3, STM32MP233DAJ3, STM32MP233DAK3, STM32MP233DAL3, STM32MP233FAJ3, STM32MP233FAK3, STM32MP233FAL3, STM32MP235AAJ3, STM32MP235AAK3, STM32MP235AAL3, STM32MP235CAJ3, STM32MP235CAK3, STM32MP235CAL3, STM32MP235DAJ3, STM32MP235DAK3, STM32MP235DAL3, STM32MP235FAJ3, STM32MP235FAK3, STM32MP235FAL3, STM32MP251AAI3, STM32MP251AAK3, STM32MP251AAL3, STM32MP251CAI3, STM32MP251CAK3, STM32MP251CAL3, STM32MP251DAI3, STM32MP251DAK3, STM32MP251DAL3, STM32MP251FAI3, STM32MP251FAK3, STM32MP251FAL3, STM32MP253AAI3, STM32MP253AAK3, STM32MP253AAL3, STM32MP253CAI3, STM32MP253CAK3, STM32MP253CAL3, STM32MP253DAI3, STM32MP253DAK3, STM32MP253DAL3, STM32MP253FAI3, STM32MP253FAK3, STM32MP253FAL3, STM32MP255AAI3, STM32MP255AAK3, STM32MP255AAL3, STM32MP255CAI3, STM32MP255CAK3, STM32MP255CAL3, STM32MP255DAI3, STM32MP255DAK3, STM32MP255DAL3, STM32MP255FAI3, STM32MP255FAK3, STM32MP255FAL3, STM32MP257AAI3, STM32MP257AAK3, STM32MP257AAL3, STM32MP257CAI3, STM32MP257CAK3, STM32MP257CAL3, STM32MP257DAI3, STM32MP257DAK3, STM32MP257DAL3, STM32MP257F-DK, STM32MP257F-EV1, STM32MP257FAI3, STM32MP257FAK3, STM32MP257FAL3, STM32N645A0H3Q, STM32N645B0H3Q, STM32N645I0H3Q, STM32N645L0H3Q, STM32N645X0H3Q, STM32N645Z0H3Q, STM32N647A0H3Q, STM32N647B0H3Q, STM32N647I0H3Q, STM32N647L0H3Q, STM32N647X0H3Q, STM32N647Z0H3Q, STM32N655A0H3Q, STM32N655B0H3Q, STM32N655I0H3Q, STM32N655L0H3Q, STM32N655X0H3Q, STM32N655Z0H3Q, STM32N6570-DK, STM32N657A0H3Q, STM32N657B0H3Q, STM32N657I0H3Q, STM32N657L0H3Q, STM32N657X0H3Q, STM32N657Z0H3Q, STM32U031C6T6, STM32U031C6U6, STM32U031C8T6, STM32U031C8U6, STM32U031F4P6, STM32U031F6P6, STM32U031F8P6, STM32U031G6Y6TR, STM32U031G8Y6TR, STM32U031K4U6, STM32U031K6U6, STM32U031K8U6, STM32U031R6I6, STM32U031R6T6, STM32U031R8I6, STM32U031R8T6, STM32U073C8T6, STM32U073C8U6, STM32U073CBT6, STM32U073CBU6, STM32U073CCT6, STM32U073CCU6, STM32U073H8Y6TR, STM32U073HBY6TR, STM32U073HCY6TR, STM32U073K8U6, STM32U073KBU6, STM32U073KCU6, STM32U073M8I6, STM32U073M8T6, STM32U073MBI6, STM32U073MBT6, STM32U073MCI6, STM32U073MCT6, STM32U073R8I6, STM32U073R8T6, STM32U073RBI6, STM32U073RBT6, STM32U073RCI6, STM32U073RCT6, STM32U083C-DK, STM32U083CCT6, STM32U083CCU6, STM32U083HCY6TR, STM32U083KCU6, STM32U083MCI6, STM32U083MCT6, STM32U083RCI6, STM32U083RCT6, STM32U375CET6, STM32U375CET6Q, STM32U375CEU6, STM32U375CEU6Q, STM32U375CEY6QTR, STM32U375CGT6, STM32U375CGT6Q, STM32U375CGU6, STM32U375CGU6Q, STM32U375CGY6QTR, STM32U375KEU6, STM32U375KGU6, STM32U375REI6, STM32U375REI6Q, STM32U375RET6, STM32U375RET6Q, STM32U375REY6GTR, STM32U375REY6QTR, STM32U375RGI6, STM32U375RGI6Q, STM32U375RGT6, STM32U375RGT6Q, STM32U375RGY6GTR, STM32U375RGY6QTR, STM32U375VEI6, STM32U375VEI6Q, STM32U375VET6, STM32U375VET6Q, STM32U375VGI6, STM32U375VGI6Q, STM32U375VGT6, STM32U375VGT6Q, STM32U385CGT6, STM32U385CGT6Q, STM32U385CGU6, STM32U385CGU6Q, STM32U385CGY6QTR, STM32U385KGU6, STM32U385RGI6, STM32U385RGI6Q, STM32U385RGT6, STM32U385RGT6Q, STM32U385RGY6GTR, STM32U385RGY6QTR, STM32U385VGI6, STM32U385VGI6Q, STM32U385VGT6, STM32U385VGT6Q, STM32U535CBT6, STM32U535CBT6Q, STM32U535CBU6, STM32U535CBU6Q, STM32U535CCT6, STM32U535CCT6Q, STM32U535CCU6, STM32U535CCU6Q, STM32U535CET6, STM32U535CET6Q, STM32U535CEU6, STM32U535CEU6Q, STM32U535JEY6QTR, STM32U535NCY6QTR, STM32U535NEY6QTR, STM32U535RBI6, STM32U535RBI6Q, STM32U535RBT6, STM32U535RBT6Q, STM32U535RCI6, STM32U535RCI6Q, STM32U535RCT6, STM32U535RCT6Q, STM32U535REI6, STM32U535REI6Q, STM32U535RET6, STM32U535RET6Q, STM32U535VCI6, STM32U535VCI6Q, STM32U535VCT6, STM32U535VCT6Q, STM32U535VEI6, STM32U535VEI6Q, STM32U535VET6, STM32U535VET6Q, STM32U545CET6, STM32U545CET6Q, STM32U545CEU6, STM32U545CEU6Q, STM32U545JEY6QTR, STM32U545NEY6QTR, STM32U545REI6, STM32U545REI6Q, STM32U545RET6, STM32U545RET6Q, STM32U545VEI6, STM32U545VEI6Q, STM32U545VET6, STM32U545VET6Q, STM32U595AIH6, STM32U595AIH6Q, STM32U595AJH6, STM32U595AJH6Q, STM32U595QII6, STM32U595QII6Q, STM32U595QJI6, STM32U595QJI6Q, STM32U595RIT6, STM32U595RIT6Q, STM32U595RJT6, STM32U595RJT6Q, STM32U595VIT6, STM32U595VIT6Q, STM32U595VJT6, STM32U595VJT6Q, STM32U595ZIT6, STM32U595ZIT6Q, STM32U595ZIY6QTR, STM32U595ZJT6, STM32U595ZJT6Q, STM32U595ZJY6QTR, STM32U599BJY6QTR, STM32U599NIH6Q, STM32U599NJH6Q, STM32U599VIT6Q, STM32U599VJT6, STM32U599VJT6Q, STM32U599ZIT6Q, STM32U599ZIY6QTR, STM32U599ZJT6Q, STM32U599ZJY6QTR, STM32U5A5AJH6, STM32U5A5AJH6Q, STM32U5A5QII3Q , STM32U5A5QJI6, STM32U5A5QJI6Q, STM32U5A5RJT6, STM32U5A5RJT6Q, STM32U5A5VJT6, STM32U5A5VJT6Q, STM32U5A5ZJT6, STM32U5A5ZJT6Q, STM32U5A5ZJY6QTR, STM32U5A9BJY6QTR, STM32U5A9J-DK, STM32U5A9NJH6Q, STM32U5A9VJT6Q, STM32U5A9ZJT6Q, STM32U5A9ZJY6QTR, STM32U5F7VIT6, STM32U5F7VIT6Q, STM32U5F7VJT6, STM32U5F7VJT6Q, STM32U5F9BJY6QTR, STM32U5F9NJH6Q, STM32U5F9VIT6Q, STM32U5F9VJT6Q, STM32U5F9ZIJ6QTR, STM32U5F9ZIT6Q, STM32U5F9ZJJ6QTR, STM32U5F9ZJT6Q, STM32U5G7VJT6, STM32U5G7VJT6Q, STM32U5G9BJY6QTR, STM32U5G9J-DK1, STM32U5G9J-DK2, STM32U5G9NJH6Q, STM32U5G9VJT6Q, STM32U5G9ZJJ6QTR, STM32U5G9ZJT6Q, STM32WB05KZV6TR, STM32WB05KZV7TR, STM32WB05TZF6TR, STM32WB05TZF7TR, STM32WB06CCF6TR, STM32WB06CCF7TR, STM32WB06CCV6TR, STM32WB06CCV7TR, STM32WB06KCV6TR, STM32WB06KCV7TR, STM32WB07CCF6TR, STM32WB07CCF7TR, STM32WB07CCV6TR, STM32WB07CCV7TR, STM32WB07KCV6TR, STM32WB07KCV7TR, STM32WB09KEV6TR, STM32WB09KEV7TR, STM32WB09TEF6TR, STM32WB09TEF7TR, STM32WB1MMCH6, STM32WBA50KGU6, STM32WBA50KGU6TR, STM32WBA52CEU6, STM32WBA52CEU6TR, STM32WBA52CEU7, STM32WBA52CEU7TR, STM32WBA52CGU6, STM32WBA52CGU6TR, STM32WBA52CGU6U, STM32WBA52CGU7, STM32WBA52CGU7TR, STM32WBA52KEU6, STM32WBA52KEU6TR, STM32WBA52KGU6, STM32WBA52KGU6TR, STM32WBA54CEU6, STM32WBA54CEU6TR, STM32WBA54CEU7, STM32WBA54CEU7TR, STM32WBA54CGU6, STM32WBA54CGU6TR, STM32WBA54CGU7, STM32WBA54CGU7TR, STM32WBA54KEU6, STM32WBA54KEU6TR, STM32WBA54KEU7, STM32WBA54KEU7TR, STM32WBA54KGU6, STM32WBA54KGU6TR, STM32WBA54KGU7, STM32WBA54KGU7TR, STM32WBA55CEU6, STM32WBA55CEU6TR, STM32WBA55CEU7, STM32WBA55CEU7TR, STM32WBA55CGU6, STM32WBA55CGU6TR, STM32WBA55CGU6U, STM32WBA55CGU7, STM32WBA55CGU7TR, STM32WBA55G-DK1, STM32WBA55HEF6, STM32WBA55HEF7, STM32WBA55HGF6, STM32WBA55HGF7, STM32WBA55UEI6, STM32WBA55UEI6TR, STM32WBA55UEI7, STM32WBA55UEI7TR, STM32WBA55UGI6, STM32WBA55UGI6TR, STM32WBA55UGI7, STM32WBA55UGI7TR, STM32WBA5MMGH6TR, STM32WBA62MGF6, STM32WBA62MIF6, STM32WBA65MGF7, STM32WBA65MIF6, STM32WBA65MIF7, STM32WL30K8V6, STM32WL30KBV6, STM32WL31C8V6, STM32WL31CBV6, STM32WL31K8V6, STM32WL31KBV6, STM32WL33C8V6, STM32WL33C8V6X, STM32WL33CBV6, STM32WL33CBV6X, STM32WL33CCV6, STM32WL33CCV6A, STM32WL33CCV6X, STM32WL33K8V7, STM32WL33K8V7X, STM32WL33KBV7 , STM32WL33KBV7X, STM32WL33KCV7, STM32WL33KCV7X, STM32WL5MOCH6, STM32WL5MOCH6TR]
2025-09-19 09:33:09,684 [INFO] BoardInfo:889 - No configuration file found for board P-NUCLEO-WB55
2025-09-19 09:33:09,686 [INFO] DbBoards:161 - Kit is not supported: P-NUCLEO-WB55
2025-09-19 09:33:09,693 [INFO] BoardInfo:889 - No configuration file found for board STEVAL-BFA001V1B
2025-09-19 09:33:09,694 [INFO] DbBoards:161 - Kit is not supported: STEVAL-BFA001V1B
2025-09-19 09:33:09,696 [INFO] BoardInfo:889 - No configuration file found for board STEVAL-BFA001V2B
2025-09-19 09:33:09,697 [INFO] DbBoards:161 - Kit is not supported: STEVAL-BFA001V2B
2025-09-19 09:33:10,126 [INFO] DbBoards:168 - Found 212 boards, 209 are supported
2025-09-19 09:33:10,126 [INFO] DbBoards:169 - Found 212 boards, 43 of them is supported for  Bsp
2025-09-19 09:33:10,141 [INFO] ApiDb:423 - Load user favorites file C:\Users\nisha/.stm32cubeide/favorites.boards.txt: 1 item(s)
2025-09-19 09:33:10,141 [INFO] ApiDb:427 - User favorites Boards=[STM32F407G-DISC1]
2025-09-19 09:33:10,141 [INFO] DbBoards:198 - Set 1 / 1 favorites Boards
2025-09-19 09:33:10,141 [INFO] McuFinderGlobals:76 - Set McuFinderConnectedMode to true
2025-09-19 09:33:10,150 [INFO] MultiScanPanel:200 - Auto-refresh data requested => check proxy status ongoing
2025-09-19 09:33:10,154 [INFO] FinderPluginLoader:96 - Searching for filters in installed packs
2025-09-19 09:33:12,141 [INFO] LoadUrlFilesThread:185 - End of LoadServerUrlFiles without Thread
2025-09-19 09:33:12,260 [INFO] DetailPanel:341 - Set advertising image to C:/Users/nisha/STM32Cube/Repository/\en.2400x1350px.jpeg
2025-09-19 09:33:18,312 [INFO] MultiScanPanel:200 - Auto-refresh data requested => check proxy status ongoing
2025-09-19 09:33:18,551 [INFO] LoadUrlFilesThread:185 - End of LoadServerUrlFiles without Thread
2025-09-19 09:33:18,551 [INFO] DetailPanel:341 - Set advertising image to C:/Users/nisha/STM32Cube/Repository/\en.2400x1350px.jpeg
2025-09-19 09:33:18,579 [INFO] DbBoards:642 - Loading board mini-images...
2025-09-19 09:33:23,185 [ERROR] DbBoards:659 - Image file not found for board STM32MP215F-DK: C:\Users\nisha\.stmcufinder\plugins\mcufinder//mcu//boards_images/STM32MP215F-DK.jpg
2025-09-19 09:33:23,420 [INFO] DbBoards:665 - Loaded 211 board mini-images
2025-09-19 09:34:08,868 [INFO] McuFinderGlobals:76 - Set McuFinderConnectedMode to true
2025-09-19 09:34:08,874 [INFO] ApiDb:448 - Save user favorites file C:\Users\nisha/.stm32cubeide/favorites.mcus.txt: 0 item(s)
2025-09-19 09:34:08,874 [INFO] ApiDb:452 - User favorites MCUs=[]
2025-09-19 09:34:08,881 [INFO] ApiDb:448 - Save user favorites file C:\Users\nisha/.stm32cubeide/favorites.boards.txt: 1 item(s)
2025-09-19 09:34:08,881 [INFO] ApiDb:452 - User favorites Boards=[STM32F407G-DISC1]
2025-09-19 10:23:17,936 [INFO] LogOutputStream:77 - [STDOUT_REDIRECT] StartTraceHandler.execute(), success : Collect=true
2025-09-19 10:23:24,691 [INFO] LogOutputStream:77 - [STDOUT_REDIRECT] StartTraceHandler.execute(), success : Collect=false
2025-09-19 10:23:27,321 [INFO] LogOutputStream:77 - [STDOUT_REDIRECT] StartTraceHandler.execute(), success : Collect=true
2025-09-19 10:25:30,052 [INFO] LogOutputStream:77 - [STDOUT_REDIRECT] StartTraceHandler.execute(), success : Collect=false
2025-09-19 10:26:43,204 [ERROR] LogOutputStream:75 - [STDERR_REDIRECT] Exception in thread "SWV client thread" java.lang.NullPointerException: Cannot invoke "com.st.stm32cube.ide.mcu.debug.swv.core.SWVPlugin.isDebugging()" because "com.st.stm32cube.ide.mcu.debug.swv.core.SWVPlugin.plugin" is null
2025-09-19 10:26:43,205 [ERROR] LogOutputStream:75 - [STDERR_REDIRECT] 	at com.st.stm32cube.ide.mcu.debug.swv.core.SWVPlugin.debugTrace(SWVPlugin.java:85)
2025-09-19 10:26:43,208 [ERROR] LogOutputStream:75 - [STDERR_REDIRECT] 	at com.st.stm32cube.ide.mcu.debug.swv.core.SWVClient.TRACE(SWVClient.java:768)
2025-09-19 10:26:43,209 [ERROR] LogOutputStream:75 - [STDERR_REDIRECT] 	at com.st.stm32cube.ide.mcu.debug.swv.core.SWVClient.readByte(SWVClient.java:296)
2025-09-19 10:26:43,213 [ERROR] LogOutputStream:75 - [STDERR_REDIRECT] 	at com.st.stm32cube.ide.mcu.debug.swv.core.SWVClient.getNextByte(SWVClient.java:277)
2025-09-19 10:26:43,215 [ERROR] LogOutputStream:75 - [STDERR_REDIRECT] 	at com.st.stm32cube.ide.mcu.debug.swv.core.SWVClient.run(SWVClient.java:313)
2025-09-19 10:26:43,996 [ERROR] LogOutputStream:75 - [STDERR_REDIRECT] 
2025-09-19 10:26:43,999 [ERROR] LogOutputStream:75 - [STDERR_REDIRECT] 
2025-09-19 15:57:32,106 [INFO] Activator:176 - 


2025-09-19 15:57:32,115 [INFO] Activator:177 - !SESSION log4j initialized
2025-09-19 15:58:15,413 [INFO] LogOutputStream:77 - [STDOUT_REDIRECT] 
2025-09-19 15:58:35,115 [INFO] ApplicationProperties:184 - Using Application install path: C:\ST\STM32CubeIDE_1.16.0\STM32CubeIDE\plugins\com.st.stm32cube.common.mx_6.15.0.202507011659
2025-09-19 15:58:35,128 [INFO] DbMcusXml:78 - Set database path to: C:\ST\STM32CubeIDE_1.16.0\STM32CubeIDE\plugins\com.st.stm32cube.common.mx_6.15.0.202507011659\\db\/mcu/
2025-09-19 15:58:35,128 [INFO] ApiDb:274 - Set plugin database path to: C:\ST\STM32CubeIDE_1.16.0\STM32CubeIDE\plugins\com.st.stm32cube.common.mx_6.15.0.202507011659\\db\/plugins/boardmanager/
2025-09-19 15:58:35,128 [WARN] ApiDb:259 - Overriding images path with different value:  => C:\ST\STM32CubeIDE_1.16.0\STM32CubeIDE\plugins\com.st.stm32cube.common.mx_6.15.0.202507011659\\db\/plugins/mcufinder/images/
2025-09-19 15:58:35,134 [INFO] ApiDb:250 - Set database path to: C:\Users\nisha\.stmcufinder\plugins\mcufinder//mcu/
2025-09-19 15:58:35,135 [INFO] DbMcusAds:125 - Set database path to: C:\Users\nisha\.stmcufinder\plugins\mcufinder//mcu/
2025-09-19 15:58:35,240 [INFO] CrossReferenceDbSqlite:203 - Set database path to: C:\Users\nisha\.stmcufinder\plugins\mcufinder//mcu/cs/
2025-09-19 15:58:35,343 [INFO] RulesReader:64 - Compatibility file has been processed (317 Rules)
2025-09-19 15:58:35,421 [INFO] DbMcusXml:78 - Set database path to: C:\ST\STM32CubeIDE_1.16.0\STM32CubeIDE\plugins\com.st.stm32cube.common.mx_6.15.0.202507011659\\db\/mcu/
2025-09-19 15:58:35,421 [INFO] ApiDb:274 - Set plugin database path to: C:\ST\STM32CubeIDE_1.16.0\STM32CubeIDE\plugins\com.st.stm32cube.common.mx_6.15.0.202507011659\\db\/plugins/boardmanager/
2025-09-19 15:58:35,422 [INFO] ApiDb:261 - Set plugin images path to: C:\ST\STM32CubeIDE_1.16.0\STM32CubeIDE\plugins\com.st.stm32cube.common.mx_6.15.0.202507011659\\db\/plugins/mcufinder/images/
2025-09-19 15:58:35,422 [WARN] DbFile:41 - Overriding database path with different value: C:\Users\nisha\.stmcufinder\plugins\mcufinder/ => C:\Users\nisha\.stmcufinder\plugins\mcufinder
2025-09-19 15:58:35,422 [INFO] ApiDb:250 - Set database path to: C:\Users\nisha\.stmcufinder\plugins\mcufinder//mcu/
2025-09-19 15:58:35,422 [WARN] DbFile:41 - Overriding database path with different value: C:\Users\nisha\.stmcufinder\plugins\mcufinder/ => C:\Users\nisha\.stmcufinder\plugins\mcufinder
2025-09-19 15:58:35,422 [INFO] DbMcusAds:125 - Set database path to: C:\Users\nisha\.stmcufinder\plugins\mcufinder//mcu/
2025-09-19 15:58:35,422 [WARN] DbFile:41 - Overriding database path with different value: C:\Users\nisha\.stmcufinder\plugins\mcufinder/ => C:\Users\nisha\.stmcufinder\plugins\mcufinder
2025-09-19 15:58:35,422 [WARN] DbFile:41 - Overriding database path with different value: C:\Users\nisha\.stmcufinder\plugins\mcufinder/ => C:\Users\nisha\.stmcufinder\plugins\mcufinder
2025-09-19 15:58:35,422 [INFO] CrossReferenceDbSqlite:203 - Set database path to: C:\Users\nisha\.stmcufinder\plugins\mcufinder//mcu/cs/
2025-09-19 15:58:35,487 [INFO] MainPanel:274 - HeapMemory: 268435456
2025-09-19 15:58:35,558 [INFO] DbMcusXml:78 - Set database path to: C:\ST\STM32CubeIDE_1.16.0\STM32CubeIDE\plugins\com.st.stm32cube.common.mx_6.15.0.202507011659\\db\/mcu/
2025-09-19 15:58:35,558 [INFO] ApiDb:274 - Set plugin database path to: C:\ST\STM32CubeIDE_1.16.0\STM32CubeIDE\plugins\com.st.stm32cube.common.mx_6.15.0.202507011659\\db\/plugins/boardmanager/
2025-09-19 15:58:35,558 [INFO] ApiDb:261 - Set plugin images path to: C:\ST\STM32CubeIDE_1.16.0\STM32CubeIDE\plugins\com.st.stm32cube.common.mx_6.15.0.202507011659\\db\/plugins/mcufinder/images/
2025-09-19 15:58:35,559 [WARN] DbFile:41 - Overriding database path with different value: C:\Users\nisha\.stmcufinder\plugins\mcufinder/ => C:\Users\nisha\.stmcufinder\plugins\mcufinder
2025-09-19 15:58:35,559 [INFO] ApiDb:250 - Set database path to: C:\Users\nisha\.stmcufinder\plugins\mcufinder//mcu/
2025-09-19 15:58:35,559 [WARN] DbFile:41 - Overriding database path with different value: C:\Users\nisha\.stmcufinder\plugins\mcufinder/ => C:\Users\nisha\.stmcufinder\plugins\mcufinder
2025-09-19 15:58:35,559 [INFO] DbMcusAds:125 - Set database path to: C:\Users\nisha\.stmcufinder\plugins\mcufinder//mcu/
2025-09-19 15:58:35,559 [WARN] DbFile:41 - Overriding database path with different value: C:\Users\nisha\.stmcufinder\plugins\mcufinder/ => C:\Users\nisha\.stmcufinder\plugins\mcufinder
2025-09-19 15:58:35,559 [WARN] DbFile:41 - Overriding database path with different value: C:\Users\nisha\.stmcufinder\plugins\mcufinder/ => C:\Users\nisha\.stmcufinder\plugins\mcufinder
2025-09-19 15:58:35,559 [INFO] CrossReferenceDbSqlite:203 - Set database path to: C:\Users\nisha\.stmcufinder\plugins\mcufinder//mcu/cs/
2025-09-19 15:58:35,576 [INFO] ApplicationProperties:184 - Using Application install path: C:\ST\STM32CubeIDE_1.16.0\STM32CubeIDE\plugins\com.st.stm32cube.common.mx_6.15.0.202507011659
2025-09-19 15:58:35,577 [INFO] PluginManage:196 - Search for loadable plugins [exclusion list=, ]
2025-09-19 15:58:35,578 [INFO] PluginManage:310 - Check plugin analytics
2025-09-19 15:58:35,758 [INFO] AnalyticsPlugin:253 - Accepted Software Licenses: 
2025-09-19 15:58:35,759 [INFO] AnalyticsPlugin:255 - Accepted CMSIS Pack Licenses: 
2025-09-19 15:58:35,759 [INFO] AnalyticsPlugin:257 - Accepted Firmware Licenses: FW.F4.1.28.0
2025-09-19 15:58:35,763 [INFO] PluginManage:359 - Loaded plugin analytics (category:tool,tabindex:-1)
2025-09-19 15:58:35,764 [INFO] PluginManage:310 - Check plugin cadmodel
2025-09-19 15:58:35,782 [INFO] CADModel:105 - Init CAD model plugin
2025-09-19 15:58:35,782 [INFO] PluginManage:359 - Loaded plugin cadmodel (category:power,tabindex:5)
2025-09-19 15:58:35,782 [INFO] PluginManage:310 - Check plugin clock
2025-09-19 15:58:35,802 [INFO] PluginManage:359 - Loaded plugin clock (category:base,tabindex:2)
2025-09-19 15:58:35,802 [INFO] PluginManage:310 - Check plugin ddr
2025-09-19 15:58:35,804 [INFO] PluginManage:359 - Loaded plugin ddr (category:tool,tabindex:6)
2025-09-19 15:58:35,804 [INFO] PluginManage:310 - Check plugin filemanager
2025-09-19 15:58:35,928 [INFO] PluginManage:359 - Loaded plugin filemanager (category:base,tabindex:10)
2025-09-19 15:58:35,929 [INFO] PluginManage:310 - Check plugin ipmanager
2025-09-19 15:58:35,935 [INFO] PluginManage:359 - Loaded plugin ipmanager (category:base,tabindex:5)
2025-09-19 15:58:35,935 [INFO] PluginManage:310 - Check plugin lpbam
2025-09-19 15:58:35,951 [INFO] PluginManage:359 - Loaded plugin lpbam (category:base,tabindex:0)
2025-09-19 15:58:35,951 [INFO] PluginManage:310 - Check plugin memorymap
2025-09-19 15:58:35,971 [INFO] PluginManage:359 - Loaded plugin memorymap (category:base,tabindex:4)
2025-09-19 15:58:35,971 [INFO] PluginManage:310 - Check plugin pinoutandconfiguration
2025-09-19 15:58:35,989 [INFO] PluginManage:359 - Loaded plugin pinoutandconfiguration (category:base,tabindex:1)
2025-09-19 15:58:35,989 [INFO] PluginManage:310 - Check plugin pinoutconfig
2025-09-19 15:58:36,066 [WARN] SupportedApi:132 - Cannot load RTOS API schema: s4s-elt-must-match.1: The content of 'definitions' must match (annotation?, (simpleType | complexType)?, (unique | key | keyref)*)). A problem was found starting at: attribute.
2025-09-19 15:58:36,164 [INFO] PluginManage:359 - Loaded plugin pinoutconfig (category:base,tabindex:0)
2025-09-19 15:58:36,165 [INFO] PluginManage:310 - Check plugin power
2025-09-19 15:58:36,182 [INFO] PluginManage:359 - Loaded plugin power (category:power,tabindex:4)
2025-09-19 15:58:36,182 [INFO] PluginManage:310 - Check plugin projectmanager
2025-09-19 15:58:36,196 [INFO] PluginManage:359 - Loaded plugin projectmanager (category:projectmanager,tabindex:4)
2025-09-19 15:58:36,196 [INFO] PluginManage:310 - Check plugin rif
2025-09-19 15:58:36,215 [INFO] PluginManage:359 - Loaded plugin rif (category:base,tabindex:3)
2025-09-19 15:58:36,215 [INFO] PluginManage:310 - Check plugin thirdparty
2025-09-19 15:58:36,492 [INFO] PluginManage:359 - Loaded plugin thirdparty (category:base,tabindex:-1)
2025-09-19 15:58:36,492 [WARN] IntegrityCheckThread:84 - waiting for thirdparty lock release [integrity check]
2025-09-19 15:58:36,492 [INFO] PluginManage:310 - Check plugin tools
2025-09-19 15:58:36,493 [INFO] IntegrityCheckThread:86 - entering critical section [integrity check]
2025-09-19 15:58:36,493 [INFO] ThirdPartyUpdaterWithRetryManager:70 - Updater plugin not ready yet. [1/15]
2025-09-19 15:58:36,533 [INFO] PluginManage:359 - Loaded plugin tools (category:base,tabindex:7)
2025-09-19 15:58:36,533 [INFO] PluginManage:310 - Check plugin tutovideos
2025-09-19 15:58:36,699 [INFO] PluginManage:359 - Loaded plugin tutovideos (category:base,tabindex:-1)
2025-09-19 15:58:36,699 [INFO] PluginManage:310 - Check plugin updater
2025-09-19 15:58:36,716 [INFO] PluginManage:359 - Loaded plugin updater (category:base,tabindex:12)
2025-09-19 15:58:36,716 [INFO] PluginManage:310 - Check plugin userauth
2025-09-19 15:58:36,719 [INFO] UserAuth:118 - Init User Auth plugin
2025-09-19 15:58:36,719 [INFO] PluginManage:359 - Loaded plugin userauth (category:base,tabindex:14)
2025-09-19 15:58:36,720 [INFO] PluginManage:283 - PluginManage : Loaded plugins [18]
2025-09-19 15:58:36,911 [INFO] PinOutPanel:1589 - setPackage(No Configuration,No Configuration)
2025-09-19 15:58:36,985 [INFO] CADModel:165 - CPN selected for project level
2025-09-19 15:58:36,985 [INFO] CADModel:114 - Register for checkConnection events
2025-09-19 15:58:37,010 [INFO] IPUIPlugin:80 - create IPUIPlugin
2025-09-19 15:58:37,011 [INFO] PluginManager:220 - loadIPPluginJar : add adc
2025-09-19 15:58:37,050 [INFO] IPUIPlugin:80 - create IPUIPlugin
2025-09-19 15:58:37,050 [INFO] PluginManager:220 - loadIPPluginJar : add aes
2025-09-19 15:58:37,093 [INFO] IPUIPlugin:80 - create IPUIPlugin
2025-09-19 15:58:37,094 [INFO] PluginManager:220 - loadIPPluginJar : add can
2025-09-19 15:58:37,121 [INFO] IPUIPlugin:80 - create IPUIPlugin
2025-09-19 15:58:37,121 [INFO] PluginManager:220 - loadIPPluginJar : add comp
2025-09-19 15:58:37,155 [INFO] IPUIPlugin:80 - create IPUIPlugin
2025-09-19 15:58:37,156 [INFO] PluginManager:220 - loadIPPluginJar : add cryp
2025-09-19 15:58:37,167 [INFO] IPUIPlugin:80 - create IPUIPlugin
2025-09-19 15:58:37,167 [INFO] PluginManager:220 - loadIPPluginJar : add ddr_ctrl_phy
2025-09-19 15:58:37,199 [INFO] IPUIPlugin:80 - create IPUIPlugin
2025-09-19 15:58:37,199 [INFO] PluginManager:220 - loadIPPluginJar : add dfsdm
2025-09-19 15:58:37,213 [INFO] IPUIPlugin:80 - create IPUIPlugin
2025-09-19 15:58:37,214 [INFO] PluginManager:220 - loadIPPluginJar : add dma
2025-09-19 15:58:37,252 [INFO] IPUIPlugin:80 - create IPUIPlugin
2025-09-19 15:58:37,252 [INFO] PluginManager:220 - loadIPPluginJar : add dma3
2025-09-19 15:58:37,295 [INFO] IPUIPlugin:80 - create IPUIPlugin
2025-09-19 15:58:37,295 [INFO] PluginManager:220 - loadIPPluginJar : add extmemmanager
2025-09-19 15:58:37,318 [INFO] IPUIPlugin:80 - create IPUIPlugin
2025-09-19 15:58:37,318 [INFO] PluginManager:220 - loadIPPluginJar : add fatfs
2025-09-19 15:58:37,368 [INFO] IPUIPlugin:80 - create IPUIPlugin
2025-09-19 15:58:37,368 [INFO] PluginManager:220 - loadIPPluginJar : add fmc
2025-09-19 15:58:37,383 [INFO] IPUIPlugin:80 - create IPUIPlugin
2025-09-19 15:58:37,384 [INFO] PluginManager:220 - loadIPPluginJar : add freertos
2025-09-19 15:58:37,407 [INFO] IPUIPlugin:80 - create IPUIPlugin
2025-09-19 15:58:37,407 [INFO] PluginManager:220 - loadIPPluginJar : add genericplugin
2025-09-19 15:58:37,498 [INFO] IPUIPlugin:80 - create IPUIPlugin
2025-09-19 15:58:37,498 [INFO] PluginManager:220 - loadIPPluginJar : add gfxmmu
2025-09-19 15:58:37,628 [INFO] IPUIPlugin:80 - create IPUIPlugin
2025-09-19 15:58:37,628 [INFO] PluginManager:220 - loadIPPluginJar : add gic
2025-09-19 15:58:37,643 [INFO] IPUIPlugin:80 - create IPUIPlugin
2025-09-19 15:58:37,643 [INFO] PluginManager:220 - loadIPPluginJar : add gpio
2025-09-19 15:58:37,736 [INFO] IPUIPlugin:80 - create IPUIPlugin
2025-09-19 15:58:37,736 [INFO] PluginManager:220 - loadIPPluginJar : add gtzc
2025-09-19 15:58:37,767 [INFO] IPUIPlugin:80 - create IPUIPlugin
2025-09-19 15:58:37,767 [INFO] PluginManager:220 - loadIPPluginJar : add hash
2025-09-19 15:58:37,817 [INFO] IPUIPlugin:80 - create IPUIPlugin
2025-09-19 15:58:37,818 [INFO] PluginManager:220 - loadIPPluginJar : add i2c
2025-09-19 15:58:37,859 [INFO] IPUIPlugin:80 - create IPUIPlugin
2025-09-19 15:58:37,859 [INFO] PluginManager:220 - loadIPPluginJar : add i2s
2025-09-19 15:58:37,903 [INFO] IPUIPlugin:80 - create IPUIPlugin
2025-09-19 15:58:37,903 [INFO] PluginManager:220 - loadIPPluginJar : add i3c
2025-09-19 15:58:37,998 [INFO] IPUIPlugin:80 - create IPUIPlugin
2025-09-19 15:58:37,998 [INFO] PluginManager:220 - loadIPPluginJar : add ipddr
2025-09-19 15:58:38,086 [INFO] IPUIPlugin:80 - create IPUIPlugin
2025-09-19 15:58:38,087 [INFO] PluginManager:220 - loadIPPluginJar : add linkedlist
2025-09-19 15:58:38,126 [INFO] IPUIPlugin:80 - create IPUIPlugin
2025-09-19 15:58:38,126 [INFO] PluginManager:220 - loadIPPluginJar : add lorawan
2025-09-19 15:58:38,164 [INFO] IPUIPlugin:80 - create IPUIPlugin
2025-09-19 15:58:38,164 [INFO] PluginManager:220 - loadIPPluginJar : add ltdc
2025-09-19 15:58:38,179 [INFO] IPUIPlugin:80 - create IPUIPlugin
2025-09-19 15:58:38,179 [INFO] PluginManager:220 - loadIPPluginJar : add mdma
2025-09-19 15:58:38,192 [INFO] IPUIPlugin:80 - create IPUIPlugin
2025-09-19 15:58:38,192 [INFO] PluginManager:220 - loadIPPluginJar : add nvic
2025-09-19 15:58:38,230 [INFO] IPUIPlugin:80 - create IPUIPlugin
2025-09-19 15:58:38,230 [INFO] PluginManager:220 - loadIPPluginJar : add opamp
2025-09-19 15:58:38,292 [INFO] IPUIPlugin:80 - create IPUIPlugin
2025-09-19 15:58:38,292 [INFO] PluginManager:220 - loadIPPluginJar : add openamp
2025-09-19 15:58:38,338 [INFO] IPUIPlugin:80 - create IPUIPlugin
2025-09-19 15:58:38,338 [INFO] PluginManager:220 - loadIPPluginJar : add pdm2pcm
2025-09-19 15:58:38,353 [INFO] IPUIPlugin:80 - create IPUIPlugin
2025-09-19 15:58:38,355 [INFO] PluginManager:220 - loadIPPluginJar : add plateformsettings
2025-09-19 15:58:38,380 [INFO] IPUIPlugin:80 - create IPUIPlugin
2025-09-19 15:58:38,380 [INFO] PluginManager:220 - loadIPPluginJar : add quadspi
2025-09-19 15:58:38,405 [INFO] IPUIPlugin:80 - create IPUIPlugin
2025-09-19 15:58:38,406 [INFO] PluginManager:220 - loadIPPluginJar : add radio
2025-09-19 15:58:38,438 [INFO] IPUIPlugin:80 - create IPUIPlugin
2025-09-19 15:58:38,438 [INFO] PluginManager:220 - loadIPPluginJar : add resmgrutility
2025-09-19 15:58:38,487 [INFO] IPUIPlugin:80 - create IPUIPlugin
2025-09-19 15:58:38,487 [INFO] PluginManager:220 - loadIPPluginJar : add sai
2025-09-19 15:58:38,523 [INFO] IPUIPlugin:80 - create IPUIPlugin
2025-09-19 15:58:38,524 [INFO] PluginManager:220 - loadIPPluginJar : add spi
2025-09-19 15:58:38,593 [INFO] IPUIPlugin:80 - create IPUIPlugin
2025-09-19 15:58:38,593 [INFO] PluginManager:220 - loadIPPluginJar : add stm32_wpan
2025-09-19 15:58:38,618 [INFO] IPUIPlugin:80 - create IPUIPlugin
2025-09-19 15:58:38,618 [INFO] PluginManager:220 - loadIPPluginJar : add tim
2025-09-19 15:58:38,681 [INFO] IPUIPlugin:80 - create IPUIPlugin
2025-09-19 15:58:38,682 [INFO] PluginManager:220 - loadIPPluginJar : add touchsensing
2025-09-19 15:58:38,717 [INFO] IPUIPlugin:80 - create IPUIPlugin
2025-09-19 15:58:38,717 [INFO] PluginManager:220 - loadIPPluginJar : add tracer_emb
2025-09-19 15:58:38,753 [INFO] IPUIPlugin:80 - create IPUIPlugin
2025-09-19 15:58:38,754 [INFO] PluginManager:220 - loadIPPluginJar : add ts
2025-09-19 15:58:38,786 [INFO] IPUIPlugin:80 - create IPUIPlugin
2025-09-19 15:58:38,786 [INFO] PluginManager:220 - loadIPPluginJar : add tsc
2025-09-19 15:58:38,818 [INFO] IPUIPlugin:80 - create IPUIPlugin
2025-09-19 15:58:38,818 [INFO] PluginManager:220 - loadIPPluginJar : add ucpd
2025-09-19 15:58:38,872 [INFO] IPUIPlugin:80 - create IPUIPlugin
2025-09-19 15:58:38,872 [INFO] PluginManager:220 - loadIPPluginJar : add usart
2025-09-19 15:58:38,916 [INFO] IPUIPlugin:80 - create IPUIPlugin
2025-09-19 15:58:38,916 [INFO] PluginManager:220 - loadIPPluginJar : add usbx
2025-09-19 15:58:39,049 [FATAL] Updater:351 - Updater called before beeing initialized
2025-09-19 15:58:39,078 [INFO] RulesReader:64 - Compatibility file has been processed (317 Rules)
2025-09-19 15:58:39,105 [INFO] RulesReader:64 - Compatibility file has been processed (317 Rules)
2025-09-19 15:58:39,133 [INFO] CADModel:165 - CPN selected for project level
2025-09-19 15:58:39,133 [INFO] CADModel:114 - Register for checkConnection events
2025-09-19 15:58:39,133 [FATAL] Updater:351 - Updater called before beeing initialized
2025-09-19 15:58:39,134 [ERROR] CADModel:125 - Updater not yet initialized, retry later 
2025-09-19 15:58:39,318 [FATAL] Updater:351 - Updater called before beeing initialized
2025-09-19 15:58:39,319 [INFO] CADModel:165 - CPN selected for project level
2025-09-19 15:58:39,319 [INFO] CADModel:114 - Register for checkConnection events
2025-09-19 15:58:39,319 [FATAL] Updater:351 - Updater called before beeing initialized
2025-09-19 15:58:39,319 [ERROR] CADModel:125 - Updater not yet initialized, retry later 
2025-09-19 15:58:39,344 [FATAL] Updater:351 - Updater called before beeing initialized
2025-09-19 15:58:39,459 [FATAL] Updater:351 - Updater called before beeing initialized
2025-09-19 15:58:39,471 [INFO] DbMcusAds:53 - JSON generation date=Tue Jul 08 13:44:27 IST 2025 (1751962467633)
2025-09-19 15:58:39,471 [FATAL] Updater:351 - Updater called before beeing initialized
2025-09-19 15:58:39,494 [INFO] ThirdPartyUpdaterWithRetryManager:70 - Updater plugin not ready yet. [2/15]
2025-09-19 15:58:39,497 [WARN] DetailPanel:346 - Failed to get advertising image, set to default
2025-09-19 15:58:39,573 [FATAL] Updater:351 - Updater called before beeing initialized
2025-09-19 15:58:39,575 [FATAL] Updater:351 - Updater called before beeing initialized
2025-09-19 15:58:39,575 [FATAL] Updater:351 - Updater called before beeing initialized
2025-09-19 15:58:39,575 [WARN] DetailPanel:346 - Failed to get advertising image, set to default
2025-09-19 15:58:39,576 [FATAL] Updater:351 - Updater called before beeing initialized
2025-09-19 15:58:39,632 [ERROR] Updater:1198 - MainUpdater not yet initialized. External WinMGr cannot be set.
2025-09-19 15:58:39,642 [INFO] Updater:1134 - Updater Version found : 6.15.0
2025-09-19 15:58:39,655 [INFO] ApplicationProperties:184 - Using Application install path: C:\ST\STM32CubeIDE_1.16.0\STM32CubeIDE\plugins\com.st.stm32cube.common.mx_6.15.0.202507011659
2025-09-19 15:58:41,229 [ERROR] LogOutputStream:75 - [STDERR_REDIRECT] Sep 19, 2025 3:58:41 PM java.util.prefs.WindowsPreferences <init>
2025-09-19 15:58:41,230 [ERROR] LogOutputStream:75 - [STDERR_REDIRECT] WARNING: Could not open/create prefs root node Software\JavaSoft\Prefs at root 0xffffffff80000002. Windows RegCreateKeyEx(...) returned error code 5.
2025-09-19 15:58:41,230 [ERROR] LogOutputStream:75 - [STDERR_REDIRECT] 
2025-09-19 15:58:42,065 [INFO] MainUpdater:2872 - connection check result : 10
2025-09-19 15:58:42,065 [INFO] MainUpdater:289 - Updater Check For Update Now.
2025-09-19 15:58:42,066 [INFO] MicroXplorer:498 - Change Database Version : DB.6.0.150
2025-09-19 15:58:42,090 [INFO] McuFinderGlobals:63 - Set McuFinder mode to 2 (CubeIDE integrated)
2025-09-19 15:58:42,103 [INFO] UserAuth:487 - Internet connection configuration mode: 1
2025-09-19 15:58:42,149 [INFO] JxBrowserEngine:152 - Initiate JxBrowser Engine with user profile folder
2025-09-19 15:58:42,287 [INFO] CheckServerUpdateThread:120 - End of CheckServer Thread
2025-09-19 15:58:42,759 [WARN] PackLoader:240 - Cannot read IP mode file for STMicroelectronics.FP-SNS-MOTENVWB1.1.4.0
2025-09-19 15:58:42,794 [WARN] PackLoader:240 - Cannot read IP mode file for STMicroelectronics.X-CUBE-SMBUS.2.1.0
2025-09-19 15:58:42,824 [WARN] PackLoader:240 - Cannot read IP mode file for STMicroelectronics.X-CUBE-WB05N.1.1.0
2025-09-19 15:58:42,842 [WARN] PackLoader:240 - Cannot read IP mode file for STMicroelectronics.X-CUBE-ST60.1.0.0
2025-09-19 15:58:42,882 [WARN] PackLoader:240 - Cannot read IP mode file for STMicroelectronics.X-CUBE-AZRTOS-F7.1.1.0
2025-09-19 15:58:42,948 [WARN] PackLoader:240 - Cannot read IP mode file for STMicroelectronics.X-CUBE-MEMS1.11.0.0
2025-09-19 15:58:43,068 [WARN] PackLoader:240 - Cannot read IP mode file for STMicroelectronics.FP-SNS-FLIGHT1.5.0.2
2025-09-19 15:58:43,102 [WARN] PackLoader:240 - Cannot read IP mode file for STMicroelectronics.X-CUBE-AZRTOS-H7.3.4.0
2025-09-19 15:58:43,124 [WARN] PackLoader:240 - Cannot read IP mode file for STMicroelectronics.X-CUBE-DISPLAY.3.0.0
2025-09-19 15:58:43,142 [WARN] PackLoader:240 - Cannot read IP mode file for STMicroelectronics.X-CUBE-BLE1.7.0.0
2025-09-19 15:58:43,157 [WARN] PackLoader:240 - Cannot read IP mode file for STMicroelectronics.X-CUBE-NFC10.1.0.0
2025-09-19 15:58:43,178 [WARN] PackLoader:240 - Cannot read IP mode file for STMicroelectronics.X-CUBE-BLEMGR.4.0.0
2025-09-19 15:58:43,196 [WARN] PackLoader:240 - Cannot read IP mode file for emotas.I-CUBE-CANOPEN.1.3.0
2025-09-19 15:58:43,212 [WARN] PackLoader:240 - Cannot read IP mode file for STMicroelectronics.X-CUBE-BLEMGR.3.1.0
2025-09-19 15:58:43,229 [WARN] PackLoader:240 - Cannot read IP mode file for STMicroelectronics.FP-SNS-STBOX1.2.1.0
2025-09-19 15:58:43,244 [WARN] PackLoader:240 - Cannot read IP mode file for STMicroelectronics.FP-SNS-SMARTAG2.1.2.0
2025-09-19 15:58:43,258 [WARN] PackLoader:240 - Cannot read IP mode file for STMicroelectronics.FP-SNS-FLIGHT1.5.1.0
2025-09-19 15:58:43,278 [INFO] LogOutputStream:77 - [STDOUT_REDIRECT] 1 : Invalid condition id : UX_CORESTACK_Condition cause : null
2025-09-19 15:58:43,280 [INFO] LogOutputStream:77 - [STDOUT_REDIRECT] 1 : Invalid condition id : UX_CORESTACK_Condition cause : null
2025-09-19 15:58:43,282 [INFO] LogOutputStream:77 - [STDOUT_REDIRECT] 1 : Invalid condition id : UX_CORESTACK_Condition cause : null
2025-09-19 15:58:43,283 [INFO] LogOutputStream:77 - [STDOUT_REDIRECT] 1 : Invalid condition id : UX_CORESTACK_Condition cause : null
2025-09-19 15:58:43,284 [INFO] LogOutputStream:77 - [STDOUT_REDIRECT] 1 : Invalid condition id : UX_CORESTACK_Condition cause : null
2025-09-19 15:58:43,286 [WARN] PackLoader:240 - Cannot read IP mode file for STMicroelectronics.X-CUBE-AZRTOS-WL.2.0.0
2025-09-19 15:58:43,306 [WARN] PackLoader:240 - Cannot read IP mode file for STMicroelectronics.FP-SNS-MOTENV1.5.0.0
2025-09-19 15:58:43,327 [WARN] PackLoader:240 - Cannot read IP mode file for wolfSSL.I-CUBE-wolfMQTT.1.19.0
2025-09-19 15:58:43,349 [WARN] PackLoader:240 - Cannot read IP mode file for WES.I-CUBE-Cesium.1.3.0
2025-09-19 15:58:43,364 [WARN] PackLoader:240 - Cannot read IP mode file for STMicroelectronics.X-CUBE-BLE2.3.3.0
2025-09-19 15:58:43,381 [WARN] PackLoader:240 - Cannot read IP mode file for STMicroelectronics.X-CUBE-NFC9.1.0.0
2025-09-19 15:58:43,399 [WARN] PackLoader:240 - Cannot read IP mode file for STMicroelectronics.X-CUBE-BLE1.7.1.0
2025-09-19 15:58:43,423 [WARN] PackLoader:240 - Cannot read IP mode file for STMicroelectronics.X-CUBE-TCPP.4.1.0
2025-09-19 15:58:43,444 [WARN] PackLoader:240 - Cannot read IP mode file for STMicroelectronics.X-CUBE-EEPRMA1.5.2.0
2025-09-19 15:58:43,461 [WARN] PackLoader:240 - Cannot read IP mode file for STMicroelectronics.X-CUBE-AI.10.1.0
2025-09-19 15:58:43,466 [INFO] WebApp:169 - Instantiating new browser for Auth
2025-09-19 15:58:43,486 [WARN] PackLoader:240 - Cannot read IP mode file for STMicroelectronics.X-CUBE-AZRTOS-G0.1.1.0
2025-09-19 15:58:43,515 [WARN] PackLoader:240 - Cannot read IP mode file for STMicroelectronics.X-CUBE-SAFEA1.1.2.2
2025-09-19 15:58:43,541 [WARN] PackLoader:240 - Cannot read IP mode file for STMicroelectronics.X-CUBE-NFC4.3.0.0
2025-09-19 15:58:43,563 [WARN] PackLoader:240 - Cannot read IP mode file for EmbeddedOffice.I-CUBE-FS-RTOS.1.0.1
2025-09-19 15:58:43,581 [WARN] PackLoader:240 - Cannot read IP mode file for STMicroelectronics.X-CUBE-WB05N.2.0.0
2025-09-19 15:58:43,597 [WARN] PackLoader:240 - Cannot read IP mode file for STMicroelectronics.X-CUBE-TCPP.4.2.0
2025-09-19 15:58:43,615 [WARN] PackLoader:240 - Cannot read IP mode file for RealThread.X-CUBE-RT-Thread_Nano.4.1.1
2025-09-19 15:58:43,632 [WARN] PackLoader:240 - Cannot read IP mode file for wolfSSL.I-CUBE-wolfSSL.5.7.0
2025-09-19 15:58:43,651 [WARN] PackLoader:240 - Cannot read IP mode file for STMicroelectronics.FP-ATR-SIGFOX1.3.2.0
2025-09-19 15:58:43,675 [WARN] ConditionMgr:438 - getConditionDescription Invalid condition id : Cortex-A Device cause : null
2025-09-19 15:58:43,712 [WARN] ConditionMgr:1044 - genDependencies : Invalid condition id : Cortex-A Device cause : null
2025-09-19 15:58:43,712 [WARN] ConditionMgr:1044 - genDependencies : Invalid condition id : Cortex-A Device cause : null
2025-09-19 15:58:43,713 [WARN] ConditionMgr:1044 - genDependencies : Invalid condition id : Cortex-A Device cause : null
2025-09-19 15:58:43,730 [WARN] PackLoader:240 - Cannot read IP mode file for STMicroelectronics.X-CUBE-EEPRMA1.5.1.0
2025-09-19 15:58:43,746 [WARN] PackLoader:240 - Cannot read IP mode file for ITTIA_DB.I-CUBE-ITTIADB.8.9.0
2025-09-19 15:58:43,765 [WARN] PackLoader:240 - Cannot read IP mode file for STMicroelectronics.X-CUBE-ST67W61.1.0.0
2025-09-19 15:58:43,779 [WARN] PackLoader:240 - Cannot read IP mode file for STMicroelectronics.X-CUBE-AI.10.2.0
2025-09-19 15:58:43,807 [WARN] PackLoader:240 - Cannot read IP mode file for SEGGER.I-CUBE-embOS.1.3.1
2025-09-19 15:58:43,841 [WARN] PackLoader:240 - Cannot read IP mode file for STMicroelectronics.X-CUBE-ALGOBUILD.1.4.0
2025-09-19 15:58:43,887 [WARN] PackLoader:240 - Cannot read IP mode file for STMicroelectronics.X-CUBE-MEMS1.11.3.0
2025-09-19 15:58:44,000 [WARN] PackLoader:240 - Cannot read IP mode file for STMicroelectronics.X-CUBE-AI.9.1.0
2025-09-19 15:58:44,017 [WARN] PackLoader:240 - Cannot read IP mode file for STMicroelectronics.X-CUBE-PM33A1.1.0.0
2025-09-19 15:58:44,034 [WARN] PackLoader:240 - Cannot read IP mode file for STMicroelectronics.X-CUBE-GNSS1.6.0.0
2025-09-19 15:58:44,059 [WARN] PackLoader:240 - Cannot read IP mode file for STMicroelectronics.X-CUBE-AZRTOS-F4.1.1.0
2025-09-19 15:58:44,075 [WARN] PackLoader:240 - Cannot read IP mode file for Avnet-IotConnect.X-CUBE-IoTC-DA16k-PMOD.1.0.0
2025-09-19 15:58:44,090 [WARN] PackLoader:240 - Cannot read IP mode file for STMicroelectronics.X-CUBE-ISPU.2.1.0
2025-09-19 15:58:44,112 [WARN] PackLoader:240 - Cannot read IP mode file for STMicroelectronics.X-CUBE-FREERTOS.1.2.0
2025-09-19 15:58:44,139 [WARN] PackLoader:240 - Cannot read IP mode file for STMicroelectronics.X-CUBE-NFC12.1.0.0
2025-09-19 15:58:44,167 [WARN] PackLoader:240 - Cannot read IP mode file for STMicroelectronics.X-CUBE-AZRTOS-L5.2.0.0
2025-09-19 15:58:44,186 [WARN] PackLoader:240 - Cannot read IP mode file for STMicroelectronics.X-CUBE-NFC6.3.1.0
2025-09-19 15:58:44,203 [WARN] PackLoader:240 - Cannot read IP mode file for STMicroelectronics.X-CUBE-DPower.1.2.0
2025-09-19 15:58:44,218 [WARN] PackLoader:240 - Cannot read IP mode file for STMicroelectronics.X-CUBE-AI.9.0.0
2025-09-19 15:58:44,233 [WARN] PackLoader:240 - Cannot read IP mode file for STMicroelectronics.X-CUBE-FREERTOS.1.3.1
2025-09-19 15:58:44,247 [WARN] PackLoader:240 - Cannot read IP mode file for STMicroelectronics.X-CUBE-NFC7.1.0.1
2025-09-19 15:58:44,264 [WARN] PackLoader:240 - Cannot read IP mode file for wolfSSL.I-CUBE-wolfTPM.3.2.0
2025-09-19 15:58:44,282 [WARN] PackLoader:240 - Cannot read IP mode file for STMicroelectronics.FP-SNS-STAIOTCFT.1.0.0
2025-09-19 15:58:44,301 [WARN] PackLoader:240 - Cannot read IP mode file for STMicroelectronics.X-CUBE-DPower.1.3.0
2025-09-19 15:58:44,325 [WARN] ConditionMgr:438 - getConditionDescription Invalid condition id : LAN8742 Phy interface Condition cause : null
2025-09-19 15:58:44,326 [WARN] PackLoader:240 - Cannot read IP mode file for STMicroelectronics.X-CUBE-AZRTOS-L4.2.0.0
2025-09-19 15:58:44,327 [WARN] ConditionMgr:1044 - genDependencies : Invalid condition id : LAN8742 Phy interface Condition cause : null
2025-09-19 15:58:44,327 [WARN] ConditionMgr:1044 - genDependencies : Invalid condition id : LAN8742 Phy interface Condition cause : null
2025-09-19 15:58:44,327 [WARN] ConditionMgr:1044 - genDependencies : Invalid condition id : LAN8742 Phy interface Condition cause : null
2025-09-19 15:58:44,344 [WARN] PackLoader:240 - Cannot read IP mode file for STMicroelectronics.X-CUBE-SFXS2LP1.4.0.0
2025-09-19 15:58:44,369 [WARN] PackLoader:240 - Cannot read IP mode file for STMicroelectronics.X-CUBE-AZRTOS-H7.3.3.0
2025-09-19 15:58:44,387 [WARN] PackLoader:240 - Cannot read IP mode file for STMicroelectronics.X-CUBE-BLEMGR.4.1.0
2025-09-19 15:58:44,408 [WARN] PackLoader:240 - Cannot read IP mode file for STMicroelectronics.X-CUBE-IPS.3.0.0
2025-09-19 15:58:44,429 [WARN] ConditionMgr:438 - getConditionDescription Invalid condition id : UX DEVICE CLASS RTOS Condition cause : null
2025-09-19 15:58:44,429 [WARN] ConditionMgr:438 - getConditionDescription Invalid condition id : UX DEVICE CLASS RTOS Condition cause : null
2025-09-19 15:58:44,430 [WARN] PackLoader:240 - Cannot read IP mode file for STMicroelectronics.X-CUBE-AZRTOS-WB.2.0.0
2025-09-19 15:58:44,430 [WARN] ConditionMgr:1044 - genDependencies : Invalid condition id : UX DEVICE CLASS RTOS Condition cause : null
2025-09-19 15:58:44,431 [WARN] ConditionMgr:1044 - genDependencies : Invalid condition id : UX DEVICE CLASS RTOS Condition cause : null
2025-09-19 15:58:44,431 [WARN] ConditionMgr:1044 - genDependencies : Invalid condition id : UX DEVICE CLASS RTOS Condition cause : null
2025-09-19 15:58:44,431 [WARN] ConditionMgr:1044 - genDependencies : Invalid condition id : UX DEVICE CLASS RTOS Condition cause : null
2025-09-19 15:58:44,431 [WARN] ConditionMgr:1044 - genDependencies : Invalid condition id : UX DEVICE CLASS RTOS Condition cause : null
2025-09-19 15:58:44,445 [WARN] PackLoader:240 - Cannot read IP mode file for STMicroelectronics.X-CUBE-GNSS1.7.0.0
2025-09-19 15:58:44,461 [WARN] PackLoader:240 - Cannot read IP mode file for STMicroelectronics.X-CUBE-GNSS1.7.0.1
2025-09-19 15:58:44,491 [WARN] PackLoader:240 - Cannot read IP mode file for STMicroelectronics.X-CUBE-TOUCHGFX.4.25.0
2025-09-19 15:58:44,505 [WARN] PackLoader:240 - Cannot read IP mode file for STMicroelectronics.FP-SNS-STBOX1.2.0.0
2025-09-19 15:58:44,526 [WARN] PackLoader:240 - Cannot read IP mode file for STMicroelectronics.X-CUBE-SUBG2.5.0.0
2025-09-19 15:58:44,555 [WARN] PackLoader:240 - Cannot read IP mode file for STMicroelectronics.X-CUBE-AZRTOS-H7RS.1.1.0
2025-09-19 15:58:44,573 [WARN] PackLoader:240 - Cannot read IP mode file for Cesanta.I-CUBE-Mongoose.7.13.0
2025-09-19 15:58:44,596 [WARN] PackLoader:240 - Cannot read IP mode file for STMicroelectronics.X-CUBE-AZRTOS-G4.2.0.0
2025-09-19 15:58:44,612 [WARN] PackLoader:240 - Cannot read IP mode file for STMicroelectronics.X-CUBE-NFC7.2.0.0
2025-09-19 15:58:44,627 [WARN] PackLoader:240 - Cannot read IP mode file for STMicroelectronics.X-CUBE-ISPU.2.0.0
2025-09-19 15:58:44,646 [WARN] PackLoader:240 - Cannot read IP mode file for STMicroelectronics.X-CUBE-IPS.3.1.0
2025-09-19 15:58:44,662 [WARN] PackLoader:240 - Cannot read IP mode file for STMicroelectronics.X-CUBE-ALS.1.0.2
2025-09-19 15:58:44,692 [WARN] PackLoader:240 - Cannot read IP mode file for STMicroelectronics.X-CUBE-MEMS1.10.0.0
2025-09-19 15:58:44,752 [WARN] PackLoader:240 - Cannot read IP mode file for STMicroelectronics.X-CUBE-TOUCHGFX.4.24.0
2025-09-19 15:58:44,769 [WARN] PackLoader:240 - Cannot read IP mode file for STMicroelectronics.X-CUBE-TOUCHGFX.4.24.1
2025-09-19 15:58:44,798 [WARN] PackLoader:240 - Cannot read IP mode file for STMicroelectronics.X-CUBE-STSE01.1.0.0
2025-09-19 15:58:44,820 [WARN] PackLoader:240 - Cannot read IP mode file for portGmbH.I-Cube-SoM-uGOAL.1.1.0
2025-09-19 15:58:44,851 [WARN] PackLoader:240 - Cannot read IP mode file for STMicroelectronics.X-CUBE-AZRTOS-H7RS.1.0.0
2025-09-19 15:58:44,874 [WARN] PackLoader:240 - Cannot read IP mode file for STMicroelectronics.FP-ATR-ASTRA1.2.0.0
2025-09-19 15:58:44,893 [WARN] PackLoader:240 - Cannot read IP mode file for STMicroelectronics.X-CUBE-TOF1.3.4.2
2025-09-19 15:58:44,915 [WARN] PackLoader:240 - Cannot read IP mode file for STMicroelectronics.X-CUBE-TOF1.3.4.3
2025-09-19 15:58:44,944 [WARN] PackLoader:240 - Cannot read IP mode file for STMicroelectronics.X-CUBE-TOF1.3.4.1
2025-09-19 15:58:44,958 [INFO] WebApp:463 - Apply proxy settings
2025-09-19 15:58:44,958 [INFO] WebApp:548 - Chromium requires no authentication
2025-09-19 15:58:44,970 [INFO] WebApp:491 - Direct internet connection detected
2025-09-19 15:58:44,984 [WARN] PackLoader:240 - Cannot read IP mode file for STMicroelectronics.X-CUBE-AZRTOS-H7.3.2.0
2025-09-19 15:58:45,011 [WARN] PackLoader:240 - Cannot read IP mode file for Infineon.AIROC-Wi-Fi-Bluetooth-STM32.1.6.0
2025-09-19 15:58:45,022 [INFO] WebApp:900 - Register for checkConnection events
2025-09-19 15:58:45,022 [INFO] WebApp:463 - Apply proxy settings
2025-09-19 15:58:45,022 [INFO] WebApp:548 - Chromium requires no authentication
2025-09-19 15:58:45,023 [INFO] WebApp:491 - Direct internet connection detected
2025-09-19 15:58:45,039 [WARN] PackLoader:240 - Cannot read IP mode file for wolfSSL.I-CUBE-wolfSSH.1.4.17
2025-09-19 15:58:45,040 [INFO] ThirdParty:978 - Integrity check success = true
2025-09-19 15:58:45,040 [INFO] IntegrityCheckThread:100 - exiting critical section [integrity check]
2025-09-19 15:58:45,040 [INFO] IntegrityCheckThread:103 - End integrity checks thread
2025-09-19 15:58:45,282 [INFO] WebApp:225 - Starting web application
2025-09-19 15:58:45,282 [INFO] WebApp:593 - Web application path used C:\ST\STM32CubeIDE_1.16.0\STM32CubeIDE\plugins\com.st.stm32cube.common.mx_6.15.0.202507011659\db\plugins\mcufinder\reactClient1\index.html
2025-09-19 15:58:45,505 [INFO] WebApp:191 - Connection restablished
2025-09-19 15:58:45,526 [INFO] UserAuth:487 - Internet connection configuration mode: 1
2025-09-19 15:58:47,596 [ERROR] LogOutputStream:75 - [STDERR_REDIRECT] 
2025-09-19 15:58:47,597 [ERROR] LogOutputStream:75 - [STDERR_REDIRECT] 
