2025-06-27 09:47:08,399 [INFO] Activator:176 - 


2025-06-27 09:47:08,409 [INFO] Activator:177 - !SESSION log4j initialized
2025-06-27 09:47:16,868 [INFO] LogOutputStream:77 - [STDOUT_REDIRECT] 
2025-06-27 09:47:24,340 [INFO] ApplicationProperties:184 - Using Application install path: C:\ST\STM32CubeIDE_1.16.0\STM32CubeIDE\plugins\com.st.stm32cube.common.mx_6.14.1.202504091515
2025-06-27 09:47:24,358 [INFO] DbMcusXml:78 - Set database path to: C:\ST\STM32CubeIDE_1.16.0\STM32CubeIDE\plugins\com.st.stm32cube.common.mx_6.14.1.202504091515\\db\/mcu/
2025-06-27 09:47:24,358 [INFO] ApiDb:274 - Set plugin database path to: C:\ST\STM32CubeIDE_1.16.0\STM32CubeIDE\plugins\com.st.stm32cube.common.mx_6.14.1.202504091515\\db\/plugins/boardmanager/
2025-06-27 09:47:24,358 [WARN] ApiDb:259 - Overriding images path with different value:  => C:\ST\STM32CubeIDE_1.16.0\STM32CubeIDE\plugins\com.st.stm32cube.common.mx_6.14.1.202504091515\\db\/plugins/mcufinder/images/
2025-06-27 09:47:24,371 [INFO] ApiDb:250 - Set database path to: C:\Users\nisha\.stmcufinder\plugins\mcufinder//mcu/
2025-06-27 09:47:24,371 [INFO] DbMcusAds:125 - Set database path to: C:\Users\nisha\.stmcufinder\plugins\mcufinder//mcu/
2025-06-27 09:47:24,371 [INFO] CrossReferenceDbSqlite:203 - Set database path to: C:\Users\nisha\.stmcufinder\plugins\mcufinder//mcu/cs/
2025-06-27 09:47:24,483 [INFO] RulesReader:64 - Compatibility file has been processed (302 Rules)
2025-06-27 09:47:24,566 [INFO] DbMcusXml:78 - Set database path to: C:\ST\STM32CubeIDE_1.16.0\STM32CubeIDE\plugins\com.st.stm32cube.common.mx_6.14.1.202504091515\\db\/mcu/
2025-06-27 09:47:24,566 [INFO] ApiDb:274 - Set plugin database path to: C:\ST\STM32CubeIDE_1.16.0\STM32CubeIDE\plugins\com.st.stm32cube.common.mx_6.14.1.202504091515\\db\/plugins/boardmanager/
2025-06-27 09:47:24,566 [INFO] ApiDb:261 - Set plugin images path to: C:\ST\STM32CubeIDE_1.16.0\STM32CubeIDE\plugins\com.st.stm32cube.common.mx_6.14.1.202504091515\\db\/plugins/mcufinder/images/
2025-06-27 09:47:24,566 [WARN] DbFile:41 - Overriding database path with different value: C:\Users\nisha\.stmcufinder\plugins\mcufinder/ => C:\Users\nisha\.stmcufinder\plugins\mcufinder
2025-06-27 09:47:24,566 [INFO] ApiDb:250 - Set database path to: C:\Users\nisha\.stmcufinder\plugins\mcufinder//mcu/
2025-06-27 09:47:24,566 [WARN] DbFile:41 - Overriding database path with different value: C:\Users\nisha\.stmcufinder\plugins\mcufinder/ => C:\Users\nisha\.stmcufinder\plugins\mcufinder
2025-06-27 09:47:24,566 [INFO] DbMcusAds:125 - Set database path to: C:\Users\nisha\.stmcufinder\plugins\mcufinder//mcu/
2025-06-27 09:47:24,566 [WARN] DbFile:41 - Overriding database path with different value: C:\Users\nisha\.stmcufinder\plugins\mcufinder/ => C:\Users\nisha\.stmcufinder\plugins\mcufinder
2025-06-27 09:47:24,566 [WARN] DbFile:41 - Overriding database path with different value: C:\Users\nisha\.stmcufinder\plugins\mcufinder/ => C:\Users\nisha\.stmcufinder\plugins\mcufinder
2025-06-27 09:47:24,566 [INFO] CrossReferenceDbSqlite:203 - Set database path to: C:\Users\nisha\.stmcufinder\plugins\mcufinder//mcu/cs/
2025-06-27 09:47:24,654 [INFO] MainPanel:272 - HeapMemory: 268435456
2025-06-27 09:47:24,799 [INFO] DbMcusXml:78 - Set database path to: C:\ST\STM32CubeIDE_1.16.0\STM32CubeIDE\plugins\com.st.stm32cube.common.mx_6.14.1.202504091515\\db\/mcu/
2025-06-27 09:47:24,799 [INFO] ApiDb:274 - Set plugin database path to: C:\ST\STM32CubeIDE_1.16.0\STM32CubeIDE\plugins\com.st.stm32cube.common.mx_6.14.1.202504091515\\db\/plugins/boardmanager/
2025-06-27 09:47:24,799 [INFO] ApiDb:261 - Set plugin images path to: C:\ST\STM32CubeIDE_1.16.0\STM32CubeIDE\plugins\com.st.stm32cube.common.mx_6.14.1.202504091515\\db\/plugins/mcufinder/images/
2025-06-27 09:47:24,799 [WARN] DbFile:41 - Overriding database path with different value: C:\Users\nisha\.stmcufinder\plugins\mcufinder/ => C:\Users\nisha\.stmcufinder\plugins\mcufinder
2025-06-27 09:47:24,799 [INFO] ApiDb:250 - Set database path to: C:\Users\nisha\.stmcufinder\plugins\mcufinder//mcu/
2025-06-27 09:47:24,799 [WARN] DbFile:41 - Overriding database path with different value: C:\Users\nisha\.stmcufinder\plugins\mcufinder/ => C:\Users\nisha\.stmcufinder\plugins\mcufinder
2025-06-27 09:47:24,799 [INFO] DbMcusAds:125 - Set database path to: C:\Users\nisha\.stmcufinder\plugins\mcufinder//mcu/
2025-06-27 09:47:24,799 [WARN] DbFile:41 - Overriding database path with different value: C:\Users\nisha\.stmcufinder\plugins\mcufinder/ => C:\Users\nisha\.stmcufinder\plugins\mcufinder
2025-06-27 09:47:24,799 [WARN] DbFile:41 - Overriding database path with different value: C:\Users\nisha\.stmcufinder\plugins\mcufinder/ => C:\Users\nisha\.stmcufinder\plugins\mcufinder
2025-06-27 09:47:24,799 [INFO] CrossReferenceDbSqlite:203 - Set database path to: C:\Users\nisha\.stmcufinder\plugins\mcufinder//mcu/cs/
2025-06-27 09:47:24,823 [INFO] ApplicationProperties:184 - Using Application install path: C:\ST\STM32CubeIDE_1.16.0\STM32CubeIDE\plugins\com.st.stm32cube.common.mx_6.14.1.202504091515
2025-06-27 09:47:24,825 [INFO] PluginManage:196 - Search for loadable plugins [exclusion list=, ]
2025-06-27 09:47:24,825 [INFO] PluginManage:310 - Check plugin analytics
2025-06-27 09:47:25,058 [INFO] AnalyticsPlugin:253 - Accepted Software Licenses: 
2025-06-27 09:47:25,058 [INFO] AnalyticsPlugin:255 - Accepted CMSIS Pack Licenses: 
2025-06-27 09:47:25,058 [INFO] AnalyticsPlugin:257 - Accepted Firmware Licenses: FW.F4.1.28.0
2025-06-27 09:47:25,074 [INFO] PluginManage:359 - Loaded plugin analytics (category:tool,tabindex:-1)
2025-06-27 09:47:25,074 [INFO] PluginManage:310 - Check plugin cadmodel
2025-06-27 09:47:25,090 [INFO] CADModel:105 - Init CAD model plugin
2025-06-27 09:47:25,090 [INFO] PluginManage:359 - Loaded plugin cadmodel (category:power,tabindex:5)
2025-06-27 09:47:25,090 [INFO] PluginManage:310 - Check plugin clock
2025-06-27 09:47:25,121 [INFO] PluginManage:359 - Loaded plugin clock (category:base,tabindex:2)
2025-06-27 09:47:25,121 [INFO] PluginManage:310 - Check plugin ddr
2025-06-27 09:47:25,133 [INFO] PluginManage:359 - Loaded plugin ddr (category:tool,tabindex:6)
2025-06-27 09:47:25,133 [INFO] PluginManage:310 - Check plugin filemanager
2025-06-27 09:47:25,302 [INFO] PluginManage:359 - Loaded plugin filemanager (category:base,tabindex:10)
2025-06-27 09:47:25,302 [INFO] PluginManage:310 - Check plugin ipmanager
2025-06-27 09:47:25,310 [INFO] PluginManage:359 - Loaded plugin ipmanager (category:base,tabindex:5)
2025-06-27 09:47:25,310 [INFO] PluginManage:310 - Check plugin lpbam
2025-06-27 09:47:25,326 [INFO] PluginManage:359 - Loaded plugin lpbam (category:base,tabindex:0)
2025-06-27 09:47:25,326 [INFO] PluginManage:310 - Check plugin memorymap
2025-06-27 09:47:25,358 [INFO] PluginManage:359 - Loaded plugin memorymap (category:base,tabindex:4)
2025-06-27 09:47:25,358 [INFO] PluginManage:310 - Check plugin pinoutandconfiguration
2025-06-27 09:47:25,393 [INFO] PluginManage:359 - Loaded plugin pinoutandconfiguration (category:base,tabindex:1)
2025-06-27 09:47:25,393 [INFO] PluginManage:310 - Check plugin pinoutconfig
2025-06-27 09:47:25,517 [WARN] SupportedApi:132 - Cannot load RTOS API schema: s4s-elt-must-match.1: The content of 'definitions' must match (annotation?, (simpleType | complexType)?, (unique | key | keyref)*)). A problem was found starting at: attribute.
2025-06-27 09:47:25,645 [INFO] PluginManage:359 - Loaded plugin pinoutconfig (category:base,tabindex:0)
2025-06-27 09:47:25,645 [INFO] PluginManage:310 - Check plugin power
2025-06-27 09:47:25,661 [INFO] PluginManage:359 - Loaded plugin power (category:power,tabindex:4)
2025-06-27 09:47:25,661 [INFO] PluginManage:310 - Check plugin projectmanager
2025-06-27 09:47:25,689 [INFO] PluginManage:359 - Loaded plugin projectmanager (category:projectmanager,tabindex:4)
2025-06-27 09:47:25,689 [INFO] PluginManage:310 - Check plugin rif
2025-06-27 09:47:25,705 [INFO] PluginManage:359 - Loaded plugin rif (category:base,tabindex:3)
2025-06-27 09:47:25,705 [INFO] PluginManage:310 - Check plugin thirdparty
2025-06-27 09:47:26,021 [INFO] PluginManage:359 - Loaded plugin thirdparty (category:base,tabindex:-1)
2025-06-27 09:47:26,024 [INFO] PluginManage:310 - Check plugin tools
2025-06-27 09:47:26,021 [WARN] IntegrityCheckThread:84 - waiting for thirdparty lock release [integrity check]
2025-06-27 09:47:26,024 [INFO] IntegrityCheckThread:86 - entering critical section [integrity check]
2025-06-27 09:47:26,024 [INFO] ThirdPartyUpdaterWithRetryManager:70 - Updater plugin not ready yet. [1/15]
2025-06-27 09:47:26,062 [INFO] PluginManage:359 - Loaded plugin tools (category:base,tabindex:7)
2025-06-27 09:47:26,062 [INFO] PluginManage:310 - Check plugin tutovideos
2025-06-27 09:47:26,230 [INFO] PluginManage:359 - Loaded plugin tutovideos (category:base,tabindex:-1)
2025-06-27 09:47:26,230 [INFO] PluginManage:310 - Check plugin updater
2025-06-27 09:47:26,250 [INFO] PluginManage:359 - Loaded plugin updater (category:base,tabindex:12)
2025-06-27 09:47:26,250 [INFO] PluginManage:310 - Check plugin userauth
2025-06-27 09:47:26,256 [INFO] UserAuth:118 - Init User Auth plugin
2025-06-27 09:47:26,256 [INFO] PluginManage:359 - Loaded plugin userauth (category:base,tabindex:14)
2025-06-27 09:47:26,256 [INFO] PluginManage:283 - PluginManage : Loaded plugins [18]
2025-06-27 09:47:26,475 [INFO] PinOutPanel:1589 - setPackage(No Configuration,No Configuration)
2025-06-27 09:47:26,562 [INFO] CADModel:165 - CPN selected for project level
2025-06-27 09:47:26,562 [INFO] CADModel:114 - Register for checkConnection events
2025-06-27 09:47:26,589 [INFO] IPUIPlugin:80 - create IPUIPlugin
2025-06-27 09:47:26,589 [INFO] PluginManager:220 - loadIPPluginJar : add adc
2025-06-27 09:47:26,626 [INFO] IPUIPlugin:80 - create IPUIPlugin
2025-06-27 09:47:26,626 [INFO] PluginManager:220 - loadIPPluginJar : add aes
2025-06-27 09:47:26,671 [INFO] IPUIPlugin:80 - create IPUIPlugin
2025-06-27 09:47:26,671 [INFO] PluginManager:220 - loadIPPluginJar : add can
2025-06-27 09:47:26,700 [INFO] IPUIPlugin:80 - create IPUIPlugin
2025-06-27 09:47:26,700 [INFO] PluginManager:220 - loadIPPluginJar : add comp
2025-06-27 09:47:26,734 [INFO] IPUIPlugin:80 - create IPUIPlugin
2025-06-27 09:47:26,734 [INFO] PluginManager:220 - loadIPPluginJar : add cryp
2025-06-27 09:47:26,734 [INFO] IPUIPlugin:80 - create IPUIPlugin
2025-06-27 09:47:26,734 [INFO] PluginManager:220 - loadIPPluginJar : add ddr_ctrl_phy
2025-06-27 09:47:26,776 [INFO] IPUIPlugin:80 - create IPUIPlugin
2025-06-27 09:47:26,776 [INFO] PluginManager:220 - loadIPPluginJar : add dfsdm
2025-06-27 09:47:26,789 [INFO] IPUIPlugin:80 - create IPUIPlugin
2025-06-27 09:47:26,789 [INFO] PluginManager:220 - loadIPPluginJar : add dma
2025-06-27 09:47:26,832 [INFO] IPUIPlugin:80 - create IPUIPlugin
2025-06-27 09:47:26,832 [INFO] PluginManager:220 - loadIPPluginJar : add dma3
2025-06-27 09:47:26,882 [INFO] IPUIPlugin:80 - create IPUIPlugin
2025-06-27 09:47:26,882 [INFO] PluginManager:220 - loadIPPluginJar : add extmemmanager
2025-06-27 09:47:26,909 [INFO] IPUIPlugin:80 - create IPUIPlugin
2025-06-27 09:47:26,909 [INFO] PluginManager:220 - loadIPPluginJar : add fatfs
2025-06-27 09:47:26,960 [INFO] IPUIPlugin:80 - create IPUIPlugin
2025-06-27 09:47:26,960 [INFO] PluginManager:220 - loadIPPluginJar : add fmc
2025-06-27 09:47:26,970 [INFO] IPUIPlugin:80 - create IPUIPlugin
2025-06-27 09:47:26,970 [INFO] PluginManager:220 - loadIPPluginJar : add freertos
2025-06-27 09:47:27,011 [INFO] IPUIPlugin:80 - create IPUIPlugin
2025-06-27 09:47:27,011 [INFO] PluginManager:220 - loadIPPluginJar : add genericplugin
2025-06-27 09:47:27,125 [INFO] IPUIPlugin:80 - create IPUIPlugin
2025-06-27 09:47:27,125 [INFO] PluginManager:220 - loadIPPluginJar : add gfxmmu
2025-06-27 09:47:27,256 [INFO] IPUIPlugin:80 - create IPUIPlugin
2025-06-27 09:47:27,256 [INFO] PluginManager:220 - loadIPPluginJar : add gic
2025-06-27 09:47:27,270 [INFO] IPUIPlugin:80 - create IPUIPlugin
2025-06-27 09:47:27,270 [INFO] PluginManager:220 - loadIPPluginJar : add gpio
2025-06-27 09:47:27,361 [INFO] IPUIPlugin:80 - create IPUIPlugin
2025-06-27 09:47:27,361 [INFO] PluginManager:220 - loadIPPluginJar : add gtzc
2025-06-27 09:47:27,385 [INFO] IPUIPlugin:80 - create IPUIPlugin
2025-06-27 09:47:27,385 [INFO] PluginManager:220 - loadIPPluginJar : add hash
2025-06-27 09:47:27,458 [INFO] IPUIPlugin:80 - create IPUIPlugin
2025-06-27 09:47:27,458 [INFO] PluginManager:220 - loadIPPluginJar : add i2c
2025-06-27 09:47:27,497 [INFO] IPUIPlugin:80 - create IPUIPlugin
2025-06-27 09:47:27,497 [INFO] PluginManager:220 - loadIPPluginJar : add i2s
2025-06-27 09:47:27,545 [INFO] IPUIPlugin:80 - create IPUIPlugin
2025-06-27 09:47:27,545 [INFO] PluginManager:220 - loadIPPluginJar : add i3c
2025-06-27 09:47:27,640 [INFO] IPUIPlugin:80 - create IPUIPlugin
2025-06-27 09:47:27,640 [INFO] PluginManager:220 - loadIPPluginJar : add ipddr
2025-06-27 09:47:27,735 [INFO] IPUIPlugin:80 - create IPUIPlugin
2025-06-27 09:47:27,735 [INFO] PluginManager:220 - loadIPPluginJar : add linkedlist
2025-06-27 09:47:27,766 [INFO] IPUIPlugin:80 - create IPUIPlugin
2025-06-27 09:47:27,766 [INFO] PluginManager:220 - loadIPPluginJar : add lorawan
2025-06-27 09:47:27,814 [INFO] IPUIPlugin:80 - create IPUIPlugin
2025-06-27 09:47:27,814 [INFO] PluginManager:220 - loadIPPluginJar : add ltdc
2025-06-27 09:47:27,830 [INFO] IPUIPlugin:80 - create IPUIPlugin
2025-06-27 09:47:27,830 [INFO] PluginManager:220 - loadIPPluginJar : add mdma
2025-06-27 09:47:27,846 [INFO] IPUIPlugin:80 - create IPUIPlugin
2025-06-27 09:47:27,846 [INFO] PluginManager:220 - loadIPPluginJar : add nvic
2025-06-27 09:47:27,877 [INFO] IPUIPlugin:80 - create IPUIPlugin
2025-06-27 09:47:27,877 [INFO] PluginManager:220 - loadIPPluginJar : add opamp
2025-06-27 09:47:27,941 [INFO] IPUIPlugin:80 - create IPUIPlugin
2025-06-27 09:47:27,941 [INFO] PluginManager:220 - loadIPPluginJar : add openamp
2025-06-27 09:47:27,972 [INFO] IPUIPlugin:80 - create IPUIPlugin
2025-06-27 09:47:27,972 [INFO] PluginManager:220 - loadIPPluginJar : add pdm2pcm
2025-06-27 09:47:27,994 [INFO] IPUIPlugin:80 - create IPUIPlugin
2025-06-27 09:47:27,994 [INFO] PluginManager:220 - loadIPPluginJar : add plateformsettings
2025-06-27 09:47:28,020 [INFO] IPUIPlugin:80 - create IPUIPlugin
2025-06-27 09:47:28,020 [INFO] PluginManager:220 - loadIPPluginJar : add quadspi
2025-06-27 09:47:28,036 [INFO] IPUIPlugin:80 - create IPUIPlugin
2025-06-27 09:47:28,036 [INFO] PluginManager:220 - loadIPPluginJar : add radio
2025-06-27 09:47:28,060 [INFO] IPUIPlugin:80 - create IPUIPlugin
2025-06-27 09:47:28,060 [INFO] PluginManager:220 - loadIPPluginJar : add resmgrutility
2025-06-27 09:47:28,100 [INFO] IPUIPlugin:80 - create IPUIPlugin
2025-06-27 09:47:28,100 [INFO] PluginManager:220 - loadIPPluginJar : add sai
2025-06-27 09:47:28,131 [INFO] IPUIPlugin:80 - create IPUIPlugin
2025-06-27 09:47:28,131 [INFO] PluginManager:220 - loadIPPluginJar : add spi
2025-06-27 09:47:28,213 [INFO] IPUIPlugin:80 - create IPUIPlugin
2025-06-27 09:47:28,213 [INFO] PluginManager:220 - loadIPPluginJar : add stm32_wpan
2025-06-27 09:47:28,245 [INFO] IPUIPlugin:80 - create IPUIPlugin
2025-06-27 09:47:28,245 [INFO] PluginManager:220 - loadIPPluginJar : add tim
2025-06-27 09:47:28,319 [INFO] IPUIPlugin:80 - create IPUIPlugin
2025-06-27 09:47:28,319 [INFO] PluginManager:220 - loadIPPluginJar : add touchsensing
2025-06-27 09:47:28,353 [INFO] IPUIPlugin:80 - create IPUIPlugin
2025-06-27 09:47:28,353 [INFO] PluginManager:220 - loadIPPluginJar : add tracer_emb
2025-06-27 09:47:28,369 [INFO] IPUIPlugin:80 - create IPUIPlugin
2025-06-27 09:47:28,369 [INFO] PluginManager:220 - loadIPPluginJar : add ts
2025-06-27 09:47:28,410 [INFO] IPUIPlugin:80 - create IPUIPlugin
2025-06-27 09:47:28,410 [INFO] PluginManager:220 - loadIPPluginJar : add tsc
2025-06-27 09:47:28,435 [INFO] IPUIPlugin:80 - create IPUIPlugin
2025-06-27 09:47:28,435 [INFO] PluginManager:220 - loadIPPluginJar : add ucpd
2025-06-27 09:47:28,472 [INFO] IPUIPlugin:80 - create IPUIPlugin
2025-06-27 09:47:28,472 [INFO] PluginManager:220 - loadIPPluginJar : add usart
2025-06-27 09:47:28,503 [INFO] IPUIPlugin:80 - create IPUIPlugin
2025-06-27 09:47:28,503 [INFO] PluginManager:220 - loadIPPluginJar : add usbx
2025-06-27 09:47:28,633 [FATAL] Updater:351 - Updater called before beeing initialized
2025-06-27 09:47:28,671 [INFO] RulesReader:64 - Compatibility file has been processed (302 Rules)
2025-06-27 09:47:28,702 [INFO] RulesReader:64 - Compatibility file has been processed (302 Rules)
2025-06-27 09:47:28,702 [INFO] CADModel:165 - CPN selected for project level
2025-06-27 09:47:28,702 [INFO] CADModel:114 - Register for checkConnection events
2025-06-27 09:47:28,702 [FATAL] Updater:351 - Updater called before beeing initialized
2025-06-27 09:47:28,702 [ERROR] CADModel:125 - Updater not yet initialized, retry later 
2025-06-27 09:47:28,995 [FATAL] Updater:351 - Updater called before beeing initialized
2025-06-27 09:47:29,002 [INFO] CADModel:165 - CPN selected for project level
2025-06-27 09:47:29,002 [INFO] CADModel:114 - Register for checkConnection events
2025-06-27 09:47:29,002 [FATAL] Updater:351 - Updater called before beeing initialized
2025-06-27 09:47:29,002 [ERROR] CADModel:125 - Updater not yet initialized, retry later 
2025-06-27 09:47:29,002 [FATAL] Updater:351 - Updater called before beeing initialized
2025-06-27 09:47:29,033 [INFO] ThirdPartyUpdaterWithRetryManager:70 - Updater plugin not ready yet. [2/15]
2025-06-27 09:47:29,097 [FATAL] Updater:351 - Updater called before beeing initialized
2025-06-27 09:47:29,113 [INFO] DbMcusAds:53 - JSON generation date=Thu Jun 19 14:02:34 IST 2025 (1750321954415)
2025-06-27 09:47:29,113 [FATAL] Updater:351 - Updater called before beeing initialized
2025-06-27 09:47:29,160 [WARN] DetailPanel:346 - Failed to get advertising image, set to default
2025-06-27 09:47:29,360 [FATAL] Updater:351 - Updater called before beeing initialized
2025-06-27 09:47:29,367 [FATAL] Updater:351 - Updater called before beeing initialized
2025-06-27 09:47:29,367 [FATAL] Updater:351 - Updater called before beeing initialized
2025-06-27 09:47:29,367 [WARN] DetailPanel:346 - Failed to get advertising image, set to default
2025-06-27 09:47:29,367 [FATAL] Updater:351 - Updater called before beeing initialized
2025-06-27 09:47:29,423 [ERROR] Updater:1198 - MainUpdater not yet initialized. External WinMGr cannot be set.
2025-06-27 09:47:29,432 [INFO] Updater:1134 - Updater Version found : 6.14.1
2025-06-27 09:47:29,460 [INFO] ApplicationProperties:184 - Using Application install path: C:\ST\STM32CubeIDE_1.16.0\STM32CubeIDE\plugins\com.st.stm32cube.common.mx_6.14.1.202504091515
2025-06-27 09:47:31,095 [ERROR] LogOutputStream:75 - [STDERR_REDIRECT] Jun 27, 2025 9:47:31 AM java.util.prefs.WindowsPreferences <init>
2025-06-27 09:47:31,095 [ERROR] LogOutputStream:75 - [STDERR_REDIRECT] WARNING: Could not open/create prefs root node Software\JavaSoft\Prefs at root 0xffffffff80000002. Windows RegCreateKeyEx(...) returned error code 5.
2025-06-27 09:47:31,095 [ERROR] LogOutputStream:75 - [STDERR_REDIRECT] 
2025-06-27 09:47:32,034 [FATAL] Updater:351 - Updater called before beeing initialized
2025-06-27 09:47:32,034 [ERROR] IntegrityCheckThread:130 - Cannot retrieve database content from updater: error 21
2025-06-27 09:47:32,034 [INFO] ThirdParty:978 - Integrity check success = false
2025-06-27 09:47:32,034 [INFO] IntegrityCheckThread:100 - exiting critical section [integrity check]
2025-06-27 09:47:32,034 [INFO] IntegrityCheckThread:103 - End integrity checks thread
2025-06-27 09:47:32,211 [INFO] MainUpdater:2872 - connection check result : 10
2025-06-27 09:47:32,211 [INFO] MainUpdater:289 - Updater Check For Update Now.
2025-06-27 09:47:32,217 [INFO] MicroXplorer:498 - Change Database Version : DB.6.0.141
2025-06-27 09:47:32,245 [INFO] McuFinderGlobals:63 - Set McuFinder mode to 2 (CubeIDE integrated)
2025-06-27 09:47:32,245 [INFO] UserAuth:484 - Internet connection configuration mode: 1
2025-06-27 09:47:32,288 [INFO] JxBrowserEngine:152 - Initiate JxBrowser Engine with user profile folder
2025-06-27 09:47:32,430 [INFO] CheckServerUpdateThread:120 - End of CheckServer Thread
2025-06-27 09:47:34,161 [INFO] WebApp:169 - Instantiating new browser for Auth
2025-06-27 09:47:34,972 [INFO] WebApp:463 - Apply proxy settings
2025-06-27 09:47:34,972 [INFO] WebApp:548 - Chromium requires no authentication
2025-06-27 09:47:34,989 [INFO] WebApp:491 - Direct internet connection detected
2025-06-27 09:47:35,049 [INFO] WebApp:894 - Register for checkConnection events
2025-06-27 09:47:35,049 [INFO] WebApp:463 - Apply proxy settings
2025-06-27 09:47:35,049 [INFO] WebApp:548 - Chromium requires no authentication
2025-06-27 09:47:35,050 [INFO] WebApp:491 - Direct internet connection detected
2025-06-27 09:47:35,447 [INFO] WebApp:225 - Starting web application
2025-06-27 09:47:35,447 [INFO] WebApp:593 - Web application path used C:\ST\STM32CubeIDE_1.16.0\STM32CubeIDE\plugins\com.st.stm32cube.common.mx_6.14.1.202504091515\db\plugins\mcufinder\reactClient1\index.html
2025-06-27 09:47:35,639 [INFO] WebApp:191 - Connection restablished
2025-06-27 09:47:35,664 [INFO] UserAuth:484 - Internet connection configuration mode: 1
2025-06-27 10:17:51,161 [INFO] WebApp:194 - Connection lost
2025-06-27 10:17:54,943 [INFO] WebApp:191 - Connection restablished
2025-06-27 10:17:57,805 [INFO] WebApp:194 - Connection lost
2025-06-27 10:17:58,075 [INFO] WebApp:191 - Connection restablished
2025-06-27 10:21:43,640 [INFO] WebApp:194 - Connection lost
2025-06-27 10:21:47,085 [INFO] WebApp:191 - Connection restablished
2025-06-27 10:21:48,791 [INFO] WebApp:194 - Connection lost
2025-06-27 10:21:49,085 [INFO] WebApp:191 - Connection restablished
2025-06-27 10:25:53,118 [INFO] LogOutputStream:77 - [STDOUT_REDIRECT] StartTraceHandler.execute(), success : Collect=true
2025-06-27 10:25:59,336 [INFO] LogOutputStream:77 - [STDOUT_REDIRECT] StartTraceHandler.execute(), success : Collect=false
2025-06-27 10:26:02,453 [INFO] LogOutputStream:77 - [STDOUT_REDIRECT] StartTraceHandler.execute(), success : Collect=true
2025-06-27 10:26:04,481 [INFO] LogOutputStream:77 - [STDOUT_REDIRECT] StartTraceHandler.execute(), success : Collect=false
2025-06-27 10:26:17,944 [INFO] LogOutputStream:77 - [STDOUT_REDIRECT] StartTraceHandler.execute(), success : Collect=true
2025-06-27 10:29:07,211 [INFO] LogOutputStream:77 - [STDOUT_REDIRECT] StartTraceHandler.execute(), success : Collect=false
2025-06-27 10:29:49,118 [INFO] LogOutputStream:77 - [STDOUT_REDIRECT] StartTraceHandler.execute(), success : Collect=true
2025-06-27 10:29:53,931 [INFO] LogOutputStream:77 - [STDOUT_REDIRECT] StartTraceHandler.execute(), success : Collect=false
2025-06-27 10:57:35,860 [INFO] WebApp:194 - Connection lost
2025-06-27 10:57:39,677 [INFO] WebApp:191 - Connection restablished
2025-06-27 10:57:41,304 [INFO] WebApp:194 - Connection lost
2025-06-27 10:57:41,567 [INFO] WebApp:191 - Connection restablished
2025-06-27 11:01:36,766 [INFO] WebApp:194 - Connection lost
2025-06-27 11:01:39,612 [INFO] WebApp:191 - Connection restablished
2025-06-27 11:01:41,792 [INFO] WebApp:194 - Connection lost
2025-06-27 11:01:42,103 [INFO] WebApp:191 - Connection restablished
2025-06-27 11:07:41,243 [INFO] WebApp:194 - Connection lost
2025-06-27 11:07:41,672 [INFO] WebApp:191 - Connection restablished
2025-06-27 11:07:44,351 [INFO] WebApp:194 - Connection lost
2025-06-27 11:07:44,607 [INFO] WebApp:191 - Connection restablished
2025-06-27 11:15:09,197 [INFO] LogOutputStream:77 - [STDOUT_REDIRECT] StartTraceHandler.execute(), success : Collect=true
2025-06-27 11:15:57,400 [INFO] LogOutputStream:77 - [STDOUT_REDIRECT] StartTraceHandler.execute(), success : Collect=false
2025-06-27 11:15:59,843 [INFO] LogOutputStream:77 - [STDOUT_REDIRECT] StartTraceHandler.execute(), success : Collect=true
2025-06-27 11:16:04,464 [INFO] LogOutputStream:77 - [STDOUT_REDIRECT] StartTraceHandler.execute(), success : Collect=false
2025-06-27 11:16:07,049 [INFO] LogOutputStream:77 - [STDOUT_REDIRECT] StartTraceHandler.execute(), success : Collect=true
2025-06-27 11:18:48,623 [INFO] LogOutputStream:77 - [STDOUT_REDIRECT] StartTraceHandler.execute(), success : Collect=false
2025-06-27 11:18:57,648 [INFO] LogOutputStream:77 - [STDOUT_REDIRECT] StartTraceHandler.execute(), success : Collect=true
2025-06-27 11:19:03,192 [INFO] LogOutputStream:77 - [STDOUT_REDIRECT] StartTraceHandler.execute(), success : Collect=false
2025-06-27 11:19:11,941 [INFO] LogOutputStream:77 - [STDOUT_REDIRECT] StartTraceHandler.execute(), success : Collect=true
2025-06-27 11:19:15,375 [INFO] LogOutputStream:77 - [STDOUT_REDIRECT] StartTraceHandler.execute(), success : Collect=false
2025-06-27 11:19:19,068 [INFO] LogOutputStream:77 - [STDOUT_REDIRECT] StartTraceHandler.execute(), success : Collect=true
2025-06-27 11:19:21,425 [INFO] LogOutputStream:77 - [STDOUT_REDIRECT] StartTraceHandler.execute(), success : Collect=false
2025-06-27 11:19:26,157 [INFO] LogOutputStream:77 - [STDOUT_REDIRECT] StartTraceHandler.execute(), success : Collect=true
2025-06-27 11:19:29,168 [INFO] LogOutputStream:77 - [STDOUT_REDIRECT] StartTraceHandler.execute(), success : Collect=false
2025-06-27 11:19:32,428 [INFO] LogOutputStream:77 - [STDOUT_REDIRECT] StartTraceHandler.execute(), success : Collect=true
2025-06-27 11:19:58,171 [INFO] LogOutputStream:77 - [STDOUT_REDIRECT] StartTraceHandler.execute(), success : Collect=false
2025-06-27 12:03:37,947 [INFO] McuFinderGlobals:63 - Set McuFinder mode to 2 (CubeIDE integrated)
2025-06-27 12:03:38,019 [INFO] MainUpdater:2872 - connection check result : 10
2025-06-27 12:03:38,041 [INFO] MainUpdater:2872 - connection check result : 10
2025-06-27 12:03:38,591 [INFO] MicroXplorer:468 - Change Database Path : 
2025-06-27 12:03:38,593 [INFO] MicroXplorer:498 - Change Database Version : DB.6.0.141
2025-06-27 12:03:38,615 [WARN] ThirdParty:871 - waiting for thirdparty lock release [close project]
2025-06-27 12:03:38,616 [INFO] ThirdParty:873 - entering critical section [close project]
2025-06-27 12:03:38,680 [INFO] ThirdParty:883 - exiting critical section [close project]
2025-06-27 12:03:38,691 [INFO] PinOutPanel:1589 - setPackage(No Configuration,No Configuration)
2025-06-27 12:03:38,716 [INFO] UtilMem:75 - Begin LoadConfig() Used Memory: 440370864 Bytes (720371712)
2025-06-27 12:04:04,196 [INFO] ServerAccessManage:473 - Download File stm32cube_db_v60120.zip
2025-06-27 12:04:24,062 [INFO] FileExtend:242 - Unzip File : stm32cube_db_v60120.zip
2025-06-27 12:04:24,068 [INFO] FileExtend:257 - Standard Zip Deflate
2025-06-27 12:04:45,531 [INFO] LoadServerPackagesThread:196 - End of LoadServerPackages Thread
2025-06-27 12:04:46,638 [INFO] CheckServerUpdateThread:120 - End of CheckServer Thread
2025-06-27 12:04:46,672 [INFO] MicroXplorer:468 - Change Database Path : C:/Users/nisha/.stm32cubemx/databases/DB.6.0.120/db/
2025-06-27 12:04:46,672 [INFO] MicroXplorer:498 - Change Database Version : DB.6.0.120
2025-06-27 12:04:46,673 [INFO] OpenFileManager:354 - Change cursor
2025-06-27 12:04:46,825 [WARN] IntegrityCheckThread:84 - waiting for thirdparty lock release [integrity check]
2025-06-27 12:04:46,825 [INFO] IntegrityCheckThread:86 - entering critical section [integrity check]
2025-06-27 12:04:47,713 [WARN] PackLoader:240 - Cannot read IP mode file for STMicroelectronics.FP-SNS-MOTENVWB1.1.4.0
2025-06-27 12:04:47,763 [WARN] PackLoader:240 - Cannot read IP mode file for STMicroelectronics.X-CUBE-SMBUS.2.1.0
2025-06-27 12:04:47,801 [WARN] PackLoader:240 - Cannot read IP mode file for STMicroelectronics.X-CUBE-WB05N.1.1.0
2025-06-27 12:04:47,830 [WARN] PackLoader:240 - Cannot read IP mode file for STMicroelectronics.X-CUBE-ST60.1.0.0
2025-06-27 12:04:47,989 [WARN] PackLoader:240 - Cannot read IP mode file for STMicroelectronics.X-CUBE-AZRTOS-F7.1.1.0
2025-06-27 12:04:48,147 [WARN] PackLoader:240 - Cannot read IP mode file for STMicroelectronics.X-CUBE-MEMS1.11.0.0
2025-06-27 12:04:48,667 [WARN] PackLoader:240 - Cannot read IP mode file for STMicroelectronics.FP-SNS-FLIGHT1.5.0.2
2025-06-27 12:04:48,693 [WARN] PackLoader:240 - Cannot read IP mode file for STMicroelectronics.X-CUBE-DISPLAY.3.0.0
2025-06-27 12:04:48,717 [WARN] PackLoader:240 - Cannot read IP mode file for STMicroelectronics.X-CUBE-BLE1.7.0.0
2025-06-27 12:04:48,737 [WARN] PackLoader:240 - Cannot read IP mode file for STMicroelectronics.X-CUBE-NFC10.1.0.0
2025-06-27 12:04:48,757 [WARN] PackLoader:240 - Cannot read IP mode file for emotas.I-CUBE-CANOPEN.1.3.0
2025-06-27 12:04:48,782 [WARN] PackLoader:240 - Cannot read IP mode file for STMicroelectronics.X-CUBE-BLEMGR.3.1.0
2025-06-27 12:04:48,884 [WARN] PackLoader:240 - Cannot read IP mode file for STMicroelectronics.FP-SNS-SMARTAG2.1.2.0
2025-06-27 12:04:48,901 [WARN] PackLoader:240 - Cannot read IP mode file for STMicroelectronics.FP-SNS-FLIGHT1.5.1.0
2025-06-27 12:04:48,930 [INFO] LogOutputStream:77 - [STDOUT_REDIRECT] 1 : Invalid condition id : UX_CORESTACK_Condition cause : null
2025-06-27 12:04:48,933 [INFO] LogOutputStream:77 - [STDOUT_REDIRECT] 1 : Invalid condition id : UX_CORESTACK_Condition cause : null
2025-06-27 12:04:48,935 [INFO] LogOutputStream:77 - [STDOUT_REDIRECT] 1 : Invalid condition id : UX_CORESTACK_Condition cause : null
2025-06-27 12:04:48,937 [INFO] LogOutputStream:77 - [STDOUT_REDIRECT] 1 : Invalid condition id : UX_CORESTACK_Condition cause : null
2025-06-27 12:04:48,939 [INFO] LogOutputStream:77 - [STDOUT_REDIRECT] 1 : Invalid condition id : UX_CORESTACK_Condition cause : null
2025-06-27 12:04:48,943 [WARN] PackLoader:240 - Cannot read IP mode file for STMicroelectronics.X-CUBE-AZRTOS-WL.2.0.0
2025-06-27 12:04:48,965 [WARN] PackLoader:240 - Cannot read IP mode file for STMicroelectronics.FP-SNS-MOTENV1.5.0.0
2025-06-27 12:04:48,987 [WARN] PackLoader:240 - Cannot read IP mode file for wolfSSL.I-CUBE-wolfMQTT.1.19.0
2025-06-27 12:04:49,033 [WARN] PackLoader:240 - Cannot read IP mode file for WES.I-CUBE-Cesium.1.3.0
2025-06-27 12:04:49,050 [WARN] PackLoader:240 - Cannot read IP mode file for STMicroelectronics.X-CUBE-BLE2.3.3.0
2025-06-27 12:04:49,069 [WARN] PackLoader:240 - Cannot read IP mode file for STMicroelectronics.X-CUBE-NFC9.1.0.0
2025-06-27 12:04:49,086 [WARN] PackLoader:240 - Cannot read IP mode file for STMicroelectronics.X-CUBE-BLE1.7.1.0
2025-06-27 12:04:49,193 [WARN] PackLoader:240 - Cannot read IP mode file for STMicroelectronics.X-CUBE-TCPP.4.1.0
2025-06-27 12:04:49,219 [WARN] PackLoader:240 - Cannot read IP mode file for STMicroelectronics.X-CUBE-AI.10.1.0
2025-06-27 12:04:49,273 [WARN] PackLoader:240 - Cannot read IP mode file for STMicroelectronics.X-CUBE-AZRTOS-G0.1.1.0
2025-06-27 12:04:49,320 [WARN] PackLoader:240 - Cannot read IP mode file for STMicroelectronics.X-CUBE-SAFEA1.1.2.2
2025-06-27 12:04:49,347 [WARN] PackLoader:240 - Cannot read IP mode file for STMicroelectronics.X-CUBE-NFC4.3.0.0
2025-06-27 12:04:49,381 [WARN] PackLoader:240 - Cannot read IP mode file for EmbeddedOffice.I-CUBE-FS-RTOS.1.0.1
2025-06-27 12:04:49,399 [WARN] PackLoader:240 - Cannot read IP mode file for STMicroelectronics.X-CUBE-WB05N.2.0.0
2025-06-27 12:04:49,418 [WARN] PackLoader:240 - Cannot read IP mode file for STMicroelectronics.X-CUBE-TCPP.4.2.0
2025-06-27 12:04:49,447 [WARN] PackLoader:240 - Cannot read IP mode file for RealThread.X-CUBE-RT-Thread_Nano.4.1.1
2025-06-27 12:04:49,465 [WARN] PackLoader:240 - Cannot read IP mode file for wolfSSL.I-CUBE-wolfSSL.5.7.0
2025-06-27 12:04:49,483 [WARN] PackLoader:240 - Cannot read IP mode file for STMicroelectronics.FP-ATR-SIGFOX1.3.2.0
2025-06-27 12:04:49,499 [WARN] ConditionMgr:438 - getConditionDescription Invalid condition id : Cortex-A Device cause : null
2025-06-27 12:04:49,546 [WARN] ConditionMgr:1044 - genDependencies : Invalid condition id : Cortex-A Device cause : null
2025-06-27 12:04:49,546 [WARN] ConditionMgr:1044 - genDependencies : Invalid condition id : Cortex-A Device cause : null
2025-06-27 12:04:49,546 [WARN] ConditionMgr:1044 - genDependencies : Invalid condition id : Cortex-A Device cause : null
2025-06-27 12:04:49,573 [WARN] PackLoader:240 - Cannot read IP mode file for STMicroelectronics.X-CUBE-EEPRMA1.5.1.0
2025-06-27 12:04:49,607 [WARN] PackLoader:240 - Cannot read IP mode file for ITTIA_DB.I-CUBE-ITTIADB.8.9.0
2025-06-27 12:04:49,636 [WARN] PackLoader:240 - Cannot read IP mode file for STMicroelectronics.X-CUBE-ST67W61.1.0.0
2025-06-27 12:04:49,698 [WARN] PackLoader:240 - Cannot read IP mode file for SEGGER.I-CUBE-embOS.1.3.1
2025-06-27 12:04:49,783 [WARN] PackLoader:240 - Cannot read IP mode file for STMicroelectronics.X-CUBE-ALGOBUILD.1.4.0
2025-06-27 12:04:50,055 [WARN] PackLoader:240 - Cannot read IP mode file for STMicroelectronics.X-CUBE-MEMS1.11.3.0
2025-06-27 12:04:50,381 [WARN] PackLoader:240 - Cannot read IP mode file for STMicroelectronics.X-CUBE-AI.9.1.0
2025-06-27 12:04:50,439 [WARN] PackLoader:240 - Cannot read IP mode file for STMicroelectronics.X-CUBE-PM33A1.1.0.0
2025-06-27 12:04:50,472 [WARN] PackLoader:240 - Cannot read IP mode file for STMicroelectronics.X-CUBE-GNSS1.6.0.0
2025-06-27 12:04:50,524 [WARN] PackLoader:240 - Cannot read IP mode file for STMicroelectronics.X-CUBE-AZRTOS-F4.1.1.0
2025-06-27 12:04:50,558 [WARN] PackLoader:240 - Cannot read IP mode file for Avnet-IotConnect.X-CUBE-IoTC-DA16k-PMOD.1.0.0
2025-06-27 12:04:50,589 [WARN] PackLoader:240 - Cannot read IP mode file for STMicroelectronics.X-CUBE-ISPU.2.1.0
2025-06-27 12:04:50,620 [WARN] PackLoader:240 - Cannot read IP mode file for STMicroelectronics.X-CUBE-FREERTOS.1.2.0
2025-06-27 12:04:50,666 [WARN] PackLoader:240 - Cannot read IP mode file for STMicroelectronics.X-CUBE-AZRTOS-L5.2.0.0
2025-06-27 12:04:50,687 [WARN] PackLoader:240 - Cannot read IP mode file for STMicroelectronics.X-CUBE-NFC6.3.1.0
2025-06-27 12:04:50,725 [WARN] PackLoader:240 - Cannot read IP mode file for STMicroelectronics.X-CUBE-DPower.1.2.0
2025-06-27 12:04:50,852 [WARN] PackLoader:240 - Cannot read IP mode file for STMicroelectronics.X-CUBE-AI.9.0.0
2025-06-27 12:04:50,872 [WARN] PackLoader:240 - Cannot read IP mode file for STMicroelectronics.X-CUBE-FREERTOS.1.3.1
2025-06-27 12:04:50,899 [WARN] PackLoader:240 - Cannot read IP mode file for STMicroelectronics.X-CUBE-NFC7.1.0.1
2025-06-27 12:04:50,924 [WARN] PackLoader:240 - Cannot read IP mode file for wolfSSL.I-CUBE-wolfTPM.3.2.0
2025-06-27 12:04:50,950 [WARN] PackLoader:240 - Cannot read IP mode file for STMicroelectronics.FP-SNS-STAIOTCFT.1.0.0
2025-06-27 12:04:50,969 [WARN] PackLoader:240 - Cannot read IP mode file for STMicroelectronics.X-CUBE-DPower.1.3.0
2025-06-27 12:04:51,006 [WARN] ConditionMgr:438 - getConditionDescription Invalid condition id : LAN8742 Phy interface Condition cause : null
2025-06-27 12:04:51,010 [WARN] PackLoader:240 - Cannot read IP mode file for STMicroelectronics.X-CUBE-AZRTOS-L4.2.0.0
2025-06-27 12:04:51,013 [WARN] ConditionMgr:1044 - genDependencies : Invalid condition id : LAN8742 Phy interface Condition cause : null
2025-06-27 12:04:51,013 [WARN] ConditionMgr:1044 - genDependencies : Invalid condition id : LAN8742 Phy interface Condition cause : null
2025-06-27 12:04:51,015 [WARN] ConditionMgr:1044 - genDependencies : Invalid condition id : LAN8742 Phy interface Condition cause : null
2025-06-27 12:04:51,038 [WARN] PackLoader:240 - Cannot read IP mode file for STMicroelectronics.X-CUBE-SFXS2LP1.4.0.0
2025-06-27 12:04:51,121 [WARN] PackLoader:240 - Cannot read IP mode file for STMicroelectronics.X-CUBE-AZRTOS-H7.3.3.0
2025-06-27 12:04:51,161 [WARN] PackLoader:240 - Cannot read IP mode file for STMicroelectronics.X-CUBE-IPS.3.0.0
2025-06-27 12:04:51,215 [WARN] ConditionMgr:438 - getConditionDescription Invalid condition id : UX DEVICE CLASS RTOS Condition cause : null
2025-06-27 12:04:51,216 [WARN] ConditionMgr:438 - getConditionDescription Invalid condition id : UX DEVICE CLASS RTOS Condition cause : null
2025-06-27 12:04:51,219 [WARN] PackLoader:240 - Cannot read IP mode file for STMicroelectronics.X-CUBE-AZRTOS-WB.2.0.0
2025-06-27 12:04:51,219 [WARN] ConditionMgr:1044 - genDependencies : Invalid condition id : UX DEVICE CLASS RTOS Condition cause : null
2025-06-27 12:04:51,220 [WARN] ConditionMgr:1044 - genDependencies : Invalid condition id : UX DEVICE CLASS RTOS Condition cause : null
2025-06-27 12:04:51,220 [WARN] ConditionMgr:1044 - genDependencies : Invalid condition id : UX DEVICE CLASS RTOS Condition cause : null
2025-06-27 12:04:51,221 [WARN] ConditionMgr:1044 - genDependencies : Invalid condition id : UX DEVICE CLASS RTOS Condition cause : null
2025-06-27 12:04:51,221 [WARN] ConditionMgr:1044 - genDependencies : Invalid condition id : UX DEVICE CLASS RTOS Condition cause : null
2025-06-27 12:04:51,241 [WARN] PackLoader:240 - Cannot read IP mode file for STMicroelectronics.X-CUBE-GNSS1.7.0.0
2025-06-27 12:04:51,294 [WARN] PackLoader:240 - Cannot read IP mode file for STMicroelectronics.X-CUBE-GNSS1.7.0.1
2025-06-27 12:04:51,320 [WARN] PackLoader:240 - Cannot read IP mode file for STMicroelectronics.X-CUBE-TOUCHGFX.4.25.0
2025-06-27 12:04:51,429 [WARN] PackLoader:240 - Cannot read IP mode file for STMicroelectronics.FP-SNS-STBOX1.2.0.0
2025-06-27 12:04:51,452 [WARN] PackLoader:240 - Cannot read IP mode file for STMicroelectronics.X-CUBE-SUBG2.5.0.0
2025-06-27 12:04:51,513 [WARN] PackLoader:240 - Cannot read IP mode file for STMicroelectronics.X-CUBE-AZRTOS-H7RS.1.1.0
2025-06-27 12:04:51,537 [WARN] PackLoader:240 - Cannot read IP mode file for Cesanta.I-CUBE-Mongoose.7.13.0
2025-06-27 12:04:51,570 [WARN] PackLoader:240 - Cannot read IP mode file for STMicroelectronics.X-CUBE-AZRTOS-G4.2.0.0
2025-06-27 12:04:51,590 [WARN] PackLoader:240 - Cannot read IP mode file for STMicroelectronics.X-CUBE-NFC7.2.0.0
2025-06-27 12:04:51,623 [WARN] PackLoader:240 - Cannot read IP mode file for STMicroelectronics.X-CUBE-ISPU.2.0.0
2025-06-27 12:04:51,759 [WARN] PackLoader:240 - Cannot read IP mode file for STMicroelectronics.X-CUBE-IPS.3.1.0
2025-06-27 12:04:51,786 [WARN] PackLoader:240 - Cannot read IP mode file for STMicroelectronics.X-CUBE-ALS.1.0.2
2025-06-27 12:04:51,866 [WARN] PackLoader:240 - Cannot read IP mode file for STMicroelectronics.X-CUBE-MEMS1.10.0.0
2025-06-27 12:04:52,065 [WARN] PackLoader:240 - Cannot read IP mode file for STMicroelectronics.X-CUBE-TOUCHGFX.4.24.0
2025-06-27 12:04:52,085 [WARN] PackLoader:240 - Cannot read IP mode file for STMicroelectronics.X-CUBE-TOUCHGFX.4.24.1
2025-06-27 12:04:52,169 [WARN] PackLoader:240 - Cannot read IP mode file for portGmbH.I-Cube-SoM-uGOAL.1.1.0
2025-06-27 12:04:52,202 [WARN] PackLoader:240 - Cannot read IP mode file for STMicroelectronics.X-CUBE-AZRTOS-H7RS.1.0.0
2025-06-27 12:04:52,226 [WARN] PackLoader:240 - Cannot read IP mode file for STMicroelectronics.FP-ATR-ASTRA1.2.0.0
2025-06-27 12:04:52,253 [WARN] PackLoader:240 - Cannot read IP mode file for STMicroelectronics.X-CUBE-TOF1.3.4.2
2025-06-27 12:04:52,288 [WARN] PackLoader:240 - Cannot read IP mode file for STMicroelectronics.X-CUBE-TOF1.3.4.3
2025-06-27 12:04:52,322 [WARN] PackLoader:240 - Cannot read IP mode file for STMicroelectronics.X-CUBE-TOF1.3.4.1
2025-06-27 12:04:52,459 [WARN] PackLoader:240 - Cannot read IP mode file for STMicroelectronics.X-CUBE-AZRTOS-H7.3.2.0
2025-06-27 12:04:52,496 [WARN] PackLoader:240 - Cannot read IP mode file for Infineon.AIROC-Wi-Fi-Bluetooth-STM32.1.6.0
2025-06-27 12:04:52,517 [WARN] PackLoader:240 - Cannot read IP mode file for wolfSSL.I-CUBE-wolfSSH.1.4.17
2025-06-27 12:04:52,517 [INFO] ThirdParty:978 - Integrity check success = true
2025-06-27 12:04:52,517 [INFO] IntegrityCheckThread:100 - exiting critical section [integrity check]
2025-06-27 12:04:52,517 [INFO] IntegrityCheckThread:103 - End integrity checks thread
2025-06-27 12:04:52,789 [INFO] Mcu:2011 - Initializing MCU STM32F407V(E-G)Tx STM32F407VGTx STM32F407VGT6
2025-06-27 12:04:57,552 [INFO] Context:756 - Trying to add GPIOservice into a context  which must be forbidden
2025-06-27 12:04:58,929 [INFO] ImportTextPane:218 - (OptionalMessage_ERROR) Pin34 (VP_RIF_VS_RIF1) cannot be retrieved for this MCU
2025-06-27 12:04:59,311 [INFO] RtosManager:558 - Registered RTOS mode: class=CMSIS, group=RTOS, mode=CMSIS_V1, owner=FREERTOS
2025-06-27 12:04:59,312 [INFO] RtosManager:558 - Registered RTOS mode: class=CMSIS, group=RTOS2, mode=CMSIS_V2, owner=FREERTOS
2025-06-27 12:04:59,312 [INFO] RtosManager:558 - Registered RTOS mode: class=RTOS, group=Core, mode=CMSIS_V1, owner=FREERTOS
2025-06-27 12:04:59,312 [INFO] RtosManager:558 - Registered RTOS mode: class=RTOS, group=Core, mode=CMSIS_V2, owner=FREERTOS
2025-06-27 12:04:59,312 [WARN] ModelIntegratedComponent:184 - Missing modes for component STMicroelectronics:FreeRTOS:0.0.1:STMicroelectronics:RTOS:FreeRTOS:Core:::10.2.0:
2025-06-27 12:04:59,317 [WARN] ModelIntegratedComponent:63 - No mode defined for component null
2025-06-27 12:04:59,317 [WARN] ModelIntegratedComponent:63 - No mode defined for component null
2025-06-27 12:04:59,318 [WARN] ModelIntegratedComponent:63 - No mode defined for component null
2025-06-27 12:04:59,318 [WARN] ModelIntegratedComponent:63 - No mode defined for component null
2025-06-27 12:04:59,318 [WARN] ModelIntegratedComponent:63 - No mode defined for component null
2025-06-27 12:04:59,318 [WARN] ModelIntegratedComponent:63 - No mode defined for component null
2025-06-27 12:04:59,318 [WARN] ModelIntegratedComponent:63 - No mode defined for component null
2025-06-27 12:04:59,318 [WARN] ModelIntegratedComponent:63 - No mode defined for component null
2025-06-27 12:04:59,318 [WARN] ModelIntegratedComponent:63 - No mode defined for component null
2025-06-27 12:04:59,318 [WARN] ModelIntegratedComponent:63 - No mode defined for component null
2025-06-27 12:04:59,320 [WARN] ModelIntegratedComponent:63 - No mode defined for component null
2025-06-27 12:04:59,321 [WARN] ModelIntegratedComponent:63 - No mode defined for component null
2025-06-27 12:04:59,326 [WARN] ModelIntegratedComponent:63 - No mode defined for component null
2025-06-27 12:04:59,338 [WARN] ModelIntegratedComponent:63 - No mode defined for component null
2025-06-27 12:04:59,339 [WARN] ModelIntegratedComponent:63 - No mode defined for component null
2025-06-27 12:04:59,339 [WARN] ModelIntegratedComponent:63 - No mode defined for component null
2025-06-27 12:04:59,339 [WARN] ModelIntegratedComponent:63 - No mode defined for component null
2025-06-27 12:04:59,339 [WARN] ModelIntegratedComponent:63 - No mode defined for component null
2025-06-27 12:04:59,339 [WARN] ModelIntegratedComponent:63 - No mode defined for component null
2025-06-27 12:04:59,339 [WARN] ModelIntegratedComponent:63 - No mode defined for component null
2025-06-27 12:04:59,339 [WARN] ModelIntegratedComponent:63 - No mode defined for component null
2025-06-27 12:04:59,339 [WARN] ModelIntegratedComponent:63 - No mode defined for component null
2025-06-27 12:04:59,339 [WARN] ModelIntegratedComponent:63 - No mode defined for component null
2025-06-27 12:04:59,339 [WARN] ModelIntegratedComponent:63 - No mode defined for component null
2025-06-27 12:04:59,339 [WARN] ModelIntegratedComponent:63 - No mode defined for component null
2025-06-27 12:04:59,339 [WARN] ModelIntegratedComponent:63 - No mode defined for component null
2025-06-27 12:04:59,339 [WARN] ModelIntegratedComponent:63 - No mode defined for component null
2025-06-27 12:04:59,340 [WARN] ModelIntegratedComponent:63 - No mode defined for component null
2025-06-27 12:04:59,340 [WARN] ModelIntegratedComponent:63 - No mode defined for component null
2025-06-27 12:04:59,340 [WARN] ModelIntegratedComponent:63 - No mode defined for component null
2025-06-27 12:04:59,340 [WARN] ModelIntegratedComponent:63 - No mode defined for component null
2025-06-27 12:04:59,340 [WARN] ModelIntegratedComponent:63 - No mode defined for component null
2025-06-27 12:04:59,340 [WARN] ModelIntegratedComponent:63 - No mode defined for component null
2025-06-27 12:04:59,340 [WARN] ModelIntegratedComponent:63 - No mode defined for component null
2025-06-27 12:04:59,340 [WARN] ModelIntegratedComponent:63 - No mode defined for component null
2025-06-27 12:04:59,340 [WARN] ModelPack:524 - Component already loaded: STMicroelectronics:HAL Drivers:0.0.0:STMicroelectronics:Device:STMicro_Driver:XSPI:HAL::0.0.1:HAL_XSPI
2025-06-27 12:04:59,849 [INFO] ThirdPartyModel:298 - Start build external matchings
2025-06-27 12:05:01,745 [INFO] ThirdPartyModel:316 - End build external matchings
2025-06-27 12:05:03,525 [INFO] ApiDb:581 - Connected to CubeFinder SQLite database (C:\Users\nisha\.stmcufinder\plugins\mcufinder\mcu\cube-finder-db.db)
2025-06-27 12:05:03,889 [INFO] ApiDb:668 - CubeFinder database Data Model version=2.1
2025-06-27 12:05:03,889 [INFO] ApiDb:669 - CubeFinder database Configuration version=3.0.39
2025-06-27 12:05:03,894 [INFO] ApiDb:670 - CubeFinder database generation date=2025-06-16 (1750072209)
2025-06-27 12:05:03,895 [INFO] ApiDb:671 - CubeFinder database FW Pack versions=[FP-ATR-ASTRA1_V2.0.0, FP-SNS-FLIGHT1_V5.1.0, FP-SNS-MOTENV1_V5.0.0, FP-SNS-MOTENVWB1_V1.4.0, FP-SNS-SMARTAG2_V1.2.0, FP-SNS-STBOX1_V2.0.0, STM32Cube_FW_C0_V1.4.0, STM32Cube_FW_F4_V1.28.2, STM32Cube_FW_F7_V1.17.3, STM32Cube_FW_G0_V1.6.2, STM32Cube_FW_G4_V1.6.1, STM32Cube_FW_H5_V1.5.0, STM32Cube_FW_H7RS_V1.2.0, STM32Cube_FW_H7_V1.12.1, STM32Cube_FW_L0_V1.12.2, STM32Cube_FW_L4_V1.18.1, STM32Cube_FW_L5_V1.5.1, STM32Cube_FW_N6_V1.1.1, STM32Cube_FW_U0_V1.2.0, STM32Cube_FW_U3_V1.1.0, STM32Cube_FW_U5_V1.7.0, STM32Cube_FW_WB0_V1.2.0, STM32Cube_FW_WBA_V1.6.0, STM32Cube_FW_WB_V1.22.0, STM32Cube_FW_WL3_V1.1.0, STM32Cube_FW_WL_V1.3.1, X-CUBE-ALGOBUILD_V1.4.0, X-CUBE-ALS_V1.0.2, X-CUBE-AZRTOS-F4_V1.1.0, X-CUBE-AZRTOS-F7_V1.1.0, X-CUBE-AZRTOS-G0_V1.1.0, X-CUBE-AZRTOS-G4_V2.0.0, X-CUBE-AZRTOS-H7RS_V1.1.0, X-CUBE-AZRTOS-H7_V3.3.0, X-CUBE-AZRTOS-L4_V2.0.0, X-CUBE-AZRTOS-L5_V2.0.0, X-CUBE-AZRTOS-WB_V2.0.0, X-CUBE-AZRTOS-WL_V2.0.0, X-CUBE-BLE1_V7.1.0, X-CUBE-BLE2_V3.3.0, X-CUBE-BLEMGR_V4.0.0, X-CUBE-EEPRMA1_V5.1.0, X-CUBE-FREERTOS_V1.3.1, X-CUBE-GNSS1_V6.0.0, X-CUBE-MEMS1_V11.3.0, X-CUBE-NFC4_V3.0.0, X-CUBE-NFC7_V2.0.0, X-CUBE-SFXS2LP1_V4.0.0, X-CUBE-SUBG2_V5.0.0, X-CUBE-TOF1_V3.4.3]
2025-06-27 12:05:04,728 [INFO] DbBoardsSqlite:226 - include board P-NUCLEO-WB55-NUCLEO as a kit item of type 'Nucleo-64'
2025-06-27 12:05:04,728 [INFO] DbBoardsSqlite:226 - include board P-NUCLEO-WB55-USBDONGLE as a kit item of type 'Nucleo USB Dongle'
2025-06-27 12:05:04,731 [INFO] DbBoardsSqlite:226 - include board STEVAL-IDP005V1 as a kit item of type 'Evaluation Board'
2025-06-27 12:05:04,732 [INFO] DbBoardsSqlite:226 - include board STEVAL-IDP005V2 as a kit item of type 'Evaluation Board'
2025-06-27 12:05:07,100 [INFO] ApiDb:240 - Found 895 in-development CPN: [B-G473E-ZEST1S, B-WB1M-WPAN1, B-WBA5M-WPAN, B-WL5M-SUBG1, NUCLEO-C031C6, NUCLEO-C051C8, NUCLEO-C071RB, NUCLEO-C092RC, NUCLEO-H503RB, NUCLEO-H533RE, NUCLEO-H563ZI, NUCLEO-H7S3L8, NUCLEO-N657X0-Q, NUCLEO-U031R8, NUCLEO-U083RC, NUCLEO-U385RG-Q, NUCLEO-U545RE-Q, NUCLEO-U5A5ZJ-Q, NUCLEO-WB05KZ, NUCLEO-WB07CC, NUCLEO-WB09KE, NUCLEO-WBA52CG, NUCLEO-WBA55CG, NUCLEO-WBA65RI, NUCLEO-WL33CC1, NUCLEO-WL33CC2, STEVAL-PROTEUS1, STEVAL-SMARTAG2, STEVAL-STWINBX1, STM320518-EVAL, STM32C0116-DK, STM32C011D6Y3TR, STM32C011D6Y6TR, STM32C011F4P3, STM32C011F4P6, STM32C011F4U3, STM32C011F4U6TR, STM32C011F6P3, STM32C011F6P6, STM32C011F6U3, STM32C011F6U6TR, STM32C011J4M3, STM32C011J4M6, STM32C011J6M3, STM32C011J6M6, STM32C0316-DK, STM32C031C4T3, STM32C031C4T6, STM32C031C4U3, STM32C031C4U6, STM32C031C6T3, STM32C031C6T6, STM32C031C6U3, STM32C031C6U6, STM32C031F4P3, STM32C031F4P6, STM32C031F6P3, STM32C031F6P6, STM32C031G4U3, STM32C031G4U6, STM32C031G6U3, STM32C031G6U6, STM32C031K4T3, STM32C031K4T6, STM32C031K4U3, STM32C031K4U6, STM32C031K6T3, STM32C031K6T6, STM32C031K6U3, STM32C031K6U6, STM32C051C6T6, STM32C051C6U6, STM32C051C8T6, STM32C051C8U6, STM32C051D8Y6TR, STM32C051F6P6, STM32C051F8P6, STM32C051G6U6, STM32C051G8U6, STM32C051K6T6, STM32C051K6U6, STM32C051K8T6, STM32C071C8T6, STM32C071C8T6N, STM32C071C8U6, STM32C071C8U6N, STM32C071CBT6, STM32C071CBT6N, STM32C071CBU6, STM32C071CBU6N, STM32C071F8P6, STM32C071F8P6N, STM32C071FBP6, STM32C071FBP6N, STM32C071FBY6TR, STM32C071G8U6, STM32C071G8U6N, STM32C071GBU6, STM32C071GBU6N, STM32C071K8T6, STM32C071K8T6N, STM32C071K8U6, STM32C071K8U6N, STM32C071KBT6, STM32C071KBT6N, STM32C071KBU6, STM32C071KBU6N, STM32C071R8T6, STM32C071R8T6N, STM32C071RBI6N, STM32C071RBT6, STM32C071RBT6N, STM32C091CBT6, STM32C091CBU6, STM32C091CCT6, STM32C091CCU6, STM32C091ECY6TR, STM32C091FBP6, STM32C091FCP6, STM32C091GBU6, STM32C091GCU6, STM32C091KBT6, STM32C091KBU6, STM32C091KCT6, STM32C091KCU6, STM32C091RBT6, STM32C091RCI6, STM32C091RCT6, STM32C092CBT6, STM32C092CBU6, STM32C092CCT6, STM32C092CCU6, STM32C092ECY6TR, STM32C092FBP6, STM32C092FCP6, STM32C092GBU6, STM32C092GCU6, STM32C092KBT6, STM32C092KBU6, STM32C092KCT6, STM32C092KCU6, STM32C092RBT6, STM32C092RCI6, STM32C092RCT6, STM32G071K8TXN, STM32G071K8UXN, STM32G081GBU6N, STM32G081KBT6N, STM32G081KBUXN, STM32G0B1CCT6N, STM32G0B1KCT6, STM32G0B1NEY6TR, STM32G0B1RCT6N, STM32G0C1CCT6, STM32G0C1CCT6N, STM32G0C1CCU6N, STM32G0C1CET6N, STM32G0C1CEU6N, STM32G0C1KCT6, STM32G0C1NEY6TR, STM32G0C1RCI6N, STM32G0C1RCT6N, STM32G0C1REI6N, STM32G0C1RET6N, STM32G0C1VCI6, STM32G0C1VEI6, STM32G411C6T3, STM32G411C6T6, STM32G411C6U3, STM32G411C6U6, STM32G411C8T3, STM32G411C8T6, STM32G411C8U3, STM32G411C8U6, STM32G411CBT3, STM32G411CBT6, STM32G411CBU3, STM32G411CBU6, STM32G411CCT3, STM32G411CCT6, STM32G411CCU3, STM32G411CCU6, STM32G411K6T3, STM32G411K6T6, STM32G411K6U3, STM32G411K6U6, STM32G411K8T3, STM32G411K8T6, STM32G411K8U3, STM32G411K8U6, STM32G411KBT3, STM32G411KBT6, STM32G411KBU3, STM32G411KBU6, STM32G411M6T3, STM32G411M6T6, STM32G411M8T3, STM32G411M8T6, STM32G411MBT3, STM32G411MBT6, STM32G411MCT3, STM32G411MCT6, STM32G411R6T3, STM32G411R6T6, STM32G411R8T3, STM32G411R8T6, STM32G411RBT3, STM32G411RBT6, STM32G411RCT3, STM32G411RCT6, STM32G414CBT3, STM32G414CBT6, STM32G414CBU3, STM32G414CBU6, STM32G414CCT3, STM32G414CCT6, STM32G414CCU3, STM32G414CCU6, STM32G414MBT3, STM32G414MBT6, STM32G414MCT3, STM32G414MCT6, STM32G414RBT3, STM32G414RBT6, STM32G414RCT3, STM32G414RCT6, STM32G414VBT3, STM32G414VBT6, STM32G414VCT3, STM32G414VCT6, STM32G431CBT3Z, STM32G431RBT3Z, STM32G471CCT6, STM32G471CCU6, STM32G471CET3, STM32G471CET6, STM32G471CEU3, STM32G471CEU6, STM32G471MCT6, STM32G471MET3, STM32G471MET6, STM32G471MEY6TR, STM32G471QCT6, STM32G471QET3, STM32G471RCT6, STM32G471RET3, STM32G471RET6, STM32G471VCH6, STM32G471VCI6, STM32G471VCT6, STM32G471VEH3, STM32G471VEH6, STM32G471VEI3, STM32G471VEI6, STM32G471VET3, STM32G471VET6, STM32G473QET3Z, STM32G473RET3Z, STM32G474CCT6, STM32G491RET3Z, STM32H503CBT6, STM32H503CBU6, STM32H503EBY6TR, STM32H503KBU6, STM32H503RBT6, STM32H523CCT6, STM32H523CCU6, STM32H523CET6, STM32H523CEU6, STM32H523HEY6TR, STM32H523RCT6, STM32H523RET6, STM32H523VCI6, STM32H523VCT6, STM32H523VEI6, STM32H523VET6, STM32H523ZCJ6, STM32H523ZCT6, STM32H523ZEJ6, STM32H523ZET6, STM32H533CET6, STM32H533CEU6, STM32H533HEY6TR, STM32H533RET6, STM32H533VEI6, STM32H533VET6, STM32H533ZEJ6, STM32H533ZET6, STM32H562AGI6, STM32H562AII6, STM32H562IGK6, STM32H562IGT6, STM32H562IIK6, STM32H562IIT6, STM32H562RGT6, STM32H562RGV6, STM32H562RIT6, STM32H562RIV6, STM32H562VGT6, STM32H562VIT6, STM32H562ZGT6, STM32H562ZIT6, STM32H563AGI6, STM32H563AII3Q, STM32H563AII6, STM32H563IGK6, STM32H563IGT6, STM32H563IIK3Q, STM32H563IIK6, STM32H563IIT3Q, STM32H563IIT6, STM32H563MIY3QTR, STM32H563RGT6, STM32H563RGV6, STM32H563RIT6, STM32H563RIV6, STM32H563VGT6, STM32H563VIT3Q, STM32H563VIT6, STM32H563ZGT6, STM32H563ZIT3Q, STM32H563ZIT6, STM32H573AII3Q, STM32H573AII6, STM32H573I-DK, STM32H573IIK3Q, STM32H573IIK6, STM32H573IIT3Q, STM32H573IIT6, STM32H573MIY3QTR, STM32H573RIT6, STM32H573RIV6, STM32H573VIT3Q, STM32H573VIT6, STM32H573ZIT3Q, STM32H573ZIT6, STM32H7R3A8I6, STM32H7R3I8K6, STM32H7R3I8T6, STM32H7R3L8H6, STM32H7R3L8H6H, STM32H7R3R8V6, STM32H7R3V8H6, STM32H7R3V8T6, STM32H7R3V8Y6TR, STM32H7R3Z8J6, STM32H7R3Z8T6, STM32H7R7A8I6, STM32H7R7I8K6, STM32H7R7I8T6, STM32H7R7L8H6, STM32H7R7L8H6H, STM32H7R7Z8J6, STM32H7S3A8I6, STM32H7S3I8K6, STM32H7S3I8T6, STM32H7S3L8H6, STM32H7S3L8H6H, STM32H7S3R8V6, STM32H7S3V8H6, STM32H7S3V8T6, STM32H7S3V8Y6TR, STM32H7S3Z8J6, STM32H7S3Z8T6, STM32H7S78-DK, STM32H7S7A8I6, STM32H7S7I8K6, STM32H7S7I8T6, STM32H7S7L8H6, STM32H7S7L8H6H, STM32H7S7Z8J6, STM32L4R5QGI6STR, STM32MP131AAE3, STM32MP131AAF3, STM32MP131AAG3, STM32MP131CAE3, STM32MP131CAF3, STM32MP131CAG3, STM32MP131DAE7, STM32MP131DAF7, STM32MP131DAG7, STM32MP131FAE7, STM32MP131FAF7, STM32MP131FAG7, STM32MP133AAE3, STM32MP133AAF3, STM32MP133AAG3, STM32MP133CAE3, STM32MP133CAF3, STM32MP133CAG3, STM32MP133DAE7, STM32MP133DAF7, STM32MP133DAG7, STM32MP133FAE7, STM32MP133FAF7, STM32MP133FAG7, STM32MP135AAE3, STM32MP135AAF3, STM32MP135AAG3, STM32MP135CAE3, STM32MP135CAF3, STM32MP135CAG3, STM32MP135DAE7, STM32MP135DAF7, STM32MP135DAG7, STM32MP135F-DK, STM32MP135FAE7, STM32MP135FAF7, STM32MP135FAF7T, STM32MP135FAF7U, STM32MP135FAG7, STM32MP231AAJ3, STM32MP231AAK3, STM32MP231AAL3, STM32MP231CAJ3, STM32MP231CAK3, STM32MP231CAL3, STM32MP231DAJ3, STM32MP231DAK3, STM32MP231DAL3, STM32MP231FAJ3, STM32MP231FAK3, STM32MP231FAL3, STM32MP233AAJ3, STM32MP233AAK3, STM32MP233AAL3, STM32MP233CAJ3, STM32MP233CAK3, STM32MP233CAL3, STM32MP233DAJ3, STM32MP233DAK3, STM32MP233DAL3, STM32MP233FAJ3, STM32MP233FAK3, STM32MP233FAL3, STM32MP235AAJ3, STM32MP235AAK3, STM32MP235AAL3, STM32MP235CAJ3, STM32MP235CAK3, STM32MP235CAL3, STM32MP235DAJ3, STM32MP235DAK3, STM32MP235DAL3, STM32MP235FAJ3, STM32MP235FAK3, STM32MP235FAL3, STM32MP251AAI3, STM32MP251AAJ3, STM32MP251AAK3, STM32MP251AAL3, STM32MP251CAI3, STM32MP251CAJ3, STM32MP251CAK3, STM32MP251CAL3, STM32MP251DAI3, STM32MP251DAJ3, STM32MP251DAK3, STM32MP251DAL3, STM32MP251FAI3, STM32MP251FAJ3, STM32MP251FAK3, STM32MP251FAL3, STM32MP253AAI3, STM32MP253AAJ3, STM32MP253AAK3, STM32MP253AAL3, STM32MP253CAI3, STM32MP253CAJ3, STM32MP253CAK3, STM32MP253CAL3, STM32MP253DAI3, STM32MP253DAJ3, STM32MP253DAK3, STM32MP253DAL3, STM32MP253FAI3, STM32MP253FAJ3, STM32MP253FAK3, STM32MP253FAL3, STM32MP255AAI3, STM32MP255AAJ3, STM32MP255AAK3, STM32MP255AAL3, STM32MP255CAI3, STM32MP255CAJ3, STM32MP255CAK3, STM32MP255CAL3, STM32MP255DAI3, STM32MP255DAJ3, STM32MP255DAK3, STM32MP255DAL3, STM32MP255FAI3, STM32MP255FAJ3, STM32MP255FAK3, STM32MP255FAL3, STM32MP257AAI3, STM32MP257AAJ3, STM32MP257AAK3, STM32MP257AAL3, STM32MP257CAI3, STM32MP257CAJ3, STM32MP257CAK3, STM32MP257CAL3, STM32MP257DAI3, STM32MP257DAJ3, STM32MP257DAK3, STM32MP257DAL3, STM32MP257F-DK, STM32MP257F-EV1, STM32MP257FAI3, STM32MP257FAJ3, STM32MP257FAK3, STM32MP257FAL3, STM32N645A0H3Q, STM32N645B0H3Q, STM32N645I0H3Q, STM32N645L0H3Q, STM32N645X0H3Q, STM32N645Z0H3Q, STM32N647A0H3Q, STM32N647B0H3Q, STM32N647I0H3Q, STM32N647L0H3Q, STM32N647X0H3Q, STM32N647Z0H3Q, STM32N655A0H3Q, STM32N655B0H3Q, STM32N655I0H3Q, STM32N655L0H3Q, STM32N655X0H3Q, STM32N655Z0H3Q, STM32N6570-DK, STM32N657A0H3Q, STM32N657B0H3Q, STM32N657I0H3Q, STM32N657L0H3Q, STM32N657X0H3Q, STM32N657Z0H3Q, STM32U031C6T6, STM32U031C6U6, STM32U031C8T6, STM32U031C8U6, STM32U031F4P6, STM32U031F6P6, STM32U031F8P6, STM32U031G6Y6TR, STM32U031G8Y6TR, STM32U031K4U6, STM32U031K6U6, STM32U031K8U6, STM32U031R6I6, STM32U031R6T6, STM32U031R8I6, STM32U031R8T6, STM32U073C8T6, STM32U073C8U6, STM32U073CBT6, STM32U073CBU6, STM32U073CCT6, STM32U073CCU6, STM32U073H8Y6TR, STM32U073HBY6TR, STM32U073HCY6TR, STM32U073K8U6, STM32U073KBU6, STM32U073KCU6, STM32U073M8I6, STM32U073M8T6, STM32U073MBI6, STM32U073MBT6, STM32U073MCI6, STM32U073MCT6, STM32U073R8I6, STM32U073R8T6, STM32U073RBI6, STM32U073RBT6, STM32U073RCI6, STM32U073RCT6, STM32U083C-DK, STM32U083CCT6, STM32U083CCU6, STM32U083HCY6TR, STM32U083KCU6, STM32U083MCI6, STM32U083MCT6, STM32U083RCI6, STM32U083RCT6, STM32U375CET6, STM32U375CET6Q, STM32U375CEU6, STM32U375CEU6Q, STM32U375CEY6QTR, STM32U375CGT6, STM32U375CGT6Q, STM32U375CGU6, STM32U375CGU6Q, STM32U375CGY6QTR, STM32U375KEU6, STM32U375KGU6, STM32U375REI6, STM32U375REI6Q, STM32U375RET6, STM32U375RET6Q, STM32U375REY6GTR, STM32U375REY6QTR, STM32U375RGI6, STM32U375RGI6Q, STM32U375RGT6, STM32U375RGT6Q, STM32U375RGY6GTR, STM32U375RGY6QTR, STM32U375VEI6, STM32U375VEI6Q, STM32U375VET6, STM32U375VET6Q, STM32U375VGI6, STM32U375VGI6Q, STM32U375VGT6, STM32U375VGT6Q, STM32U385CGT6, STM32U385CGT6Q, STM32U385CGU6, STM32U385CGU6Q, STM32U385CGY6QTR, STM32U385KGU6, STM32U385RGI6, STM32U385RGI6Q, STM32U385RGT6, STM32U385RGT6Q, STM32U385RGY6GTR, STM32U385RGY6QTR, STM32U385VGI6, STM32U385VGI6Q, STM32U385VGT6, STM32U385VGT6Q, STM32U535CBT6, STM32U535CBT6Q, STM32U535CBU6, STM32U535CBU6Q, STM32U535CCT6, STM32U535CCT6Q, STM32U535CCU6, STM32U535CCU6Q, STM32U535CET6, STM32U535CET6Q, STM32U535CEU6, STM32U535CEU6Q, STM32U535JEY6QTR, STM32U535NCY6QTR, STM32U535NEY6QTR, STM32U535RBI6, STM32U535RBI6Q, STM32U535RBT6, STM32U535RBT6Q, STM32U535RCI6, STM32U535RCI6Q, STM32U535RCT6, STM32U535RCT6Q, STM32U535REI6, STM32U535REI6Q, STM32U535RET6, STM32U535RET6Q, STM32U535VCI6, STM32U535VCI6Q, STM32U535VCT6, STM32U535VCT6Q, STM32U535VEI6, STM32U535VEI6Q, STM32U535VET6, STM32U535VET6Q, STM32U545CET6, STM32U545CET6Q, STM32U545CEU6, STM32U545CEU6Q, STM32U545JEY6QTR, STM32U545NEY6QTR, STM32U545REI6, STM32U545REI6Q, STM32U545RET6, STM32U545RET6Q, STM32U545VEI6, STM32U545VEI6Q, STM32U545VET6, STM32U545VET6Q, STM32U595AIH6, STM32U595AIH6Q, STM32U595AJH6, STM32U595AJH6Q, STM32U595QII6, STM32U595QII6Q, STM32U595QJI6, STM32U595QJI6Q, STM32U595RIT6, STM32U595RIT6Q, STM32U595RJT6, STM32U595RJT6Q, STM32U595VIT6, STM32U595VIT6Q, STM32U595VJT6, STM32U595VJT6Q, STM32U595ZIT6, STM32U595ZIT6Q, STM32U595ZIY6QTR, STM32U595ZJT6, STM32U595ZJT6Q, STM32U595ZJY6QTR, STM32U599BJY6QTR, STM32U599NIH6Q, STM32U599NJH6Q, STM32U599VIT6Q, STM32U599VJT6, STM32U599VJT6Q, STM32U599ZIT6Q, STM32U599ZIY6QTR, STM32U599ZJT6Q, STM32U599ZJY6QTR, STM32U5A5AJH6, STM32U5A5AJH6Q, STM32U5A5QII3Q , STM32U5A5QJI6, STM32U5A5QJI6Q, STM32U5A5RJT6, STM32U5A5RJT6Q, STM32U5A5VJT6, STM32U5A5VJT6Q, STM32U5A5ZJT6, STM32U5A5ZJT6Q, STM32U5A5ZJY6QTR, STM32U5A9BJY6QTR, STM32U5A9J-DK, STM32U5A9NJH6Q, STM32U5A9VJT6Q, STM32U5A9ZJT6Q, STM32U5A9ZJY6QTR, STM32U5F7VIT6, STM32U5F7VIT6Q, STM32U5F7VJT6, STM32U5F7VJT6Q, STM32U5F9BJY6QTR, STM32U5F9NJH6Q, STM32U5F9VIT6Q, STM32U5F9VJT6Q, STM32U5F9ZIJ6QTR, STM32U5F9ZIT6Q, STM32U5F9ZJJ6QTR, STM32U5F9ZJT6Q, STM32U5G7VJT6, STM32U5G7VJT6Q, STM32U5G9BJY6QTR, STM32U5G9J-DK1, STM32U5G9J-DK2, STM32U5G9NJH6Q, STM32U5G9VJT6Q, STM32U5G9ZJJ6QTR, STM32U5G9ZJT6Q, STM32WB05KZV6TR, STM32WB05KZV7TR, STM32WB05TZF6TR, STM32WB05TZF7TR, STM32WB06CCF6TR, STM32WB06CCF7TR, STM32WB06CCV6TR, STM32WB06CCV7TR, STM32WB06KCV6TR, STM32WB06KCV7TR, STM32WB07CCF6TR, STM32WB07CCF7TR, STM32WB07CCV6TR, STM32WB07CCV7TR, STM32WB07KCV6TR, STM32WB07KCV7TR, STM32WB09KEV6TR, STM32WB09KEV7TR, STM32WB09TEF6TR, STM32WB09TEF7TR, STM32WB1MMCH6, STM32WBA50KGU6, STM32WBA50KGU6TR, STM32WBA52CEU6, STM32WBA52CEU6TR, STM32WBA52CEU7, STM32WBA52CEU7TR, STM32WBA52CGU6, STM32WBA52CGU6TR, STM32WBA52CGU6U, STM32WBA52CGU7, STM32WBA52CGU7TR, STM32WBA52KEU6, STM32WBA52KEU6TR, STM32WBA52KGU6, STM32WBA52KGU6TR, STM32WBA54CEU6, STM32WBA54CEU6TR, STM32WBA54CEU7, STM32WBA54CEU7TR, STM32WBA54CGU6, STM32WBA54CGU6TR, STM32WBA54CGU7, STM32WBA54CGU7TR, STM32WBA54KEU6, STM32WBA54KEU6TR, STM32WBA54KEU7, STM32WBA54KEU7TR, STM32WBA54KGU6, STM32WBA54KGU6TR, STM32WBA54KGU7, STM32WBA54KGU7TR, STM32WBA55CEU6, STM32WBA55CEU6TR, STM32WBA55CEU7, STM32WBA55CEU7TR, STM32WBA55CGU6, STM32WBA55CGU6TR, STM32WBA55CGU6U, STM32WBA55CGU7, STM32WBA55CGU7TR, STM32WBA55G-DK1, STM32WBA55HEF6, STM32WBA55HEF7, STM32WBA55HGF6, STM32WBA55HGF7, STM32WBA55UEI6, STM32WBA55UEI6TR, STM32WBA55UEI7, STM32WBA55UEI7TR, STM32WBA55UGI6, STM32WBA55UGI6TR, STM32WBA55UGI7, STM32WBA55UGI7TR, STM32WBA5MJGH6TR, STM32WBA62CGU6, STM32WBA62CIU6, STM32WBA62MGF6, STM32WBA62MIF6, STM32WBA62PGI6, STM32WBA62PII6, STM32WBA63CGU6, STM32WBA63CGU7, STM32WBA63CIU6, STM32WBA63CIU7, STM32WBA64CGU6, STM32WBA64CGU7, STM32WBA64CIU6, STM32WBA64CIU7, STM32WBA65CGU6, STM32WBA65CGU7, STM32WBA65CIU6, STM32WBA65CIU7, STM32WBA65I-DK1, STM32WBA65MGF6, STM32WBA65MGF7, STM32WBA65MIF6, STM32WBA65MIF7, STM32WBA65PGI6, STM32WBA65PGI7, STM32WBA65PII6, STM32WBA65PII7, STM32WBA65RGV6, STM32WBA65RGV7, STM32WBA65RIV6, STM32WBA65RIV7, STM32WL30K8V6, STM32WL30KBV6, STM32WL31C8V6, STM32WL31CBV6, STM32WL31K8V6, STM32WL31KBV6, STM32WL33C8V6, STM32WL33C8V6TR, STM32WL33C8V7, STM32WL33C8V7TR, STM32WL33CBV6, STM32WL33CBV6TR, STM32WL33CBV7, STM32WL33CBV7TR, STM32WL33CCV6, STM32WL33CCV6TR, STM32WL33CCV7, STM32WL33CCV7A, STM32WL33CCV7ATR, STM32WL33CCV7TR, STM32WL33K8V6, STM32WL33K8V6TR, STM32WL33K8V7, STM32WL33K8V7TR, STM32WL33KBV6, STM32WL33KBV6TR, STM32WL33KBV7, STM32WL33KBV7TR, STM32WL33KCV6, STM32WL33KCV6TR, STM32WL33KCV7, STM32WL33KCV7TR, STM32WL5MOCH6, STM32WL5MOCH6TR]
2025-06-27 12:05:07,720 [INFO] BoardInfo:889 - No configuration file found for board P-NUCLEO-WB55
2025-06-27 12:05:07,725 [INFO] DbBoards:161 - Kit is not supported: P-NUCLEO-WB55
2025-06-27 12:05:07,747 [INFO] BoardInfo:889 - No configuration file found for board STEVAL-BFA001V1B
2025-06-27 12:05:07,751 [INFO] DbBoards:161 - Kit is not supported: STEVAL-BFA001V1B
2025-06-27 12:05:07,754 [INFO] BoardInfo:889 - No configuration file found for board STEVAL-BFA001V2B
2025-06-27 12:05:07,758 [INFO] DbBoards:161 - Kit is not supported: STEVAL-BFA001V2B
2025-06-27 12:05:08,454 [INFO] DbBoards:168 - Found 211 boards, 208 are supported
2025-06-27 12:05:08,454 [INFO] DbBoards:169 - Found 211 boards, 43 of them is supported for  Bsp
2025-06-27 12:05:08,469 [INFO] ApiDb:668 - CubeFinder database Data Model version=2.1
2025-06-27 12:05:08,469 [INFO] ApiDb:669 - CubeFinder database Configuration version=3.0.39
2025-06-27 12:05:08,469 [INFO] ApiDb:670 - CubeFinder database generation date=2025-06-16 (1750072209)
2025-06-27 12:05:08,469 [INFO] ApiDb:671 - CubeFinder database FW Pack versions=[FP-ATR-ASTRA1_V2.0.0, FP-SNS-FLIGHT1_V5.1.0, FP-SNS-MOTENV1_V5.0.0, FP-SNS-MOTENVWB1_V1.4.0, FP-SNS-SMARTAG2_V1.2.0, FP-SNS-STBOX1_V2.0.0, STM32Cube_FW_C0_V1.4.0, STM32Cube_FW_F4_V1.28.2, STM32Cube_FW_F7_V1.17.3, STM32Cube_FW_G0_V1.6.2, STM32Cube_FW_G4_V1.6.1, STM32Cube_FW_H5_V1.5.0, STM32Cube_FW_H7RS_V1.2.0, STM32Cube_FW_H7_V1.12.1, STM32Cube_FW_L0_V1.12.2, STM32Cube_FW_L4_V1.18.1, STM32Cube_FW_L5_V1.5.1, STM32Cube_FW_N6_V1.1.1, STM32Cube_FW_U0_V1.2.0, STM32Cube_FW_U3_V1.1.0, STM32Cube_FW_U5_V1.7.0, STM32Cube_FW_WB0_V1.2.0, STM32Cube_FW_WBA_V1.6.0, STM32Cube_FW_WB_V1.22.0, STM32Cube_FW_WL3_V1.1.0, STM32Cube_FW_WL_V1.3.1, X-CUBE-ALGOBUILD_V1.4.0, X-CUBE-ALS_V1.0.2, X-CUBE-AZRTOS-F4_V1.1.0, X-CUBE-AZRTOS-F7_V1.1.0, X-CUBE-AZRTOS-G0_V1.1.0, X-CUBE-AZRTOS-G4_V2.0.0, X-CUBE-AZRTOS-H7RS_V1.1.0, X-CUBE-AZRTOS-H7_V3.3.0, X-CUBE-AZRTOS-L4_V2.0.0, X-CUBE-AZRTOS-L5_V2.0.0, X-CUBE-AZRTOS-WB_V2.0.0, X-CUBE-AZRTOS-WL_V2.0.0, X-CUBE-BLE1_V7.1.0, X-CUBE-BLE2_V3.3.0, X-CUBE-BLEMGR_V4.0.0, X-CUBE-EEPRMA1_V5.1.0, X-CUBE-FREERTOS_V1.3.1, X-CUBE-GNSS1_V6.0.0, X-CUBE-MEMS1_V11.3.0, X-CUBE-NFC4_V3.0.0, X-CUBE-NFC7_V2.0.0, X-CUBE-SFXS2LP1_V4.0.0, X-CUBE-SUBG2_V5.0.0, X-CUBE-TOF1_V3.4.3]
2025-06-27 12:05:14,923 [INFO] ApiDb:240 - Found 895 in-development CPN: [B-G473E-ZEST1S, B-WB1M-WPAN1, B-WBA5M-WPAN, B-WL5M-SUBG1, NUCLEO-C031C6, NUCLEO-C051C8, NUCLEO-C071RB, NUCLEO-C092RC, NUCLEO-H503RB, NUCLEO-H533RE, NUCLEO-H563ZI, NUCLEO-H7S3L8, NUCLEO-N657X0-Q, NUCLEO-U031R8, NUCLEO-U083RC, NUCLEO-U385RG-Q, NUCLEO-U545RE-Q, NUCLEO-U5A5ZJ-Q, NUCLEO-WB05KZ, NUCLEO-WB07CC, NUCLEO-WB09KE, NUCLEO-WBA52CG, NUCLEO-WBA55CG, NUCLEO-WBA65RI, NUCLEO-WL33CC1, NUCLEO-WL33CC2, STEVAL-PROTEUS1, STEVAL-SMARTAG2, STEVAL-STWINBX1, STM320518-EVAL, STM32C0116-DK, STM32C011D6Y3TR, STM32C011D6Y6TR, STM32C011F4P3, STM32C011F4P6, STM32C011F4U3, STM32C011F4U6TR, STM32C011F6P3, STM32C011F6P6, STM32C011F6U3, STM32C011F6U6TR, STM32C011J4M3, STM32C011J4M6, STM32C011J6M3, STM32C011J6M6, STM32C0316-DK, STM32C031C4T3, STM32C031C4T6, STM32C031C4U3, STM32C031C4U6, STM32C031C6T3, STM32C031C6T6, STM32C031C6U3, STM32C031C6U6, STM32C031F4P3, STM32C031F4P6, STM32C031F6P3, STM32C031F6P6, STM32C031G4U3, STM32C031G4U6, STM32C031G6U3, STM32C031G6U6, STM32C031K4T3, STM32C031K4T6, STM32C031K4U3, STM32C031K4U6, STM32C031K6T3, STM32C031K6T6, STM32C031K6U3, STM32C031K6U6, STM32C051C6T6, STM32C051C6U6, STM32C051C8T6, STM32C051C8U6, STM32C051D8Y6TR, STM32C051F6P6, STM32C051F8P6, STM32C051G6U6, STM32C051G8U6, STM32C051K6T6, STM32C051K6U6, STM32C051K8T6, STM32C071C8T6, STM32C071C8T6N, STM32C071C8U6, STM32C071C8U6N, STM32C071CBT6, STM32C071CBT6N, STM32C071CBU6, STM32C071CBU6N, STM32C071F8P6, STM32C071F8P6N, STM32C071FBP6, STM32C071FBP6N, STM32C071FBY6TR, STM32C071G8U6, STM32C071G8U6N, STM32C071GBU6, STM32C071GBU6N, STM32C071K8T6, STM32C071K8T6N, STM32C071K8U6, STM32C071K8U6N, STM32C071KBT6, STM32C071KBT6N, STM32C071KBU6, STM32C071KBU6N, STM32C071R8T6, STM32C071R8T6N, STM32C071RBI6N, STM32C071RBT6, STM32C071RBT6N, STM32C091CBT6, STM32C091CBU6, STM32C091CCT6, STM32C091CCU6, STM32C091ECY6TR, STM32C091FBP6, STM32C091FCP6, STM32C091GBU6, STM32C091GCU6, STM32C091KBT6, STM32C091KBU6, STM32C091KCT6, STM32C091KCU6, STM32C091RBT6, STM32C091RCI6, STM32C091RCT6, STM32C092CBT6, STM32C092CBU6, STM32C092CCT6, STM32C092CCU6, STM32C092ECY6TR, STM32C092FBP6, STM32C092FCP6, STM32C092GBU6, STM32C092GCU6, STM32C092KBT6, STM32C092KBU6, STM32C092KCT6, STM32C092KCU6, STM32C092RBT6, STM32C092RCI6, STM32C092RCT6, STM32G071K8TXN, STM32G071K8UXN, STM32G081GBU6N, STM32G081KBT6N, STM32G081KBUXN, STM32G0B1CCT6N, STM32G0B1KCT6, STM32G0B1NEY6TR, STM32G0B1RCT6N, STM32G0C1CCT6, STM32G0C1CCT6N, STM32G0C1CCU6N, STM32G0C1CET6N, STM32G0C1CEU6N, STM32G0C1KCT6, STM32G0C1NEY6TR, STM32G0C1RCI6N, STM32G0C1RCT6N, STM32G0C1REI6N, STM32G0C1RET6N, STM32G0C1VCI6, STM32G0C1VEI6, STM32G411C6T3, STM32G411C6T6, STM32G411C6U3, STM32G411C6U6, STM32G411C8T3, STM32G411C8T6, STM32G411C8U3, STM32G411C8U6, STM32G411CBT3, STM32G411CBT6, STM32G411CBU3, STM32G411CBU6, STM32G411CCT3, STM32G411CCT6, STM32G411CCU3, STM32G411CCU6, STM32G411K6T3, STM32G411K6T6, STM32G411K6U3, STM32G411K6U6, STM32G411K8T3, STM32G411K8T6, STM32G411K8U3, STM32G411K8U6, STM32G411KBT3, STM32G411KBT6, STM32G411KBU3, STM32G411KBU6, STM32G411M6T3, STM32G411M6T6, STM32G411M8T3, STM32G411M8T6, STM32G411MBT3, STM32G411MBT6, STM32G411MCT3, STM32G411MCT6, STM32G411R6T3, STM32G411R6T6, STM32G411R8T3, STM32G411R8T6, STM32G411RBT3, STM32G411RBT6, STM32G411RCT3, STM32G411RCT6, STM32G414CBT3, STM32G414CBT6, STM32G414CBU3, STM32G414CBU6, STM32G414CCT3, STM32G414CCT6, STM32G414CCU3, STM32G414CCU6, STM32G414MBT3, STM32G414MBT6, STM32G414MCT3, STM32G414MCT6, STM32G414RBT3, STM32G414RBT6, STM32G414RCT3, STM32G414RCT6, STM32G414VBT3, STM32G414VBT6, STM32G414VCT3, STM32G414VCT6, STM32G431CBT3Z, STM32G431RBT3Z, STM32G471CCT6, STM32G471CCU6, STM32G471CET3, STM32G471CET6, STM32G471CEU3, STM32G471CEU6, STM32G471MCT6, STM32G471MET3, STM32G471MET6, STM32G471MEY6TR, STM32G471QCT6, STM32G471QET3, STM32G471RCT6, STM32G471RET3, STM32G471RET6, STM32G471VCH6, STM32G471VCI6, STM32G471VCT6, STM32G471VEH3, STM32G471VEH6, STM32G471VEI3, STM32G471VEI6, STM32G471VET3, STM32G471VET6, STM32G473QET3Z, STM32G473RET3Z, STM32G474CCT6, STM32G491RET3Z, STM32H503CBT6, STM32H503CBU6, STM32H503EBY6TR, STM32H503KBU6, STM32H503RBT6, STM32H523CCT6, STM32H523CCU6, STM32H523CET6, STM32H523CEU6, STM32H523HEY6TR, STM32H523RCT6, STM32H523RET6, STM32H523VCI6, STM32H523VCT6, STM32H523VEI6, STM32H523VET6, STM32H523ZCJ6, STM32H523ZCT6, STM32H523ZEJ6, STM32H523ZET6, STM32H533CET6, STM32H533CEU6, STM32H533HEY6TR, STM32H533RET6, STM32H533VEI6, STM32H533VET6, STM32H533ZEJ6, STM32H533ZET6, STM32H562AGI6, STM32H562AII6, STM32H562IGK6, STM32H562IGT6, STM32H562IIK6, STM32H562IIT6, STM32H562RGT6, STM32H562RGV6, STM32H562RIT6, STM32H562RIV6, STM32H562VGT6, STM32H562VIT6, STM32H562ZGT6, STM32H562ZIT6, STM32H563AGI6, STM32H563AII3Q, STM32H563AII6, STM32H563IGK6, STM32H563IGT6, STM32H563IIK3Q, STM32H563IIK6, STM32H563IIT3Q, STM32H563IIT6, STM32H563MIY3QTR, STM32H563RGT6, STM32H563RGV6, STM32H563RIT6, STM32H563RIV6, STM32H563VGT6, STM32H563VIT3Q, STM32H563VIT6, STM32H563ZGT6, STM32H563ZIT3Q, STM32H563ZIT6, STM32H573AII3Q, STM32H573AII6, STM32H573I-DK, STM32H573IIK3Q, STM32H573IIK6, STM32H573IIT3Q, STM32H573IIT6, STM32H573MIY3QTR, STM32H573RIT6, STM32H573RIV6, STM32H573VIT3Q, STM32H573VIT6, STM32H573ZIT3Q, STM32H573ZIT6, STM32H7R3A8I6, STM32H7R3I8K6, STM32H7R3I8T6, STM32H7R3L8H6, STM32H7R3L8H6H, STM32H7R3R8V6, STM32H7R3V8H6, STM32H7R3V8T6, STM32H7R3V8Y6TR, STM32H7R3Z8J6, STM32H7R3Z8T6, STM32H7R7A8I6, STM32H7R7I8K6, STM32H7R7I8T6, STM32H7R7L8H6, STM32H7R7L8H6H, STM32H7R7Z8J6, STM32H7S3A8I6, STM32H7S3I8K6, STM32H7S3I8T6, STM32H7S3L8H6, STM32H7S3L8H6H, STM32H7S3R8V6, STM32H7S3V8H6, STM32H7S3V8T6, STM32H7S3V8Y6TR, STM32H7S3Z8J6, STM32H7S3Z8T6, STM32H7S78-DK, STM32H7S7A8I6, STM32H7S7I8K6, STM32H7S7I8T6, STM32H7S7L8H6, STM32H7S7L8H6H, STM32H7S7Z8J6, STM32L4R5QGI6STR, STM32MP131AAE3, STM32MP131AAF3, STM32MP131AAG3, STM32MP131CAE3, STM32MP131CAF3, STM32MP131CAG3, STM32MP131DAE7, STM32MP131DAF7, STM32MP131DAG7, STM32MP131FAE7, STM32MP131FAF7, STM32MP131FAG7, STM32MP133AAE3, STM32MP133AAF3, STM32MP133AAG3, STM32MP133CAE3, STM32MP133CAF3, STM32MP133CAG3, STM32MP133DAE7, STM32MP133DAF7, STM32MP133DAG7, STM32MP133FAE7, STM32MP133FAF7, STM32MP133FAG7, STM32MP135AAE3, STM32MP135AAF3, STM32MP135AAG3, STM32MP135CAE3, STM32MP135CAF3, STM32MP135CAG3, STM32MP135DAE7, STM32MP135DAF7, STM32MP135DAG7, STM32MP135F-DK, STM32MP135FAE7, STM32MP135FAF7, STM32MP135FAF7T, STM32MP135FAF7U, STM32MP135FAG7, STM32MP231AAJ3, STM32MP231AAK3, STM32MP231AAL3, STM32MP231CAJ3, STM32MP231CAK3, STM32MP231CAL3, STM32MP231DAJ3, STM32MP231DAK3, STM32MP231DAL3, STM32MP231FAJ3, STM32MP231FAK3, STM32MP231FAL3, STM32MP233AAJ3, STM32MP233AAK3, STM32MP233AAL3, STM32MP233CAJ3, STM32MP233CAK3, STM32MP233CAL3, STM32MP233DAJ3, STM32MP233DAK3, STM32MP233DAL3, STM32MP233FAJ3, STM32MP233FAK3, STM32MP233FAL3, STM32MP235AAJ3, STM32MP235AAK3, STM32MP235AAL3, STM32MP235CAJ3, STM32MP235CAK3, STM32MP235CAL3, STM32MP235DAJ3, STM32MP235DAK3, STM32MP235DAL3, STM32MP235FAJ3, STM32MP235FAK3, STM32MP235FAL3, STM32MP251AAI3, STM32MP251AAJ3, STM32MP251AAK3, STM32MP251AAL3, STM32MP251CAI3, STM32MP251CAJ3, STM32MP251CAK3, STM32MP251CAL3, STM32MP251DAI3, STM32MP251DAJ3, STM32MP251DAK3, STM32MP251DAL3, STM32MP251FAI3, STM32MP251FAJ3, STM32MP251FAK3, STM32MP251FAL3, STM32MP253AAI3, STM32MP253AAJ3, STM32MP253AAK3, STM32MP253AAL3, STM32MP253CAI3, STM32MP253CAJ3, STM32MP253CAK3, STM32MP253CAL3, STM32MP253DAI3, STM32MP253DAJ3, STM32MP253DAK3, STM32MP253DAL3, STM32MP253FAI3, STM32MP253FAJ3, STM32MP253FAK3, STM32MP253FAL3, STM32MP255AAI3, STM32MP255AAJ3, STM32MP255AAK3, STM32MP255AAL3, STM32MP255CAI3, STM32MP255CAJ3, STM32MP255CAK3, STM32MP255CAL3, STM32MP255DAI3, STM32MP255DAJ3, STM32MP255DAK3, STM32MP255DAL3, STM32MP255FAI3, STM32MP255FAJ3, STM32MP255FAK3, STM32MP255FAL3, STM32MP257AAI3, STM32MP257AAJ3, STM32MP257AAK3, STM32MP257AAL3, STM32MP257CAI3, STM32MP257CAJ3, STM32MP257CAK3, STM32MP257CAL3, STM32MP257DAI3, STM32MP257DAJ3, STM32MP257DAK3, STM32MP257DAL3, STM32MP257F-DK, STM32MP257F-EV1, STM32MP257FAI3, STM32MP257FAJ3, STM32MP257FAK3, STM32MP257FAL3, STM32N645A0H3Q, STM32N645B0H3Q, STM32N645I0H3Q, STM32N645L0H3Q, STM32N645X0H3Q, STM32N645Z0H3Q, STM32N647A0H3Q, STM32N647B0H3Q, STM32N647I0H3Q, STM32N647L0H3Q, STM32N647X0H3Q, STM32N647Z0H3Q, STM32N655A0H3Q, STM32N655B0H3Q, STM32N655I0H3Q, STM32N655L0H3Q, STM32N655X0H3Q, STM32N655Z0H3Q, STM32N6570-DK, STM32N657A0H3Q, STM32N657B0H3Q, STM32N657I0H3Q, STM32N657L0H3Q, STM32N657X0H3Q, STM32N657Z0H3Q, STM32U031C6T6, STM32U031C6U6, STM32U031C8T6, STM32U031C8U6, STM32U031F4P6, STM32U031F6P6, STM32U031F8P6, STM32U031G6Y6TR, STM32U031G8Y6TR, STM32U031K4U6, STM32U031K6U6, STM32U031K8U6, STM32U031R6I6, STM32U031R6T6, STM32U031R8I6, STM32U031R8T6, STM32U073C8T6, STM32U073C8U6, STM32U073CBT6, STM32U073CBU6, STM32U073CCT6, STM32U073CCU6, STM32U073H8Y6TR, STM32U073HBY6TR, STM32U073HCY6TR, STM32U073K8U6, STM32U073KBU6, STM32U073KCU6, STM32U073M8I6, STM32U073M8T6, STM32U073MBI6, STM32U073MBT6, STM32U073MCI6, STM32U073MCT6, STM32U073R8I6, STM32U073R8T6, STM32U073RBI6, STM32U073RBT6, STM32U073RCI6, STM32U073RCT6, STM32U083C-DK, STM32U083CCT6, STM32U083CCU6, STM32U083HCY6TR, STM32U083KCU6, STM32U083MCI6, STM32U083MCT6, STM32U083RCI6, STM32U083RCT6, STM32U375CET6, STM32U375CET6Q, STM32U375CEU6, STM32U375CEU6Q, STM32U375CEY6QTR, STM32U375CGT6, STM32U375CGT6Q, STM32U375CGU6, STM32U375CGU6Q, STM32U375CGY6QTR, STM32U375KEU6, STM32U375KGU6, STM32U375REI6, STM32U375REI6Q, STM32U375RET6, STM32U375RET6Q, STM32U375REY6GTR, STM32U375REY6QTR, STM32U375RGI6, STM32U375RGI6Q, STM32U375RGT6, STM32U375RGT6Q, STM32U375RGY6GTR, STM32U375RGY6QTR, STM32U375VEI6, STM32U375VEI6Q, STM32U375VET6, STM32U375VET6Q, STM32U375VGI6, STM32U375VGI6Q, STM32U375VGT6, STM32U375VGT6Q, STM32U385CGT6, STM32U385CGT6Q, STM32U385CGU6, STM32U385CGU6Q, STM32U385CGY6QTR, STM32U385KGU6, STM32U385RGI6, STM32U385RGI6Q, STM32U385RGT6, STM32U385RGT6Q, STM32U385RGY6GTR, STM32U385RGY6QTR, STM32U385VGI6, STM32U385VGI6Q, STM32U385VGT6, STM32U385VGT6Q, STM32U535CBT6, STM32U535CBT6Q, STM32U535CBU6, STM32U535CBU6Q, STM32U535CCT6, STM32U535CCT6Q, STM32U535CCU6, STM32U535CCU6Q, STM32U535CET6, STM32U535CET6Q, STM32U535CEU6, STM32U535CEU6Q, STM32U535JEY6QTR, STM32U535NCY6QTR, STM32U535NEY6QTR, STM32U535RBI6, STM32U535RBI6Q, STM32U535RBT6, STM32U535RBT6Q, STM32U535RCI6, STM32U535RCI6Q, STM32U535RCT6, STM32U535RCT6Q, STM32U535REI6, STM32U535REI6Q, STM32U535RET6, STM32U535RET6Q, STM32U535VCI6, STM32U535VCI6Q, STM32U535VCT6, STM32U535VCT6Q, STM32U535VEI6, STM32U535VEI6Q, STM32U535VET6, STM32U535VET6Q, STM32U545CET6, STM32U545CET6Q, STM32U545CEU6, STM32U545CEU6Q, STM32U545JEY6QTR, STM32U545NEY6QTR, STM32U545REI6, STM32U545REI6Q, STM32U545RET6, STM32U545RET6Q, STM32U545VEI6, STM32U545VEI6Q, STM32U545VET6, STM32U545VET6Q, STM32U595AIH6, STM32U595AIH6Q, STM32U595AJH6, STM32U595AJH6Q, STM32U595QII6, STM32U595QII6Q, STM32U595QJI6, STM32U595QJI6Q, STM32U595RIT6, STM32U595RIT6Q, STM32U595RJT6, STM32U595RJT6Q, STM32U595VIT6, STM32U595VIT6Q, STM32U595VJT6, STM32U595VJT6Q, STM32U595ZIT6, STM32U595ZIT6Q, STM32U595ZIY6QTR, STM32U595ZJT6, STM32U595ZJT6Q, STM32U595ZJY6QTR, STM32U599BJY6QTR, STM32U599NIH6Q, STM32U599NJH6Q, STM32U599VIT6Q, STM32U599VJT6, STM32U599VJT6Q, STM32U599ZIT6Q, STM32U599ZIY6QTR, STM32U599ZJT6Q, STM32U599ZJY6QTR, STM32U5A5AJH6, STM32U5A5AJH6Q, STM32U5A5QII3Q , STM32U5A5QJI6, STM32U5A5QJI6Q, STM32U5A5RJT6, STM32U5A5RJT6Q, STM32U5A5VJT6, STM32U5A5VJT6Q, STM32U5A5ZJT6, STM32U5A5ZJT6Q, STM32U5A5ZJY6QTR, STM32U5A9BJY6QTR, STM32U5A9J-DK, STM32U5A9NJH6Q, STM32U5A9VJT6Q, STM32U5A9ZJT6Q, STM32U5A9ZJY6QTR, STM32U5F7VIT6, STM32U5F7VIT6Q, STM32U5F7VJT6, STM32U5F7VJT6Q, STM32U5F9BJY6QTR, STM32U5F9NJH6Q, STM32U5F9VIT6Q, STM32U5F9VJT6Q, STM32U5F9ZIJ6QTR, STM32U5F9ZIT6Q, STM32U5F9ZJJ6QTR, STM32U5F9ZJT6Q, STM32U5G7VJT6, STM32U5G7VJT6Q, STM32U5G9BJY6QTR, STM32U5G9J-DK1, STM32U5G9J-DK2, STM32U5G9NJH6Q, STM32U5G9VJT6Q, STM32U5G9ZJJ6QTR, STM32U5G9ZJT6Q, STM32WB05KZV6TR, STM32WB05KZV7TR, STM32WB05TZF6TR, STM32WB05TZF7TR, STM32WB06CCF6TR, STM32WB06CCF7TR, STM32WB06CCV6TR, STM32WB06CCV7TR, STM32WB06KCV6TR, STM32WB06KCV7TR, STM32WB07CCF6TR, STM32WB07CCF7TR, STM32WB07CCV6TR, STM32WB07CCV7TR, STM32WB07KCV6TR, STM32WB07KCV7TR, STM32WB09KEV6TR, STM32WB09KEV7TR, STM32WB09TEF6TR, STM32WB09TEF7TR, STM32WB1MMCH6, STM32WBA50KGU6, STM32WBA50KGU6TR, STM32WBA52CEU6, STM32WBA52CEU6TR, STM32WBA52CEU7, STM32WBA52CEU7TR, STM32WBA52CGU6, STM32WBA52CGU6TR, STM32WBA52CGU6U, STM32WBA52CGU7, STM32WBA52CGU7TR, STM32WBA52KEU6, STM32WBA52KEU6TR, STM32WBA52KGU6, STM32WBA52KGU6TR, STM32WBA54CEU6, STM32WBA54CEU6TR, STM32WBA54CEU7, STM32WBA54CEU7TR, STM32WBA54CGU6, STM32WBA54CGU6TR, STM32WBA54CGU7, STM32WBA54CGU7TR, STM32WBA54KEU6, STM32WBA54KEU6TR, STM32WBA54KEU7, STM32WBA54KEU7TR, STM32WBA54KGU6, STM32WBA54KGU6TR, STM32WBA54KGU7, STM32WBA54KGU7TR, STM32WBA55CEU6, STM32WBA55CEU6TR, STM32WBA55CEU7, STM32WBA55CEU7TR, STM32WBA55CGU6, STM32WBA55CGU6TR, STM32WBA55CGU6U, STM32WBA55CGU7, STM32WBA55CGU7TR, STM32WBA55G-DK1, STM32WBA55HEF6, STM32WBA55HEF7, STM32WBA55HGF6, STM32WBA55HGF7, STM32WBA55UEI6, STM32WBA55UEI6TR, STM32WBA55UEI7, STM32WBA55UEI7TR, STM32WBA55UGI6, STM32WBA55UGI6TR, STM32WBA55UGI7, STM32WBA55UGI7TR, STM32WBA5MJGH6TR, STM32WBA62CGU6, STM32WBA62CIU6, STM32WBA62MGF6, STM32WBA62MIF6, STM32WBA62PGI6, STM32WBA62PII6, STM32WBA63CGU6, STM32WBA63CGU7, STM32WBA63CIU6, STM32WBA63CIU7, STM32WBA64CGU6, STM32WBA64CGU7, STM32WBA64CIU6, STM32WBA64CIU7, STM32WBA65CGU6, STM32WBA65CGU7, STM32WBA65CIU6, STM32WBA65CIU7, STM32WBA65I-DK1, STM32WBA65MGF6, STM32WBA65MGF7, STM32WBA65MIF6, STM32WBA65MIF7, STM32WBA65PGI6, STM32WBA65PGI7, STM32WBA65PII6, STM32WBA65PII7, STM32WBA65RGV6, STM32WBA65RGV7, STM32WBA65RIV6, STM32WBA65RIV7, STM32WL30K8V6, STM32WL30KBV6, STM32WL31C8V6, STM32WL31CBV6, STM32WL31K8V6, STM32WL31KBV6, STM32WL33C8V6, STM32WL33C8V6TR, STM32WL33C8V7, STM32WL33C8V7TR, STM32WL33CBV6, STM32WL33CBV6TR, STM32WL33CBV7, STM32WL33CBV7TR, STM32WL33CCV6, STM32WL33CCV6TR, STM32WL33CCV7, STM32WL33CCV7A, STM32WL33CCV7ATR, STM32WL33CCV7TR, STM32WL33K8V6, STM32WL33K8V6TR, STM32WL33K8V7, STM32WL33K8V7TR, STM32WL33KBV6, STM32WL33KBV6TR, STM32WL33KBV7, STM32WL33KBV7TR, STM32WL33KCV6, STM32WL33KCV6TR, STM32WL33KCV7, STM32WL33KCV7TR, STM32WL5MOCH6, STM32WL5MOCH6TR]
2025-06-27 12:05:14,928 [INFO] DbMcus:218 - Found 4686 MCUs, 4686 are supported
2025-06-27 12:05:14,935 [INFO] ApiDb:423 - Load user favorites file C:\Users\nisha/.stm32cubeide/favorites.mcus.txt: 0 item(s)
2025-06-27 12:05:14,935 [INFO] ApiDb:427 - User favorites MCUs=[]
2025-06-27 12:05:14,935 [INFO] DbMcus:224 - Set 0 / 0 favorites MCUs
2025-06-27 12:05:15,923 [INFO] ApiDb:423 - Load user favorites file C:\Users\nisha/.stm32cubeide/favorites.boards.txt: 1 item(s)
2025-06-27 12:05:15,923 [INFO] ApiDb:427 - User favorites Boards=[STM32F407G-DISC1]
2025-06-27 12:05:15,924 [INFO] DbBoards:198 - Set 1 / 1 favorites Boards
2025-06-27 12:05:16,145 [INFO] UtilMem:75 - End LoadConfig() Used Memory: 607249448 Bytes (744488960)
2025-06-27 12:05:16,734 [WARN] ThirdParty:833 - waiting for thirdparty lock release [change project]
2025-06-27 12:05:16,734 [INFO] ThirdParty:835 - entering critical section [change project]
2025-06-27 12:05:16,735 [INFO] ThirdParty:1030 - CMSIS Pack Vendor :STMicroelectronics X-CUBE-PM33A1 1.0.0
2025-06-27 12:05:16,735 [INFO] ThirdParty:1030 - CMSIS Pack Vendor :STMicroelectronics USBPD 4.1
2025-06-27 12:05:16,735 [INFO] ThirdParty:1030 - CMSIS Pack Vendor :STMicroelectronics X-CUBE-GNSS1 6.0.0
2025-06-27 12:05:16,735 [INFO] ThirdParty:1030 - CMSIS Pack Vendor :STMicroelectronics USB_HOST 2.0.0
2025-06-27 12:05:16,735 [INFO] ThirdParty:1030 - CMSIS Pack Vendor :STMicroelectronics FP-SNS-MOTENVWB1 1.4.0
2025-06-27 12:05:16,735 [INFO] ThirdParty:1030 - CMSIS Pack Vendor :STMicroelectronics X-CUBE-AZRTOS-F4 1.1.0
2025-06-27 12:05:16,735 [INFO] ThirdParty:1030 - CMSIS Pack Vendor :STMicroelectronics LIBJPEG 8.0.0
2025-06-27 12:05:16,735 [INFO] ThirdParty:1030 - CMSIS Pack Vendor :Avnet-IotConnect X-CUBE-IoTC-DA16k-PMOD 1.0.0
2025-06-27 12:05:16,735 [INFO] ThirdParty:1030 - CMSIS Pack Vendor :STMicroelectronics X-CUBE-SMBUS 2.1.0
2025-06-27 12:05:16,735 [INFO] ThirdParty:1030 - CMSIS Pack Vendor :STMicroelectronics X-CUBE-WB05N 1.1.0
2025-06-27 12:05:16,735 [INFO] ThirdParty:1030 - CMSIS Pack Vendor :STMicroelectronics X-CUBE-ISPU 2.1.0
2025-06-27 12:05:16,735 [INFO] ThirdParty:1030 - CMSIS Pack Vendor :STMicroelectronics X-CUBE-FREERTOS 1.2.0
2025-06-27 12:05:16,735 [INFO] ThirdParty:1030 - CMSIS Pack Vendor :STMicroelectronics X-CUBE-ST60 1.0.0
2025-06-27 12:05:16,736 [INFO] ThirdParty:1030 - CMSIS Pack Vendor :STMicroelectronics X-CUBE-AZRTOS-F7 1.1.0
2025-06-27 12:05:16,736 [INFO] ThirdParty:1030 - CMSIS Pack Vendor :STMicroelectronics X-CUBE-AZRTOS-L5 2.0.0
2025-06-27 12:05:16,737 [INFO] ThirdParty:1030 - CMSIS Pack Vendor :STMicroelectronics USB_DEVICE 2.0.0
2025-06-27 12:05:16,737 [INFO] ThirdParty:1030 - CMSIS Pack Vendor :STMicroelectronics X-CUBE-NFC6 3.1.0
2025-06-27 12:05:16,737 [INFO] ThirdParty:1030 - CMSIS Pack Vendor :STMicroelectronics X-CUBE-MEMS1 11.0.0
2025-06-27 12:05:16,737 [INFO] ThirdParty:1030 - CMSIS Pack Vendor :STMicroelectronics FreeRTOS 0.0.1
2025-06-27 12:05:16,737 [INFO] ThirdParty:1030 - CMSIS Pack Vendor :STMicroelectronics X-CUBE-DPower 1.2.0
2025-06-27 12:05:16,737 [INFO] ThirdParty:1030 - CMSIS Pack Vendor :STMicroelectronics FP-SNS-FLIGHT1 5.0.2
2025-06-27 12:05:16,737 [INFO] ThirdParty:1030 - CMSIS Pack Vendor :STMicroelectronics X-CUBE-AI 9.0.0
2025-06-27 12:05:16,737 [INFO] ThirdParty:1030 - CMSIS Pack Vendor :STMicroelectronics PDM2PCM 3.3.0
2025-06-27 12:05:16,738 [INFO] ThirdParty:1030 - CMSIS Pack Vendor :STMicroelectronics X-CUBE-DISPLAY 3.0.0
2025-06-27 12:05:16,738 [INFO] ThirdParty:1030 - CMSIS Pack Vendor :STMicroelectronics X-CUBE-BLE1 7.0.0
2025-06-27 12:05:16,738 [INFO] ThirdParty:1030 - CMSIS Pack Vendor :STMicroelectronics X-CUBE-NFC10 1.0.0
2025-06-27 12:05:16,738 [INFO] ThirdParty:1030 - CMSIS Pack Vendor :STMicroelectronics X-CUBE-FREERTOS 1.3.1
2025-06-27 12:05:16,738 [INFO] ThirdParty:1030 - CMSIS Pack Vendor :STMicroelectronics HAL Drivers 0.0.0
2025-06-27 12:05:16,738 [INFO] ThirdParty:1030 - CMSIS Pack Vendor :emotas I-CUBE-CANOPEN 1.3.0
2025-06-27 12:05:16,738 [INFO] ThirdParty:1030 - CMSIS Pack Vendor :STMicroelectronics X-CUBE-NFC7 1.0.1
2025-06-27 12:05:16,738 [INFO] ThirdParty:1030 - CMSIS Pack Vendor :STMicroelectronics MBEDTLS 2.14.1
2025-06-27 12:05:16,738 [INFO] ThirdParty:1030 - CMSIS Pack Vendor :wolfSSL I-CUBE-wolfTPM 3.2.0
2025-06-27 12:05:16,738 [INFO] ThirdParty:1030 - CMSIS Pack Vendor :STMicroelectronics X-CUBE-BLEMGR 3.1.0
2025-06-27 12:05:16,738 [INFO] ThirdParty:1030 - CMSIS Pack Vendor :STMicroelectronics FP-SNS-STAIOTCFT 1.0.0
2025-06-27 12:05:16,738 [INFO] ThirdParty:1030 - CMSIS Pack Vendor :STMicroelectronics FP-SNS-SMARTAG2 1.2.0
2025-06-27 12:05:16,738 [INFO] ThirdParty:1030 - CMSIS Pack Vendor :STMicroelectronics FP-SNS-FLIGHT1 5.1.0
2025-06-27 12:05:16,738 [INFO] ThirdParty:1030 - CMSIS Pack Vendor :STMicroelectronics X-CUBE-AZRTOS-WL 2.0.0
2025-06-27 12:05:16,739 [INFO] ThirdParty:1030 - CMSIS Pack Vendor :STMicroelectronics X-CUBE-DPower 1.3.0
2025-06-27 12:05:16,739 [INFO] ThirdParty:1030 - CMSIS Pack Vendor :STMicroelectronics FP-SNS-MOTENV1 5.0.0
2025-06-27 12:05:16,739 [INFO] ThirdParty:1030 - CMSIS Pack Vendor :STMicroelectronics USB_DEVICE 1.0.0
2025-06-27 12:05:16,739 [INFO] ThirdParty:1030 - CMSIS Pack Vendor :wolfSSL I-CUBE-wolfMQTT 1.19.0
2025-06-27 12:05:16,739 [INFO] ThirdParty:1030 - CMSIS Pack Vendor :STMicroelectronics X-CUBE-AZRTOS-L4 2.0.0
2025-06-27 12:05:16,739 [INFO] ThirdParty:1030 - CMSIS Pack Vendor :STMicroelectronics ThreadX 0.0.2
2025-06-27 12:05:16,739 [INFO] ThirdParty:1030 - CMSIS Pack Vendor :WES I-CUBE-Cesium 1.3.0
2025-06-27 12:05:16,739 [INFO] ThirdParty:1030 - CMSIS Pack Vendor :STMicroelectronics lwIP 2.1.2
2025-06-27 12:05:16,739 [INFO] ThirdParty:1030 - CMSIS Pack Vendor :STMicroelectronics X-CUBE-SFXS2LP1 4.0.0
2025-06-27 12:05:16,739 [INFO] ThirdParty:1030 - CMSIS Pack Vendor :STMicroelectronics X-CUBE-BLE2 3.3.0
2025-06-27 12:05:16,740 [INFO] ThirdParty:1030 - CMSIS Pack Vendor :STMicroelectronics PDM2PCM 3.2.0
2025-06-27 12:05:16,740 [INFO] ThirdParty:1030 - CMSIS Pack Vendor :STMicroelectronics X-CUBE-AZRTOS-H7 3.3.0
2025-06-27 12:05:16,740 [INFO] ThirdParty:1030 - CMSIS Pack Vendor :STMicroelectronics X-CUBE-NFC9 1.0.0
2025-06-27 12:05:16,740 [INFO] ThirdParty:1030 - CMSIS Pack Vendor :STMicroelectronics X-CUBE-BLE1 7.1.0
2025-06-27 12:05:16,740 [INFO] ThirdParty:1030 - CMSIS Pack Vendor :STMicroelectronics USB_DEVICE 3.0.0
2025-06-27 12:05:16,741 [INFO] ThirdParty:1030 - CMSIS Pack Vendor :STMicroelectronics X-CUBE-TCPP 4.1.0
2025-06-27 12:05:16,741 [INFO] ThirdParty:1030 - CMSIS Pack Vendor :STMicroelectronics X-CUBE-IPS 3.0.0
2025-06-27 12:05:16,741 [INFO] ThirdParty:1030 - CMSIS Pack Vendor :STMicroelectronics X-CUBE-AZRTOS-WB 2.0.0
2025-06-27 12:05:16,741 [INFO] ThirdParty:1030 - CMSIS Pack Vendor :STMicroelectronics X-CUBE-GNSS1 7.0.0
2025-06-27 12:05:16,741 [INFO] ThirdParty:1030 - CMSIS Pack Vendor :STMicroelectronics X-CUBE-GNSS1 7.0.1
2025-06-27 12:05:16,741 [INFO] ThirdParty:1030 - CMSIS Pack Vendor :STMicroelectronics X-CUBE-TOUCHGFX 4.25.0
2025-06-27 12:05:16,741 [INFO] ThirdParty:1030 - CMSIS Pack Vendor :STMicroelectronics X-CUBE-AI 10.1.0
2025-06-27 12:05:16,741 [INFO] ThirdParty:1030 - CMSIS Pack Vendor :STMicroelectronics FP-SNS-STBOX1 2.0.0
2025-06-27 12:05:16,741 [INFO] ThirdParty:1030 - CMSIS Pack Vendor :STMicroelectronics X-CUBE-AZRTOS-G0 1.1.0
2025-06-27 12:05:16,741 [INFO] ThirdParty:1030 - CMSIS Pack Vendor :STMicroelectronics X-CUBE-SAFEA1 1.2.2
2025-06-27 12:05:16,742 [INFO] ThirdParty:1030 - CMSIS Pack Vendor :STMicroelectronics X-CUBE-NFC4 3.0.0
2025-06-27 12:05:16,742 [INFO] ThirdParty:1030 - CMSIS Pack Vendor :STMicroelectronics X-CUBE-SUBG2 5.0.0
2025-06-27 12:05:16,742 [INFO] ThirdParty:1030 - CMSIS Pack Vendor :STMicroelectronics X-CUBE-AZRTOS-H7RS 1.1.0
2025-06-27 12:05:16,742 [INFO] ThirdParty:1030 - CMSIS Pack Vendor :STMicroelectronics STM32_WPAN 1.0.0
2025-06-27 12:05:16,742 [INFO] ThirdParty:1030 - CMSIS Pack Vendor :EmbeddedOffice I-CUBE-FS-RTOS 1.0.1
2025-06-27 12:05:16,742 [INFO] ThirdParty:1030 - CMSIS Pack Vendor :STMicroelectronics lwIP 2.0.3
2025-06-27 12:05:16,743 [INFO] ThirdParty:1030 - CMSIS Pack Vendor :Cesanta I-CUBE-Mongoose 7.13.0
2025-06-27 12:05:16,743 [INFO] ThirdParty:1030 - CMSIS Pack Vendor :STMicroelectronics USB_HOST 1.0.0
2025-06-27 12:05:16,743 [INFO] ThirdParty:1030 - CMSIS Pack Vendor :STMicroelectronics X-CUBE-AZRTOS-G4 2.0.0
2025-06-27 12:05:16,743 [INFO] ThirdParty:1030 - CMSIS Pack Vendor :STMicroelectronics X-CUBE-WB05N 2.0.0
2025-06-27 12:05:16,743 [INFO] ThirdParty:1030 - CMSIS Pack Vendor :STMicroelectronics PDM2PCM 3.1.0
2025-06-27 12:05:16,743 [INFO] ThirdParty:1030 - CMSIS Pack Vendor :STMicroelectronics X-CUBE-NFC7 2.0.0
2025-06-27 12:05:16,743 [INFO] ThirdParty:1030 - CMSIS Pack Vendor :STMicroelectronics X-CUBE-TCPP 4.2.0
2025-06-27 12:05:16,743 [INFO] ThirdParty:1030 - CMSIS Pack Vendor :RealThread X-CUBE-RT-Thread_Nano 4.1.1
2025-06-27 12:05:16,743 [INFO] ThirdParty:1030 - CMSIS Pack Vendor :wolfSSL I-CUBE-wolfSSL 5.7.0
2025-06-27 12:05:16,743 [INFO] ThirdParty:1030 - CMSIS Pack Vendor :STMicroelectronics FP-ATR-SIGFOX1 3.2.0
2025-06-27 12:05:16,744 [INFO] ThirdParty:1030 - CMSIS Pack Vendor :quantropi X-CUBE-qispace-sdk-base 1.9.3
2025-06-27 12:05:16,744 [INFO] ThirdParty:1030 - CMSIS Pack Vendor :STMicroelectronics X-CUBE-ISPU 2.0.0
2025-06-27 12:05:16,744 [INFO] ThirdParty:1030 - CMSIS Pack Vendor :STMicroelectronics X-CUBE-EEPRMA1 5.1.0
2025-06-27 12:05:16,744 [INFO] ThirdParty:1030 - CMSIS Pack Vendor :STMicroelectronics MBEDTLS 2.16.2
2025-06-27 12:05:16,744 [INFO] ThirdParty:1030 - CMSIS Pack Vendor :STMicroelectronics X-CUBE-IPS 3.1.0
2025-06-27 12:05:16,747 [INFO] ThirdParty:1030 - CMSIS Pack Vendor :STMicroelectronics X-CUBE-ALS 1.0.2
2025-06-27 12:05:16,752 [INFO] ThirdParty:1030 - CMSIS Pack Vendor :STMicroelectronics X-CUBE-MEMS1 10.0.0
2025-06-27 12:05:16,752 [INFO] ThirdParty:1030 - CMSIS Pack Vendor :STMicroelectronics X-CUBE-TOUCHGFX 4.24.0
2025-06-27 12:05:16,752 [INFO] ThirdParty:1030 - CMSIS Pack Vendor :ITTIA_DB I-CUBE-ITTIADB 8.9.0
2025-06-27 12:05:16,753 [INFO] ThirdParty:1030 - CMSIS Pack Vendor :STMicroelectronics X-CUBE-TOUCHGFX 4.24.1
2025-06-27 12:05:16,753 [INFO] ThirdParty:1030 - CMSIS Pack Vendor :portGmbH I-Cube-SoM-uGOAL 1.1.0
2025-06-27 12:05:16,753 [INFO] ThirdParty:1030 - CMSIS Pack Vendor :STMicroelectronics X-CUBE-ST67W61 1.0.0
2025-06-27 12:05:16,753 [INFO] ThirdParty:1030 - CMSIS Pack Vendor :STMicroelectronics ThreadX 1.0.0
2025-06-27 12:05:16,753 [INFO] ThirdParty:1030 - CMSIS Pack Vendor :SEGGER I-CUBE-embOS 1.3.1
2025-06-27 12:05:16,753 [INFO] ThirdParty:1030 - CMSIS Pack Vendor :STMicroelectronics X-CUBE-ALGOBUILD 1.4.0
2025-06-27 12:05:16,753 [INFO] ThirdParty:1030 - CMSIS Pack Vendor :STMicroelectronics X-CUBE-MEMS1 11.3.0
2025-06-27 12:05:16,753 [INFO] ThirdParty:1030 - CMSIS Pack Vendor :STMicroelectronics X-CUBE-AZRTOS-H7RS 1.0.0
2025-06-27 12:05:16,753 [INFO] ThirdParty:1030 - CMSIS Pack Vendor :STMicroelectronics FP-ATR-ASTRA1 2.0.0
2025-06-27 12:05:16,753 [INFO] ThirdParty:1030 - CMSIS Pack Vendor :STMicroelectronics X-CUBE-TOF1 3.4.2
2025-06-27 12:05:16,753 [INFO] ThirdParty:1030 - CMSIS Pack Vendor :STMicroelectronics X-CUBE-TOF1 3.4.3
2025-06-27 12:05:16,753 [INFO] ThirdParty:1030 - CMSIS Pack Vendor :STMicroelectronics X-CUBE-AI 9.1.0
2025-06-27 12:05:16,753 [INFO] ThirdParty:1030 - CMSIS Pack Vendor :STMicroelectronics X-CUBE-TOF1 3.4.1
2025-06-27 12:05:16,753 [INFO] ThirdParty:1030 - CMSIS Pack Vendor :STMicroelectronics X-CUBE-AZRTOS-H7 3.2.0
2025-06-27 12:05:16,753 [INFO] ThirdParty:1030 - CMSIS Pack Vendor :Infineon AIROC-Wi-Fi-Bluetooth-STM32 1.6.0
2025-06-27 12:05:16,753 [INFO] ThirdParty:1030 - CMSIS Pack Vendor :wolfSSL I-CUBE-wolfSSH 1.4.17
2025-06-27 12:05:16,754 [INFO] ThirdParty:841 - exiting critical section [change project]
2025-06-27 12:05:18,305 [INFO] PinOutPanel:1589 - setPackage(No Configuration,No Configuration)
2025-06-27 12:05:18,310 [INFO] PinOutPanel:1589 - setPackage(STM32F407VGTx,LQFP100)
2025-06-27 12:05:19,655 [INFO] UtilMem:75 - Before build in PCC Used Memory: 411293312 Bytes (744488960)
2025-06-27 12:05:22,338 [INFO] UtilMem:75 - After build in PCC Used Memory: 493645592 Bytes (744488960)
2025-06-27 12:05:22,450 [INFO] IPUIPlugin:80 - create IPUIPlugin
2025-06-27 12:05:22,450 [INFO] IPUIPlugin:80 - create IPUIPlugin
2025-06-27 12:05:22,450 [INFO] IPUIPlugin:80 - create IPUIPlugin
2025-06-27 12:05:22,451 [INFO] IPUIPlugin:80 - create IPUIPlugin
2025-06-27 12:05:22,451 [INFO] IPUIPlugin:80 - create IPUIPlugin
2025-06-27 12:05:22,451 [INFO] IPUIPlugin:80 - create IPUIPlugin
2025-06-27 12:05:22,452 [INFO] IPUIPlugin:80 - create IPUIPlugin
2025-06-27 12:05:22,452 [INFO] IPUIPlugin:80 - create IPUIPlugin
2025-06-27 12:05:22,452 [INFO] IPUIPlugin:80 - create IPUIPlugin
2025-06-27 12:05:22,452 [INFO] IPUIPlugin:80 - create IPUIPlugin
2025-06-27 12:05:22,452 [INFO] IPUIPlugin:80 - create IPUIPlugin
2025-06-27 12:05:22,452 [INFO] IPUIPlugin:80 - create IPUIPlugin
2025-06-27 12:05:22,452 [INFO] IPUIPlugin:80 - create IPUIPlugin
2025-06-27 12:05:22,453 [INFO] IPUIPlugin:80 - create IPUIPlugin
2025-06-27 12:05:22,453 [INFO] IPUIPlugin:80 - create IPUIPlugin
2025-06-27 12:05:22,453 [INFO] IPUIPlugin:80 - create IPUIPlugin
2025-06-27 12:05:22,453 [INFO] IPUIPlugin:80 - create IPUIPlugin
2025-06-27 12:05:22,453 [INFO] IPUIPlugin:80 - create IPUIPlugin
2025-06-27 12:05:22,453 [INFO] IPUIPlugin:80 - create IPUIPlugin
2025-06-27 12:05:22,454 [INFO] IPUIPlugin:80 - create IPUIPlugin
2025-06-27 12:05:22,454 [INFO] IPUIPlugin:80 - create IPUIPlugin
2025-06-27 12:05:22,454 [INFO] IPUIPlugin:80 - create IPUIPlugin
2025-06-27 12:05:22,454 [INFO] IPUIPlugin:80 - create IPUIPlugin
2025-06-27 12:05:22,454 [INFO] IPUIPlugin:80 - create IPUIPlugin
2025-06-27 12:05:22,455 [INFO] IPUIPlugin:80 - create IPUIPlugin
2025-06-27 12:05:22,455 [INFO] IPUIPlugin:80 - create IPUIPlugin
2025-06-27 12:05:22,455 [INFO] IPUIPlugin:80 - create IPUIPlugin
2025-06-27 12:05:22,455 [INFO] IPUIPlugin:80 - create IPUIPlugin
2025-06-27 12:05:22,456 [INFO] IPUIPlugin:80 - create IPUIPlugin
2025-06-27 12:05:22,456 [INFO] IPUIPlugin:80 - create IPUIPlugin
2025-06-27 12:05:22,456 [INFO] IPUIPlugin:80 - create IPUIPlugin
2025-06-27 12:05:22,457 [INFO] IPUIPlugin:80 - create IPUIPlugin
2025-06-27 12:05:22,458 [INFO] IPUIPlugin:80 - create IPUIPlugin
2025-06-27 12:05:22,459 [INFO] IPUIPlugin:80 - create IPUIPlugin
2025-06-27 12:05:22,459 [INFO] IPUIPlugin:80 - create IPUIPlugin
2025-06-27 12:05:22,460 [INFO] IPUIPlugin:80 - create IPUIPlugin
2025-06-27 12:05:22,460 [INFO] IPUIPlugin:80 - create IPUIPlugin
2025-06-27 12:05:22,460 [INFO] IPUIPlugin:80 - create IPUIPlugin
2025-06-27 12:05:22,460 [INFO] IPUIPlugin:80 - create IPUIPlugin
2025-06-27 12:05:22,461 [INFO] IPUIPlugin:80 - create IPUIPlugin
2025-06-27 12:05:22,461 [INFO] IPUIPlugin:80 - create IPUIPlugin
2025-06-27 12:05:22,461 [INFO] IPUIPlugin:80 - create IPUIPlugin
2025-06-27 12:05:22,461 [INFO] IPUIPlugin:80 - create IPUIPlugin
2025-06-27 12:05:22,462 [INFO] IPUIPlugin:80 - create IPUIPlugin
2025-06-27 12:05:22,462 [INFO] IPUIPlugin:80 - create IPUIPlugin
2025-06-27 12:05:22,462 [INFO] IPUIPlugin:80 - create IPUIPlugin
2025-06-27 12:05:22,463 [INFO] IPUIPlugin:80 - create IPUIPlugin
2025-06-27 12:05:22,463 [INFO] IPUIPlugin:80 - create IPUIPlugin
2025-06-27 12:05:22,463 [INFO] IPUIPlugin:80 - create IPUIPlugin
2025-06-27 12:05:22,464 [INFO] IPUIPlugin:80 - create IPUIPlugin
2025-06-27 12:05:22,464 [INFO] IPUIPlugin:80 - create IPUIPlugin
2025-06-27 12:05:22,464 [INFO] IPUIPlugin:80 - create IPUIPlugin
2025-06-27 12:05:22,465 [INFO] IPUIPlugin:80 - create IPUIPlugin
2025-06-27 12:05:22,465 [INFO] IPUIPlugin:80 - create IPUIPlugin
2025-06-27 12:05:22,465 [INFO] IPUIPlugin:80 - create IPUIPlugin
2025-06-27 12:05:22,466 [INFO] IPUIPlugin:80 - create IPUIPlugin
2025-06-27 12:05:22,466 [INFO] IPUIPlugin:80 - create IPUIPlugin
2025-06-27 12:05:22,467 [INFO] IPUIPlugin:80 - create IPUIPlugin
2025-06-27 12:05:22,621 [INFO] ApiDbMcu:508 - Load IP Config File for PDM2PCM
2025-06-27 12:05:23,187 [INFO] CADModel:165 - CPN selected for project levelSTM32F407VGT6
2025-06-27 12:05:23,187 [INFO] CADModel:114 - Register for checkConnection events
2025-06-27 12:05:23,332 [INFO] OpenFileManager:385 - Restore cursor
2025-06-27 12:13:16,613 [INFO] LogOutputStream:77 - [STDOUT_REDIRECT] StartTraceHandler.execute(), success : Collect=true
2025-06-27 12:17:02,702 [INFO] UtilMem:75 - End SaveConfig() Used Memory: 521309640 Bytes (744488960)
2025-06-27 12:17:05,907 [INFO] UtilMem:75 - End SaveConfig() Used Memory: 545963768 Bytes (744488960)
2025-06-27 12:17:09,326 [INFO] UtilMem:75 - End SaveConfig() Used Memory: 654489336 Bytes (744488960)
2025-06-27 12:17:11,332 [INFO] BlockDiagram:2775 - set Specific Code input for plugin: SYS
2025-06-27 12:17:11,332 [INFO] BlockDiagram:2775 - set Specific Code input for plugin: RCC
2025-06-27 12:17:11,333 [INFO] BlockDiagram:2775 - set Specific Code input for plugin: NVIC
2025-06-27 12:17:11,335 [INFO] BlockDiagram:2775 - set Specific Code input for plugin: GPIO
2025-06-27 12:17:11,340 [INFO] CodeGenerator:882 - code generatio: config db path: C:/Users/nisha/.stm32cubemx/databases/DB.6.0.120/db/
2025-06-27 12:17:11,726 [INFO] CodeEngine:263 - oldGeneratedFile, C:\Users\nisha\OneDrive\Desktop\stm32f407\freertos\first\MXTmpFiles\license.tmp_save
2025-06-27 12:17:14,062 [INFO] CodeEngine:287 - Generated code: C:\Users\nisha\OneDrive\Desktop\stm32f407\freertos\first\MXTmpFiles\license.tmp
2025-06-27 12:17:14,522 [INFO] CodeEngine:263 - oldGeneratedFile, C:\Users\nisha\OneDrive\Desktop\stm32f407\freertos\first\MXTmpFiles\gpio.tmp_save
2025-06-27 12:17:15,380 [INFO] CodeEngine:287 - Generated code: C:\Users\nisha\OneDrive\Desktop\stm32f407\freertos\first\MXTmpFiles\gpio.tmp
2025-06-27 12:17:15,525 [INFO] CodeEngine:263 - oldGeneratedFile, C:\Users\nisha\OneDrive\Desktop\stm32f407\freertos\first\Core\Src\stm32f4xx_it.c_save
2025-06-27 12:17:15,865 [INFO] CodeEngine:287 - Generated code: C:\Users\nisha\OneDrive\Desktop\stm32f407\freertos\first\Core\Src\stm32f4xx_it.c
2025-06-27 12:17:15,889 [INFO] CodeEngine:263 - oldGeneratedFile, C:\Users\nisha\OneDrive\Desktop\stm32f407\freertos\first\Core\Inc\stm32f4xx_it.h_save
2025-06-27 12:17:16,104 [INFO] CodeEngine:287 - Generated code: C:\Users\nisha\OneDrive\Desktop\stm32f407\freertos\first\Core\Inc\stm32f4xx_it.h
2025-06-27 12:17:16,173 [INFO] CodeEngine:263 - oldGeneratedFile, C:\Users\nisha\OneDrive\Desktop\stm32f407\freertos\first\Core\Src\stm32f4xx_hal_msp.c_save
2025-06-27 12:17:16,571 [INFO] CodeEngine:287 - Generated code: C:\Users\nisha\OneDrive\Desktop\stm32f407\freertos\first\Core\Src\stm32f4xx_hal_msp.c
2025-06-27 12:17:16,585 [INFO] CodeEngine:263 - oldGeneratedFile, C:\Users\nisha\OneDrive\Desktop\stm32f407\freertos\first\MXTmpFiles\system.tmp_save
2025-06-27 12:17:16,704 [INFO] CodeEngine:287 - Generated code: C:\Users\nisha\OneDrive\Desktop\stm32f407\freertos\first\MXTmpFiles\system.tmp
2025-06-27 12:17:16,730 [INFO] CodeEngine:263 - oldGeneratedFile, C:\Users\nisha\OneDrive\Desktop\stm32f407\freertos\first\Core\Src\stm32f4xx_hal_timebase_tim.c_save
2025-06-27 12:17:16,884 [INFO] CodeEngine:287 - Generated code: C:\Users\nisha\OneDrive\Desktop\stm32f407\freertos\first\Core\Src\stm32f4xx_hal_timebase_tim.c
2025-06-27 12:17:16,930 [INFO] CodeEngine:319 - oldGeneratedFile, C:\Users\nisha\OneDrive\Desktop\stm32f407\freertos\first\Core\Inc\stm32f4xx_hal_conf.h_save
2025-06-27 12:17:17,202 [INFO] CodeEngine:343 - Generated code: C:\Users\nisha\OneDrive\Desktop\stm32f407\freertos\first\Core\Inc\stm32f4xx_hal_conf.h
2025-06-27 12:17:17,412 [INFO] ApiDbMcu:508 - Load IP Config File for RCC
2025-06-27 12:17:17,464 [INFO] CodeEngine:263 - oldGeneratedFile, C:\Users\nisha\OneDrive\Desktop\stm32f407\freertos\first\Core\Inc\main.h_save
2025-06-27 12:17:17,683 [INFO] CodeEngine:287 - Generated code: C:\Users\nisha\OneDrive\Desktop\stm32f407\freertos\first\Core\Inc\main.h
2025-06-27 12:17:17,763 [INFO] CodeEngine:263 - oldGeneratedFile, C:\Users\nisha\OneDrive\Desktop\stm32f407\freertos\first\Core\Src\main.c_save
2025-06-27 12:17:18,147 [INFO] CodeEngine:287 - Generated code: C:\Users\nisha\OneDrive\Desktop\stm32f407\freertos\first\Core\Src\main.c
2025-06-27 12:17:19,404 [INFO] ProjectBuilder:3324 - Time for Copy HAL[1] : 830mS.
2025-06-27 12:17:19,522 [INFO] ProjectBuilder:4912 - Project Generator version: 4.6.0.1-B1
2025-06-27 12:17:19,679 [INFO] ConfigFileManager:1590 - The Die is : DIE413
2025-06-27 12:17:19,688 [INFO] ApiDbMcu:508 - Load IP Config File for FATFS
2025-06-27 12:17:19,700 [INFO] ApiDbMcu:508 - Load IP Config File for FREERTOS
2025-06-27 12:17:19,703 [INFO] ApiDbMcu:508 - Load IP Config File for LIBJPEG
2025-06-27 12:17:19,713 [INFO] ApiDbMcu:508 - Load IP Config File for LWIP
2025-06-27 12:17:19,722 [INFO] ApiDbMcu:508 - Load IP Config File for MBEDTLS
2025-06-27 12:17:19,894 [INFO] ApiDbMcu:508 - Load IP Config File for USB_DEVICE
2025-06-27 12:17:19,904 [INFO] ApiDbMcu:508 - Load IP Config File for USB_HOST
2025-06-27 12:17:21,649 [INFO] LogOutputStream:77 - [STDOUT_REDIRECT] 
2025-06-27 12:17:27,113 [INFO] ProjectBuilder:5191 - Time for Generating toolchain IDE Files: 7590mS.
2025-06-27 12:17:27,116 [INFO] ProjectBuilder:3181 - Time for Copy CMSIS : 2mS.
2025-06-27 12:17:27,121 [INFO] ProjectBuilder:3181 - Time for Copy CMSIS : 1mS.
2025-06-27 13:27:35,021 [INFO] WebApp:194 - Connection lost
2025-06-27 15:09:44,830 [INFO] LogOutputStream:77 - [STDOUT_REDIRECT] StartTraceHandler.execute(), success : Collect=false
2025-06-27 15:09:48,201 [INFO] LogOutputStream:77 - [STDOUT_REDIRECT] StartTraceHandler.execute(), success : Collect=true
2025-06-27 15:09:50,206 [INFO] LogOutputStream:77 - [STDOUT_REDIRECT] StartTraceHandler.execute(), success : Collect=false
2025-06-27 15:09:53,852 [INFO] LogOutputStream:77 - [STDOUT_REDIRECT] StartTraceHandler.execute(), success : Collect=true
2025-06-27 15:09:56,380 [INFO] LogOutputStream:77 - [STDOUT_REDIRECT] StartTraceHandler.execute(), success : Collect=false
2025-06-27 15:10:11,340 [INFO] LogOutputStream:77 - [STDOUT_REDIRECT] StartTraceHandler.execute(), success : Collect=true
2025-06-27 15:10:29,583 [INFO] LogOutputStream:77 - [STDOUT_REDIRECT] StartTraceHandler.execute(), success : Collect=false
2025-06-27 15:12:23,060 [INFO] MainUpdater:2872 - connection check result : 10
2025-06-27 15:12:23,060 [INFO] MainUpdater:2872 - connection check result : 10
2025-06-27 15:12:23,080 [INFO] MicroXplorer:468 - Change Database Path : 
2025-06-27 15:12:23,081 [INFO] MicroXplorer:498 - Change Database Version : DB.6.0.141
2025-06-27 15:12:23,174 [ERROR] ProjectManagerView:395 - 
java.lang.NullPointerException: Cannot invoke "javax.swing.JTextField.getText()" because the return value of "java.util.List.get(int)" is null
	at com.st.microxplorer.plugins.projectmanager.gui.ProjectChoiceTab$9.caretUpdate(ProjectChoiceTab.java:2678) ~[filemanager.jar:?]
	at javax.swing.text.JTextComponent.fireCaretUpdate(JTextComponent.java:408) ~[?:?]
	at javax.swing.text.JTextComponent$MutableCaretEvent.fire(JTextComponent.java:4484) ~[?:?]
	at javax.swing.text.JTextComponent$MutableCaretEvent.stateChanged(JTextComponent.java:4506) ~[?:?]
	at javax.swing.text.DefaultCaret.fireStateChanged(DefaultCaret.java:857) ~[?:?]
	at javax.swing.text.DefaultCaret.changeCaretPosition(DefaultCaret.java:1343) ~[?:?]
	at javax.swing.text.DefaultCaret.handleSetDot(DefaultCaret.java:1242) ~[?:?]
	at javax.swing.text.DefaultCaret.setDot(DefaultCaret.java:1223) ~[?:?]
	at javax.swing.text.DefaultCaret$Handler.insertUpdate(DefaultCaret.java:1819) ~[?:?]
	at javax.swing.text.AbstractDocument.fireInsertUpdate(AbstractDocument.java:227) ~[?:?]
	at javax.swing.text.AbstractDocument.handleInsertString(AbstractDocument.java:781) ~[?:?]
	at javax.swing.text.AbstractDocument.insertString(AbstractDocument.java:740) ~[?:?]
	at javax.swing.text.PlainDocument.insertString(PlainDocument.java:131) ~[?:?]
	at javax.swing.text.AbstractDocument.replace(AbstractDocument.java:699) ~[?:?]
	at javax.swing.text.JTextComponent.setText(JTextComponent.java:1725) ~[?:?]
	at com.st.microxplorer.plugins.projectmanager.gui.ProjectChoiceTab.createHeapStackFields(ProjectChoiceTab.java:979) ~[filemanager.jar:?]
	at com.st.microxplorer.plugins.projectmanager.gui.ProjectChoiceTab.buildLinkSettingsPanel(ProjectChoiceTab.java:3766) ~[filemanager.jar:?]
	at com.st.microxplorer.plugins.projectmanager.gui.ProjectChoiceTab.defineWindowsFields(ProjectChoiceTab.java:1962) ~[filemanager.jar:?]
	at com.st.microxplorer.plugins.projectmanager.gui.ProjectChoiceTab.updateSettings(ProjectChoiceTab.java:555) ~[filemanager.jar:?]
	at com.st.microxplorer.plugins.projectmanager.gui.ProjectSettingsPanel.UpdateDialog(ProjectSettingsPanel.java:245) ~[filemanager.jar:?]
	at com.st.microxplorer.plugins.projectmanager.ProjectManagerView.propertyChange(ProjectManagerView.java:392) ~[filemanager.jar:?]
	at java.beans.PropertyChangeSupport.fire(PropertyChangeSupport.java:343) ~[?:?]
	at java.beans.PropertyChangeSupport.firePropertyChange(PropertyChangeSupport.java:335) ~[?:?]
	at java.beans.PropertyChangeSupport.firePropertyChange(PropertyChangeSupport.java:268) ~[?:?]
	at com.st.microxplorer.util.MXPropertyChangeSupport.firePropertyChange(MXPropertyChangeSupport.java:54) ~[STM32CubeMX.jar:?]
	at com.st.microxplorer.mxsystem.MxSystem.closeConfig(MxSystem.java:899) ~[STM32CubeMX.jar:?]
	at com.st.microxplorer.maingui.MainPanel.closeConfig(MainPanel.java:789) ~[STM32CubeMX.jar:?]
	at com.st.microxplorer.plugins.filemanager.engine.OpenFileManager.loadConfigurationFile(OpenFileManager.java:287) ~[filemanager.jar:?]
	at com.st.microxplorer.plugins.filemanager.engine.MainFileManager.userLoadConfig(MainFileManager.java:341) ~[filemanager.jar:?]
	at com.st.microxplorer.plugins.filemanager.engine.MainFileManager.userLoadConfig(MainFileManager.java:319) ~[filemanager.jar:?]
	at com.st.microxplorer.plugins.filemanager.FileManagerView.getSpecificTask(FileManagerView.java:246) ~[filemanager.jar:?]
	at com.st.stm32cube.common.mx.editor.CubeMxEditor.getMxTabbedPaneInstance(CubeMxEditor.java:1198) ~[com.st.stm32cube.common.mx_6.14.1.202504091515/:?]
	at com.st.stm32cube.common.mx.editor.CubeMxEditor$12$1.createSwingComponent(CubeMxEditor.java:1068) ~[com.st.stm32cube.common.mx_6.14.1.202504091515/:?]
	at com.st.stm32cube.common.mx.oss.core.awtswtbridge.EmbeddedSwingComposite.doComponentCreation(EmbeddedSwingComposite.java:492) ~[com.st.stm32cube.common.mx.oss_6.14.1.202504091515/:?]
	at com.st.stm32cube.common.mx.oss.core.awtswtbridge.EmbeddedSwingComposite$4.run(EmbeddedSwingComposite.java:291) ~[com.st.stm32cube.common.mx.oss_6.14.1.202504091515/:?]
	at com.st.stm32cube.common.mx.oss.core.awtswtbridge.AwtEnvironment$2.run(AwtEnvironment.java:166) ~[com.st.stm32cube.common.mx.oss_6.14.1.202504091515/:?]
	at java.awt.event.InvocationEvent.dispatch(InvocationEvent.java:318) ~[?:?]
	at java.awt.EventQueue.dispatchEventImpl(EventQueue.java:773) ~[?:?]
	at java.awt.EventQueue$4.run(EventQueue.java:720) ~[?:?]
	at java.awt.EventQueue$4.run(EventQueue.java:714) ~[?:?]
	at java.security.AccessController.doPrivileged(AccessController.java:400) ~[?:?]
	at java.security.ProtectionDomain$JavaSecurityAccessImpl.doIntersectionPrivilege(ProtectionDomain.java:87) ~[?:?]
	at java.awt.EventQueue.dispatchEvent(EventQueue.java:742) ~[?:?]
	at java.awt.EventDispatchThread.pumpOneEventForFilters(EventDispatchThread.java:203) ~[?:?]
	at java.awt.EventDispatchThread.pumpEventsForFilter(EventDispatchThread.java:124) ~[?:?]
	at java.awt.EventDispatchThread.pumpEventsForHierarchy(EventDispatchThread.java:113) ~[?:?]
	at java.awt.EventDispatchThread.pumpEvents(EventDispatchThread.java:109) ~[?:?]
	at java.awt.EventDispatchThread.pumpEvents(EventDispatchThread.java:101) ~[?:?]
	at java.awt.EventDispatchThread.run(EventDispatchThread.java:90) ~[?:?]
2025-06-27 15:12:23,189 [WARN] ThirdParty:871 - waiting for thirdparty lock release [close project]
2025-06-27 15:12:23,189 [INFO] ThirdParty:873 - entering critical section [close project]
2025-06-27 15:12:23,189 [INFO] ThirdParty:883 - exiting critical section [close project]
2025-06-27 15:12:23,192 [INFO] PinOutPanel:1589 - setPackage(No Configuration,No Configuration)
2025-06-27 15:12:23,278 [WARN] IpParametersView:155 - Warning: This peripheral hasn't parameters
2025-06-27 15:12:23,310 [WARN] MainPanel:289 - <html><b><center>Warning: This peripheral has no parameters to be configured<br></b></html>
2025-06-27 15:12:23,334 [INFO] UtilMem:75 - Begin LoadConfig() Used Memory: 642608608 Bytes (751828992)
2025-06-27 15:12:23,362 [INFO] MicroXplorer:468 - Change Database Path : C:/Users/nisha/.stm32cubemx/databases/DB.6.0.120/db/
2025-06-27 15:12:23,362 [INFO] MicroXplorer:498 - Change Database Version : DB.6.0.120
2025-06-27 15:12:28,782 [INFO] OpenFileManager:354 - Change cursor
2025-06-27 15:12:28,854 [INFO] RulesReader:64 - Compatibility file has been processed (297 Rules)
2025-06-27 15:12:28,863 [INFO] Mcu:2011 - Initializing MCU STM32F407V(E-G)Tx STM32F407VGTx STM32F407VGT6
2025-06-27 15:12:32,309 [INFO] Context:756 - Trying to add GPIOservice into a context  which must be forbidden
2025-06-27 15:12:33,514 [INFO] ImportTextPane:218 - (OptionalMessage_ERROR) Pin34 (VP_RIF_VS_RIF1) cannot be retrieved for this MCU
2025-06-27 15:12:33,996 [INFO] RtosManager:558 - Registered RTOS mode: class=CMSIS, group=RTOS, mode=CMSIS_V1, owner=FREERTOS
2025-06-27 15:12:33,996 [INFO] RtosManager:558 - Registered RTOS mode: class=CMSIS, group=RTOS2, mode=CMSIS_V2, owner=FREERTOS
2025-06-27 15:12:33,996 [INFO] RtosManager:558 - Registered RTOS mode: class=RTOS, group=Core, mode=CMSIS_V1, owner=FREERTOS
2025-06-27 15:12:33,996 [INFO] RtosManager:558 - Registered RTOS mode: class=RTOS, group=Core, mode=CMSIS_V2, owner=FREERTOS
2025-06-27 15:12:33,996 [WARN] ModelIntegratedComponent:184 - Missing modes for component STMicroelectronics:FreeRTOS:0.0.1:STMicroelectronics:RTOS:FreeRTOS:Core:::10.2.0:
2025-06-27 15:12:34,000 [WARN] ModelIntegratedComponent:63 - No mode defined for component null
2025-06-27 15:12:34,000 [WARN] ModelIntegratedComponent:63 - No mode defined for component null
2025-06-27 15:12:34,000 [WARN] ModelIntegratedComponent:63 - No mode defined for component null
2025-06-27 15:12:34,000 [WARN] ModelIntegratedComponent:63 - No mode defined for component null
2025-06-27 15:12:34,001 [WARN] ModelIntegratedComponent:63 - No mode defined for component null
2025-06-27 15:12:34,001 [WARN] ModelIntegratedComponent:63 - No mode defined for component null
2025-06-27 15:12:34,001 [WARN] ModelIntegratedComponent:63 - No mode defined for component null
2025-06-27 15:12:34,001 [WARN] ModelIntegratedComponent:63 - No mode defined for component null
2025-06-27 15:12:34,001 [WARN] ModelIntegratedComponent:63 - No mode defined for component null
2025-06-27 15:12:34,001 [WARN] ModelIntegratedComponent:63 - No mode defined for component null
2025-06-27 15:12:34,001 [WARN] ModelIntegratedComponent:63 - No mode defined for component null
2025-06-27 15:12:34,001 [WARN] ModelIntegratedComponent:63 - No mode defined for component null
2025-06-27 15:12:34,001 [WARN] ModelIntegratedComponent:63 - No mode defined for component null
2025-06-27 15:12:34,001 [WARN] ModelIntegratedComponent:63 - No mode defined for component null
2025-06-27 15:12:34,001 [WARN] ModelIntegratedComponent:63 - No mode defined for component null
2025-06-27 15:12:34,002 [WARN] ModelIntegratedComponent:63 - No mode defined for component null
2025-06-27 15:12:34,004 [WARN] ModelIntegratedComponent:63 - No mode defined for component null
2025-06-27 15:12:34,004 [WARN] ModelIntegratedComponent:63 - No mode defined for component null
2025-06-27 15:12:34,004 [WARN] ModelIntegratedComponent:63 - No mode defined for component null
2025-06-27 15:12:34,004 [WARN] ModelIntegratedComponent:63 - No mode defined for component null
2025-06-27 15:12:34,004 [WARN] ModelIntegratedComponent:63 - No mode defined for component null
2025-06-27 15:12:34,004 [WARN] ModelIntegratedComponent:63 - No mode defined for component null
2025-06-27 15:12:34,004 [WARN] ModelIntegratedComponent:63 - No mode defined for component null
2025-06-27 15:12:34,004 [WARN] ModelIntegratedComponent:63 - No mode defined for component null
2025-06-27 15:12:34,006 [WARN] ModelIntegratedComponent:63 - No mode defined for component null
2025-06-27 15:12:34,006 [WARN] ModelIntegratedComponent:63 - No mode defined for component null
2025-06-27 15:12:34,006 [WARN] ModelIntegratedComponent:63 - No mode defined for component null
2025-06-27 15:12:34,006 [WARN] ModelIntegratedComponent:63 - No mode defined for component null
2025-06-27 15:12:34,006 [WARN] ModelIntegratedComponent:63 - No mode defined for component null
2025-06-27 15:12:34,006 [WARN] ModelIntegratedComponent:63 - No mode defined for component null
2025-06-27 15:12:34,006 [WARN] ModelIntegratedComponent:63 - No mode defined for component null
2025-06-27 15:12:34,006 [WARN] ModelIntegratedComponent:63 - No mode defined for component null
2025-06-27 15:12:34,006 [WARN] ModelIntegratedComponent:63 - No mode defined for component null
2025-06-27 15:12:34,006 [WARN] ModelIntegratedComponent:63 - No mode defined for component null
2025-06-27 15:12:34,006 [WARN] ModelIntegratedComponent:63 - No mode defined for component null
2025-06-27 15:12:34,006 [WARN] ModelPack:524 - Component already loaded: STMicroelectronics:HAL Drivers:0.0.0:STMicroelectronics:Device:STMicro_Driver:XSPI:HAL::0.0.1:HAL_XSPI
2025-06-27 15:12:34,498 [INFO] ThirdPartyModel:298 - Start build external matchings
2025-06-27 15:12:36,089 [INFO] ThirdPartyModel:316 - End build external matchings
2025-06-27 15:12:36,964 [INFO] UtilMem:75 - End LoadConfig() Used Memory: 566054720 Bytes (751828992)
2025-06-27 15:12:37,100 [WARN] ThirdParty:833 - waiting for thirdparty lock release [change project]
2025-06-27 15:12:37,102 [INFO] ThirdParty:835 - entering critical section [change project]
2025-06-27 15:12:37,106 [INFO] ThirdParty:1030 - CMSIS Pack Vendor :STMicroelectronics X-CUBE-PM33A1 1.0.0
2025-06-27 15:12:37,106 [INFO] ThirdParty:1030 - CMSIS Pack Vendor :STMicroelectronics USBPD 4.1
2025-06-27 15:12:37,107 [INFO] ThirdParty:1030 - CMSIS Pack Vendor :STMicroelectronics X-CUBE-GNSS1 6.0.0
2025-06-27 15:12:37,108 [INFO] ThirdParty:1030 - CMSIS Pack Vendor :STMicroelectronics USB_HOST 2.0.0
2025-06-27 15:12:37,108 [INFO] ThirdParty:1030 - CMSIS Pack Vendor :STMicroelectronics FP-SNS-MOTENVWB1 1.4.0
2025-06-27 15:12:37,108 [INFO] ThirdParty:1030 - CMSIS Pack Vendor :STMicroelectronics X-CUBE-AZRTOS-F4 1.1.0
2025-06-27 15:12:37,108 [INFO] ThirdParty:1030 - CMSIS Pack Vendor :STMicroelectronics LIBJPEG 8.0.0
2025-06-27 15:12:37,109 [INFO] ThirdParty:1030 - CMSIS Pack Vendor :Avnet-IotConnect X-CUBE-IoTC-DA16k-PMOD 1.0.0
2025-06-27 15:12:37,109 [INFO] ThirdParty:1030 - CMSIS Pack Vendor :STMicroelectronics X-CUBE-SMBUS 2.1.0
2025-06-27 15:12:37,109 [INFO] ThirdParty:1030 - CMSIS Pack Vendor :STMicroelectronics X-CUBE-WB05N 1.1.0
2025-06-27 15:12:37,109 [INFO] ThirdParty:1030 - CMSIS Pack Vendor :STMicroelectronics X-CUBE-ISPU 2.1.0
2025-06-27 15:12:37,109 [INFO] ThirdParty:1030 - CMSIS Pack Vendor :STMicroelectronics X-CUBE-FREERTOS 1.2.0
2025-06-27 15:12:37,110 [INFO] ThirdParty:1030 - CMSIS Pack Vendor :STMicroelectronics X-CUBE-ST60 1.0.0
2025-06-27 15:12:37,110 [INFO] ThirdParty:1030 - CMSIS Pack Vendor :STMicroelectronics X-CUBE-AZRTOS-F7 1.1.0
2025-06-27 15:12:37,110 [INFO] ThirdParty:1030 - CMSIS Pack Vendor :STMicroelectronics X-CUBE-AZRTOS-L5 2.0.0
2025-06-27 15:12:37,110 [INFO] ThirdParty:1030 - CMSIS Pack Vendor :STMicroelectronics USB_DEVICE 2.0.0
2025-06-27 15:12:37,110 [INFO] ThirdParty:1030 - CMSIS Pack Vendor :STMicroelectronics X-CUBE-NFC6 3.1.0
2025-06-27 15:12:37,110 [INFO] ThirdParty:1030 - CMSIS Pack Vendor :STMicroelectronics X-CUBE-MEMS1 11.0.0
2025-06-27 15:12:37,110 [INFO] ThirdParty:1030 - CMSIS Pack Vendor :STMicroelectronics FreeRTOS 0.0.1
2025-06-27 15:12:37,110 [INFO] ThirdParty:1030 - CMSIS Pack Vendor :STMicroelectronics X-CUBE-DPower 1.2.0
2025-06-27 15:12:37,110 [INFO] ThirdParty:1030 - CMSIS Pack Vendor :STMicroelectronics FP-SNS-FLIGHT1 5.0.2
2025-06-27 15:12:37,111 [INFO] ThirdParty:1030 - CMSIS Pack Vendor :STMicroelectronics X-CUBE-AI 9.0.0
2025-06-27 15:12:37,111 [INFO] ThirdParty:1030 - CMSIS Pack Vendor :STMicroelectronics PDM2PCM 3.3.0
2025-06-27 15:12:37,111 [INFO] ThirdParty:1030 - CMSIS Pack Vendor :STMicroelectronics X-CUBE-DISPLAY 3.0.0
2025-06-27 15:12:37,111 [INFO] ThirdParty:1030 - CMSIS Pack Vendor :STMicroelectronics X-CUBE-BLE1 7.0.0
2025-06-27 15:12:37,111 [INFO] ThirdParty:1030 - CMSIS Pack Vendor :STMicroelectronics X-CUBE-NFC10 1.0.0
2025-06-27 15:12:37,111 [INFO] ThirdParty:1030 - CMSIS Pack Vendor :STMicroelectronics X-CUBE-FREERTOS 1.3.1
2025-06-27 15:12:37,111 [INFO] ThirdParty:1030 - CMSIS Pack Vendor :STMicroelectronics HAL Drivers 0.0.0
2025-06-27 15:12:37,111 [INFO] ThirdParty:1030 - CMSIS Pack Vendor :emotas I-CUBE-CANOPEN 1.3.0
2025-06-27 15:12:37,111 [INFO] ThirdParty:1030 - CMSIS Pack Vendor :STMicroelectronics X-CUBE-NFC7 1.0.1
2025-06-27 15:12:37,111 [INFO] ThirdParty:1030 - CMSIS Pack Vendor :STMicroelectronics MBEDTLS 2.14.1
2025-06-27 15:12:37,111 [INFO] ThirdParty:1030 - CMSIS Pack Vendor :wolfSSL I-CUBE-wolfTPM 3.2.0
2025-06-27 15:12:37,111 [INFO] ThirdParty:1030 - CMSIS Pack Vendor :STMicroelectronics X-CUBE-BLEMGR 3.1.0
2025-06-27 15:12:37,111 [INFO] ThirdParty:1030 - CMSIS Pack Vendor :STMicroelectronics FP-SNS-STAIOTCFT 1.0.0
2025-06-27 15:12:37,111 [INFO] ThirdParty:1030 - CMSIS Pack Vendor :STMicroelectronics FP-SNS-SMARTAG2 1.2.0
2025-06-27 15:12:37,111 [INFO] ThirdParty:1030 - CMSIS Pack Vendor :STMicroelectronics FP-SNS-FLIGHT1 5.1.0
2025-06-27 15:12:37,111 [INFO] ThirdParty:1030 - CMSIS Pack Vendor :STMicroelectronics X-CUBE-AZRTOS-WL 2.0.0
2025-06-27 15:12:37,111 [INFO] ThirdParty:1030 - CMSIS Pack Vendor :STMicroelectronics X-CUBE-DPower 1.3.0
2025-06-27 15:12:37,111 [INFO] ThirdParty:1030 - CMSIS Pack Vendor :STMicroelectronics FP-SNS-MOTENV1 5.0.0
2025-06-27 15:12:37,112 [INFO] ThirdParty:1030 - CMSIS Pack Vendor :STMicroelectronics USB_DEVICE 1.0.0
2025-06-27 15:12:37,112 [INFO] ThirdParty:1030 - CMSIS Pack Vendor :wolfSSL I-CUBE-wolfMQTT 1.19.0
2025-06-27 15:12:37,112 [INFO] ThirdParty:1030 - CMSIS Pack Vendor :STMicroelectronics X-CUBE-AZRTOS-L4 2.0.0
2025-06-27 15:12:37,112 [INFO] ThirdParty:1030 - CMSIS Pack Vendor :STMicroelectronics ThreadX 0.0.2
2025-06-27 15:12:37,113 [INFO] ThirdParty:1030 - CMSIS Pack Vendor :WES I-CUBE-Cesium 1.3.0
2025-06-27 15:12:37,113 [INFO] ThirdParty:1030 - CMSIS Pack Vendor :STMicroelectronics lwIP 2.1.2
2025-06-27 15:12:37,113 [INFO] ThirdParty:1030 - CMSIS Pack Vendor :STMicroelectronics X-CUBE-SFXS2LP1 4.0.0
2025-06-27 15:12:37,113 [INFO] ThirdParty:1030 - CMSIS Pack Vendor :STMicroelectronics X-CUBE-BLE2 3.3.0
2025-06-27 15:12:37,114 [INFO] ThirdParty:1030 - CMSIS Pack Vendor :STMicroelectronics PDM2PCM 3.2.0
2025-06-27 15:12:37,114 [INFO] ThirdParty:1030 - CMSIS Pack Vendor :STMicroelectronics X-CUBE-AZRTOS-H7 3.3.0
2025-06-27 15:12:37,114 [INFO] ThirdParty:1030 - CMSIS Pack Vendor :STMicroelectronics X-CUBE-NFC9 1.0.0
2025-06-27 15:12:37,115 [INFO] ThirdParty:1030 - CMSIS Pack Vendor :STMicroelectronics X-CUBE-BLE1 7.1.0
2025-06-27 15:12:37,115 [INFO] ThirdParty:1030 - CMSIS Pack Vendor :STMicroelectronics USB_DEVICE 3.0.0
2025-06-27 15:12:37,115 [INFO] ThirdParty:1030 - CMSIS Pack Vendor :STMicroelectronics X-CUBE-TCPP 4.1.0
2025-06-27 15:12:37,115 [INFO] ThirdParty:1030 - CMSIS Pack Vendor :STMicroelectronics X-CUBE-IPS 3.0.0
2025-06-27 15:12:37,115 [INFO] ThirdParty:1030 - CMSIS Pack Vendor :STMicroelectronics X-CUBE-AZRTOS-WB 2.0.0
2025-06-27 15:12:37,115 [INFO] ThirdParty:1030 - CMSIS Pack Vendor :STMicroelectronics X-CUBE-GNSS1 7.0.0
2025-06-27 15:12:37,115 [INFO] ThirdParty:1030 - CMSIS Pack Vendor :STMicroelectronics X-CUBE-GNSS1 7.0.1
2025-06-27 15:12:37,115 [INFO] ThirdParty:1030 - CMSIS Pack Vendor :STMicroelectronics X-CUBE-TOUCHGFX 4.25.0
2025-06-27 15:12:37,115 [INFO] ThirdParty:1030 - CMSIS Pack Vendor :STMicroelectronics X-CUBE-AI 10.1.0
2025-06-27 15:12:37,115 [INFO] ThirdParty:1030 - CMSIS Pack Vendor :STMicroelectronics FP-SNS-STBOX1 2.0.0
2025-06-27 15:12:37,115 [INFO] ThirdParty:1030 - CMSIS Pack Vendor :STMicroelectronics X-CUBE-AZRTOS-G0 1.1.0
2025-06-27 15:12:37,115 [INFO] ThirdParty:1030 - CMSIS Pack Vendor :STMicroelectronics X-CUBE-SAFEA1 1.2.2
2025-06-27 15:12:37,115 [INFO] ThirdParty:1030 - CMSIS Pack Vendor :STMicroelectronics X-CUBE-NFC4 3.0.0
2025-06-27 15:12:37,115 [INFO] ThirdParty:1030 - CMSIS Pack Vendor :STMicroelectronics X-CUBE-SUBG2 5.0.0
2025-06-27 15:12:37,115 [INFO] ThirdParty:1030 - CMSIS Pack Vendor :STMicroelectronics X-CUBE-AZRTOS-H7RS 1.1.0
2025-06-27 15:12:37,115 [INFO] ThirdParty:1030 - CMSIS Pack Vendor :STMicroelectronics STM32_WPAN 1.0.0
2025-06-27 15:12:37,115 [INFO] ThirdParty:1030 - CMSIS Pack Vendor :EmbeddedOffice I-CUBE-FS-RTOS 1.0.1
2025-06-27 15:12:37,115 [INFO] ThirdParty:1030 - CMSIS Pack Vendor :STMicroelectronics lwIP 2.0.3
2025-06-27 15:12:37,115 [INFO] ThirdParty:1030 - CMSIS Pack Vendor :Cesanta I-CUBE-Mongoose 7.13.0
2025-06-27 15:12:37,115 [INFO] ThirdParty:1030 - CMSIS Pack Vendor :STMicroelectronics USB_HOST 1.0.0
2025-06-27 15:12:37,115 [INFO] ThirdParty:1030 - CMSIS Pack Vendor :STMicroelectronics X-CUBE-AZRTOS-G4 2.0.0
2025-06-27 15:12:37,115 [INFO] ThirdParty:1030 - CMSIS Pack Vendor :STMicroelectronics X-CUBE-WB05N 2.0.0
2025-06-27 15:12:37,115 [INFO] ThirdParty:1030 - CMSIS Pack Vendor :STMicroelectronics PDM2PCM 3.1.0
2025-06-27 15:12:37,115 [INFO] ThirdParty:1030 - CMSIS Pack Vendor :STMicroelectronics X-CUBE-NFC7 2.0.0
2025-06-27 15:12:37,115 [INFO] ThirdParty:1030 - CMSIS Pack Vendor :STMicroelectronics X-CUBE-TCPP 4.2.0
2025-06-27 15:12:37,115 [INFO] ThirdParty:1030 - CMSIS Pack Vendor :RealThread X-CUBE-RT-Thread_Nano 4.1.1
2025-06-27 15:12:37,116 [INFO] ThirdParty:1030 - CMSIS Pack Vendor :wolfSSL I-CUBE-wolfSSL 5.7.0
2025-06-27 15:12:37,116 [INFO] ThirdParty:1030 - CMSIS Pack Vendor :STMicroelectronics FP-ATR-SIGFOX1 3.2.0
2025-06-27 15:12:37,116 [INFO] ThirdParty:1030 - CMSIS Pack Vendor :quantropi X-CUBE-qispace-sdk-base 1.9.3
2025-06-27 15:12:37,116 [INFO] ThirdParty:1030 - CMSIS Pack Vendor :STMicroelectronics X-CUBE-ISPU 2.0.0
2025-06-27 15:12:37,116 [INFO] ThirdParty:1030 - CMSIS Pack Vendor :STMicroelectronics X-CUBE-EEPRMA1 5.1.0
2025-06-27 15:12:37,116 [INFO] ThirdParty:1030 - CMSIS Pack Vendor :STMicroelectronics MBEDTLS 2.16.2
2025-06-27 15:12:37,116 [INFO] ThirdParty:1030 - CMSIS Pack Vendor :STMicroelectronics X-CUBE-IPS 3.1.0
2025-06-27 15:12:37,116 [INFO] ThirdParty:1030 - CMSIS Pack Vendor :STMicroelectronics X-CUBE-ALS 1.0.2
2025-06-27 15:12:37,116 [INFO] ThirdParty:1030 - CMSIS Pack Vendor :STMicroelectronics X-CUBE-MEMS1 10.0.0
2025-06-27 15:12:37,116 [INFO] ThirdParty:1030 - CMSIS Pack Vendor :STMicroelectronics X-CUBE-TOUCHGFX 4.24.0
2025-06-27 15:12:37,116 [INFO] ThirdParty:1030 - CMSIS Pack Vendor :ITTIA_DB I-CUBE-ITTIADB 8.9.0
2025-06-27 15:12:37,116 [INFO] ThirdParty:1030 - CMSIS Pack Vendor :STMicroelectronics X-CUBE-TOUCHGFX 4.24.1
2025-06-27 15:12:37,116 [INFO] ThirdParty:1030 - CMSIS Pack Vendor :portGmbH I-Cube-SoM-uGOAL 1.1.0
2025-06-27 15:12:37,116 [INFO] ThirdParty:1030 - CMSIS Pack Vendor :STMicroelectronics X-CUBE-ST67W61 1.0.0
2025-06-27 15:12:37,116 [INFO] ThirdParty:1030 - CMSIS Pack Vendor :STMicroelectronics ThreadX 1.0.0
2025-06-27 15:12:37,116 [INFO] ThirdParty:1030 - CMSIS Pack Vendor :SEGGER I-CUBE-embOS 1.3.1
2025-06-27 15:12:37,116 [INFO] ThirdParty:1030 - CMSIS Pack Vendor :STMicroelectronics X-CUBE-ALGOBUILD 1.4.0
2025-06-27 15:12:37,116 [INFO] ThirdParty:1030 - CMSIS Pack Vendor :STMicroelectronics X-CUBE-MEMS1 11.3.0
2025-06-27 15:12:37,116 [INFO] ThirdParty:1030 - CMSIS Pack Vendor :STMicroelectronics X-CUBE-AZRTOS-H7RS 1.0.0
2025-06-27 15:12:37,116 [INFO] ThirdParty:1030 - CMSIS Pack Vendor :STMicroelectronics FP-ATR-ASTRA1 2.0.0
2025-06-27 15:12:37,116 [INFO] ThirdParty:1030 - CMSIS Pack Vendor :STMicroelectronics X-CUBE-TOF1 3.4.2
2025-06-27 15:12:37,116 [INFO] ThirdParty:1030 - CMSIS Pack Vendor :STMicroelectronics X-CUBE-TOF1 3.4.3
2025-06-27 15:12:37,116 [INFO] ThirdParty:1030 - CMSIS Pack Vendor :STMicroelectronics X-CUBE-AI 9.1.0
2025-06-27 15:12:37,116 [INFO] ThirdParty:1030 - CMSIS Pack Vendor :STMicroelectronics X-CUBE-TOF1 3.4.1
2025-06-27 15:12:37,116 [INFO] ThirdParty:1030 - CMSIS Pack Vendor :STMicroelectronics X-CUBE-AZRTOS-H7 3.2.0
2025-06-27 15:12:37,116 [INFO] ThirdParty:1030 - CMSIS Pack Vendor :Infineon AIROC-Wi-Fi-Bluetooth-STM32 1.6.0
2025-06-27 15:12:37,116 [INFO] ThirdParty:1030 - CMSIS Pack Vendor :wolfSSL I-CUBE-wolfSSH 1.4.17
2025-06-27 15:12:37,117 [INFO] ThirdParty:841 - exiting critical section [change project]
2025-06-27 15:12:37,618 [INFO] PinOutPanel:1589 - setPackage(No Configuration,No Configuration)
2025-06-27 15:12:37,620 [INFO] PinOutPanel:1589 - setPackage(STM32F407VGTx,LQFP100)
2025-06-27 15:12:38,412 [INFO] UtilMem:75 - Before build in PCC Used Memory: 380528240 Bytes (751828992)
2025-06-27 15:12:39,539 [INFO] UtilMem:75 - After build in PCC Used Memory: 426665584 Bytes (751828992)
2025-06-27 15:12:39,569 [INFO] IPUIPlugin:80 - create IPUIPlugin
2025-06-27 15:12:39,570 [INFO] IPUIPlugin:80 - create IPUIPlugin
2025-06-27 15:12:39,570 [INFO] IPUIPlugin:80 - create IPUIPlugin
2025-06-27 15:12:39,570 [INFO] IPUIPlugin:80 - create IPUIPlugin
2025-06-27 15:12:39,570 [INFO] IPUIPlugin:80 - create IPUIPlugin
2025-06-27 15:12:39,570 [INFO] IPUIPlugin:80 - create IPUIPlugin
2025-06-27 15:12:39,570 [INFO] IPUIPlugin:80 - create IPUIPlugin
2025-06-27 15:12:39,570 [INFO] IPUIPlugin:80 - create IPUIPlugin
2025-06-27 15:12:39,570 [INFO] IPUIPlugin:80 - create IPUIPlugin
2025-06-27 15:12:39,571 [INFO] IPUIPlugin:80 - create IPUIPlugin
2025-06-27 15:12:39,571 [INFO] IPUIPlugin:80 - create IPUIPlugin
2025-06-27 15:12:39,571 [INFO] IPUIPlugin:80 - create IPUIPlugin
2025-06-27 15:12:39,571 [INFO] IPUIPlugin:80 - create IPUIPlugin
2025-06-27 15:12:39,571 [INFO] IPUIPlugin:80 - create IPUIPlugin
2025-06-27 15:12:39,571 [INFO] IPUIPlugin:80 - create IPUIPlugin
2025-06-27 15:12:39,571 [INFO] IPUIPlugin:80 - create IPUIPlugin
2025-06-27 15:12:39,571 [INFO] IPUIPlugin:80 - create IPUIPlugin
2025-06-27 15:12:39,571 [INFO] IPUIPlugin:80 - create IPUIPlugin
2025-06-27 15:12:39,572 [INFO] IPUIPlugin:80 - create IPUIPlugin
2025-06-27 15:12:39,572 [INFO] IPUIPlugin:80 - create IPUIPlugin
2025-06-27 15:12:39,572 [INFO] IPUIPlugin:80 - create IPUIPlugin
2025-06-27 15:12:39,572 [INFO] IPUIPlugin:80 - create IPUIPlugin
2025-06-27 15:12:39,572 [INFO] IPUIPlugin:80 - create IPUIPlugin
2025-06-27 15:12:39,573 [INFO] IPUIPlugin:80 - create IPUIPlugin
2025-06-27 15:12:39,573 [INFO] IPUIPlugin:80 - create IPUIPlugin
2025-06-27 15:12:39,573 [INFO] IPUIPlugin:80 - create IPUIPlugin
2025-06-27 15:12:39,573 [INFO] IPUIPlugin:80 - create IPUIPlugin
2025-06-27 15:12:39,573 [INFO] IPUIPlugin:80 - create IPUIPlugin
2025-06-27 15:12:39,574 [INFO] IPUIPlugin:80 - create IPUIPlugin
2025-06-27 15:12:39,574 [INFO] IPUIPlugin:80 - create IPUIPlugin
2025-06-27 15:12:39,574 [INFO] IPUIPlugin:80 - create IPUIPlugin
2025-06-27 15:12:39,574 [INFO] IPUIPlugin:80 - create IPUIPlugin
2025-06-27 15:12:39,574 [INFO] IPUIPlugin:80 - create IPUIPlugin
2025-06-27 15:12:39,575 [INFO] IPUIPlugin:80 - create IPUIPlugin
2025-06-27 15:12:39,575 [INFO] IPUIPlugin:80 - create IPUIPlugin
2025-06-27 15:12:39,575 [INFO] IPUIPlugin:80 - create IPUIPlugin
2025-06-27 15:12:39,575 [INFO] IPUIPlugin:80 - create IPUIPlugin
2025-06-27 15:12:39,576 [INFO] IPUIPlugin:80 - create IPUIPlugin
2025-06-27 15:12:39,576 [INFO] IPUIPlugin:80 - create IPUIPlugin
2025-06-27 15:12:39,576 [INFO] IPUIPlugin:80 - create IPUIPlugin
2025-06-27 15:12:39,577 [INFO] IPUIPlugin:80 - create IPUIPlugin
2025-06-27 15:12:39,577 [INFO] IPUIPlugin:80 - create IPUIPlugin
2025-06-27 15:12:39,578 [INFO] IPUIPlugin:80 - create IPUIPlugin
2025-06-27 15:12:39,578 [INFO] IPUIPlugin:80 - create IPUIPlugin
2025-06-27 15:12:39,578 [INFO] IPUIPlugin:80 - create IPUIPlugin
2025-06-27 15:12:39,578 [INFO] IPUIPlugin:80 - create IPUIPlugin
2025-06-27 15:12:39,579 [INFO] IPUIPlugin:80 - create IPUIPlugin
2025-06-27 15:12:39,579 [INFO] IPUIPlugin:80 - create IPUIPlugin
2025-06-27 15:12:39,579 [INFO] IPUIPlugin:80 - create IPUIPlugin
2025-06-27 15:12:39,580 [INFO] IPUIPlugin:80 - create IPUIPlugin
2025-06-27 15:12:39,580 [INFO] IPUIPlugin:80 - create IPUIPlugin
2025-06-27 15:12:39,580 [INFO] IPUIPlugin:80 - create IPUIPlugin
2025-06-27 15:12:39,580 [INFO] IPUIPlugin:80 - create IPUIPlugin
2025-06-27 15:12:39,581 [INFO] IPUIPlugin:80 - create IPUIPlugin
2025-06-27 15:12:39,581 [INFO] IPUIPlugin:80 - create IPUIPlugin
2025-06-27 15:12:39,582 [INFO] IPUIPlugin:80 - create IPUIPlugin
2025-06-27 15:12:39,582 [INFO] IPUIPlugin:80 - create IPUIPlugin
2025-06-27 15:12:39,582 [INFO] IPUIPlugin:80 - create IPUIPlugin
2025-06-27 15:12:39,606 [INFO] ApiDbMcu:508 - Load IP Config File for PDM2PCM
2025-06-27 15:12:39,746 [INFO] CADModel:165 - CPN selected for project levelSTM32F407VGT6
2025-06-27 15:12:39,746 [INFO] CADModel:114 - Register for checkConnection events
2025-06-27 15:12:39,949 [INFO] OpenFileManager:385 - Restore cursor
2025-06-27 15:13:10,493 [INFO] UtilMem:75 - End SaveConfig() Used Memory: 574877456 Bytes (751828992)
2025-06-27 15:13:13,006 [INFO] UtilMem:75 - End SaveConfig() Used Memory: 608431888 Bytes (751828992)
2025-06-27 15:13:14,563 [INFO] UtilMem:75 - End SaveConfig() Used Memory: 375167584 Bytes (751828992)
2025-06-27 15:13:15,101 [INFO] BlockDiagram:2775 - set Specific Code input for plugin: SYS
2025-06-27 15:13:15,101 [INFO] BlockDiagram:2775 - set Specific Code input for plugin: RCC
2025-06-27 15:13:15,101 [INFO] BlockDiagram:2775 - set Specific Code input for plugin: NVIC
2025-06-27 15:13:15,101 [INFO] BlockDiagram:2775 - set Specific Code input for plugin: GPIO
2025-06-27 15:13:15,103 [INFO] CodeGenerator:882 - code generatio: config db path: C:/Users/nisha/.stm32cubemx/databases/DB.6.0.120/db/
2025-06-27 15:13:15,549 [INFO] CodeEngine:263 - oldGeneratedFile, C:\Users\nisha\OneDrive\Desktop\stm32f407\freertos\first\MXTmpFiles\license.tmp_save
2025-06-27 15:13:16,770 [INFO] CodeEngine:287 - Generated code: C:\Users\nisha\OneDrive\Desktop\stm32f407\freertos\first\MXTmpFiles\license.tmp
2025-06-27 15:13:17,015 [INFO] CodeEngine:263 - oldGeneratedFile, C:\Users\nisha\OneDrive\Desktop\stm32f407\freertos\first\MXTmpFiles\gpio.tmp_save
2025-06-27 15:13:17,417 [INFO] CodeEngine:287 - Generated code: C:\Users\nisha\OneDrive\Desktop\stm32f407\freertos\first\MXTmpFiles\gpio.tmp
2025-06-27 15:13:17,799 [INFO] CodeEngine:263 - oldGeneratedFile, C:\Users\nisha\OneDrive\Desktop\stm32f407\freertos\first\Core\Src\stm32f4xx_it.c_save
2025-06-27 15:13:18,405 [INFO] CodeEngine:287 - Generated code: C:\Users\nisha\OneDrive\Desktop\stm32f407\freertos\first\Core\Src\stm32f4xx_it.c
2025-06-27 15:13:18,427 [INFO] CodeEngine:263 - oldGeneratedFile, C:\Users\nisha\OneDrive\Desktop\stm32f407\freertos\first\Core\Inc\stm32f4xx_it.h_save
2025-06-27 15:13:18,543 [INFO] CodeEngine:287 - Generated code: C:\Users\nisha\OneDrive\Desktop\stm32f407\freertos\first\Core\Inc\stm32f4xx_it.h
2025-06-27 15:13:18,646 [INFO] CodeEngine:263 - oldGeneratedFile, C:\Users\nisha\OneDrive\Desktop\stm32f407\freertos\first\Core\Src\stm32f4xx_hal_msp.c_save
2025-06-27 15:13:18,976 [INFO] CodeEngine:287 - Generated code: C:\Users\nisha\OneDrive\Desktop\stm32f407\freertos\first\Core\Src\stm32f4xx_hal_msp.c
2025-06-27 15:13:18,985 [INFO] CodeEngine:263 - oldGeneratedFile, C:\Users\nisha\OneDrive\Desktop\stm32f407\freertos\first\MXTmpFiles\system.tmp_save
2025-06-27 15:13:19,086 [INFO] CodeEngine:287 - Generated code: C:\Users\nisha\OneDrive\Desktop\stm32f407\freertos\first\MXTmpFiles\system.tmp
2025-06-27 15:13:19,112 [INFO] CodeEngine:263 - oldGeneratedFile, C:\Users\nisha\OneDrive\Desktop\stm32f407\freertos\first\Core\Src\stm32f4xx_hal_timebase_tim.c_save
2025-06-27 15:13:19,231 [INFO] CodeEngine:287 - Generated code: C:\Users\nisha\OneDrive\Desktop\stm32f407\freertos\first\Core\Src\stm32f4xx_hal_timebase_tim.c
2025-06-27 15:13:19,278 [INFO] CodeEngine:319 - oldGeneratedFile, C:\Users\nisha\OneDrive\Desktop\stm32f407\freertos\first\Core\Inc\stm32f4xx_hal_conf.h_save
2025-06-27 15:13:19,420 [INFO] CodeEngine:343 - Generated code: C:\Users\nisha\OneDrive\Desktop\stm32f407\freertos\first\Core\Inc\stm32f4xx_hal_conf.h
2025-06-27 15:13:19,543 [INFO] ApiDbMcu:508 - Load IP Config File for RCC
2025-06-27 15:13:19,600 [INFO] CodeEngine:263 - oldGeneratedFile, C:\Users\nisha\OneDrive\Desktop\stm32f407\freertos\first\Core\Inc\main.h_save
2025-06-27 15:13:19,836 [INFO] CodeEngine:287 - Generated code: C:\Users\nisha\OneDrive\Desktop\stm32f407\freertos\first\Core\Inc\main.h
2025-06-27 15:13:19,862 [INFO] CodeEngine:263 - oldGeneratedFile, C:\Users\nisha\OneDrive\Desktop\stm32f407\freertos\first\Core\Src\main.c_save
2025-06-27 15:13:20,099 [INFO] CodeEngine:287 - Generated code: C:\Users\nisha\OneDrive\Desktop\stm32f407\freertos\first\Core\Src\main.c
2025-06-27 15:13:20,836 [INFO] ProjectBuilder:3324 - Time for Copy HAL[1] : 464mS.
2025-06-27 15:13:20,845 [INFO] ProjectBuilder:4912 - Project Generator version: 4.6.0.1-B1
2025-06-27 15:13:20,944 [INFO] ConfigFileManager:1590 - The Die is : DIE413
2025-06-27 15:13:20,948 [INFO] ApiDbMcu:508 - Load IP Config File for FATFS
2025-06-27 15:13:20,953 [INFO] ApiDbMcu:508 - Load IP Config File for FREERTOS
2025-06-27 15:13:20,955 [INFO] ApiDbMcu:508 - Load IP Config File for LIBJPEG
2025-06-27 15:13:20,988 [INFO] ApiDbMcu:508 - Load IP Config File for LWIP
2025-06-27 15:13:20,996 [INFO] ApiDbMcu:508 - Load IP Config File for MBEDTLS
2025-06-27 15:13:21,010 [INFO] ApiDbMcu:508 - Load IP Config File for USB_DEVICE
2025-06-27 15:13:21,016 [INFO] ApiDbMcu:508 - Load IP Config File for USB_HOST
2025-06-27 15:13:23,266 [INFO] ProjectBuilder:5191 - Time for Generating toolchain IDE Files: 2420mS.
2025-06-27 15:13:23,267 [INFO] ProjectBuilder:3181 - Time for Copy CMSIS : 1mS.
2025-06-27 15:13:23,277 [INFO] ProjectBuilder:3181 - Time for Copy CMSIS : 0mS.
2025-06-27 15:15:17,036 [INFO] LogOutputStream:77 - [STDOUT_REDIRECT] StartTraceHandler.execute(), success : Collect=true
2025-06-27 15:15:38,860 [INFO] LogOutputStream:77 - [STDOUT_REDIRECT] StartTraceHandler.execute(), success : Collect=false
2025-06-27 15:18:03,197 [INFO] LogOutputStream:77 - [STDOUT_REDIRECT] StartTraceHandler.execute(), success : Collect=true
2025-06-27 15:22:17,699 [INFO] LogOutputStream:77 - [STDOUT_REDIRECT] StartTraceHandler.execute(), success : Collect=false
2025-06-27 15:22:32,002 [INFO] LogOutputStream:77 - [STDOUT_REDIRECT] StartTraceHandler.execute(), success : Collect=true
2025-06-27 15:28:04,193 [INFO] WebApp:191 - Connection restablished
2025-06-27 15:28:04,711 [INFO] WebApp:194 - Connection lost
2025-06-27 15:28:04,740 [INFO] WebApp:191 - Connection restablished
2025-06-27 15:28:14,781 [ERROR] LogOutputStream:75 - [STDERR_REDIRECT] 
2025-06-27 15:28:14,793 [ERROR] LogOutputStream:75 - [STDERR_REDIRECT] 
2025-06-27 15:33:43,331 [INFO] Activator:176 - 


2025-06-27 15:33:43,332 [INFO] Activator:177 - !SESSION log4j initialized
2025-06-27 15:33:53,818 [INFO] LogOutputStream:77 - [STDOUT_REDIRECT] 
2025-06-27 15:34:01,632 [INFO] ApplicationProperties:184 - Using Application install path: C:\ST\STM32CubeIDE_1.16.0\STM32CubeIDE\plugins\com.st.stm32cube.common.mx_6.14.1.202504091515
2025-06-27 15:34:01,656 [INFO] DbMcusXml:78 - Set database path to: C:\ST\STM32CubeIDE_1.16.0\STM32CubeIDE\plugins\com.st.stm32cube.common.mx_6.14.1.202504091515\\db\/mcu/
2025-06-27 15:34:01,656 [INFO] ApiDb:274 - Set plugin database path to: C:\ST\STM32CubeIDE_1.16.0\STM32CubeIDE\plugins\com.st.stm32cube.common.mx_6.14.1.202504091515\\db\/plugins/boardmanager/
2025-06-27 15:34:01,657 [WARN] ApiDb:259 - Overriding images path with different value:  => C:\ST\STM32CubeIDE_1.16.0\STM32CubeIDE\plugins\com.st.stm32cube.common.mx_6.14.1.202504091515\\db\/plugins/mcufinder/images/
2025-06-27 15:34:01,672 [INFO] ApiDb:250 - Set database path to: C:\Users\nisha\.stmcufinder\plugins\mcufinder//mcu/
2025-06-27 15:34:01,674 [INFO] DbMcusAds:125 - Set database path to: C:\Users\nisha\.stmcufinder\plugins\mcufinder//mcu/
2025-06-27 15:34:01,678 [INFO] CrossReferenceDbSqlite:203 - Set database path to: C:\Users\nisha\.stmcufinder\plugins\mcufinder//mcu/cs/
2025-06-27 15:34:01,874 [INFO] RulesReader:64 - Compatibility file has been processed (302 Rules)
2025-06-27 15:34:02,015 [INFO] DbMcusXml:78 - Set database path to: C:\ST\STM32CubeIDE_1.16.0\STM32CubeIDE\plugins\com.st.stm32cube.common.mx_6.14.1.202504091515\\db\/mcu/
2025-06-27 15:34:02,016 [INFO] ApiDb:274 - Set plugin database path to: C:\ST\STM32CubeIDE_1.16.0\STM32CubeIDE\plugins\com.st.stm32cube.common.mx_6.14.1.202504091515\\db\/plugins/boardmanager/
2025-06-27 15:34:02,016 [INFO] ApiDb:261 - Set plugin images path to: C:\ST\STM32CubeIDE_1.16.0\STM32CubeIDE\plugins\com.st.stm32cube.common.mx_6.14.1.202504091515\\db\/plugins/mcufinder/images/
2025-06-27 15:34:02,017 [WARN] DbFile:41 - Overriding database path with different value: C:\Users\nisha\.stmcufinder\plugins\mcufinder/ => C:\Users\nisha\.stmcufinder\plugins\mcufinder
2025-06-27 15:34:02,017 [INFO] ApiDb:250 - Set database path to: C:\Users\nisha\.stmcufinder\plugins\mcufinder//mcu/
2025-06-27 15:34:02,018 [WARN] DbFile:41 - Overriding database path with different value: C:\Users\nisha\.stmcufinder\plugins\mcufinder/ => C:\Users\nisha\.stmcufinder\plugins\mcufinder
2025-06-27 15:34:02,018 [INFO] DbMcusAds:125 - Set database path to: C:\Users\nisha\.stmcufinder\plugins\mcufinder//mcu/
2025-06-27 15:34:02,018 [WARN] DbFile:41 - Overriding database path with different value: C:\Users\nisha\.stmcufinder\plugins\mcufinder/ => C:\Users\nisha\.stmcufinder\plugins\mcufinder
2025-06-27 15:34:02,018 [WARN] DbFile:41 - Overriding database path with different value: C:\Users\nisha\.stmcufinder\plugins\mcufinder/ => C:\Users\nisha\.stmcufinder\plugins\mcufinder
2025-06-27 15:34:02,018 [INFO] CrossReferenceDbSqlite:203 - Set database path to: C:\Users\nisha\.stmcufinder\plugins\mcufinder//mcu/cs/
2025-06-27 15:34:02,166 [INFO] MainPanel:272 - HeapMemory: 268435456
2025-06-27 15:34:02,411 [INFO] DbMcusXml:78 - Set database path to: C:\ST\STM32CubeIDE_1.16.0\STM32CubeIDE\plugins\com.st.stm32cube.common.mx_6.14.1.202504091515\\db\/mcu/
2025-06-27 15:34:02,411 [INFO] ApiDb:274 - Set plugin database path to: C:\ST\STM32CubeIDE_1.16.0\STM32CubeIDE\plugins\com.st.stm32cube.common.mx_6.14.1.202504091515\\db\/plugins/boardmanager/
2025-06-27 15:34:02,411 [INFO] ApiDb:261 - Set plugin images path to: C:\ST\STM32CubeIDE_1.16.0\STM32CubeIDE\plugins\com.st.stm32cube.common.mx_6.14.1.202504091515\\db\/plugins/mcufinder/images/
2025-06-27 15:34:02,411 [WARN] DbFile:41 - Overriding database path with different value: C:\Users\nisha\.stmcufinder\plugins\mcufinder/ => C:\Users\nisha\.stmcufinder\plugins\mcufinder
2025-06-27 15:34:02,411 [INFO] ApiDb:250 - Set database path to: C:\Users\nisha\.stmcufinder\plugins\mcufinder//mcu/
2025-06-27 15:34:02,411 [WARN] DbFile:41 - Overriding database path with different value: C:\Users\nisha\.stmcufinder\plugins\mcufinder/ => C:\Users\nisha\.stmcufinder\plugins\mcufinder
2025-06-27 15:34:02,412 [INFO] DbMcusAds:125 - Set database path to: C:\Users\nisha\.stmcufinder\plugins\mcufinder//mcu/
2025-06-27 15:34:02,412 [WARN] DbFile:41 - Overriding database path with different value: C:\Users\nisha\.stmcufinder\plugins\mcufinder/ => C:\Users\nisha\.stmcufinder\plugins\mcufinder
2025-06-27 15:34:02,412 [WARN] DbFile:41 - Overriding database path with different value: C:\Users\nisha\.stmcufinder\plugins\mcufinder/ => C:\Users\nisha\.stmcufinder\plugins\mcufinder
2025-06-27 15:34:02,412 [INFO] CrossReferenceDbSqlite:203 - Set database path to: C:\Users\nisha\.stmcufinder\plugins\mcufinder//mcu/cs/
2025-06-27 15:34:02,449 [INFO] ApplicationProperties:184 - Using Application install path: C:\ST\STM32CubeIDE_1.16.0\STM32CubeIDE\plugins\com.st.stm32cube.common.mx_6.14.1.202504091515
2025-06-27 15:34:02,451 [INFO] PluginManage:196 - Search for loadable plugins [exclusion list=, ]
2025-06-27 15:34:02,454 [INFO] PluginManage:310 - Check plugin analytics
2025-06-27 15:34:02,817 [INFO] AnalyticsPlugin:253 - Accepted Software Licenses: 
2025-06-27 15:34:02,818 [INFO] AnalyticsPlugin:255 - Accepted CMSIS Pack Licenses: 
2025-06-27 15:34:02,818 [INFO] AnalyticsPlugin:257 - Accepted Firmware Licenses: FW.F4.1.28.0
2025-06-27 15:34:02,822 [INFO] PluginManage:359 - Loaded plugin analytics (category:tool,tabindex:-1)
2025-06-27 15:34:02,824 [INFO] PluginManage:310 - Check plugin cadmodel
2025-06-27 15:34:02,848 [INFO] CADModel:105 - Init CAD model plugin
2025-06-27 15:34:02,848 [INFO] PluginManage:359 - Loaded plugin cadmodel (category:power,tabindex:5)
2025-06-27 15:34:02,848 [INFO] PluginManage:310 - Check plugin clock
2025-06-27 15:34:02,869 [INFO] PluginManage:359 - Loaded plugin clock (category:base,tabindex:2)
2025-06-27 15:34:02,869 [INFO] PluginManage:310 - Check plugin ddr
2025-06-27 15:34:02,872 [INFO] PluginManage:359 - Loaded plugin ddr (category:tool,tabindex:6)
2025-06-27 15:34:02,872 [INFO] PluginManage:310 - Check plugin filemanager
2025-06-27 15:34:03,046 [INFO] PluginManage:359 - Loaded plugin filemanager (category:base,tabindex:10)
2025-06-27 15:34:03,046 [INFO] PluginManage:310 - Check plugin ipmanager
2025-06-27 15:34:03,057 [INFO] PluginManage:359 - Loaded plugin ipmanager (category:base,tabindex:5)
2025-06-27 15:34:03,057 [INFO] PluginManage:310 - Check plugin lpbam
2025-06-27 15:34:03,087 [INFO] PluginManage:359 - Loaded plugin lpbam (category:base,tabindex:0)
2025-06-27 15:34:03,088 [INFO] PluginManage:310 - Check plugin memorymap
2025-06-27 15:34:03,135 [INFO] PluginManage:359 - Loaded plugin memorymap (category:base,tabindex:4)
2025-06-27 15:34:03,135 [INFO] PluginManage:310 - Check plugin pinoutandconfiguration
2025-06-27 15:34:03,166 [INFO] PluginManage:359 - Loaded plugin pinoutandconfiguration (category:base,tabindex:1)
2025-06-27 15:34:03,166 [INFO] PluginManage:310 - Check plugin pinoutconfig
2025-06-27 15:34:03,320 [WARN] SupportedApi:132 - Cannot load RTOS API schema: s4s-elt-must-match.1: The content of 'definitions' must match (annotation?, (simpleType | complexType)?, (unique | key | keyref)*)). A problem was found starting at: attribute.
2025-06-27 15:34:03,556 [INFO] PluginManage:359 - Loaded plugin pinoutconfig (category:base,tabindex:0)
2025-06-27 15:34:03,557 [INFO] PluginManage:310 - Check plugin power
2025-06-27 15:34:03,589 [INFO] PluginManage:359 - Loaded plugin power (category:power,tabindex:4)
2025-06-27 15:34:03,589 [INFO] PluginManage:310 - Check plugin projectmanager
2025-06-27 15:34:03,647 [INFO] PluginManage:359 - Loaded plugin projectmanager (category:projectmanager,tabindex:4)
2025-06-27 15:34:03,647 [INFO] PluginManage:310 - Check plugin rif
2025-06-27 15:34:03,674 [INFO] PluginManage:359 - Loaded plugin rif (category:base,tabindex:3)
2025-06-27 15:34:03,675 [INFO] PluginManage:310 - Check plugin thirdparty
2025-06-27 15:34:04,207 [WARN] IntegrityCheckThread:84 - waiting for thirdparty lock release [integrity check]
2025-06-27 15:34:04,207 [INFO] PluginManage:359 - Loaded plugin thirdparty (category:base,tabindex:-1)
2025-06-27 15:34:04,208 [INFO] IntegrityCheckThread:86 - entering critical section [integrity check]
2025-06-27 15:34:04,208 [INFO] PluginManage:310 - Check plugin tools
2025-06-27 15:34:04,209 [INFO] ThirdPartyUpdaterWithRetryManager:70 - Updater plugin not ready yet. [1/15]
2025-06-27 15:34:04,255 [INFO] PluginManage:359 - Loaded plugin tools (category:base,tabindex:7)
2025-06-27 15:34:04,256 [INFO] PluginManage:310 - Check plugin tutovideos
2025-06-27 15:34:04,521 [INFO] PluginManage:359 - Loaded plugin tutovideos (category:base,tabindex:-1)
2025-06-27 15:34:04,521 [INFO] PluginManage:310 - Check plugin updater
2025-06-27 15:34:04,549 [INFO] PluginManage:359 - Loaded plugin updater (category:base,tabindex:12)
2025-06-27 15:34:04,549 [INFO] PluginManage:310 - Check plugin userauth
2025-06-27 15:34:04,556 [INFO] UserAuth:118 - Init User Auth plugin
2025-06-27 15:34:04,557 [INFO] PluginManage:359 - Loaded plugin userauth (category:base,tabindex:14)
2025-06-27 15:34:04,557 [INFO] PluginManage:283 - PluginManage : Loaded plugins [18]
2025-06-27 15:34:04,971 [INFO] PinOutPanel:1589 - setPackage(No Configuration,No Configuration)
2025-06-27 15:34:05,147 [INFO] CADModel:165 - CPN selected for project level
2025-06-27 15:34:05,147 [INFO] CADModel:114 - Register for checkConnection events
2025-06-27 15:34:05,184 [INFO] IPUIPlugin:80 - create IPUIPlugin
2025-06-27 15:34:05,185 [INFO] PluginManager:220 - loadIPPluginJar : add adc
2025-06-27 15:34:05,240 [INFO] IPUIPlugin:80 - create IPUIPlugin
2025-06-27 15:34:05,241 [INFO] PluginManager:220 - loadIPPluginJar : add aes
2025-06-27 15:34:05,304 [INFO] IPUIPlugin:80 - create IPUIPlugin
2025-06-27 15:34:05,305 [INFO] PluginManager:220 - loadIPPluginJar : add can
2025-06-27 15:34:05,337 [INFO] IPUIPlugin:80 - create IPUIPlugin
2025-06-27 15:34:05,337 [INFO] PluginManager:220 - loadIPPluginJar : add comp
2025-06-27 15:34:05,389 [INFO] IPUIPlugin:80 - create IPUIPlugin
2025-06-27 15:34:05,389 [INFO] PluginManager:220 - loadIPPluginJar : add cryp
2025-06-27 15:34:05,407 [INFO] IPUIPlugin:80 - create IPUIPlugin
2025-06-27 15:34:05,407 [INFO] PluginManager:220 - loadIPPluginJar : add ddr_ctrl_phy
2025-06-27 15:34:05,460 [INFO] IPUIPlugin:80 - create IPUIPlugin
2025-06-27 15:34:05,460 [INFO] PluginManager:220 - loadIPPluginJar : add dfsdm
2025-06-27 15:34:05,482 [INFO] IPUIPlugin:80 - create IPUIPlugin
2025-06-27 15:34:05,483 [INFO] PluginManager:220 - loadIPPluginJar : add dma
2025-06-27 15:34:05,530 [INFO] IPUIPlugin:80 - create IPUIPlugin
2025-06-27 15:34:05,530 [INFO] PluginManager:220 - loadIPPluginJar : add dma3
2025-06-27 15:34:05,589 [INFO] IPUIPlugin:80 - create IPUIPlugin
2025-06-27 15:34:05,589 [INFO] PluginManager:220 - loadIPPluginJar : add extmemmanager
2025-06-27 15:34:05,613 [INFO] IPUIPlugin:80 - create IPUIPlugin
2025-06-27 15:34:05,613 [INFO] PluginManager:220 - loadIPPluginJar : add fatfs
2025-06-27 15:34:05,662 [INFO] IPUIPlugin:80 - create IPUIPlugin
2025-06-27 15:34:05,663 [INFO] PluginManager:220 - loadIPPluginJar : add fmc
2025-06-27 15:34:05,679 [INFO] IPUIPlugin:80 - create IPUIPlugin
2025-06-27 15:34:05,679 [INFO] PluginManager:220 - loadIPPluginJar : add freertos
2025-06-27 15:34:05,705 [INFO] IPUIPlugin:80 - create IPUIPlugin
2025-06-27 15:34:05,706 [INFO] PluginManager:220 - loadIPPluginJar : add genericplugin
2025-06-27 15:34:05,803 [INFO] IPUIPlugin:80 - create IPUIPlugin
2025-06-27 15:34:05,804 [INFO] PluginManager:220 - loadIPPluginJar : add gfxmmu
2025-06-27 15:34:05,963 [INFO] IPUIPlugin:80 - create IPUIPlugin
2025-06-27 15:34:05,963 [INFO] PluginManager:220 - loadIPPluginJar : add gic
2025-06-27 15:34:05,985 [INFO] IPUIPlugin:80 - create IPUIPlugin
2025-06-27 15:34:05,985 [INFO] PluginManager:220 - loadIPPluginJar : add gpio
2025-06-27 15:34:06,090 [INFO] IPUIPlugin:80 - create IPUIPlugin
2025-06-27 15:34:06,090 [INFO] PluginManager:220 - loadIPPluginJar : add gtzc
2025-06-27 15:34:06,141 [INFO] IPUIPlugin:80 - create IPUIPlugin
2025-06-27 15:34:06,141 [INFO] PluginManager:220 - loadIPPluginJar : add hash
2025-06-27 15:34:06,216 [INFO] IPUIPlugin:80 - create IPUIPlugin
2025-06-27 15:34:06,217 [INFO] PluginManager:220 - loadIPPluginJar : add i2c
2025-06-27 15:34:06,269 [INFO] IPUIPlugin:80 - create IPUIPlugin
2025-06-27 15:34:06,269 [INFO] PluginManager:220 - loadIPPluginJar : add i2s
2025-06-27 15:34:06,308 [INFO] IPUIPlugin:80 - create IPUIPlugin
2025-06-27 15:34:06,308 [INFO] PluginManager:220 - loadIPPluginJar : add i3c
2025-06-27 15:34:06,409 [INFO] IPUIPlugin:80 - create IPUIPlugin
2025-06-27 15:34:06,410 [INFO] PluginManager:220 - loadIPPluginJar : add ipddr
2025-06-27 15:34:06,561 [INFO] IPUIPlugin:80 - create IPUIPlugin
2025-06-27 15:34:06,562 [INFO] PluginManager:220 - loadIPPluginJar : add linkedlist
2025-06-27 15:34:06,616 [INFO] IPUIPlugin:80 - create IPUIPlugin
2025-06-27 15:34:06,616 [INFO] PluginManager:220 - loadIPPluginJar : add lorawan
2025-06-27 15:34:06,680 [INFO] IPUIPlugin:80 - create IPUIPlugin
2025-06-27 15:34:06,681 [INFO] PluginManager:220 - loadIPPluginJar : add ltdc
2025-06-27 15:34:06,706 [INFO] IPUIPlugin:80 - create IPUIPlugin
2025-06-27 15:34:06,706 [INFO] PluginManager:220 - loadIPPluginJar : add mdma
2025-06-27 15:34:06,727 [INFO] IPUIPlugin:80 - create IPUIPlugin
2025-06-27 15:34:06,728 [INFO] PluginManager:220 - loadIPPluginJar : add nvic
2025-06-27 15:34:06,782 [INFO] IPUIPlugin:80 - create IPUIPlugin
2025-06-27 15:34:06,782 [INFO] PluginManager:220 - loadIPPluginJar : add opamp
2025-06-27 15:34:06,847 [INFO] IPUIPlugin:80 - create IPUIPlugin
2025-06-27 15:34:06,847 [INFO] PluginManager:220 - loadIPPluginJar : add openamp
2025-06-27 15:34:06,890 [INFO] IPUIPlugin:80 - create IPUIPlugin
2025-06-27 15:34:06,891 [INFO] PluginManager:220 - loadIPPluginJar : add pdm2pcm
2025-06-27 15:34:06,904 [INFO] IPUIPlugin:80 - create IPUIPlugin
2025-06-27 15:34:06,906 [INFO] PluginManager:220 - loadIPPluginJar : add plateformsettings
2025-06-27 15:34:06,930 [INFO] IPUIPlugin:80 - create IPUIPlugin
2025-06-27 15:34:06,930 [INFO] PluginManager:220 - loadIPPluginJar : add quadspi
2025-06-27 15:34:06,954 [INFO] IPUIPlugin:80 - create IPUIPlugin
2025-06-27 15:34:06,955 [INFO] PluginManager:220 - loadIPPluginJar : add radio
2025-06-27 15:34:06,969 [INFO] IPUIPlugin:80 - create IPUIPlugin
2025-06-27 15:34:06,969 [INFO] PluginManager:220 - loadIPPluginJar : add resmgrutility
2025-06-27 15:34:07,017 [INFO] IPUIPlugin:80 - create IPUIPlugin
2025-06-27 15:34:07,017 [INFO] PluginManager:220 - loadIPPluginJar : add sai
2025-06-27 15:34:07,072 [INFO] IPUIPlugin:80 - create IPUIPlugin
2025-06-27 15:34:07,072 [INFO] PluginManager:220 - loadIPPluginJar : add spi
2025-06-27 15:34:07,146 [INFO] IPUIPlugin:80 - create IPUIPlugin
2025-06-27 15:34:07,146 [INFO] PluginManager:220 - loadIPPluginJar : add stm32_wpan
2025-06-27 15:34:07,172 [INFO] IPUIPlugin:80 - create IPUIPlugin
2025-06-27 15:34:07,172 [INFO] PluginManager:220 - loadIPPluginJar : add tim
2025-06-27 15:34:07,210 [INFO] ThirdPartyUpdaterWithRetryManager:70 - Updater plugin not ready yet. [2/15]
2025-06-27 15:34:07,228 [INFO] IPUIPlugin:80 - create IPUIPlugin
2025-06-27 15:34:07,228 [INFO] PluginManager:220 - loadIPPluginJar : add touchsensing
2025-06-27 15:34:07,257 [INFO] IPUIPlugin:80 - create IPUIPlugin
2025-06-27 15:34:07,257 [INFO] PluginManager:220 - loadIPPluginJar : add tracer_emb
2025-06-27 15:34:07,295 [INFO] IPUIPlugin:80 - create IPUIPlugin
2025-06-27 15:34:07,295 [INFO] PluginManager:220 - loadIPPluginJar : add ts
2025-06-27 15:34:07,318 [INFO] IPUIPlugin:80 - create IPUIPlugin
2025-06-27 15:34:07,318 [INFO] PluginManager:220 - loadIPPluginJar : add tsc
2025-06-27 15:34:07,338 [INFO] IPUIPlugin:80 - create IPUIPlugin
2025-06-27 15:34:07,338 [INFO] PluginManager:220 - loadIPPluginJar : add ucpd
2025-06-27 15:34:07,379 [INFO] IPUIPlugin:80 - create IPUIPlugin
2025-06-27 15:34:07,380 [INFO] PluginManager:220 - loadIPPluginJar : add usart
2025-06-27 15:34:07,418 [INFO] IPUIPlugin:80 - create IPUIPlugin
2025-06-27 15:34:07,418 [INFO] PluginManager:220 - loadIPPluginJar : add usbx
2025-06-27 15:34:07,554 [FATAL] Updater:351 - Updater called before beeing initialized
2025-06-27 15:34:07,638 [INFO] RulesReader:64 - Compatibility file has been processed (302 Rules)
2025-06-27 15:34:07,653 [INFO] RulesReader:64 - Compatibility file has been processed (302 Rules)
2025-06-27 15:34:07,713 [INFO] CADModel:165 - CPN selected for project level
2025-06-27 15:34:07,713 [INFO] CADModel:114 - Register for checkConnection events
2025-06-27 15:34:07,714 [FATAL] Updater:351 - Updater called before beeing initialized
2025-06-27 15:34:07,714 [ERROR] CADModel:125 - Updater not yet initialized, retry later 
2025-06-27 15:34:07,967 [FATAL] Updater:351 - Updater called before beeing initialized
2025-06-27 15:34:07,970 [INFO] CADModel:165 - CPN selected for project level
2025-06-27 15:34:07,970 [INFO] CADModel:114 - Register for checkConnection events
2025-06-27 15:34:07,970 [FATAL] Updater:351 - Updater called before beeing initialized
2025-06-27 15:34:07,970 [ERROR] CADModel:125 - Updater not yet initialized, retry later 
2025-06-27 15:34:07,975 [FATAL] Updater:351 - Updater called before beeing initialized
2025-06-27 15:34:08,159 [FATAL] Updater:351 - Updater called before beeing initialized
2025-06-27 15:34:08,173 [INFO] DbMcusAds:53 - JSON generation date=Thu Jun 19 14:02:34 IST 2025 (1750321954415)
2025-06-27 15:34:08,173 [FATAL] Updater:351 - Updater called before beeing initialized
2025-06-27 15:34:08,239 [WARN] DetailPanel:346 - Failed to get advertising image, set to default
2025-06-27 15:34:08,487 [FATAL] Updater:351 - Updater called before beeing initialized
2025-06-27 15:34:08,490 [FATAL] Updater:351 - Updater called before beeing initialized
2025-06-27 15:34:08,490 [FATAL] Updater:351 - Updater called before beeing initialized
2025-06-27 15:34:08,490 [WARN] DetailPanel:346 - Failed to get advertising image, set to default
2025-06-27 15:34:08,491 [FATAL] Updater:351 - Updater called before beeing initialized
2025-06-27 15:34:08,580 [ERROR] Updater:1198 - MainUpdater not yet initialized. External WinMGr cannot be set.
2025-06-27 15:34:08,602 [INFO] Updater:1134 - Updater Version found : 6.14.1
2025-06-27 15:34:08,640 [INFO] ApplicationProperties:184 - Using Application install path: C:\ST\STM32CubeIDE_1.16.0\STM32CubeIDE\plugins\com.st.stm32cube.common.mx_6.14.1.202504091515
2025-06-27 15:34:10,212 [INFO] ThirdPartyUpdaterWithRetryManager:70 - Updater plugin not ready yet. [3/15]
2025-06-27 15:34:10,235 [ERROR] LogOutputStream:75 - [STDERR_REDIRECT] Jun 27, 2025 3:34:10 PM java.util.prefs.WindowsPreferences <init>
2025-06-27 15:34:10,238 [ERROR] LogOutputStream:75 - [STDERR_REDIRECT] WARNING: Could not open/create prefs root node Software\JavaSoft\Prefs at root 0xffffffff80000002. Windows RegCreateKeyEx(...) returned error code 5.
2025-06-27 15:34:10,239 [ERROR] LogOutputStream:75 - [STDERR_REDIRECT] 
2025-06-27 15:34:11,564 [INFO] MainUpdater:2872 - connection check result : 10
2025-06-27 15:34:11,565 [INFO] MainUpdater:289 - Updater Check For Update Now.
2025-06-27 15:34:11,565 [INFO] MicroXplorer:498 - Change Database Version : DB.6.0.141
2025-06-27 15:34:11,605 [INFO] McuFinderGlobals:63 - Set McuFinder mode to 2 (CubeIDE integrated)
2025-06-27 15:34:11,618 [INFO] UserAuth:484 - Internet connection configuration mode: 1
2025-06-27 15:34:11,680 [INFO] JxBrowserEngine:152 - Initiate JxBrowser Engine with user profile folder
2025-06-27 15:34:11,787 [INFO] CheckServerUpdateThread:120 - End of CheckServer Thread
2025-06-27 15:34:12,602 [INFO] McuFinderGlobals:63 - Set McuFinder mode to 2 (CubeIDE integrated)
2025-06-27 15:34:12,610 [INFO] MainUpdater:2872 - connection check result : 10
2025-06-27 15:34:12,611 [INFO] MainUpdater:2872 - connection check result : 10
2025-06-27 15:34:12,662 [INFO] MicroXplorer:468 - Change Database Path : 
2025-06-27 15:34:12,662 [INFO] MicroXplorer:498 - Change Database Version : DB.6.0.141
2025-06-27 15:34:12,672 [WARN] ThirdParty:871 - waiting for thirdparty lock release [close project]
2025-06-27 15:34:13,016 [INFO] WebApp:169 - Instantiating new browser for Auth
2025-06-27 15:34:13,634 [WARN] PackLoader:240 - Cannot read IP mode file for STMicroelectronics.FP-SNS-MOTENVWB1.1.4.0
2025-06-27 15:34:13,655 [WARN] PackLoader:240 - Cannot read IP mode file for STMicroelectronics.X-CUBE-SMBUS.2.1.0
2025-06-27 15:34:13,671 [WARN] PackLoader:240 - Cannot read IP mode file for STMicroelectronics.X-CUBE-WB05N.1.1.0
2025-06-27 15:34:13,680 [WARN] PackLoader:240 - Cannot read IP mode file for STMicroelectronics.X-CUBE-ST60.1.0.0
2025-06-27 15:34:13,726 [WARN] PackLoader:240 - Cannot read IP mode file for STMicroelectronics.X-CUBE-AZRTOS-F7.1.1.0
2025-06-27 15:34:13,790 [WARN] PackLoader:240 - Cannot read IP mode file for STMicroelectronics.X-CUBE-MEMS1.11.0.0
2025-06-27 15:34:13,956 [WARN] PackLoader:240 - Cannot read IP mode file for STMicroelectronics.FP-SNS-FLIGHT1.5.0.2
2025-06-27 15:34:13,967 [WARN] PackLoader:240 - Cannot read IP mode file for STMicroelectronics.X-CUBE-DISPLAY.3.0.0
2025-06-27 15:34:13,976 [WARN] PackLoader:240 - Cannot read IP mode file for STMicroelectronics.X-CUBE-BLE1.7.0.0
2025-06-27 15:34:13,984 [WARN] PackLoader:240 - Cannot read IP mode file for STMicroelectronics.X-CUBE-NFC10.1.0.0
2025-06-27 15:34:13,993 [WARN] PackLoader:240 - Cannot read IP mode file for emotas.I-CUBE-CANOPEN.1.3.0
2025-06-27 15:34:14,002 [WARN] PackLoader:240 - Cannot read IP mode file for STMicroelectronics.X-CUBE-BLEMGR.3.1.0
2025-06-27 15:34:14,009 [WARN] PackLoader:240 - Cannot read IP mode file for STMicroelectronics.FP-SNS-SMARTAG2.1.2.0
2025-06-27 15:34:14,015 [WARN] PackLoader:240 - Cannot read IP mode file for STMicroelectronics.FP-SNS-FLIGHT1.5.1.0
2025-06-27 15:34:14,028 [INFO] LogOutputStream:77 - [STDOUT_REDIRECT] 1 : Invalid condition id : UX_CORESTACK_Condition cause : null
2025-06-27 15:34:14,029 [INFO] LogOutputStream:77 - [STDOUT_REDIRECT] 1 : Invalid condition id : UX_CORESTACK_Condition cause : null
2025-06-27 15:34:14,031 [INFO] LogOutputStream:77 - [STDOUT_REDIRECT] 1 : Invalid condition id : UX_CORESTACK_Condition cause : null
2025-06-27 15:34:14,033 [INFO] LogOutputStream:77 - [STDOUT_REDIRECT] 1 : Invalid condition id : UX_CORESTACK_Condition cause : null
2025-06-27 15:34:14,035 [INFO] LogOutputStream:77 - [STDOUT_REDIRECT] 1 : Invalid condition id : UX_CORESTACK_Condition cause : null
2025-06-27 15:34:14,039 [WARN] PackLoader:240 - Cannot read IP mode file for STMicroelectronics.X-CUBE-AZRTOS-WL.2.0.0
2025-06-27 15:34:14,045 [WARN] PackLoader:240 - Cannot read IP mode file for STMicroelectronics.FP-SNS-MOTENV1.5.0.0
2025-06-27 15:34:14,077 [WARN] PackLoader:240 - Cannot read IP mode file for wolfSSL.I-CUBE-wolfMQTT.1.19.0
2025-06-27 15:34:14,110 [WARN] PackLoader:240 - Cannot read IP mode file for WES.I-CUBE-Cesium.1.3.0
2025-06-27 15:34:14,157 [WARN] PackLoader:240 - Cannot read IP mode file for STMicroelectronics.X-CUBE-BLE2.3.3.0
2025-06-27 15:34:14,177 [WARN] PackLoader:240 - Cannot read IP mode file for STMicroelectronics.X-CUBE-NFC9.1.0.0
2025-06-27 15:34:14,190 [WARN] PackLoader:240 - Cannot read IP mode file for STMicroelectronics.X-CUBE-BLE1.7.1.0
2025-06-27 15:34:14,200 [WARN] PackLoader:240 - Cannot read IP mode file for STMicroelectronics.X-CUBE-TCPP.4.1.0
2025-06-27 15:34:14,211 [WARN] PackLoader:240 - Cannot read IP mode file for STMicroelectronics.X-CUBE-AI.10.1.0
2025-06-27 15:34:14,227 [WARN] PackLoader:240 - Cannot read IP mode file for STMicroelectronics.X-CUBE-AZRTOS-G0.1.1.0
2025-06-27 15:34:14,237 [WARN] PackLoader:240 - Cannot read IP mode file for STMicroelectronics.X-CUBE-SAFEA1.1.2.2
2025-06-27 15:34:14,246 [WARN] PackLoader:240 - Cannot read IP mode file for STMicroelectronics.X-CUBE-NFC4.3.0.0
2025-06-27 15:34:14,260 [WARN] PackLoader:240 - Cannot read IP mode file for EmbeddedOffice.I-CUBE-FS-RTOS.1.0.1
2025-06-27 15:34:14,267 [WARN] PackLoader:240 - Cannot read IP mode file for STMicroelectronics.X-CUBE-WB05N.2.0.0
2025-06-27 15:34:14,274 [WARN] PackLoader:240 - Cannot read IP mode file for STMicroelectronics.X-CUBE-TCPP.4.2.0
2025-06-27 15:34:14,282 [WARN] PackLoader:240 - Cannot read IP mode file for RealThread.X-CUBE-RT-Thread_Nano.4.1.1
2025-06-27 15:34:14,288 [WARN] PackLoader:240 - Cannot read IP mode file for wolfSSL.I-CUBE-wolfSSL.5.7.0
2025-06-27 15:34:14,294 [WARN] PackLoader:240 - Cannot read IP mode file for STMicroelectronics.FP-ATR-SIGFOX1.3.2.0
2025-06-27 15:34:14,301 [WARN] ConditionMgr:438 - getConditionDescription Invalid condition id : Cortex-A Device cause : null
2025-06-27 15:34:14,330 [WARN] ConditionMgr:1044 - genDependencies : Invalid condition id : Cortex-A Device cause : null
2025-06-27 15:34:14,330 [WARN] ConditionMgr:1044 - genDependencies : Invalid condition id : Cortex-A Device cause : null
2025-06-27 15:34:14,331 [WARN] ConditionMgr:1044 - genDependencies : Invalid condition id : Cortex-A Device cause : null
2025-06-27 15:34:14,337 [WARN] PackLoader:240 - Cannot read IP mode file for STMicroelectronics.X-CUBE-EEPRMA1.5.1.0
2025-06-27 15:34:14,345 [WARN] PackLoader:240 - Cannot read IP mode file for ITTIA_DB.I-CUBE-ITTIADB.8.9.0
2025-06-27 15:34:14,361 [WARN] PackLoader:240 - Cannot read IP mode file for STMicroelectronics.X-CUBE-ST67W61.1.0.0
2025-06-27 15:34:14,391 [WARN] PackLoader:240 - Cannot read IP mode file for SEGGER.I-CUBE-embOS.1.3.1
2025-06-27 15:34:14,425 [WARN] PackLoader:240 - Cannot read IP mode file for STMicroelectronics.X-CUBE-ALGOBUILD.1.4.0
2025-06-27 15:34:14,487 [WARN] PackLoader:240 - Cannot read IP mode file for STMicroelectronics.X-CUBE-MEMS1.11.3.0
2025-06-27 15:34:14,625 [WARN] PackLoader:240 - Cannot read IP mode file for STMicroelectronics.X-CUBE-AI.9.1.0
2025-06-27 15:34:14,633 [WARN] PackLoader:240 - Cannot read IP mode file for STMicroelectronics.X-CUBE-PM33A1.1.0.0
2025-06-27 15:34:14,640 [WARN] PackLoader:240 - Cannot read IP mode file for STMicroelectronics.X-CUBE-GNSS1.6.0.0
2025-06-27 15:34:14,655 [WARN] PackLoader:240 - Cannot read IP mode file for STMicroelectronics.X-CUBE-AZRTOS-F4.1.1.0
2025-06-27 15:34:14,663 [WARN] PackLoader:240 - Cannot read IP mode file for Avnet-IotConnect.X-CUBE-IoTC-DA16k-PMOD.1.0.0
2025-06-27 15:34:14,669 [WARN] PackLoader:240 - Cannot read IP mode file for STMicroelectronics.X-CUBE-ISPU.2.1.0
2025-06-27 15:34:14,678 [WARN] PackLoader:240 - Cannot read IP mode file for STMicroelectronics.X-CUBE-FREERTOS.1.2.0
2025-06-27 15:34:14,698 [WARN] PackLoader:240 - Cannot read IP mode file for STMicroelectronics.X-CUBE-AZRTOS-L5.2.0.0
2025-06-27 15:34:14,707 [WARN] PackLoader:240 - Cannot read IP mode file for STMicroelectronics.X-CUBE-NFC6.3.1.0
2025-06-27 15:34:14,719 [WARN] PackLoader:240 - Cannot read IP mode file for STMicroelectronics.X-CUBE-DPower.1.2.0
2025-06-27 15:34:14,726 [WARN] PackLoader:240 - Cannot read IP mode file for STMicroelectronics.X-CUBE-AI.9.0.0
2025-06-27 15:34:14,731 [WARN] PackLoader:240 - Cannot read IP mode file for STMicroelectronics.X-CUBE-FREERTOS.1.3.1
2025-06-27 15:34:14,738 [WARN] PackLoader:240 - Cannot read IP mode file for STMicroelectronics.X-CUBE-NFC7.1.0.1
2025-06-27 15:34:14,743 [WARN] PackLoader:240 - Cannot read IP mode file for wolfSSL.I-CUBE-wolfTPM.3.2.0
2025-06-27 15:34:14,748 [WARN] PackLoader:240 - Cannot read IP mode file for STMicroelectronics.FP-SNS-STAIOTCFT.1.0.0
2025-06-27 15:34:14,754 [WARN] PackLoader:240 - Cannot read IP mode file for STMicroelectronics.X-CUBE-DPower.1.3.0
2025-06-27 15:34:14,769 [WARN] ConditionMgr:438 - getConditionDescription Invalid condition id : LAN8742 Phy interface Condition cause : null
2025-06-27 15:34:14,769 [WARN] PackLoader:240 - Cannot read IP mode file for STMicroelectronics.X-CUBE-AZRTOS-L4.2.0.0
2025-06-27 15:34:14,771 [WARN] ConditionMgr:1044 - genDependencies : Invalid condition id : LAN8742 Phy interface Condition cause : null
2025-06-27 15:34:14,772 [WARN] ConditionMgr:1044 - genDependencies : Invalid condition id : LAN8742 Phy interface Condition cause : null
2025-06-27 15:34:14,772 [WARN] ConditionMgr:1044 - genDependencies : Invalid condition id : LAN8742 Phy interface Condition cause : null
2025-06-27 15:34:14,781 [WARN] PackLoader:240 - Cannot read IP mode file for STMicroelectronics.X-CUBE-SFXS2LP1.4.0.0
2025-06-27 15:34:14,799 [WARN] PackLoader:240 - Cannot read IP mode file for STMicroelectronics.X-CUBE-AZRTOS-H7.3.3.0
2025-06-27 15:34:14,821 [WARN] PackLoader:240 - Cannot read IP mode file for STMicroelectronics.X-CUBE-IPS.3.0.0
2025-06-27 15:34:14,849 [WARN] ConditionMgr:438 - getConditionDescription Invalid condition id : UX DEVICE CLASS RTOS Condition cause : null
2025-06-27 15:34:14,850 [WARN] ConditionMgr:438 - getConditionDescription Invalid condition id : UX DEVICE CLASS RTOS Condition cause : null
2025-06-27 15:34:14,854 [WARN] PackLoader:240 - Cannot read IP mode file for STMicroelectronics.X-CUBE-AZRTOS-WB.2.0.0
2025-06-27 15:34:14,855 [WARN] ConditionMgr:1044 - genDependencies : Invalid condition id : UX DEVICE CLASS RTOS Condition cause : null
2025-06-27 15:34:14,855 [WARN] ConditionMgr:1044 - genDependencies : Invalid condition id : UX DEVICE CLASS RTOS Condition cause : null
2025-06-27 15:34:14,855 [WARN] ConditionMgr:1044 - genDependencies : Invalid condition id : UX DEVICE CLASS RTOS Condition cause : null
2025-06-27 15:34:14,855 [WARN] ConditionMgr:1044 - genDependencies : Invalid condition id : UX DEVICE CLASS RTOS Condition cause : null
2025-06-27 15:34:14,855 [WARN] ConditionMgr:1044 - genDependencies : Invalid condition id : UX DEVICE CLASS RTOS Condition cause : null
2025-06-27 15:34:14,865 [WARN] PackLoader:240 - Cannot read IP mode file for STMicroelectronics.X-CUBE-GNSS1.7.0.0
2025-06-27 15:34:14,895 [WARN] PackLoader:240 - Cannot read IP mode file for STMicroelectronics.X-CUBE-GNSS1.7.0.1
2025-06-27 15:34:14,926 [WARN] PackLoader:240 - Cannot read IP mode file for STMicroelectronics.X-CUBE-TOUCHGFX.4.25.0
2025-06-27 15:34:14,942 [WARN] PackLoader:240 - Cannot read IP mode file for STMicroelectronics.FP-SNS-STBOX1.2.0.0
2025-06-27 15:34:14,955 [WARN] PackLoader:240 - Cannot read IP mode file for STMicroelectronics.X-CUBE-SUBG2.5.0.0
2025-06-27 15:34:14,978 [WARN] PackLoader:240 - Cannot read IP mode file for STMicroelectronics.X-CUBE-AZRTOS-H7RS.1.1.0
2025-06-27 15:34:14,988 [WARN] PackLoader:240 - Cannot read IP mode file for Cesanta.I-CUBE-Mongoose.7.13.0
2025-06-27 15:34:15,004 [WARN] PackLoader:240 - Cannot read IP mode file for STMicroelectronics.X-CUBE-AZRTOS-G4.2.0.0
2025-06-27 15:34:15,010 [WARN] PackLoader:240 - Cannot read IP mode file for STMicroelectronics.X-CUBE-NFC7.2.0.0
2025-06-27 15:34:15,015 [WARN] PackLoader:240 - Cannot read IP mode file for STMicroelectronics.X-CUBE-ISPU.2.0.0
2025-06-27 15:34:15,025 [WARN] PackLoader:240 - Cannot read IP mode file for STMicroelectronics.X-CUBE-IPS.3.1.0
2025-06-27 15:34:15,034 [WARN] PackLoader:240 - Cannot read IP mode file for STMicroelectronics.X-CUBE-ALS.1.0.2
2025-06-27 15:34:15,073 [WARN] PackLoader:240 - Cannot read IP mode file for STMicroelectronics.X-CUBE-MEMS1.10.0.0
2025-06-27 15:34:15,176 [WARN] PackLoader:240 - Cannot read IP mode file for STMicroelectronics.X-CUBE-TOUCHGFX.4.24.0
2025-06-27 15:34:15,179 [WARN] PackLoader:240 - Cannot read IP mode file for STMicroelectronics.X-CUBE-TOUCHGFX.4.24.1
2025-06-27 15:34:15,185 [WARN] PackLoader:240 - Cannot read IP mode file for portGmbH.I-Cube-SoM-uGOAL.1.1.0
2025-06-27 15:34:15,197 [WARN] PackLoader:240 - Cannot read IP mode file for STMicroelectronics.X-CUBE-AZRTOS-H7RS.1.0.0
2025-06-27 15:34:15,206 [WARN] PackLoader:240 - Cannot read IP mode file for STMicroelectronics.FP-ATR-ASTRA1.2.0.0
2025-06-27 15:34:15,221 [WARN] PackLoader:240 - Cannot read IP mode file for STMicroelectronics.X-CUBE-TOF1.3.4.2
2025-06-27 15:34:15,242 [WARN] PackLoader:240 - Cannot read IP mode file for STMicroelectronics.X-CUBE-TOF1.3.4.3
2025-06-27 15:34:15,269 [WARN] PackLoader:240 - Cannot read IP mode file for STMicroelectronics.X-CUBE-TOF1.3.4.1
2025-06-27 15:34:15,302 [WARN] PackLoader:240 - Cannot read IP mode file for STMicroelectronics.X-CUBE-AZRTOS-H7.3.2.0
2025-06-27 15:34:15,318 [WARN] PackLoader:240 - Cannot read IP mode file for Infineon.AIROC-Wi-Fi-Bluetooth-STM32.1.6.0
2025-06-27 15:34:15,331 [WARN] PackLoader:240 - Cannot read IP mode file for wolfSSL.I-CUBE-wolfSSH.1.4.17
2025-06-27 15:34:15,331 [INFO] ThirdParty:978 - Integrity check success = true
2025-06-27 15:34:15,332 [INFO] IntegrityCheckThread:100 - exiting critical section [integrity check]
2025-06-27 15:34:15,332 [INFO] IntegrityCheckThread:103 - End integrity checks thread
2025-06-27 15:34:15,332 [INFO] ThirdParty:873 - entering critical section [close project]
2025-06-27 15:34:15,335 [INFO] ThirdParty:883 - exiting critical section [close project]
2025-06-27 15:34:15,346 [INFO] PinOutPanel:1589 - setPackage(No Configuration,No Configuration)
2025-06-27 15:34:15,358 [INFO] UtilMem:75 - Begin LoadConfig() Used Memory: 179701056 Bytes (295698432)
2025-06-27 15:34:15,377 [INFO] MicroXplorer:468 - Change Database Path : C:/Users/nisha/.stm32cubemx/databases/DB.6.0.120/db/
2025-06-27 15:34:15,377 [INFO] MicroXplorer:498 - Change Database Version : DB.6.0.120
2025-06-27 15:34:16,391 [INFO] WebApp:463 - Apply proxy settings
2025-06-27 15:34:16,392 [INFO] WebApp:548 - Chromium requires no authentication
2025-06-27 15:34:16,407 [INFO] WebApp:491 - Direct internet connection detected
2025-06-27 15:34:16,448 [INFO] WebApp:894 - Register for checkConnection events
2025-06-27 15:34:16,448 [INFO] WebApp:463 - Apply proxy settings
2025-06-27 15:34:16,448 [INFO] WebApp:548 - Chromium requires no authentication
2025-06-27 15:34:16,449 [INFO] WebApp:491 - Direct internet connection detected
2025-06-27 15:34:16,773 [INFO] WebApp:225 - Starting web application
2025-06-27 15:34:16,773 [INFO] WebApp:593 - Web application path used C:\ST\STM32CubeIDE_1.16.0\STM32CubeIDE\plugins\com.st.stm32cube.common.mx_6.14.1.202504091515\db\plugins\mcufinder\reactClient1\index.html
2025-06-27 15:34:16,996 [INFO] UserAuth:484 - Internet connection configuration mode: 1
2025-06-27 15:34:18,138 [INFO] WebApp:191 - Connection restablished
2025-06-27 15:34:22,208 [INFO] OpenFileManager:354 - Change cursor
2025-06-27 15:34:22,238 [INFO] Mcu:2011 - Initializing MCU STM32F407V(E-G)Tx STM32F407VGTx STM32F407VGT6
2025-06-27 15:34:24,326 [INFO] Context:756 - Trying to add GPIOservice into a context  which must be forbidden
2025-06-27 15:34:25,131 [INFO] ImportTextPane:218 - (OptionalMessage_ERROR) Pin34 (VP_RIF_VS_RIF1) cannot be retrieved for this MCU
2025-06-27 15:34:25,574 [INFO] RtosManager:558 - Registered RTOS mode: class=CMSIS, group=RTOS, mode=CMSIS_V1, owner=FREERTOS
2025-06-27 15:34:25,574 [INFO] RtosManager:558 - Registered RTOS mode: class=CMSIS, group=RTOS2, mode=CMSIS_V2, owner=FREERTOS
2025-06-27 15:34:25,574 [INFO] RtosManager:558 - Registered RTOS mode: class=RTOS, group=Core, mode=CMSIS_V1, owner=FREERTOS
2025-06-27 15:34:25,574 [INFO] RtosManager:558 - Registered RTOS mode: class=RTOS, group=Core, mode=CMSIS_V2, owner=FREERTOS
2025-06-27 15:34:25,575 [WARN] ModelIntegratedComponent:184 - Missing modes for component STMicroelectronics:FreeRTOS:0.0.1:STMicroelectronics:RTOS:FreeRTOS:Core:::10.2.0:
2025-06-27 15:34:25,589 [WARN] ModelIntegratedComponent:63 - No mode defined for component null
2025-06-27 15:34:25,589 [WARN] ModelIntegratedComponent:63 - No mode defined for component null
2025-06-27 15:34:25,589 [WARN] ModelIntegratedComponent:63 - No mode defined for component null
2025-06-27 15:34:25,590 [WARN] ModelIntegratedComponent:63 - No mode defined for component null
2025-06-27 15:34:25,590 [WARN] ModelIntegratedComponent:63 - No mode defined for component null
2025-06-27 15:34:25,590 [WARN] ModelIntegratedComponent:63 - No mode defined for component null
2025-06-27 15:34:25,590 [WARN] ModelIntegratedComponent:63 - No mode defined for component null
2025-06-27 15:34:25,590 [WARN] ModelIntegratedComponent:63 - No mode defined for component null
2025-06-27 15:34:25,590 [WARN] ModelIntegratedComponent:63 - No mode defined for component null
2025-06-27 15:34:25,590 [WARN] ModelIntegratedComponent:63 - No mode defined for component null
2025-06-27 15:34:25,590 [WARN] ModelIntegratedComponent:63 - No mode defined for component null
2025-06-27 15:34:25,590 [WARN] ModelIntegratedComponent:63 - No mode defined for component null
2025-06-27 15:34:25,590 [WARN] ModelIntegratedComponent:63 - No mode defined for component null
2025-06-27 15:34:25,590 [WARN] ModelIntegratedComponent:63 - No mode defined for component null
2025-06-27 15:34:25,590 [WARN] ModelIntegratedComponent:63 - No mode defined for component null
2025-06-27 15:34:25,590 [WARN] ModelIntegratedComponent:63 - No mode defined for component null
2025-06-27 15:34:25,590 [WARN] ModelIntegratedComponent:63 - No mode defined for component null
2025-06-27 15:34:25,590 [WARN] ModelIntegratedComponent:63 - No mode defined for component null
2025-06-27 15:34:25,590 [WARN] ModelIntegratedComponent:63 - No mode defined for component null
2025-06-27 15:34:25,590 [WARN] ModelIntegratedComponent:63 - No mode defined for component null
2025-06-27 15:34:25,590 [WARN] ModelIntegratedComponent:63 - No mode defined for component null
2025-06-27 15:34:25,590 [WARN] ModelIntegratedComponent:63 - No mode defined for component null
2025-06-27 15:34:25,591 [WARN] ModelIntegratedComponent:63 - No mode defined for component null
2025-06-27 15:34:25,591 [WARN] ModelIntegratedComponent:63 - No mode defined for component null
2025-06-27 15:34:25,591 [WARN] ModelIntegratedComponent:63 - No mode defined for component null
2025-06-27 15:34:25,591 [WARN] ModelIntegratedComponent:63 - No mode defined for component null
2025-06-27 15:34:25,591 [WARN] ModelIntegratedComponent:63 - No mode defined for component null
2025-06-27 15:34:25,591 [WARN] ModelIntegratedComponent:63 - No mode defined for component null
2025-06-27 15:34:25,591 [WARN] ModelIntegratedComponent:63 - No mode defined for component null
2025-06-27 15:34:25,591 [WARN] ModelIntegratedComponent:63 - No mode defined for component null
2025-06-27 15:34:25,591 [WARN] ModelIntegratedComponent:63 - No mode defined for component null
2025-06-27 15:34:25,591 [WARN] ModelIntegratedComponent:63 - No mode defined for component null
2025-06-27 15:34:25,591 [WARN] ModelIntegratedComponent:63 - No mode defined for component null
2025-06-27 15:34:25,591 [WARN] ModelIntegratedComponent:63 - No mode defined for component null
2025-06-27 15:34:25,591 [WARN] ModelIntegratedComponent:63 - No mode defined for component null
2025-06-27 15:34:25,592 [WARN] ModelPack:524 - Component already loaded: STMicroelectronics:HAL Drivers:0.0.0:STMicroelectronics:Device:STMicro_Driver:XSPI:HAL::0.0.1:HAL_XSPI
2025-06-27 15:34:25,831 [INFO] ThirdPartyModel:298 - Start build external matchings
2025-06-27 15:34:26,847 [INFO] ThirdPartyModel:316 - End build external matchings
2025-06-27 15:34:27,360 [INFO] ApiDb:581 - Connected to CubeFinder SQLite database (C:\Users\nisha\.stmcufinder\plugins\mcufinder\mcu\cube-finder-db.db)
2025-06-27 15:34:27,438 [INFO] ApiDb:668 - CubeFinder database Data Model version=2.1
2025-06-27 15:34:27,438 [INFO] ApiDb:669 - CubeFinder database Configuration version=3.0.39
2025-06-27 15:34:27,438 [INFO] ApiDb:670 - CubeFinder database generation date=2025-06-16 (1750072209)
2025-06-27 15:34:27,438 [INFO] ApiDb:671 - CubeFinder database FW Pack versions=[FP-ATR-ASTRA1_V2.0.0, FP-SNS-FLIGHT1_V5.1.0, FP-SNS-MOTENV1_V5.0.0, FP-SNS-MOTENVWB1_V1.4.0, FP-SNS-SMARTAG2_V1.2.0, FP-SNS-STBOX1_V2.0.0, STM32Cube_FW_C0_V1.4.0, STM32Cube_FW_F4_V1.28.2, STM32Cube_FW_F7_V1.17.3, STM32Cube_FW_G0_V1.6.2, STM32Cube_FW_G4_V1.6.1, STM32Cube_FW_H5_V1.5.0, STM32Cube_FW_H7RS_V1.2.0, STM32Cube_FW_H7_V1.12.1, STM32Cube_FW_L0_V1.12.2, STM32Cube_FW_L4_V1.18.1, STM32Cube_FW_L5_V1.5.1, STM32Cube_FW_N6_V1.1.1, STM32Cube_FW_U0_V1.2.0, STM32Cube_FW_U3_V1.1.0, STM32Cube_FW_U5_V1.7.0, STM32Cube_FW_WB0_V1.2.0, STM32Cube_FW_WBA_V1.6.0, STM32Cube_FW_WB_V1.22.0, STM32Cube_FW_WL3_V1.1.0, STM32Cube_FW_WL_V1.3.1, X-CUBE-ALGOBUILD_V1.4.0, X-CUBE-ALS_V1.0.2, X-CUBE-AZRTOS-F4_V1.1.0, X-CUBE-AZRTOS-F7_V1.1.0, X-CUBE-AZRTOS-G0_V1.1.0, X-CUBE-AZRTOS-G4_V2.0.0, X-CUBE-AZRTOS-H7RS_V1.1.0, X-CUBE-AZRTOS-H7_V3.3.0, X-CUBE-AZRTOS-L4_V2.0.0, X-CUBE-AZRTOS-L5_V2.0.0, X-CUBE-AZRTOS-WB_V2.0.0, X-CUBE-AZRTOS-WL_V2.0.0, X-CUBE-BLE1_V7.1.0, X-CUBE-BLE2_V3.3.0, X-CUBE-BLEMGR_V4.0.0, X-CUBE-EEPRMA1_V5.1.0, X-CUBE-FREERTOS_V1.3.1, X-CUBE-GNSS1_V6.0.0, X-CUBE-MEMS1_V11.3.0, X-CUBE-NFC4_V3.0.0, X-CUBE-NFC7_V2.0.0, X-CUBE-SFXS2LP1_V4.0.0, X-CUBE-SUBG2_V5.0.0, X-CUBE-TOF1_V3.4.3]
2025-06-27 15:34:27,517 [INFO] DbBoardsSqlite:226 - include board P-NUCLEO-WB55-NUCLEO as a kit item of type 'Nucleo-64'
2025-06-27 15:34:27,525 [INFO] DbBoardsSqlite:226 - include board P-NUCLEO-WB55-USBDONGLE as a kit item of type 'Nucleo USB Dongle'
2025-06-27 15:34:27,526 [INFO] DbBoardsSqlite:226 - include board STEVAL-IDP005V1 as a kit item of type 'Evaluation Board'
2025-06-27 15:34:27,526 [INFO] DbBoardsSqlite:226 - include board STEVAL-IDP005V2 as a kit item of type 'Evaluation Board'
2025-06-27 15:34:27,607 [INFO] ApiDb:240 - Found 895 in-development CPN: [B-G473E-ZEST1S, B-WB1M-WPAN1, B-WBA5M-WPAN, B-WL5M-SUBG1, NUCLEO-C031C6, NUCLEO-C051C8, NUCLEO-C071RB, NUCLEO-C092RC, NUCLEO-H503RB, NUCLEO-H533RE, NUCLEO-H563ZI, NUCLEO-H7S3L8, NUCLEO-N657X0-Q, NUCLEO-U031R8, NUCLEO-U083RC, NUCLEO-U385RG-Q, NUCLEO-U545RE-Q, NUCLEO-U5A5ZJ-Q, NUCLEO-WB05KZ, NUCLEO-WB07CC, NUCLEO-WB09KE, NUCLEO-WBA52CG, NUCLEO-WBA55CG, NUCLEO-WBA65RI, NUCLEO-WL33CC1, NUCLEO-WL33CC2, STEVAL-PROTEUS1, STEVAL-SMARTAG2, STEVAL-STWINBX1, STM320518-EVAL, STM32C0116-DK, STM32C011D6Y3TR, STM32C011D6Y6TR, STM32C011F4P3, STM32C011F4P6, STM32C011F4U3, STM32C011F4U6TR, STM32C011F6P3, STM32C011F6P6, STM32C011F6U3, STM32C011F6U6TR, STM32C011J4M3, STM32C011J4M6, STM32C011J6M3, STM32C011J6M6, STM32C0316-DK, STM32C031C4T3, STM32C031C4T6, STM32C031C4U3, STM32C031C4U6, STM32C031C6T3, STM32C031C6T6, STM32C031C6U3, STM32C031C6U6, STM32C031F4P3, STM32C031F4P6, STM32C031F6P3, STM32C031F6P6, STM32C031G4U3, STM32C031G4U6, STM32C031G6U3, STM32C031G6U6, STM32C031K4T3, STM32C031K4T6, STM32C031K4U3, STM32C031K4U6, STM32C031K6T3, STM32C031K6T6, STM32C031K6U3, STM32C031K6U6, STM32C051C6T6, STM32C051C6U6, STM32C051C8T6, STM32C051C8U6, STM32C051D8Y6TR, STM32C051F6P6, STM32C051F8P6, STM32C051G6U6, STM32C051G8U6, STM32C051K6T6, STM32C051K6U6, STM32C051K8T6, STM32C071C8T6, STM32C071C8T6N, STM32C071C8U6, STM32C071C8U6N, STM32C071CBT6, STM32C071CBT6N, STM32C071CBU6, STM32C071CBU6N, STM32C071F8P6, STM32C071F8P6N, STM32C071FBP6, STM32C071FBP6N, STM32C071FBY6TR, STM32C071G8U6, STM32C071G8U6N, STM32C071GBU6, STM32C071GBU6N, STM32C071K8T6, STM32C071K8T6N, STM32C071K8U6, STM32C071K8U6N, STM32C071KBT6, STM32C071KBT6N, STM32C071KBU6, STM32C071KBU6N, STM32C071R8T6, STM32C071R8T6N, STM32C071RBI6N, STM32C071RBT6, STM32C071RBT6N, STM32C091CBT6, STM32C091CBU6, STM32C091CCT6, STM32C091CCU6, STM32C091ECY6TR, STM32C091FBP6, STM32C091FCP6, STM32C091GBU6, STM32C091GCU6, STM32C091KBT6, STM32C091KBU6, STM32C091KCT6, STM32C091KCU6, STM32C091RBT6, STM32C091RCI6, STM32C091RCT6, STM32C092CBT6, STM32C092CBU6, STM32C092CCT6, STM32C092CCU6, STM32C092ECY6TR, STM32C092FBP6, STM32C092FCP6, STM32C092GBU6, STM32C092GCU6, STM32C092KBT6, STM32C092KBU6, STM32C092KCT6, STM32C092KCU6, STM32C092RBT6, STM32C092RCI6, STM32C092RCT6, STM32G071K8TXN, STM32G071K8UXN, STM32G081GBU6N, STM32G081KBT6N, STM32G081KBUXN, STM32G0B1CCT6N, STM32G0B1KCT6, STM32G0B1NEY6TR, STM32G0B1RCT6N, STM32G0C1CCT6, STM32G0C1CCT6N, STM32G0C1CCU6N, STM32G0C1CET6N, STM32G0C1CEU6N, STM32G0C1KCT6, STM32G0C1NEY6TR, STM32G0C1RCI6N, STM32G0C1RCT6N, STM32G0C1REI6N, STM32G0C1RET6N, STM32G0C1VCI6, STM32G0C1VEI6, STM32G411C6T3, STM32G411C6T6, STM32G411C6U3, STM32G411C6U6, STM32G411C8T3, STM32G411C8T6, STM32G411C8U3, STM32G411C8U6, STM32G411CBT3, STM32G411CBT6, STM32G411CBU3, STM32G411CBU6, STM32G411CCT3, STM32G411CCT6, STM32G411CCU3, STM32G411CCU6, STM32G411K6T3, STM32G411K6T6, STM32G411K6U3, STM32G411K6U6, STM32G411K8T3, STM32G411K8T6, STM32G411K8U3, STM32G411K8U6, STM32G411KBT3, STM32G411KBT6, STM32G411KBU3, STM32G411KBU6, STM32G411M6T3, STM32G411M6T6, STM32G411M8T3, STM32G411M8T6, STM32G411MBT3, STM32G411MBT6, STM32G411MCT3, STM32G411MCT6, STM32G411R6T3, STM32G411R6T6, STM32G411R8T3, STM32G411R8T6, STM32G411RBT3, STM32G411RBT6, STM32G411RCT3, STM32G411RCT6, STM32G414CBT3, STM32G414CBT6, STM32G414CBU3, STM32G414CBU6, STM32G414CCT3, STM32G414CCT6, STM32G414CCU3, STM32G414CCU6, STM32G414MBT3, STM32G414MBT6, STM32G414MCT3, STM32G414MCT6, STM32G414RBT3, STM32G414RBT6, STM32G414RCT3, STM32G414RCT6, STM32G414VBT3, STM32G414VBT6, STM32G414VCT3, STM32G414VCT6, STM32G431CBT3Z, STM32G431RBT3Z, STM32G471CCT6, STM32G471CCU6, STM32G471CET3, STM32G471CET6, STM32G471CEU3, STM32G471CEU6, STM32G471MCT6, STM32G471MET3, STM32G471MET6, STM32G471MEY6TR, STM32G471QCT6, STM32G471QET3, STM32G471RCT6, STM32G471RET3, STM32G471RET6, STM32G471VCH6, STM32G471VCI6, STM32G471VCT6, STM32G471VEH3, STM32G471VEH6, STM32G471VEI3, STM32G471VEI6, STM32G471VET3, STM32G471VET6, STM32G473QET3Z, STM32G473RET3Z, STM32G474CCT6, STM32G491RET3Z, STM32H503CBT6, STM32H503CBU6, STM32H503EBY6TR, STM32H503KBU6, STM32H503RBT6, STM32H523CCT6, STM32H523CCU6, STM32H523CET6, STM32H523CEU6, STM32H523HEY6TR, STM32H523RCT6, STM32H523RET6, STM32H523VCI6, STM32H523VCT6, STM32H523VEI6, STM32H523VET6, STM32H523ZCJ6, STM32H523ZCT6, STM32H523ZEJ6, STM32H523ZET6, STM32H533CET6, STM32H533CEU6, STM32H533HEY6TR, STM32H533RET6, STM32H533VEI6, STM32H533VET6, STM32H533ZEJ6, STM32H533ZET6, STM32H562AGI6, STM32H562AII6, STM32H562IGK6, STM32H562IGT6, STM32H562IIK6, STM32H562IIT6, STM32H562RGT6, STM32H562RGV6, STM32H562RIT6, STM32H562RIV6, STM32H562VGT6, STM32H562VIT6, STM32H562ZGT6, STM32H562ZIT6, STM32H563AGI6, STM32H563AII3Q, STM32H563AII6, STM32H563IGK6, STM32H563IGT6, STM32H563IIK3Q, STM32H563IIK6, STM32H563IIT3Q, STM32H563IIT6, STM32H563MIY3QTR, STM32H563RGT6, STM32H563RGV6, STM32H563RIT6, STM32H563RIV6, STM32H563VGT6, STM32H563VIT3Q, STM32H563VIT6, STM32H563ZGT6, STM32H563ZIT3Q, STM32H563ZIT6, STM32H573AII3Q, STM32H573AII6, STM32H573I-DK, STM32H573IIK3Q, STM32H573IIK6, STM32H573IIT3Q, STM32H573IIT6, STM32H573MIY3QTR, STM32H573RIT6, STM32H573RIV6, STM32H573VIT3Q, STM32H573VIT6, STM32H573ZIT3Q, STM32H573ZIT6, STM32H7R3A8I6, STM32H7R3I8K6, STM32H7R3I8T6, STM32H7R3L8H6, STM32H7R3L8H6H, STM32H7R3R8V6, STM32H7R3V8H6, STM32H7R3V8T6, STM32H7R3V8Y6TR, STM32H7R3Z8J6, STM32H7R3Z8T6, STM32H7R7A8I6, STM32H7R7I8K6, STM32H7R7I8T6, STM32H7R7L8H6, STM32H7R7L8H6H, STM32H7R7Z8J6, STM32H7S3A8I6, STM32H7S3I8K6, STM32H7S3I8T6, STM32H7S3L8H6, STM32H7S3L8H6H, STM32H7S3R8V6, STM32H7S3V8H6, STM32H7S3V8T6, STM32H7S3V8Y6TR, STM32H7S3Z8J6, STM32H7S3Z8T6, STM32H7S78-DK, STM32H7S7A8I6, STM32H7S7I8K6, STM32H7S7I8T6, STM32H7S7L8H6, STM32H7S7L8H6H, STM32H7S7Z8J6, STM32L4R5QGI6STR, STM32MP131AAE3, STM32MP131AAF3, STM32MP131AAG3, STM32MP131CAE3, STM32MP131CAF3, STM32MP131CAG3, STM32MP131DAE7, STM32MP131DAF7, STM32MP131DAG7, STM32MP131FAE7, STM32MP131FAF7, STM32MP131FAG7, STM32MP133AAE3, STM32MP133AAF3, STM32MP133AAG3, STM32MP133CAE3, STM32MP133CAF3, STM32MP133CAG3, STM32MP133DAE7, STM32MP133DAF7, STM32MP133DAG7, STM32MP133FAE7, STM32MP133FAF7, STM32MP133FAG7, STM32MP135AAE3, STM32MP135AAF3, STM32MP135AAG3, STM32MP135CAE3, STM32MP135CAF3, STM32MP135CAG3, STM32MP135DAE7, STM32MP135DAF7, STM32MP135DAG7, STM32MP135F-DK, STM32MP135FAE7, STM32MP135FAF7, STM32MP135FAF7T, STM32MP135FAF7U, STM32MP135FAG7, STM32MP231AAJ3, STM32MP231AAK3, STM32MP231AAL3, STM32MP231CAJ3, STM32MP231CAK3, STM32MP231CAL3, STM32MP231DAJ3, STM32MP231DAK3, STM32MP231DAL3, STM32MP231FAJ3, STM32MP231FAK3, STM32MP231FAL3, STM32MP233AAJ3, STM32MP233AAK3, STM32MP233AAL3, STM32MP233CAJ3, STM32MP233CAK3, STM32MP233CAL3, STM32MP233DAJ3, STM32MP233DAK3, STM32MP233DAL3, STM32MP233FAJ3, STM32MP233FAK3, STM32MP233FAL3, STM32MP235AAJ3, STM32MP235AAK3, STM32MP235AAL3, STM32MP235CAJ3, STM32MP235CAK3, STM32MP235CAL3, STM32MP235DAJ3, STM32MP235DAK3, STM32MP235DAL3, STM32MP235FAJ3, STM32MP235FAK3, STM32MP235FAL3, STM32MP251AAI3, STM32MP251AAJ3, STM32MP251AAK3, STM32MP251AAL3, STM32MP251CAI3, STM32MP251CAJ3, STM32MP251CAK3, STM32MP251CAL3, STM32MP251DAI3, STM32MP251DAJ3, STM32MP251DAK3, STM32MP251DAL3, STM32MP251FAI3, STM32MP251FAJ3, STM32MP251FAK3, STM32MP251FAL3, STM32MP253AAI3, STM32MP253AAJ3, STM32MP253AAK3, STM32MP253AAL3, STM32MP253CAI3, STM32MP253CAJ3, STM32MP253CAK3, STM32MP253CAL3, STM32MP253DAI3, STM32MP253DAJ3, STM32MP253DAK3, STM32MP253DAL3, STM32MP253FAI3, STM32MP253FAJ3, STM32MP253FAK3, STM32MP253FAL3, STM32MP255AAI3, STM32MP255AAJ3, STM32MP255AAK3, STM32MP255AAL3, STM32MP255CAI3, STM32MP255CAJ3, STM32MP255CAK3, STM32MP255CAL3, STM32MP255DAI3, STM32MP255DAJ3, STM32MP255DAK3, STM32MP255DAL3, STM32MP255FAI3, STM32MP255FAJ3, STM32MP255FAK3, STM32MP255FAL3, STM32MP257AAI3, STM32MP257AAJ3, STM32MP257AAK3, STM32MP257AAL3, STM32MP257CAI3, STM32MP257CAJ3, STM32MP257CAK3, STM32MP257CAL3, STM32MP257DAI3, STM32MP257DAJ3, STM32MP257DAK3, STM32MP257DAL3, STM32MP257F-DK, STM32MP257F-EV1, STM32MP257FAI3, STM32MP257FAJ3, STM32MP257FAK3, STM32MP257FAL3, STM32N645A0H3Q, STM32N645B0H3Q, STM32N645I0H3Q, STM32N645L0H3Q, STM32N645X0H3Q, STM32N645Z0H3Q, STM32N647A0H3Q, STM32N647B0H3Q, STM32N647I0H3Q, STM32N647L0H3Q, STM32N647X0H3Q, STM32N647Z0H3Q, STM32N655A0H3Q, STM32N655B0H3Q, STM32N655I0H3Q, STM32N655L0H3Q, STM32N655X0H3Q, STM32N655Z0H3Q, STM32N6570-DK, STM32N657A0H3Q, STM32N657B0H3Q, STM32N657I0H3Q, STM32N657L0H3Q, STM32N657X0H3Q, STM32N657Z0H3Q, STM32U031C6T6, STM32U031C6U6, STM32U031C8T6, STM32U031C8U6, STM32U031F4P6, STM32U031F6P6, STM32U031F8P6, STM32U031G6Y6TR, STM32U031G8Y6TR, STM32U031K4U6, STM32U031K6U6, STM32U031K8U6, STM32U031R6I6, STM32U031R6T6, STM32U031R8I6, STM32U031R8T6, STM32U073C8T6, STM32U073C8U6, STM32U073CBT6, STM32U073CBU6, STM32U073CCT6, STM32U073CCU6, STM32U073H8Y6TR, STM32U073HBY6TR, STM32U073HCY6TR, STM32U073K8U6, STM32U073KBU6, STM32U073KCU6, STM32U073M8I6, STM32U073M8T6, STM32U073MBI6, STM32U073MBT6, STM32U073MCI6, STM32U073MCT6, STM32U073R8I6, STM32U073R8T6, STM32U073RBI6, STM32U073RBT6, STM32U073RCI6, STM32U073RCT6, STM32U083C-DK, STM32U083CCT6, STM32U083CCU6, STM32U083HCY6TR, STM32U083KCU6, STM32U083MCI6, STM32U083MCT6, STM32U083RCI6, STM32U083RCT6, STM32U375CET6, STM32U375CET6Q, STM32U375CEU6, STM32U375CEU6Q, STM32U375CEY6QTR, STM32U375CGT6, STM32U375CGT6Q, STM32U375CGU6, STM32U375CGU6Q, STM32U375CGY6QTR, STM32U375KEU6, STM32U375KGU6, STM32U375REI6, STM32U375REI6Q, STM32U375RET6, STM32U375RET6Q, STM32U375REY6GTR, STM32U375REY6QTR, STM32U375RGI6, STM32U375RGI6Q, STM32U375RGT6, STM32U375RGT6Q, STM32U375RGY6GTR, STM32U375RGY6QTR, STM32U375VEI6, STM32U375VEI6Q, STM32U375VET6, STM32U375VET6Q, STM32U375VGI6, STM32U375VGI6Q, STM32U375VGT6, STM32U375VGT6Q, STM32U385CGT6, STM32U385CGT6Q, STM32U385CGU6, STM32U385CGU6Q, STM32U385CGY6QTR, STM32U385KGU6, STM32U385RGI6, STM32U385RGI6Q, STM32U385RGT6, STM32U385RGT6Q, STM32U385RGY6GTR, STM32U385RGY6QTR, STM32U385VGI6, STM32U385VGI6Q, STM32U385VGT6, STM32U385VGT6Q, STM32U535CBT6, STM32U535CBT6Q, STM32U535CBU6, STM32U535CBU6Q, STM32U535CCT6, STM32U535CCT6Q, STM32U535CCU6, STM32U535CCU6Q, STM32U535CET6, STM32U535CET6Q, STM32U535CEU6, STM32U535CEU6Q, STM32U535JEY6QTR, STM32U535NCY6QTR, STM32U535NEY6QTR, STM32U535RBI6, STM32U535RBI6Q, STM32U535RBT6, STM32U535RBT6Q, STM32U535RCI6, STM32U535RCI6Q, STM32U535RCT6, STM32U535RCT6Q, STM32U535REI6, STM32U535REI6Q, STM32U535RET6, STM32U535RET6Q, STM32U535VCI6, STM32U535VCI6Q, STM32U535VCT6, STM32U535VCT6Q, STM32U535VEI6, STM32U535VEI6Q, STM32U535VET6, STM32U535VET6Q, STM32U545CET6, STM32U545CET6Q, STM32U545CEU6, STM32U545CEU6Q, STM32U545JEY6QTR, STM32U545NEY6QTR, STM32U545REI6, STM32U545REI6Q, STM32U545RET6, STM32U545RET6Q, STM32U545VEI6, STM32U545VEI6Q, STM32U545VET6, STM32U545VET6Q, STM32U595AIH6, STM32U595AIH6Q, STM32U595AJH6, STM32U595AJH6Q, STM32U595QII6, STM32U595QII6Q, STM32U595QJI6, STM32U595QJI6Q, STM32U595RIT6, STM32U595RIT6Q, STM32U595RJT6, STM32U595RJT6Q, STM32U595VIT6, STM32U595VIT6Q, STM32U595VJT6, STM32U595VJT6Q, STM32U595ZIT6, STM32U595ZIT6Q, STM32U595ZIY6QTR, STM32U595ZJT6, STM32U595ZJT6Q, STM32U595ZJY6QTR, STM32U599BJY6QTR, STM32U599NIH6Q, STM32U599NJH6Q, STM32U599VIT6Q, STM32U599VJT6, STM32U599VJT6Q, STM32U599ZIT6Q, STM32U599ZIY6QTR, STM32U599ZJT6Q, STM32U599ZJY6QTR, STM32U5A5AJH6, STM32U5A5AJH6Q, STM32U5A5QII3Q , STM32U5A5QJI6, STM32U5A5QJI6Q, STM32U5A5RJT6, STM32U5A5RJT6Q, STM32U5A5VJT6, STM32U5A5VJT6Q, STM32U5A5ZJT6, STM32U5A5ZJT6Q, STM32U5A5ZJY6QTR, STM32U5A9BJY6QTR, STM32U5A9J-DK, STM32U5A9NJH6Q, STM32U5A9VJT6Q, STM32U5A9ZJT6Q, STM32U5A9ZJY6QTR, STM32U5F7VIT6, STM32U5F7VIT6Q, STM32U5F7VJT6, STM32U5F7VJT6Q, STM32U5F9BJY6QTR, STM32U5F9NJH6Q, STM32U5F9VIT6Q, STM32U5F9VJT6Q, STM32U5F9ZIJ6QTR, STM32U5F9ZIT6Q, STM32U5F9ZJJ6QTR, STM32U5F9ZJT6Q, STM32U5G7VJT6, STM32U5G7VJT6Q, STM32U5G9BJY6QTR, STM32U5G9J-DK1, STM32U5G9J-DK2, STM32U5G9NJH6Q, STM32U5G9VJT6Q, STM32U5G9ZJJ6QTR, STM32U5G9ZJT6Q, STM32WB05KZV6TR, STM32WB05KZV7TR, STM32WB05TZF6TR, STM32WB05TZF7TR, STM32WB06CCF6TR, STM32WB06CCF7TR, STM32WB06CCV6TR, STM32WB06CCV7TR, STM32WB06KCV6TR, STM32WB06KCV7TR, STM32WB07CCF6TR, STM32WB07CCF7TR, STM32WB07CCV6TR, STM32WB07CCV7TR, STM32WB07KCV6TR, STM32WB07KCV7TR, STM32WB09KEV6TR, STM32WB09KEV7TR, STM32WB09TEF6TR, STM32WB09TEF7TR, STM32WB1MMCH6, STM32WBA50KGU6, STM32WBA50KGU6TR, STM32WBA52CEU6, STM32WBA52CEU6TR, STM32WBA52CEU7, STM32WBA52CEU7TR, STM32WBA52CGU6, STM32WBA52CGU6TR, STM32WBA52CGU6U, STM32WBA52CGU7, STM32WBA52CGU7TR, STM32WBA52KEU6, STM32WBA52KEU6TR, STM32WBA52KGU6, STM32WBA52KGU6TR, STM32WBA54CEU6, STM32WBA54CEU6TR, STM32WBA54CEU7, STM32WBA54CEU7TR, STM32WBA54CGU6, STM32WBA54CGU6TR, STM32WBA54CGU7, STM32WBA54CGU7TR, STM32WBA54KEU6, STM32WBA54KEU6TR, STM32WBA54KEU7, STM32WBA54KEU7TR, STM32WBA54KGU6, STM32WBA54KGU6TR, STM32WBA54KGU7, STM32WBA54KGU7TR, STM32WBA55CEU6, STM32WBA55CEU6TR, STM32WBA55CEU7, STM32WBA55CEU7TR, STM32WBA55CGU6, STM32WBA55CGU6TR, STM32WBA55CGU6U, STM32WBA55CGU7, STM32WBA55CGU7TR, STM32WBA55G-DK1, STM32WBA55HEF6, STM32WBA55HEF7, STM32WBA55HGF6, STM32WBA55HGF7, STM32WBA55UEI6, STM32WBA55UEI6TR, STM32WBA55UEI7, STM32WBA55UEI7TR, STM32WBA55UGI6, STM32WBA55UGI6TR, STM32WBA55UGI7, STM32WBA55UGI7TR, STM32WBA5MJGH6TR, STM32WBA62CGU6, STM32WBA62CIU6, STM32WBA62MGF6, STM32WBA62MIF6, STM32WBA62PGI6, STM32WBA62PII6, STM32WBA63CGU6, STM32WBA63CGU7, STM32WBA63CIU6, STM32WBA63CIU7, STM32WBA64CGU6, STM32WBA64CGU7, STM32WBA64CIU6, STM32WBA64CIU7, STM32WBA65CGU6, STM32WBA65CGU7, STM32WBA65CIU6, STM32WBA65CIU7, STM32WBA65I-DK1, STM32WBA65MGF6, STM32WBA65MGF7, STM32WBA65MIF6, STM32WBA65MIF7, STM32WBA65PGI6, STM32WBA65PGI7, STM32WBA65PII6, STM32WBA65PII7, STM32WBA65RGV6, STM32WBA65RGV7, STM32WBA65RIV6, STM32WBA65RIV7, STM32WL30K8V6, STM32WL30KBV6, STM32WL31C8V6, STM32WL31CBV6, STM32WL31K8V6, STM32WL31KBV6, STM32WL33C8V6, STM32WL33C8V6TR, STM32WL33C8V7, STM32WL33C8V7TR, STM32WL33CBV6, STM32WL33CBV6TR, STM32WL33CBV7, STM32WL33CBV7TR, STM32WL33CCV6, STM32WL33CCV6TR, STM32WL33CCV7, STM32WL33CCV7A, STM32WL33CCV7ATR, STM32WL33CCV7TR, STM32WL33K8V6, STM32WL33K8V6TR, STM32WL33K8V7, STM32WL33K8V7TR, STM32WL33KBV6, STM32WL33KBV6TR, STM32WL33KBV7, STM32WL33KBV7TR, STM32WL33KCV6, STM32WL33KCV6TR, STM32WL33KCV7, STM32WL33KCV7TR, STM32WL5MOCH6, STM32WL5MOCH6TR]
2025-06-27 15:34:27,892 [INFO] BoardInfo:889 - No configuration file found for board P-NUCLEO-WB55
2025-06-27 15:34:27,894 [INFO] DbBoards:161 - Kit is not supported: P-NUCLEO-WB55
2025-06-27 15:34:27,906 [INFO] BoardInfo:889 - No configuration file found for board STEVAL-BFA001V1B
2025-06-27 15:34:27,908 [INFO] DbBoards:161 - Kit is not supported: STEVAL-BFA001V1B
2025-06-27 15:34:27,910 [INFO] BoardInfo:889 - No configuration file found for board STEVAL-BFA001V2B
2025-06-27 15:34:27,912 [INFO] DbBoards:161 - Kit is not supported: STEVAL-BFA001V2B
2025-06-27 15:34:28,208 [INFO] DbBoards:168 - Found 211 boards, 208 are supported
2025-06-27 15:34:28,208 [INFO] DbBoards:169 - Found 211 boards, 43 of them is supported for  Bsp
2025-06-27 15:34:28,214 [INFO] ApiDb:668 - CubeFinder database Data Model version=2.1
2025-06-27 15:34:28,214 [INFO] ApiDb:669 - CubeFinder database Configuration version=3.0.39
2025-06-27 15:34:28,214 [INFO] ApiDb:670 - CubeFinder database generation date=2025-06-16 (1750072209)
2025-06-27 15:34:28,214 [INFO] ApiDb:671 - CubeFinder database FW Pack versions=[FP-ATR-ASTRA1_V2.0.0, FP-SNS-FLIGHT1_V5.1.0, FP-SNS-MOTENV1_V5.0.0, FP-SNS-MOTENVWB1_V1.4.0, FP-SNS-SMARTAG2_V1.2.0, FP-SNS-STBOX1_V2.0.0, STM32Cube_FW_C0_V1.4.0, STM32Cube_FW_F4_V1.28.2, STM32Cube_FW_F7_V1.17.3, STM32Cube_FW_G0_V1.6.2, STM32Cube_FW_G4_V1.6.1, STM32Cube_FW_H5_V1.5.0, STM32Cube_FW_H7RS_V1.2.0, STM32Cube_FW_H7_V1.12.1, STM32Cube_FW_L0_V1.12.2, STM32Cube_FW_L4_V1.18.1, STM32Cube_FW_L5_V1.5.1, STM32Cube_FW_N6_V1.1.1, STM32Cube_FW_U0_V1.2.0, STM32Cube_FW_U3_V1.1.0, STM32Cube_FW_U5_V1.7.0, STM32Cube_FW_WB0_V1.2.0, STM32Cube_FW_WBA_V1.6.0, STM32Cube_FW_WB_V1.22.0, STM32Cube_FW_WL3_V1.1.0, STM32Cube_FW_WL_V1.3.1, X-CUBE-ALGOBUILD_V1.4.0, X-CUBE-ALS_V1.0.2, X-CUBE-AZRTOS-F4_V1.1.0, X-CUBE-AZRTOS-F7_V1.1.0, X-CUBE-AZRTOS-G0_V1.1.0, X-CUBE-AZRTOS-G4_V2.0.0, X-CUBE-AZRTOS-H7RS_V1.1.0, X-CUBE-AZRTOS-H7_V3.3.0, X-CUBE-AZRTOS-L4_V2.0.0, X-CUBE-AZRTOS-L5_V2.0.0, X-CUBE-AZRTOS-WB_V2.0.0, X-CUBE-AZRTOS-WL_V2.0.0, X-CUBE-BLE1_V7.1.0, X-CUBE-BLE2_V3.3.0, X-CUBE-BLEMGR_V4.0.0, X-CUBE-EEPRMA1_V5.1.0, X-CUBE-FREERTOS_V1.3.1, X-CUBE-GNSS1_V6.0.0, X-CUBE-MEMS1_V11.3.0, X-CUBE-NFC4_V3.0.0, X-CUBE-NFC7_V2.0.0, X-CUBE-SFXS2LP1_V4.0.0, X-CUBE-SUBG2_V5.0.0, X-CUBE-TOF1_V3.4.3]
2025-06-27 15:34:30,882 [INFO] ApiDb:240 - Found 895 in-development CPN: [B-G473E-ZEST1S, B-WB1M-WPAN1, B-WBA5M-WPAN, B-WL5M-SUBG1, NUCLEO-C031C6, NUCLEO-C051C8, NUCLEO-C071RB, NUCLEO-C092RC, NUCLEO-H503RB, NUCLEO-H533RE, NUCLEO-H563ZI, NUCLEO-H7S3L8, NUCLEO-N657X0-Q, NUCLEO-U031R8, NUCLEO-U083RC, NUCLEO-U385RG-Q, NUCLEO-U545RE-Q, NUCLEO-U5A5ZJ-Q, NUCLEO-WB05KZ, NUCLEO-WB07CC, NUCLEO-WB09KE, NUCLEO-WBA52CG, NUCLEO-WBA55CG, NUCLEO-WBA65RI, NUCLEO-WL33CC1, NUCLEO-WL33CC2, STEVAL-PROTEUS1, STEVAL-SMARTAG2, STEVAL-STWINBX1, STM320518-EVAL, STM32C0116-DK, STM32C011D6Y3TR, STM32C011D6Y6TR, STM32C011F4P3, STM32C011F4P6, STM32C011F4U3, STM32C011F4U6TR, STM32C011F6P3, STM32C011F6P6, STM32C011F6U3, STM32C011F6U6TR, STM32C011J4M3, STM32C011J4M6, STM32C011J6M3, STM32C011J6M6, STM32C0316-DK, STM32C031C4T3, STM32C031C4T6, STM32C031C4U3, STM32C031C4U6, STM32C031C6T3, STM32C031C6T6, STM32C031C6U3, STM32C031C6U6, STM32C031F4P3, STM32C031F4P6, STM32C031F6P3, STM32C031F6P6, STM32C031G4U3, STM32C031G4U6, STM32C031G6U3, STM32C031G6U6, STM32C031K4T3, STM32C031K4T6, STM32C031K4U3, STM32C031K4U6, STM32C031K6T3, STM32C031K6T6, STM32C031K6U3, STM32C031K6U6, STM32C051C6T6, STM32C051C6U6, STM32C051C8T6, STM32C051C8U6, STM32C051D8Y6TR, STM32C051F6P6, STM32C051F8P6, STM32C051G6U6, STM32C051G8U6, STM32C051K6T6, STM32C051K6U6, STM32C051K8T6, STM32C071C8T6, STM32C071C8T6N, STM32C071C8U6, STM32C071C8U6N, STM32C071CBT6, STM32C071CBT6N, STM32C071CBU6, STM32C071CBU6N, STM32C071F8P6, STM32C071F8P6N, STM32C071FBP6, STM32C071FBP6N, STM32C071FBY6TR, STM32C071G8U6, STM32C071G8U6N, STM32C071GBU6, STM32C071GBU6N, STM32C071K8T6, STM32C071K8T6N, STM32C071K8U6, STM32C071K8U6N, STM32C071KBT6, STM32C071KBT6N, STM32C071KBU6, STM32C071KBU6N, STM32C071R8T6, STM32C071R8T6N, STM32C071RBI6N, STM32C071RBT6, STM32C071RBT6N, STM32C091CBT6, STM32C091CBU6, STM32C091CCT6, STM32C091CCU6, STM32C091ECY6TR, STM32C091FBP6, STM32C091FCP6, STM32C091GBU6, STM32C091GCU6, STM32C091KBT6, STM32C091KBU6, STM32C091KCT6, STM32C091KCU6, STM32C091RBT6, STM32C091RCI6, STM32C091RCT6, STM32C092CBT6, STM32C092CBU6, STM32C092CCT6, STM32C092CCU6, STM32C092ECY6TR, STM32C092FBP6, STM32C092FCP6, STM32C092GBU6, STM32C092GCU6, STM32C092KBT6, STM32C092KBU6, STM32C092KCT6, STM32C092KCU6, STM32C092RBT6, STM32C092RCI6, STM32C092RCT6, STM32G071K8TXN, STM32G071K8UXN, STM32G081GBU6N, STM32G081KBT6N, STM32G081KBUXN, STM32G0B1CCT6N, STM32G0B1KCT6, STM32G0B1NEY6TR, STM32G0B1RCT6N, STM32G0C1CCT6, STM32G0C1CCT6N, STM32G0C1CCU6N, STM32G0C1CET6N, STM32G0C1CEU6N, STM32G0C1KCT6, STM32G0C1NEY6TR, STM32G0C1RCI6N, STM32G0C1RCT6N, STM32G0C1REI6N, STM32G0C1RET6N, STM32G0C1VCI6, STM32G0C1VEI6, STM32G411C6T3, STM32G411C6T6, STM32G411C6U3, STM32G411C6U6, STM32G411C8T3, STM32G411C8T6, STM32G411C8U3, STM32G411C8U6, STM32G411CBT3, STM32G411CBT6, STM32G411CBU3, STM32G411CBU6, STM32G411CCT3, STM32G411CCT6, STM32G411CCU3, STM32G411CCU6, STM32G411K6T3, STM32G411K6T6, STM32G411K6U3, STM32G411K6U6, STM32G411K8T3, STM32G411K8T6, STM32G411K8U3, STM32G411K8U6, STM32G411KBT3, STM32G411KBT6, STM32G411KBU3, STM32G411KBU6, STM32G411M6T3, STM32G411M6T6, STM32G411M8T3, STM32G411M8T6, STM32G411MBT3, STM32G411MBT6, STM32G411MCT3, STM32G411MCT6, STM32G411R6T3, STM32G411R6T6, STM32G411R8T3, STM32G411R8T6, STM32G411RBT3, STM32G411RBT6, STM32G411RCT3, STM32G411RCT6, STM32G414CBT3, STM32G414CBT6, STM32G414CBU3, STM32G414CBU6, STM32G414CCT3, STM32G414CCT6, STM32G414CCU3, STM32G414CCU6, STM32G414MBT3, STM32G414MBT6, STM32G414MCT3, STM32G414MCT6, STM32G414RBT3, STM32G414RBT6, STM32G414RCT3, STM32G414RCT6, STM32G414VBT3, STM32G414VBT6, STM32G414VCT3, STM32G414VCT6, STM32G431CBT3Z, STM32G431RBT3Z, STM32G471CCT6, STM32G471CCU6, STM32G471CET3, STM32G471CET6, STM32G471CEU3, STM32G471CEU6, STM32G471MCT6, STM32G471MET3, STM32G471MET6, STM32G471MEY6TR, STM32G471QCT6, STM32G471QET3, STM32G471RCT6, STM32G471RET3, STM32G471RET6, STM32G471VCH6, STM32G471VCI6, STM32G471VCT6, STM32G471VEH3, STM32G471VEH6, STM32G471VEI3, STM32G471VEI6, STM32G471VET3, STM32G471VET6, STM32G473QET3Z, STM32G473RET3Z, STM32G474CCT6, STM32G491RET3Z, STM32H503CBT6, STM32H503CBU6, STM32H503EBY6TR, STM32H503KBU6, STM32H503RBT6, STM32H523CCT6, STM32H523CCU6, STM32H523CET6, STM32H523CEU6, STM32H523HEY6TR, STM32H523RCT6, STM32H523RET6, STM32H523VCI6, STM32H523VCT6, STM32H523VEI6, STM32H523VET6, STM32H523ZCJ6, STM32H523ZCT6, STM32H523ZEJ6, STM32H523ZET6, STM32H533CET6, STM32H533CEU6, STM32H533HEY6TR, STM32H533RET6, STM32H533VEI6, STM32H533VET6, STM32H533ZEJ6, STM32H533ZET6, STM32H562AGI6, STM32H562AII6, STM32H562IGK6, STM32H562IGT6, STM32H562IIK6, STM32H562IIT6, STM32H562RGT6, STM32H562RGV6, STM32H562RIT6, STM32H562RIV6, STM32H562VGT6, STM32H562VIT6, STM32H562ZGT6, STM32H562ZIT6, STM32H563AGI6, STM32H563AII3Q, STM32H563AII6, STM32H563IGK6, STM32H563IGT6, STM32H563IIK3Q, STM32H563IIK6, STM32H563IIT3Q, STM32H563IIT6, STM32H563MIY3QTR, STM32H563RGT6, STM32H563RGV6, STM32H563RIT6, STM32H563RIV6, STM32H563VGT6, STM32H563VIT3Q, STM32H563VIT6, STM32H563ZGT6, STM32H563ZIT3Q, STM32H563ZIT6, STM32H573AII3Q, STM32H573AII6, STM32H573I-DK, STM32H573IIK3Q, STM32H573IIK6, STM32H573IIT3Q, STM32H573IIT6, STM32H573MIY3QTR, STM32H573RIT6, STM32H573RIV6, STM32H573VIT3Q, STM32H573VIT6, STM32H573ZIT3Q, STM32H573ZIT6, STM32H7R3A8I6, STM32H7R3I8K6, STM32H7R3I8T6, STM32H7R3L8H6, STM32H7R3L8H6H, STM32H7R3R8V6, STM32H7R3V8H6, STM32H7R3V8T6, STM32H7R3V8Y6TR, STM32H7R3Z8J6, STM32H7R3Z8T6, STM32H7R7A8I6, STM32H7R7I8K6, STM32H7R7I8T6, STM32H7R7L8H6, STM32H7R7L8H6H, STM32H7R7Z8J6, STM32H7S3A8I6, STM32H7S3I8K6, STM32H7S3I8T6, STM32H7S3L8H6, STM32H7S3L8H6H, STM32H7S3R8V6, STM32H7S3V8H6, STM32H7S3V8T6, STM32H7S3V8Y6TR, STM32H7S3Z8J6, STM32H7S3Z8T6, STM32H7S78-DK, STM32H7S7A8I6, STM32H7S7I8K6, STM32H7S7I8T6, STM32H7S7L8H6, STM32H7S7L8H6H, STM32H7S7Z8J6, STM32L4R5QGI6STR, STM32MP131AAE3, STM32MP131AAF3, STM32MP131AAG3, STM32MP131CAE3, STM32MP131CAF3, STM32MP131CAG3, STM32MP131DAE7, STM32MP131DAF7, STM32MP131DAG7, STM32MP131FAE7, STM32MP131FAF7, STM32MP131FAG7, STM32MP133AAE3, STM32MP133AAF3, STM32MP133AAG3, STM32MP133CAE3, STM32MP133CAF3, STM32MP133CAG3, STM32MP133DAE7, STM32MP133DAF7, STM32MP133DAG7, STM32MP133FAE7, STM32MP133FAF7, STM32MP133FAG7, STM32MP135AAE3, STM32MP135AAF3, STM32MP135AAG3, STM32MP135CAE3, STM32MP135CAF3, STM32MP135CAG3, STM32MP135DAE7, STM32MP135DAF7, STM32MP135DAG7, STM32MP135F-DK, STM32MP135FAE7, STM32MP135FAF7, STM32MP135FAF7T, STM32MP135FAF7U, STM32MP135FAG7, STM32MP231AAJ3, STM32MP231AAK3, STM32MP231AAL3, STM32MP231CAJ3, STM32MP231CAK3, STM32MP231CAL3, STM32MP231DAJ3, STM32MP231DAK3, STM32MP231DAL3, STM32MP231FAJ3, STM32MP231FAK3, STM32MP231FAL3, STM32MP233AAJ3, STM32MP233AAK3, STM32MP233AAL3, STM32MP233CAJ3, STM32MP233CAK3, STM32MP233CAL3, STM32MP233DAJ3, STM32MP233DAK3, STM32MP233DAL3, STM32MP233FAJ3, STM32MP233FAK3, STM32MP233FAL3, STM32MP235AAJ3, STM32MP235AAK3, STM32MP235AAL3, STM32MP235CAJ3, STM32MP235CAK3, STM32MP235CAL3, STM32MP235DAJ3, STM32MP235DAK3, STM32MP235DAL3, STM32MP235FAJ3, STM32MP235FAK3, STM32MP235FAL3, STM32MP251AAI3, STM32MP251AAJ3, STM32MP251AAK3, STM32MP251AAL3, STM32MP251CAI3, STM32MP251CAJ3, STM32MP251CAK3, STM32MP251CAL3, STM32MP251DAI3, STM32MP251DAJ3, STM32MP251DAK3, STM32MP251DAL3, STM32MP251FAI3, STM32MP251FAJ3, STM32MP251FAK3, STM32MP251FAL3, STM32MP253AAI3, STM32MP253AAJ3, STM32MP253AAK3, STM32MP253AAL3, STM32MP253CAI3, STM32MP253CAJ3, STM32MP253CAK3, STM32MP253CAL3, STM32MP253DAI3, STM32MP253DAJ3, STM32MP253DAK3, STM32MP253DAL3, STM32MP253FAI3, STM32MP253FAJ3, STM32MP253FAK3, STM32MP253FAL3, STM32MP255AAI3, STM32MP255AAJ3, STM32MP255AAK3, STM32MP255AAL3, STM32MP255CAI3, STM32MP255CAJ3, STM32MP255CAK3, STM32MP255CAL3, STM32MP255DAI3, STM32MP255DAJ3, STM32MP255DAK3, STM32MP255DAL3, STM32MP255FAI3, STM32MP255FAJ3, STM32MP255FAK3, STM32MP255FAL3, STM32MP257AAI3, STM32MP257AAJ3, STM32MP257AAK3, STM32MP257AAL3, STM32MP257CAI3, STM32MP257CAJ3, STM32MP257CAK3, STM32MP257CAL3, STM32MP257DAI3, STM32MP257DAJ3, STM32MP257DAK3, STM32MP257DAL3, STM32MP257F-DK, STM32MP257F-EV1, STM32MP257FAI3, STM32MP257FAJ3, STM32MP257FAK3, STM32MP257FAL3, STM32N645A0H3Q, STM32N645B0H3Q, STM32N645I0H3Q, STM32N645L0H3Q, STM32N645X0H3Q, STM32N645Z0H3Q, STM32N647A0H3Q, STM32N647B0H3Q, STM32N647I0H3Q, STM32N647L0H3Q, STM32N647X0H3Q, STM32N647Z0H3Q, STM32N655A0H3Q, STM32N655B0H3Q, STM32N655I0H3Q, STM32N655L0H3Q, STM32N655X0H3Q, STM32N655Z0H3Q, STM32N6570-DK, STM32N657A0H3Q, STM32N657B0H3Q, STM32N657I0H3Q, STM32N657L0H3Q, STM32N657X0H3Q, STM32N657Z0H3Q, STM32U031C6T6, STM32U031C6U6, STM32U031C8T6, STM32U031C8U6, STM32U031F4P6, STM32U031F6P6, STM32U031F8P6, STM32U031G6Y6TR, STM32U031G8Y6TR, STM32U031K4U6, STM32U031K6U6, STM32U031K8U6, STM32U031R6I6, STM32U031R6T6, STM32U031R8I6, STM32U031R8T6, STM32U073C8T6, STM32U073C8U6, STM32U073CBT6, STM32U073CBU6, STM32U073CCT6, STM32U073CCU6, STM32U073H8Y6TR, STM32U073HBY6TR, STM32U073HCY6TR, STM32U073K8U6, STM32U073KBU6, STM32U073KCU6, STM32U073M8I6, STM32U073M8T6, STM32U073MBI6, STM32U073MBT6, STM32U073MCI6, STM32U073MCT6, STM32U073R8I6, STM32U073R8T6, STM32U073RBI6, STM32U073RBT6, STM32U073RCI6, STM32U073RCT6, STM32U083C-DK, STM32U083CCT6, STM32U083CCU6, STM32U083HCY6TR, STM32U083KCU6, STM32U083MCI6, STM32U083MCT6, STM32U083RCI6, STM32U083RCT6, STM32U375CET6, STM32U375CET6Q, STM32U375CEU6, STM32U375CEU6Q, STM32U375CEY6QTR, STM32U375CGT6, STM32U375CGT6Q, STM32U375CGU6, STM32U375CGU6Q, STM32U375CGY6QTR, STM32U375KEU6, STM32U375KGU6, STM32U375REI6, STM32U375REI6Q, STM32U375RET6, STM32U375RET6Q, STM32U375REY6GTR, STM32U375REY6QTR, STM32U375RGI6, STM32U375RGI6Q, STM32U375RGT6, STM32U375RGT6Q, STM32U375RGY6GTR, STM32U375RGY6QTR, STM32U375VEI6, STM32U375VEI6Q, STM32U375VET6, STM32U375VET6Q, STM32U375VGI6, STM32U375VGI6Q, STM32U375VGT6, STM32U375VGT6Q, STM32U385CGT6, STM32U385CGT6Q, STM32U385CGU6, STM32U385CGU6Q, STM32U385CGY6QTR, STM32U385KGU6, STM32U385RGI6, STM32U385RGI6Q, STM32U385RGT6, STM32U385RGT6Q, STM32U385RGY6GTR, STM32U385RGY6QTR, STM32U385VGI6, STM32U385VGI6Q, STM32U385VGT6, STM32U385VGT6Q, STM32U535CBT6, STM32U535CBT6Q, STM32U535CBU6, STM32U535CBU6Q, STM32U535CCT6, STM32U535CCT6Q, STM32U535CCU6, STM32U535CCU6Q, STM32U535CET6, STM32U535CET6Q, STM32U535CEU6, STM32U535CEU6Q, STM32U535JEY6QTR, STM32U535NCY6QTR, STM32U535NEY6QTR, STM32U535RBI6, STM32U535RBI6Q, STM32U535RBT6, STM32U535RBT6Q, STM32U535RCI6, STM32U535RCI6Q, STM32U535RCT6, STM32U535RCT6Q, STM32U535REI6, STM32U535REI6Q, STM32U535RET6, STM32U535RET6Q, STM32U535VCI6, STM32U535VCI6Q, STM32U535VCT6, STM32U535VCT6Q, STM32U535VEI6, STM32U535VEI6Q, STM32U535VET6, STM32U535VET6Q, STM32U545CET6, STM32U545CET6Q, STM32U545CEU6, STM32U545CEU6Q, STM32U545JEY6QTR, STM32U545NEY6QTR, STM32U545REI6, STM32U545REI6Q, STM32U545RET6, STM32U545RET6Q, STM32U545VEI6, STM32U545VEI6Q, STM32U545VET6, STM32U545VET6Q, STM32U595AIH6, STM32U595AIH6Q, STM32U595AJH6, STM32U595AJH6Q, STM32U595QII6, STM32U595QII6Q, STM32U595QJI6, STM32U595QJI6Q, STM32U595RIT6, STM32U595RIT6Q, STM32U595RJT6, STM32U595RJT6Q, STM32U595VIT6, STM32U595VIT6Q, STM32U595VJT6, STM32U595VJT6Q, STM32U595ZIT6, STM32U595ZIT6Q, STM32U595ZIY6QTR, STM32U595ZJT6, STM32U595ZJT6Q, STM32U595ZJY6QTR, STM32U599BJY6QTR, STM32U599NIH6Q, STM32U599NJH6Q, STM32U599VIT6Q, STM32U599VJT6, STM32U599VJT6Q, STM32U599ZIT6Q, STM32U599ZIY6QTR, STM32U599ZJT6Q, STM32U599ZJY6QTR, STM32U5A5AJH6, STM32U5A5AJH6Q, STM32U5A5QII3Q , STM32U5A5QJI6, STM32U5A5QJI6Q, STM32U5A5RJT6, STM32U5A5RJT6Q, STM32U5A5VJT6, STM32U5A5VJT6Q, STM32U5A5ZJT6, STM32U5A5ZJT6Q, STM32U5A5ZJY6QTR, STM32U5A9BJY6QTR, STM32U5A9J-DK, STM32U5A9NJH6Q, STM32U5A9VJT6Q, STM32U5A9ZJT6Q, STM32U5A9ZJY6QTR, STM32U5F7VIT6, STM32U5F7VIT6Q, STM32U5F7VJT6, STM32U5F7VJT6Q, STM32U5F9BJY6QTR, STM32U5F9NJH6Q, STM32U5F9VIT6Q, STM32U5F9VJT6Q, STM32U5F9ZIJ6QTR, STM32U5F9ZIT6Q, STM32U5F9ZJJ6QTR, STM32U5F9ZJT6Q, STM32U5G7VJT6, STM32U5G7VJT6Q, STM32U5G9BJY6QTR, STM32U5G9J-DK1, STM32U5G9J-DK2, STM32U5G9NJH6Q, STM32U5G9VJT6Q, STM32U5G9ZJJ6QTR, STM32U5G9ZJT6Q, STM32WB05KZV6TR, STM32WB05KZV7TR, STM32WB05TZF6TR, STM32WB05TZF7TR, STM32WB06CCF6TR, STM32WB06CCF7TR, STM32WB06CCV6TR, STM32WB06CCV7TR, STM32WB06KCV6TR, STM32WB06KCV7TR, STM32WB07CCF6TR, STM32WB07CCF7TR, STM32WB07CCV6TR, STM32WB07CCV7TR, STM32WB07KCV6TR, STM32WB07KCV7TR, STM32WB09KEV6TR, STM32WB09KEV7TR, STM32WB09TEF6TR, STM32WB09TEF7TR, STM32WB1MMCH6, STM32WBA50KGU6, STM32WBA50KGU6TR, STM32WBA52CEU6, STM32WBA52CEU6TR, STM32WBA52CEU7, STM32WBA52CEU7TR, STM32WBA52CGU6, STM32WBA52CGU6TR, STM32WBA52CGU6U, STM32WBA52CGU7, STM32WBA52CGU7TR, STM32WBA52KEU6, STM32WBA52KEU6TR, STM32WBA52KGU6, STM32WBA52KGU6TR, STM32WBA54CEU6, STM32WBA54CEU6TR, STM32WBA54CEU7, STM32WBA54CEU7TR, STM32WBA54CGU6, STM32WBA54CGU6TR, STM32WBA54CGU7, STM32WBA54CGU7TR, STM32WBA54KEU6, STM32WBA54KEU6TR, STM32WBA54KEU7, STM32WBA54KEU7TR, STM32WBA54KGU6, STM32WBA54KGU6TR, STM32WBA54KGU7, STM32WBA54KGU7TR, STM32WBA55CEU6, STM32WBA55CEU6TR, STM32WBA55CEU7, STM32WBA55CEU7TR, STM32WBA55CGU6, STM32WBA55CGU6TR, STM32WBA55CGU6U, STM32WBA55CGU7, STM32WBA55CGU7TR, STM32WBA55G-DK1, STM32WBA55HEF6, STM32WBA55HEF7, STM32WBA55HGF6, STM32WBA55HGF7, STM32WBA55UEI6, STM32WBA55UEI6TR, STM32WBA55UEI7, STM32WBA55UEI7TR, STM32WBA55UGI6, STM32WBA55UGI6TR, STM32WBA55UGI7, STM32WBA55UGI7TR, STM32WBA5MJGH6TR, STM32WBA62CGU6, STM32WBA62CIU6, STM32WBA62MGF6, STM32WBA62MIF6, STM32WBA62PGI6, STM32WBA62PII6, STM32WBA63CGU6, STM32WBA63CGU7, STM32WBA63CIU6, STM32WBA63CIU7, STM32WBA64CGU6, STM32WBA64CGU7, STM32WBA64CIU6, STM32WBA64CIU7, STM32WBA65CGU6, STM32WBA65CGU7, STM32WBA65CIU6, STM32WBA65CIU7, STM32WBA65I-DK1, STM32WBA65MGF6, STM32WBA65MGF7, STM32WBA65MIF6, STM32WBA65MIF7, STM32WBA65PGI6, STM32WBA65PGI7, STM32WBA65PII6, STM32WBA65PII7, STM32WBA65RGV6, STM32WBA65RGV7, STM32WBA65RIV6, STM32WBA65RIV7, STM32WL30K8V6, STM32WL30KBV6, STM32WL31C8V6, STM32WL31CBV6, STM32WL31K8V6, STM32WL31KBV6, STM32WL33C8V6, STM32WL33C8V6TR, STM32WL33C8V7, STM32WL33C8V7TR, STM32WL33CBV6, STM32WL33CBV6TR, STM32WL33CBV7, STM32WL33CBV7TR, STM32WL33CCV6, STM32WL33CCV6TR, STM32WL33CCV7, STM32WL33CCV7A, STM32WL33CCV7ATR, STM32WL33CCV7TR, STM32WL33K8V6, STM32WL33K8V6TR, STM32WL33K8V7, STM32WL33K8V7TR, STM32WL33KBV6, STM32WL33KBV6TR, STM32WL33KBV7, STM32WL33KBV7TR, STM32WL33KCV6, STM32WL33KCV6TR, STM32WL33KCV7, STM32WL33KCV7TR, STM32WL5MOCH6, STM32WL5MOCH6TR]
2025-06-27 15:34:30,888 [INFO] DbMcus:218 - Found 4686 MCUs, 4686 are supported
2025-06-27 15:34:30,889 [INFO] ApiDb:423 - Load user favorites file C:\Users\nisha/.stm32cubeide/favorites.mcus.txt: 0 item(s)
2025-06-27 15:34:30,889 [INFO] ApiDb:427 - User favorites MCUs=[]
2025-06-27 15:34:30,889 [INFO] DbMcus:224 - Set 0 / 0 favorites MCUs
2025-06-27 15:34:31,297 [INFO] ApiDb:423 - Load user favorites file C:\Users\nisha/.stm32cubeide/favorites.boards.txt: 1 item(s)
2025-06-27 15:34:31,297 [INFO] ApiDb:427 - User favorites Boards=[STM32F407G-DISC1]
2025-06-27 15:34:31,297 [INFO] DbBoards:198 - Set 1 / 1 favorites Boards
2025-06-27 15:34:31,359 [INFO] UtilMem:75 - End LoadConfig() Used Memory: 308950584 Bytes (350224384)
2025-06-27 15:34:31,498 [WARN] ThirdParty:833 - waiting for thirdparty lock release [change project]
2025-06-27 15:34:31,500 [INFO] ThirdParty:835 - entering critical section [change project]
2025-06-27 15:34:31,500 [INFO] ThirdParty:1030 - CMSIS Pack Vendor :STMicroelectronics X-CUBE-PM33A1 1.0.0
2025-06-27 15:34:31,500 [INFO] ThirdParty:1030 - CMSIS Pack Vendor :STMicroelectronics USBPD 4.1
2025-06-27 15:34:31,500 [INFO] ThirdParty:1030 - CMSIS Pack Vendor :STMicroelectronics X-CUBE-GNSS1 6.0.0
2025-06-27 15:34:31,500 [INFO] ThirdParty:1030 - CMSIS Pack Vendor :STMicroelectronics USB_HOST 2.0.0
2025-06-27 15:34:31,500 [INFO] ThirdParty:1030 - CMSIS Pack Vendor :STMicroelectronics FP-SNS-MOTENVWB1 1.4.0
2025-06-27 15:34:31,500 [INFO] ThirdParty:1030 - CMSIS Pack Vendor :STMicroelectronics X-CUBE-AZRTOS-F4 1.1.0
2025-06-27 15:34:31,500 [INFO] ThirdParty:1030 - CMSIS Pack Vendor :STMicroelectronics LIBJPEG 8.0.0
2025-06-27 15:34:31,500 [INFO] ThirdParty:1030 - CMSIS Pack Vendor :Avnet-IotConnect X-CUBE-IoTC-DA16k-PMOD 1.0.0
2025-06-27 15:34:31,500 [INFO] ThirdParty:1030 - CMSIS Pack Vendor :STMicroelectronics X-CUBE-SMBUS 2.1.0
2025-06-27 15:34:31,500 [INFO] ThirdParty:1030 - CMSIS Pack Vendor :STMicroelectronics X-CUBE-WB05N 1.1.0
2025-06-27 15:34:31,500 [INFO] ThirdParty:1030 - CMSIS Pack Vendor :STMicroelectronics X-CUBE-ISPU 2.1.0
2025-06-27 15:34:31,500 [INFO] ThirdParty:1030 - CMSIS Pack Vendor :STMicroelectronics X-CUBE-FREERTOS 1.2.0
2025-06-27 15:34:31,500 [INFO] ThirdParty:1030 - CMSIS Pack Vendor :STMicroelectronics X-CUBE-ST60 1.0.0
2025-06-27 15:34:31,500 [INFO] ThirdParty:1030 - CMSIS Pack Vendor :STMicroelectronics X-CUBE-AZRTOS-F7 1.1.0
2025-06-27 15:34:31,500 [INFO] ThirdParty:1030 - CMSIS Pack Vendor :STMicroelectronics X-CUBE-AZRTOS-L5 2.0.0
2025-06-27 15:34:31,500 [INFO] ThirdParty:1030 - CMSIS Pack Vendor :STMicroelectronics USB_DEVICE 2.0.0
2025-06-27 15:34:31,500 [INFO] ThirdParty:1030 - CMSIS Pack Vendor :STMicroelectronics X-CUBE-NFC6 3.1.0
2025-06-27 15:34:31,500 [INFO] ThirdParty:1030 - CMSIS Pack Vendor :STMicroelectronics X-CUBE-MEMS1 11.0.0
2025-06-27 15:34:31,500 [INFO] ThirdParty:1030 - CMSIS Pack Vendor :STMicroelectronics FreeRTOS 0.0.1
2025-06-27 15:34:31,500 [INFO] ThirdParty:1030 - CMSIS Pack Vendor :STMicroelectronics X-CUBE-DPower 1.2.0
2025-06-27 15:34:31,500 [INFO] ThirdParty:1030 - CMSIS Pack Vendor :STMicroelectronics FP-SNS-FLIGHT1 5.0.2
2025-06-27 15:34:31,500 [INFO] ThirdParty:1030 - CMSIS Pack Vendor :STMicroelectronics X-CUBE-AI 9.0.0
2025-06-27 15:34:31,500 [INFO] ThirdParty:1030 - CMSIS Pack Vendor :STMicroelectronics PDM2PCM 3.3.0
2025-06-27 15:34:31,502 [INFO] ThirdParty:1030 - CMSIS Pack Vendor :STMicroelectronics X-CUBE-DISPLAY 3.0.0
2025-06-27 15:34:31,502 [INFO] ThirdParty:1030 - CMSIS Pack Vendor :STMicroelectronics X-CUBE-BLE1 7.0.0
2025-06-27 15:34:31,502 [INFO] ThirdParty:1030 - CMSIS Pack Vendor :STMicroelectronics X-CUBE-NFC10 1.0.0
2025-06-27 15:34:31,502 [INFO] ThirdParty:1030 - CMSIS Pack Vendor :STMicroelectronics X-CUBE-FREERTOS 1.3.1
2025-06-27 15:34:31,502 [INFO] ThirdParty:1030 - CMSIS Pack Vendor :STMicroelectronics HAL Drivers 0.0.0
2025-06-27 15:34:31,502 [INFO] ThirdParty:1030 - CMSIS Pack Vendor :emotas I-CUBE-CANOPEN 1.3.0
2025-06-27 15:34:31,502 [INFO] ThirdParty:1030 - CMSIS Pack Vendor :STMicroelectronics X-CUBE-NFC7 1.0.1
2025-06-27 15:34:31,502 [INFO] ThirdParty:1030 - CMSIS Pack Vendor :STMicroelectronics MBEDTLS 2.14.1
2025-06-27 15:34:31,502 [INFO] ThirdParty:1030 - CMSIS Pack Vendor :wolfSSL I-CUBE-wolfTPM 3.2.0
2025-06-27 15:34:31,502 [INFO] ThirdParty:1030 - CMSIS Pack Vendor :STMicroelectronics X-CUBE-BLEMGR 3.1.0
2025-06-27 15:34:31,502 [INFO] ThirdParty:1030 - CMSIS Pack Vendor :STMicroelectronics FP-SNS-STAIOTCFT 1.0.0
2025-06-27 15:34:31,502 [INFO] ThirdParty:1030 - CMSIS Pack Vendor :STMicroelectronics FP-SNS-SMARTAG2 1.2.0
2025-06-27 15:34:31,502 [INFO] ThirdParty:1030 - CMSIS Pack Vendor :STMicroelectronics FP-SNS-FLIGHT1 5.1.0
2025-06-27 15:34:31,502 [INFO] ThirdParty:1030 - CMSIS Pack Vendor :STMicroelectronics X-CUBE-AZRTOS-WL 2.0.0
2025-06-27 15:34:31,502 [INFO] ThirdParty:1030 - CMSIS Pack Vendor :STMicroelectronics X-CUBE-DPower 1.3.0
2025-06-27 15:34:31,502 [INFO] ThirdParty:1030 - CMSIS Pack Vendor :STMicroelectronics FP-SNS-MOTENV1 5.0.0
2025-06-27 15:34:31,502 [INFO] ThirdParty:1030 - CMSIS Pack Vendor :STMicroelectronics USB_DEVICE 1.0.0
2025-06-27 15:34:31,502 [INFO] ThirdParty:1030 - CMSIS Pack Vendor :wolfSSL I-CUBE-wolfMQTT 1.19.0
2025-06-27 15:34:31,502 [INFO] ThirdParty:1030 - CMSIS Pack Vendor :STMicroelectronics X-CUBE-AZRTOS-L4 2.0.0
2025-06-27 15:34:31,502 [INFO] ThirdParty:1030 - CMSIS Pack Vendor :STMicroelectronics ThreadX 0.0.2
2025-06-27 15:34:31,502 [INFO] ThirdParty:1030 - CMSIS Pack Vendor :WES I-CUBE-Cesium 1.3.0
2025-06-27 15:34:31,502 [INFO] ThirdParty:1030 - CMSIS Pack Vendor :STMicroelectronics lwIP 2.1.2
2025-06-27 15:34:31,502 [INFO] ThirdParty:1030 - CMSIS Pack Vendor :STMicroelectronics X-CUBE-SFXS2LP1 4.0.0
2025-06-27 15:34:31,502 [INFO] ThirdParty:1030 - CMSIS Pack Vendor :STMicroelectronics X-CUBE-BLE2 3.3.0
2025-06-27 15:34:31,502 [INFO] ThirdParty:1030 - CMSIS Pack Vendor :STMicroelectronics PDM2PCM 3.2.0
2025-06-27 15:34:31,502 [INFO] ThirdParty:1030 - CMSIS Pack Vendor :STMicroelectronics X-CUBE-AZRTOS-H7 3.3.0
2025-06-27 15:34:31,502 [INFO] ThirdParty:1030 - CMSIS Pack Vendor :STMicroelectronics X-CUBE-NFC9 1.0.0
2025-06-27 15:34:31,502 [INFO] ThirdParty:1030 - CMSIS Pack Vendor :STMicroelectronics X-CUBE-BLE1 7.1.0
2025-06-27 15:34:31,502 [INFO] ThirdParty:1030 - CMSIS Pack Vendor :STMicroelectronics USB_DEVICE 3.0.0
2025-06-27 15:34:31,502 [INFO] ThirdParty:1030 - CMSIS Pack Vendor :STMicroelectronics X-CUBE-TCPP 4.1.0
2025-06-27 15:34:31,502 [INFO] ThirdParty:1030 - CMSIS Pack Vendor :STMicroelectronics X-CUBE-IPS 3.0.0
2025-06-27 15:34:31,502 [INFO] ThirdParty:1030 - CMSIS Pack Vendor :STMicroelectronics X-CUBE-AZRTOS-WB 2.0.0
2025-06-27 15:34:31,502 [INFO] ThirdParty:1030 - CMSIS Pack Vendor :STMicroelectronics X-CUBE-GNSS1 7.0.0
2025-06-27 15:34:31,502 [INFO] ThirdParty:1030 - CMSIS Pack Vendor :STMicroelectronics X-CUBE-GNSS1 7.0.1
2025-06-27 15:34:31,502 [INFO] ThirdParty:1030 - CMSIS Pack Vendor :STMicroelectronics X-CUBE-TOUCHGFX 4.25.0
2025-06-27 15:34:31,502 [INFO] ThirdParty:1030 - CMSIS Pack Vendor :STMicroelectronics X-CUBE-AI 10.1.0
2025-06-27 15:34:31,502 [INFO] ThirdParty:1030 - CMSIS Pack Vendor :STMicroelectronics FP-SNS-STBOX1 2.0.0
2025-06-27 15:34:31,502 [INFO] ThirdParty:1030 - CMSIS Pack Vendor :STMicroelectronics X-CUBE-AZRTOS-G0 1.1.0
2025-06-27 15:34:31,502 [INFO] ThirdParty:1030 - CMSIS Pack Vendor :STMicroelectronics X-CUBE-SAFEA1 1.2.2
2025-06-27 15:34:31,502 [INFO] ThirdParty:1030 - CMSIS Pack Vendor :STMicroelectronics X-CUBE-NFC4 3.0.0
2025-06-27 15:34:31,502 [INFO] ThirdParty:1030 - CMSIS Pack Vendor :STMicroelectronics X-CUBE-SUBG2 5.0.0
2025-06-27 15:34:31,502 [INFO] ThirdParty:1030 - CMSIS Pack Vendor :STMicroelectronics X-CUBE-AZRTOS-H7RS 1.1.0
2025-06-27 15:34:31,503 [INFO] ThirdParty:1030 - CMSIS Pack Vendor :STMicroelectronics STM32_WPAN 1.0.0
2025-06-27 15:34:31,503 [INFO] ThirdParty:1030 - CMSIS Pack Vendor :EmbeddedOffice I-CUBE-FS-RTOS 1.0.1
2025-06-27 15:34:31,503 [INFO] ThirdParty:1030 - CMSIS Pack Vendor :STMicroelectronics lwIP 2.0.3
2025-06-27 15:34:31,503 [INFO] ThirdParty:1030 - CMSIS Pack Vendor :Cesanta I-CUBE-Mongoose 7.13.0
2025-06-27 15:34:31,503 [INFO] ThirdParty:1030 - CMSIS Pack Vendor :STMicroelectronics USB_HOST 1.0.0
2025-06-27 15:34:31,503 [INFO] ThirdParty:1030 - CMSIS Pack Vendor :STMicroelectronics X-CUBE-AZRTOS-G4 2.0.0
2025-06-27 15:34:31,503 [INFO] ThirdParty:1030 - CMSIS Pack Vendor :STMicroelectronics X-CUBE-WB05N 2.0.0
2025-06-27 15:34:31,503 [INFO] ThirdParty:1030 - CMSIS Pack Vendor :STMicroelectronics PDM2PCM 3.1.0
2025-06-27 15:34:31,503 [INFO] ThirdParty:1030 - CMSIS Pack Vendor :STMicroelectronics X-CUBE-NFC7 2.0.0
2025-06-27 15:34:31,503 [INFO] ThirdParty:1030 - CMSIS Pack Vendor :STMicroelectronics X-CUBE-TCPP 4.2.0
2025-06-27 15:34:31,503 [INFO] ThirdParty:1030 - CMSIS Pack Vendor :RealThread X-CUBE-RT-Thread_Nano 4.1.1
2025-06-27 15:34:31,503 [INFO] ThirdParty:1030 - CMSIS Pack Vendor :wolfSSL I-CUBE-wolfSSL 5.7.0
2025-06-27 15:34:31,503 [INFO] ThirdParty:1030 - CMSIS Pack Vendor :STMicroelectronics FP-ATR-SIGFOX1 3.2.0
2025-06-27 15:34:31,503 [INFO] ThirdParty:1030 - CMSIS Pack Vendor :quantropi X-CUBE-qispace-sdk-base 1.9.3
2025-06-27 15:34:31,503 [INFO] ThirdParty:1030 - CMSIS Pack Vendor :STMicroelectronics X-CUBE-ISPU 2.0.0
2025-06-27 15:34:31,503 [INFO] ThirdParty:1030 - CMSIS Pack Vendor :STMicroelectronics X-CUBE-EEPRMA1 5.1.0
2025-06-27 15:34:31,503 [INFO] ThirdParty:1030 - CMSIS Pack Vendor :STMicroelectronics MBEDTLS 2.16.2
2025-06-27 15:34:31,503 [INFO] ThirdParty:1030 - CMSIS Pack Vendor :STMicroelectronics X-CUBE-IPS 3.1.0
2025-06-27 15:34:31,503 [INFO] ThirdParty:1030 - CMSIS Pack Vendor :STMicroelectronics X-CUBE-ALS 1.0.2
2025-06-27 15:34:31,503 [INFO] ThirdParty:1030 - CMSIS Pack Vendor :STMicroelectronics X-CUBE-MEMS1 10.0.0
2025-06-27 15:34:31,503 [INFO] ThirdParty:1030 - CMSIS Pack Vendor :STMicroelectronics X-CUBE-TOUCHGFX 4.24.0
2025-06-27 15:34:31,503 [INFO] ThirdParty:1030 - CMSIS Pack Vendor :ITTIA_DB I-CUBE-ITTIADB 8.9.0
2025-06-27 15:34:31,503 [INFO] ThirdParty:1030 - CMSIS Pack Vendor :STMicroelectronics X-CUBE-TOUCHGFX 4.24.1
2025-06-27 15:34:31,503 [INFO] ThirdParty:1030 - CMSIS Pack Vendor :portGmbH I-Cube-SoM-uGOAL 1.1.0
2025-06-27 15:34:31,503 [INFO] ThirdParty:1030 - CMSIS Pack Vendor :STMicroelectronics X-CUBE-ST67W61 1.0.0
2025-06-27 15:34:31,503 [INFO] ThirdParty:1030 - CMSIS Pack Vendor :STMicroelectronics ThreadX 1.0.0
2025-06-27 15:34:31,503 [INFO] ThirdParty:1030 - CMSIS Pack Vendor :SEGGER I-CUBE-embOS 1.3.1
2025-06-27 15:34:31,503 [INFO] ThirdParty:1030 - CMSIS Pack Vendor :STMicroelectronics X-CUBE-ALGOBUILD 1.4.0
2025-06-27 15:34:31,503 [INFO] ThirdParty:1030 - CMSIS Pack Vendor :STMicroelectronics X-CUBE-MEMS1 11.3.0
2025-06-27 15:34:31,503 [INFO] ThirdParty:1030 - CMSIS Pack Vendor :STMicroelectronics X-CUBE-AZRTOS-H7RS 1.0.0
2025-06-27 15:34:31,503 [INFO] ThirdParty:1030 - CMSIS Pack Vendor :STMicroelectronics FP-ATR-ASTRA1 2.0.0
2025-06-27 15:34:31,503 [INFO] ThirdParty:1030 - CMSIS Pack Vendor :STMicroelectronics X-CUBE-TOF1 3.4.2
2025-06-27 15:34:31,503 [INFO] ThirdParty:1030 - CMSIS Pack Vendor :STMicroelectronics X-CUBE-TOF1 3.4.3
2025-06-27 15:34:31,503 [INFO] ThirdParty:1030 - CMSIS Pack Vendor :STMicroelectronics X-CUBE-AI 9.1.0
2025-06-27 15:34:31,503 [INFO] ThirdParty:1030 - CMSIS Pack Vendor :STMicroelectronics X-CUBE-TOF1 3.4.1
2025-06-27 15:34:31,504 [INFO] ThirdParty:1030 - CMSIS Pack Vendor :STMicroelectronics X-CUBE-AZRTOS-H7 3.2.0
2025-06-27 15:34:31,504 [INFO] ThirdParty:1030 - CMSIS Pack Vendor :Infineon AIROC-Wi-Fi-Bluetooth-STM32 1.6.0
2025-06-27 15:34:31,504 [INFO] ThirdParty:1030 - CMSIS Pack Vendor :wolfSSL I-CUBE-wolfSSH 1.4.17
2025-06-27 15:34:31,504 [INFO] ThirdParty:841 - exiting critical section [change project]
2025-06-27 15:34:32,214 [INFO] PinOutPanel:1589 - setPackage(No Configuration,No Configuration)
2025-06-27 15:34:32,218 [INFO] PinOutPanel:1589 - setPackage(STM32F407VGTx,LQFP100)
2025-06-27 15:34:32,907 [INFO] UtilMem:75 - Before build in PCC Used Memory: 232696416 Bytes (377487360)
2025-06-27 15:34:34,414 [INFO] UtilMem:75 - After build in PCC Used Memory: 290368096 Bytes (377487360)
2025-06-27 15:34:34,481 [INFO] IPUIPlugin:80 - create IPUIPlugin
2025-06-27 15:34:34,482 [INFO] IPUIPlugin:80 - create IPUIPlugin
2025-06-27 15:34:34,482 [INFO] IPUIPlugin:80 - create IPUIPlugin
2025-06-27 15:34:34,482 [INFO] IPUIPlugin:80 - create IPUIPlugin
2025-06-27 15:34:34,483 [INFO] IPUIPlugin:80 - create IPUIPlugin
2025-06-27 15:34:34,483 [INFO] IPUIPlugin:80 - create IPUIPlugin
2025-06-27 15:34:34,484 [INFO] IPUIPlugin:80 - create IPUIPlugin
2025-06-27 15:34:34,484 [INFO] IPUIPlugin:80 - create IPUIPlugin
2025-06-27 15:34:34,484 [INFO] IPUIPlugin:80 - create IPUIPlugin
2025-06-27 15:34:34,484 [INFO] IPUIPlugin:80 - create IPUIPlugin
2025-06-27 15:34:34,484 [INFO] IPUIPlugin:80 - create IPUIPlugin
2025-06-27 15:34:34,484 [INFO] IPUIPlugin:80 - create IPUIPlugin
2025-06-27 15:34:34,484 [INFO] IPUIPlugin:80 - create IPUIPlugin
2025-06-27 15:34:34,485 [INFO] IPUIPlugin:80 - create IPUIPlugin
2025-06-27 15:34:34,486 [INFO] IPUIPlugin:80 - create IPUIPlugin
2025-06-27 15:34:34,487 [INFO] IPUIPlugin:80 - create IPUIPlugin
2025-06-27 15:34:34,487 [INFO] IPUIPlugin:80 - create IPUIPlugin
2025-06-27 15:34:34,487 [INFO] IPUIPlugin:80 - create IPUIPlugin
2025-06-27 15:34:34,487 [INFO] IPUIPlugin:80 - create IPUIPlugin
2025-06-27 15:34:34,487 [INFO] IPUIPlugin:80 - create IPUIPlugin
2025-06-27 15:34:34,487 [INFO] IPUIPlugin:80 - create IPUIPlugin
2025-06-27 15:34:34,488 [INFO] IPUIPlugin:80 - create IPUIPlugin
2025-06-27 15:34:34,488 [INFO] IPUIPlugin:80 - create IPUIPlugin
2025-06-27 15:34:34,488 [INFO] IPUIPlugin:80 - create IPUIPlugin
2025-06-27 15:34:34,488 [INFO] IPUIPlugin:80 - create IPUIPlugin
2025-06-27 15:34:34,488 [INFO] IPUIPlugin:80 - create IPUIPlugin
2025-06-27 15:34:34,488 [INFO] IPUIPlugin:80 - create IPUIPlugin
2025-06-27 15:34:34,488 [INFO] IPUIPlugin:80 - create IPUIPlugin
2025-06-27 15:34:34,489 [INFO] IPUIPlugin:80 - create IPUIPlugin
2025-06-27 15:34:34,489 [INFO] IPUIPlugin:80 - create IPUIPlugin
2025-06-27 15:34:34,489 [INFO] IPUIPlugin:80 - create IPUIPlugin
2025-06-27 15:34:34,489 [INFO] IPUIPlugin:80 - create IPUIPlugin
2025-06-27 15:34:34,489 [INFO] IPUIPlugin:80 - create IPUIPlugin
2025-06-27 15:34:34,489 [INFO] IPUIPlugin:80 - create IPUIPlugin
2025-06-27 15:34:34,489 [INFO] IPUIPlugin:80 - create IPUIPlugin
2025-06-27 15:34:34,490 [INFO] IPUIPlugin:80 - create IPUIPlugin
2025-06-27 15:34:34,490 [INFO] IPUIPlugin:80 - create IPUIPlugin
2025-06-27 15:34:34,490 [INFO] IPUIPlugin:80 - create IPUIPlugin
2025-06-27 15:34:34,490 [INFO] IPUIPlugin:80 - create IPUIPlugin
2025-06-27 15:34:34,490 [INFO] IPUIPlugin:80 - create IPUIPlugin
2025-06-27 15:34:34,490 [INFO] IPUIPlugin:80 - create IPUIPlugin
2025-06-27 15:34:34,491 [INFO] IPUIPlugin:80 - create IPUIPlugin
2025-06-27 15:34:34,491 [INFO] IPUIPlugin:80 - create IPUIPlugin
2025-06-27 15:34:34,491 [INFO] IPUIPlugin:80 - create IPUIPlugin
2025-06-27 15:34:34,491 [INFO] IPUIPlugin:80 - create IPUIPlugin
2025-06-27 15:34:34,491 [INFO] IPUIPlugin:80 - create IPUIPlugin
2025-06-27 15:34:34,491 [INFO] IPUIPlugin:80 - create IPUIPlugin
2025-06-27 15:34:34,492 [INFO] IPUIPlugin:80 - create IPUIPlugin
2025-06-27 15:34:34,492 [INFO] IPUIPlugin:80 - create IPUIPlugin
2025-06-27 15:34:34,492 [INFO] IPUIPlugin:80 - create IPUIPlugin
2025-06-27 15:34:34,492 [INFO] IPUIPlugin:80 - create IPUIPlugin
2025-06-27 15:34:34,493 [INFO] IPUIPlugin:80 - create IPUIPlugin
2025-06-27 15:34:34,493 [INFO] IPUIPlugin:80 - create IPUIPlugin
2025-06-27 15:34:34,493 [INFO] IPUIPlugin:80 - create IPUIPlugin
2025-06-27 15:34:34,493 [INFO] IPUIPlugin:80 - create IPUIPlugin
2025-06-27 15:34:34,494 [INFO] IPUIPlugin:80 - create IPUIPlugin
2025-06-27 15:34:34,494 [INFO] IPUIPlugin:80 - create IPUIPlugin
2025-06-27 15:34:34,494 [INFO] IPUIPlugin:80 - create IPUIPlugin
2025-06-27 15:34:34,725 [INFO] ApiDbMcu:508 - Load IP Config File for PDM2PCM
2025-06-27 15:34:35,061 [INFO] CADModel:165 - CPN selected for project levelSTM32F407VGT6
2025-06-27 15:34:35,061 [INFO] CADModel:114 - Register for checkConnection events
2025-06-27 15:34:35,142 [INFO] OpenFileManager:385 - Restore cursor
2025-06-27 15:52:02,814 [INFO] WebApp:194 - Connection lost
2025-06-27 15:52:37,307 [INFO] WebApp:191 - Connection restablished
2025-06-27 16:03:05,573 [INFO] LogOutputStream:77 - [STDOUT_REDIRECT] StartTraceHandler.execute(), success : Collect=false
2025-06-27 16:03:07,979 [INFO] LogOutputStream:77 - [STDOUT_REDIRECT] StartTraceHandler.execute(), success : Collect=true
2025-06-27 16:03:09,696 [INFO] LogOutputStream:77 - [STDOUT_REDIRECT] StartTraceHandler.execute(), success : Collect=false
2025-06-27 16:03:22,852 [INFO] LogOutputStream:77 - [STDOUT_REDIRECT] StartTraceHandler.execute(), success : Collect=true
2025-06-27 16:54:25,526 [INFO] WebApp:194 - Connection lost
2025-06-27 16:54:31,588 [INFO] WebApp:191 - Connection restablished
2025-06-27 16:54:34,517 [INFO] WebApp:194 - Connection lost
2025-06-27 16:54:34,784 [INFO] WebApp:191 - Connection restablished
2025-06-27 17:29:14,920 [ERROR] LogOutputStream:75 - [STDERR_REDIRECT] 
2025-06-27 17:29:37,644 [INFO] Activator:176 - 


2025-06-27 17:29:37,645 [INFO] Activator:177 - !SESSION log4j initialized
2025-06-27 17:29:43,901 [INFO] LogOutputStream:77 - [STDOUT_REDIRECT] 
2025-06-27 17:29:45,293 [INFO] ApplicationProperties:184 - Using Application install path: C:\ST\STM32CubeIDE_1.16.0\STM32CubeIDE\plugins\com.st.stm32cube.common.mx_6.14.1.202504091515
2025-06-27 17:29:45,306 [INFO] DbMcusXml:78 - Set database path to: C:\ST\STM32CubeIDE_1.16.0\STM32CubeIDE\plugins\com.st.stm32cube.common.mx_6.14.1.202504091515\\db\/mcu/
2025-06-27 17:29:45,307 [INFO] ApiDb:274 - Set plugin database path to: C:\ST\STM32CubeIDE_1.16.0\STM32CubeIDE\plugins\com.st.stm32cube.common.mx_6.14.1.202504091515\\db\/plugins/boardmanager/
2025-06-27 17:29:45,307 [WARN] ApiDb:259 - Overriding images path with different value:  => C:\ST\STM32CubeIDE_1.16.0\STM32CubeIDE\plugins\com.st.stm32cube.common.mx_6.14.1.202504091515\\db\/plugins/mcufinder/images/
2025-06-27 17:29:45,312 [INFO] ApiDb:250 - Set database path to: C:\Users\nisha\.stmcufinder\plugins\mcufinder//mcu/
2025-06-27 17:29:45,313 [INFO] DbMcusAds:125 - Set database path to: C:\Users\nisha\.stmcufinder\plugins\mcufinder//mcu/
2025-06-27 17:29:45,315 [INFO] CrossReferenceDbSqlite:203 - Set database path to: C:\Users\nisha\.stmcufinder\plugins\mcufinder//mcu/cs/
2025-06-27 17:29:45,405 [INFO] RulesReader:64 - Compatibility file has been processed (302 Rules)
2025-06-27 17:29:45,486 [INFO] DbMcusXml:78 - Set database path to: C:\ST\STM32CubeIDE_1.16.0\STM32CubeIDE\plugins\com.st.stm32cube.common.mx_6.14.1.202504091515\\db\/mcu/
2025-06-27 17:29:45,486 [INFO] ApiDb:274 - Set plugin database path to: C:\ST\STM32CubeIDE_1.16.0\STM32CubeIDE\plugins\com.st.stm32cube.common.mx_6.14.1.202504091515\\db\/plugins/boardmanager/
2025-06-27 17:29:45,486 [INFO] ApiDb:261 - Set plugin images path to: C:\ST\STM32CubeIDE_1.16.0\STM32CubeIDE\plugins\com.st.stm32cube.common.mx_6.14.1.202504091515\\db\/plugins/mcufinder/images/
2025-06-27 17:29:45,487 [WARN] DbFile:41 - Overriding database path with different value: C:\Users\nisha\.stmcufinder\plugins\mcufinder/ => C:\Users\nisha\.stmcufinder\plugins\mcufinder
2025-06-27 17:29:45,487 [INFO] ApiDb:250 - Set database path to: C:\Users\nisha\.stmcufinder\plugins\mcufinder//mcu/
2025-06-27 17:29:45,487 [WARN] DbFile:41 - Overriding database path with different value: C:\Users\nisha\.stmcufinder\plugins\mcufinder/ => C:\Users\nisha\.stmcufinder\plugins\mcufinder
2025-06-27 17:29:45,487 [INFO] DbMcusAds:125 - Set database path to: C:\Users\nisha\.stmcufinder\plugins\mcufinder//mcu/
2025-06-27 17:29:45,487 [WARN] DbFile:41 - Overriding database path with different value: C:\Users\nisha\.stmcufinder\plugins\mcufinder/ => C:\Users\nisha\.stmcufinder\plugins\mcufinder
2025-06-27 17:29:45,487 [WARN] DbFile:41 - Overriding database path with different value: C:\Users\nisha\.stmcufinder\plugins\mcufinder/ => C:\Users\nisha\.stmcufinder\plugins\mcufinder
2025-06-27 17:29:45,487 [INFO] CrossReferenceDbSqlite:203 - Set database path to: C:\Users\nisha\.stmcufinder\plugins\mcufinder//mcu/cs/
2025-06-27 17:29:45,556 [INFO] MainPanel:272 - HeapMemory: 271581184
2025-06-27 17:29:45,632 [INFO] DbMcusXml:78 - Set database path to: C:\ST\STM32CubeIDE_1.16.0\STM32CubeIDE\plugins\com.st.stm32cube.common.mx_6.14.1.202504091515\\db\/mcu/
2025-06-27 17:29:45,632 [INFO] ApiDb:274 - Set plugin database path to: C:\ST\STM32CubeIDE_1.16.0\STM32CubeIDE\plugins\com.st.stm32cube.common.mx_6.14.1.202504091515\\db\/plugins/boardmanager/
2025-06-27 17:29:45,632 [INFO] ApiDb:261 - Set plugin images path to: C:\ST\STM32CubeIDE_1.16.0\STM32CubeIDE\plugins\com.st.stm32cube.common.mx_6.14.1.202504091515\\db\/plugins/mcufinder/images/
2025-06-27 17:29:45,633 [WARN] DbFile:41 - Overriding database path with different value: C:\Users\nisha\.stmcufinder\plugins\mcufinder/ => C:\Users\nisha\.stmcufinder\plugins\mcufinder
2025-06-27 17:29:45,633 [INFO] ApiDb:250 - Set database path to: C:\Users\nisha\.stmcufinder\plugins\mcufinder//mcu/
2025-06-27 17:29:45,633 [WARN] DbFile:41 - Overriding database path with different value: C:\Users\nisha\.stmcufinder\plugins\mcufinder/ => C:\Users\nisha\.stmcufinder\plugins\mcufinder
2025-06-27 17:29:45,633 [INFO] DbMcusAds:125 - Set database path to: C:\Users\nisha\.stmcufinder\plugins\mcufinder//mcu/
2025-06-27 17:29:45,633 [WARN] DbFile:41 - Overriding database path with different value: C:\Users\nisha\.stmcufinder\plugins\mcufinder/ => C:\Users\nisha\.stmcufinder\plugins\mcufinder
2025-06-27 17:29:45,633 [WARN] DbFile:41 - Overriding database path with different value: C:\Users\nisha\.stmcufinder\plugins\mcufinder/ => C:\Users\nisha\.stmcufinder\plugins\mcufinder
2025-06-27 17:29:45,633 [INFO] CrossReferenceDbSqlite:203 - Set database path to: C:\Users\nisha\.stmcufinder\plugins\mcufinder//mcu/cs/
2025-06-27 17:29:45,652 [INFO] ApplicationProperties:184 - Using Application install path: C:\ST\STM32CubeIDE_1.16.0\STM32CubeIDE\plugins\com.st.stm32cube.common.mx_6.14.1.202504091515
2025-06-27 17:29:45,653 [INFO] PluginManage:196 - Search for loadable plugins [exclusion list=, ]
2025-06-27 17:29:45,654 [INFO] PluginManage:310 - Check plugin analytics
2025-06-27 17:29:45,856 [INFO] AnalyticsPlugin:253 - Accepted Software Licenses: 
2025-06-27 17:29:45,857 [INFO] AnalyticsPlugin:255 - Accepted CMSIS Pack Licenses: 
2025-06-27 17:29:45,857 [INFO] AnalyticsPlugin:257 - Accepted Firmware Licenses: FW.F4.1.28.0
2025-06-27 17:29:45,861 [INFO] PluginManage:359 - Loaded plugin analytics (category:tool,tabindex:-1)
2025-06-27 17:29:45,862 [INFO] PluginManage:310 - Check plugin cadmodel
2025-06-27 17:29:45,866 [INFO] CADModel:105 - Init CAD model plugin
2025-06-27 17:29:45,866 [INFO] PluginManage:359 - Loaded plugin cadmodel (category:power,tabindex:5)
2025-06-27 17:29:45,867 [INFO] PluginManage:310 - Check plugin clock
2025-06-27 17:29:45,876 [INFO] PluginManage:359 - Loaded plugin clock (category:base,tabindex:2)
2025-06-27 17:29:45,877 [INFO] PluginManage:310 - Check plugin ddr
2025-06-27 17:29:45,878 [INFO] PluginManage:359 - Loaded plugin ddr (category:tool,tabindex:6)
2025-06-27 17:29:45,880 [INFO] PluginManage:310 - Check plugin filemanager
2025-06-27 17:29:46,018 [INFO] PluginManage:359 - Loaded plugin filemanager (category:base,tabindex:10)
2025-06-27 17:29:46,019 [INFO] PluginManage:310 - Check plugin ipmanager
2025-06-27 17:29:46,027 [INFO] PluginManage:359 - Loaded plugin ipmanager (category:base,tabindex:5)
2025-06-27 17:29:46,027 [INFO] PluginManage:310 - Check plugin lpbam
2025-06-27 17:29:46,035 [INFO] PluginManage:359 - Loaded plugin lpbam (category:base,tabindex:0)
2025-06-27 17:29:46,035 [INFO] PluginManage:310 - Check plugin memorymap
2025-06-27 17:29:46,043 [INFO] PluginManage:359 - Loaded plugin memorymap (category:base,tabindex:4)
2025-06-27 17:29:46,043 [INFO] PluginManage:310 - Check plugin pinoutandconfiguration
2025-06-27 17:29:46,048 [INFO] PluginManage:359 - Loaded plugin pinoutandconfiguration (category:base,tabindex:1)
2025-06-27 17:29:46,048 [INFO] PluginManage:310 - Check plugin pinoutconfig
2025-06-27 17:29:46,153 [WARN] SupportedApi:132 - Cannot load RTOS API schema: s4s-elt-must-match.1: The content of 'definitions' must match (annotation?, (simpleType | complexType)?, (unique | key | keyref)*)). A problem was found starting at: attribute.
2025-06-27 17:29:46,263 [INFO] PluginManage:359 - Loaded plugin pinoutconfig (category:base,tabindex:0)
2025-06-27 17:29:46,263 [INFO] PluginManage:310 - Check plugin power
2025-06-27 17:29:46,271 [INFO] PluginManage:359 - Loaded plugin power (category:power,tabindex:4)
2025-06-27 17:29:46,271 [INFO] PluginManage:310 - Check plugin projectmanager
2025-06-27 17:29:46,283 [INFO] PluginManage:359 - Loaded plugin projectmanager (category:projectmanager,tabindex:4)
2025-06-27 17:29:46,283 [INFO] PluginManage:310 - Check plugin rif
2025-06-27 17:29:46,288 [INFO] PluginManage:359 - Loaded plugin rif (category:base,tabindex:3)
2025-06-27 17:29:46,288 [INFO] PluginManage:310 - Check plugin thirdparty
2025-06-27 17:29:46,406 [INFO] PluginManage:359 - Loaded plugin thirdparty (category:base,tabindex:-1)
2025-06-27 17:29:46,406 [WARN] IntegrityCheckThread:84 - waiting for thirdparty lock release [integrity check]
2025-06-27 17:29:46,406 [INFO] PluginManage:310 - Check plugin tools
2025-06-27 17:29:46,406 [INFO] IntegrityCheckThread:86 - entering critical section [integrity check]
2025-06-27 17:29:46,407 [INFO] ThirdPartyUpdaterWithRetryManager:70 - Updater plugin not ready yet. [1/15]
2025-06-27 17:29:46,409 [INFO] PluginManage:359 - Loaded plugin tools (category:base,tabindex:7)
2025-06-27 17:29:46,411 [INFO] PluginManage:310 - Check plugin tutovideos
2025-06-27 17:29:46,535 [INFO] PluginManage:359 - Loaded plugin tutovideos (category:base,tabindex:-1)
2025-06-27 17:29:46,535 [INFO] PluginManage:310 - Check plugin updater
2025-06-27 17:29:46,558 [INFO] PluginManage:359 - Loaded plugin updater (category:base,tabindex:12)
2025-06-27 17:29:46,558 [INFO] PluginManage:310 - Check plugin userauth
2025-06-27 17:29:46,565 [INFO] UserAuth:118 - Init User Auth plugin
2025-06-27 17:29:46,567 [INFO] PluginManage:359 - Loaded plugin userauth (category:base,tabindex:14)
2025-06-27 17:29:46,568 [INFO] PluginManage:283 - PluginManage : Loaded plugins [18]
2025-06-27 17:29:46,777 [INFO] PinOutPanel:1589 - setPackage(No Configuration,No Configuration)
2025-06-27 17:29:46,862 [INFO] CADModel:165 - CPN selected for project level
2025-06-27 17:29:46,862 [INFO] CADModel:114 - Register for checkConnection events
2025-06-27 17:29:46,882 [INFO] IPUIPlugin:80 - create IPUIPlugin
2025-06-27 17:29:46,882 [INFO] PluginManager:220 - loadIPPluginJar : add adc
2025-06-27 17:29:46,884 [INFO] IPUIPlugin:80 - create IPUIPlugin
2025-06-27 17:29:46,885 [INFO] PluginManager:220 - loadIPPluginJar : add aes
2025-06-27 17:29:46,887 [INFO] IPUIPlugin:80 - create IPUIPlugin
2025-06-27 17:29:46,887 [INFO] PluginManager:220 - loadIPPluginJar : add can
2025-06-27 17:29:46,890 [INFO] IPUIPlugin:80 - create IPUIPlugin
2025-06-27 17:29:46,890 [INFO] PluginManager:220 - loadIPPluginJar : add comp
2025-06-27 17:29:46,892 [INFO] IPUIPlugin:80 - create IPUIPlugin
2025-06-27 17:29:46,892 [INFO] PluginManager:220 - loadIPPluginJar : add cryp
2025-06-27 17:29:46,895 [INFO] IPUIPlugin:80 - create IPUIPlugin
2025-06-27 17:29:46,895 [INFO] PluginManager:220 - loadIPPluginJar : add ddr_ctrl_phy
2025-06-27 17:29:46,897 [INFO] IPUIPlugin:80 - create IPUIPlugin
2025-06-27 17:29:46,897 [INFO] PluginManager:220 - loadIPPluginJar : add dfsdm
2025-06-27 17:29:46,901 [INFO] IPUIPlugin:80 - create IPUIPlugin
2025-06-27 17:29:46,901 [INFO] PluginManager:220 - loadIPPluginJar : add dma
2025-06-27 17:29:46,905 [INFO] IPUIPlugin:80 - create IPUIPlugin
2025-06-27 17:29:46,906 [INFO] PluginManager:220 - loadIPPluginJar : add dma3
2025-06-27 17:29:46,908 [INFO] IPUIPlugin:80 - create IPUIPlugin
2025-06-27 17:29:46,908 [INFO] PluginManager:220 - loadIPPluginJar : add extmemmanager
2025-06-27 17:29:46,910 [INFO] IPUIPlugin:80 - create IPUIPlugin
2025-06-27 17:29:46,910 [INFO] PluginManager:220 - loadIPPluginJar : add fatfs
2025-06-27 17:29:46,915 [INFO] IPUIPlugin:80 - create IPUIPlugin
2025-06-27 17:29:46,915 [INFO] PluginManager:220 - loadIPPluginJar : add fmc
2025-06-27 17:29:46,920 [INFO] IPUIPlugin:80 - create IPUIPlugin
2025-06-27 17:29:46,920 [INFO] PluginManager:220 - loadIPPluginJar : add freertos
2025-06-27 17:29:46,921 [INFO] IPUIPlugin:80 - create IPUIPlugin
2025-06-27 17:29:46,921 [INFO] PluginManager:220 - loadIPPluginJar : add genericplugin
2025-06-27 17:29:46,923 [INFO] IPUIPlugin:80 - create IPUIPlugin
2025-06-27 17:29:46,923 [INFO] PluginManager:220 - loadIPPluginJar : add gfxmmu
2025-06-27 17:29:46,928 [INFO] IPUIPlugin:80 - create IPUIPlugin
2025-06-27 17:29:46,928 [INFO] PluginManager:220 - loadIPPluginJar : add gic
2025-06-27 17:29:46,932 [INFO] IPUIPlugin:80 - create IPUIPlugin
2025-06-27 17:29:46,932 [INFO] PluginManager:220 - loadIPPluginJar : add gpio
2025-06-27 17:29:46,935 [INFO] IPUIPlugin:80 - create IPUIPlugin
2025-06-27 17:29:46,935 [INFO] PluginManager:220 - loadIPPluginJar : add gtzc
2025-06-27 17:29:46,937 [INFO] IPUIPlugin:80 - create IPUIPlugin
2025-06-27 17:29:46,937 [INFO] PluginManager:220 - loadIPPluginJar : add hash
2025-06-27 17:29:46,940 [INFO] IPUIPlugin:80 - create IPUIPlugin
2025-06-27 17:29:46,940 [INFO] PluginManager:220 - loadIPPluginJar : add i2c
2025-06-27 17:29:46,942 [INFO] IPUIPlugin:80 - create IPUIPlugin
2025-06-27 17:29:46,943 [INFO] PluginManager:220 - loadIPPluginJar : add i2s
2025-06-27 17:29:46,949 [INFO] IPUIPlugin:80 - create IPUIPlugin
2025-06-27 17:29:46,949 [INFO] PluginManager:220 - loadIPPluginJar : add i3c
2025-06-27 17:29:46,952 [INFO] IPUIPlugin:80 - create IPUIPlugin
2025-06-27 17:29:46,952 [INFO] PluginManager:220 - loadIPPluginJar : add ipddr
2025-06-27 17:29:46,958 [INFO] IPUIPlugin:80 - create IPUIPlugin
2025-06-27 17:29:46,960 [INFO] PluginManager:220 - loadIPPluginJar : add linkedlist
2025-06-27 17:29:46,965 [INFO] IPUIPlugin:80 - create IPUIPlugin
2025-06-27 17:29:46,965 [INFO] PluginManager:220 - loadIPPluginJar : add lorawan
2025-06-27 17:29:46,966 [INFO] IPUIPlugin:80 - create IPUIPlugin
2025-06-27 17:29:46,967 [INFO] PluginManager:220 - loadIPPluginJar : add ltdc
2025-06-27 17:29:46,971 [INFO] IPUIPlugin:80 - create IPUIPlugin
2025-06-27 17:29:46,971 [INFO] PluginManager:220 - loadIPPluginJar : add mdma
2025-06-27 17:29:46,978 [INFO] IPUIPlugin:80 - create IPUIPlugin
2025-06-27 17:29:46,978 [INFO] PluginManager:220 - loadIPPluginJar : add nvic
2025-06-27 17:29:46,982 [INFO] IPUIPlugin:80 - create IPUIPlugin
2025-06-27 17:29:46,982 [INFO] PluginManager:220 - loadIPPluginJar : add opamp
2025-06-27 17:29:46,984 [INFO] IPUIPlugin:80 - create IPUIPlugin
2025-06-27 17:29:46,985 [INFO] PluginManager:220 - loadIPPluginJar : add openamp
2025-06-27 17:29:46,988 [INFO] IPUIPlugin:80 - create IPUIPlugin
2025-06-27 17:29:46,988 [INFO] PluginManager:220 - loadIPPluginJar : add pdm2pcm
2025-06-27 17:29:46,995 [INFO] IPUIPlugin:80 - create IPUIPlugin
2025-06-27 17:29:46,997 [INFO] PluginManager:220 - loadIPPluginJar : add plateformsettings
2025-06-27 17:29:47,000 [INFO] IPUIPlugin:80 - create IPUIPlugin
2025-06-27 17:29:47,000 [INFO] PluginManager:220 - loadIPPluginJar : add quadspi
2025-06-27 17:29:47,002 [INFO] IPUIPlugin:80 - create IPUIPlugin
2025-06-27 17:29:47,003 [INFO] PluginManager:220 - loadIPPluginJar : add radio
2025-06-27 17:29:47,005 [INFO] IPUIPlugin:80 - create IPUIPlugin
2025-06-27 17:29:47,005 [INFO] PluginManager:220 - loadIPPluginJar : add resmgrutility
2025-06-27 17:29:47,008 [INFO] IPUIPlugin:80 - create IPUIPlugin
2025-06-27 17:29:47,008 [INFO] PluginManager:220 - loadIPPluginJar : add sai
2025-06-27 17:29:47,010 [INFO] IPUIPlugin:80 - create IPUIPlugin
2025-06-27 17:29:47,011 [INFO] PluginManager:220 - loadIPPluginJar : add spi
2025-06-27 17:29:47,018 [INFO] IPUIPlugin:80 - create IPUIPlugin
2025-06-27 17:29:47,018 [INFO] PluginManager:220 - loadIPPluginJar : add stm32_wpan
2025-06-27 17:29:47,019 [INFO] IPUIPlugin:80 - create IPUIPlugin
2025-06-27 17:29:47,019 [INFO] PluginManager:220 - loadIPPluginJar : add tim
2025-06-27 17:29:47,024 [INFO] IPUIPlugin:80 - create IPUIPlugin
2025-06-27 17:29:47,024 [INFO] PluginManager:220 - loadIPPluginJar : add touchsensing
2025-06-27 17:29:47,026 [INFO] IPUIPlugin:80 - create IPUIPlugin
2025-06-27 17:29:47,026 [INFO] PluginManager:220 - loadIPPluginJar : add tracer_emb
2025-06-27 17:29:47,028 [INFO] IPUIPlugin:80 - create IPUIPlugin
2025-06-27 17:29:47,028 [INFO] PluginManager:220 - loadIPPluginJar : add ts
2025-06-27 17:29:47,030 [INFO] IPUIPlugin:80 - create IPUIPlugin
2025-06-27 17:29:47,030 [INFO] PluginManager:220 - loadIPPluginJar : add tsc
2025-06-27 17:29:47,032 [INFO] IPUIPlugin:80 - create IPUIPlugin
2025-06-27 17:29:47,032 [INFO] PluginManager:220 - loadIPPluginJar : add ucpd
2025-06-27 17:29:47,037 [INFO] IPUIPlugin:80 - create IPUIPlugin
2025-06-27 17:29:47,038 [INFO] PluginManager:220 - loadIPPluginJar : add usart
2025-06-27 17:29:47,040 [INFO] IPUIPlugin:80 - create IPUIPlugin
2025-06-27 17:29:47,041 [INFO] PluginManager:220 - loadIPPluginJar : add usbx
2025-06-27 17:29:47,181 [FATAL] Updater:351 - Updater called before beeing initialized
2025-06-27 17:29:47,223 [INFO] RulesReader:64 - Compatibility file has been processed (302 Rules)
2025-06-27 17:29:47,231 [INFO] RulesReader:64 - Compatibility file has been processed (302 Rules)
2025-06-27 17:29:47,242 [INFO] CADModel:165 - CPN selected for project level
2025-06-27 17:29:47,242 [INFO] CADModel:114 - Register for checkConnection events
2025-06-27 17:29:47,242 [FATAL] Updater:351 - Updater called before beeing initialized
2025-06-27 17:29:47,242 [ERROR] CADModel:125 - Updater not yet initialized, retry later 
2025-06-27 17:29:47,421 [FATAL] Updater:351 - Updater called before beeing initialized
2025-06-27 17:29:47,424 [INFO] CADModel:165 - CPN selected for project level
2025-06-27 17:29:47,424 [INFO] CADModel:114 - Register for checkConnection events
2025-06-27 17:29:47,424 [FATAL] Updater:351 - Updater called before beeing initialized
2025-06-27 17:29:47,424 [ERROR] CADModel:125 - Updater not yet initialized, retry later 
2025-06-27 17:29:47,438 [FATAL] Updater:351 - Updater called before beeing initialized
2025-06-27 17:29:47,554 [FATAL] Updater:351 - Updater called before beeing initialized
2025-06-27 17:29:47,557 [INFO] DbMcusAds:53 - JSON generation date=Thu Jun 19 14:02:34 IST 2025 (1750321954415)
2025-06-27 17:29:47,558 [FATAL] Updater:351 - Updater called before beeing initialized
2025-06-27 17:29:47,583 [WARN] DetailPanel:346 - Failed to get advertising image, set to default
2025-06-27 17:29:47,759 [FATAL] Updater:351 - Updater called before beeing initialized
2025-06-27 17:29:47,760 [FATAL] Updater:351 - Updater called before beeing initialized
2025-06-27 17:29:47,760 [FATAL] Updater:351 - Updater called before beeing initialized
2025-06-27 17:29:47,761 [WARN] DetailPanel:346 - Failed to get advertising image, set to default
2025-06-27 17:29:47,761 [FATAL] Updater:351 - Updater called before beeing initialized
2025-06-27 17:29:47,820 [ERROR] Updater:1198 - MainUpdater not yet initialized. External WinMGr cannot be set.
2025-06-27 17:29:47,822 [INFO] Updater:1134 - Updater Version found : 6.14.1
2025-06-27 17:29:47,840 [INFO] ApplicationProperties:184 - Using Application install path: C:\ST\STM32CubeIDE_1.16.0\STM32CubeIDE\plugins\com.st.stm32cube.common.mx_6.14.1.202504091515
2025-06-27 17:29:48,496 [INFO] McuFinderGlobals:63 - Set McuFinder mode to 2 (CubeIDE integrated)
2025-06-27 17:29:49,408 [INFO] ThirdPartyUpdaterWithRetryManager:70 - Updater plugin not ready yet. [2/15]
2025-06-27 17:29:49,421 [ERROR] LogOutputStream:75 - [STDERR_REDIRECT] Jun 27, 2025 5:29:49 PM java.util.prefs.WindowsPreferences <init>
2025-06-27 17:29:49,423 [ERROR] LogOutputStream:75 - [STDERR_REDIRECT] WARNING: Could not open/create prefs root node Software\JavaSoft\Prefs at root 0xffffffff80000002. Windows RegCreateKeyEx(...) returned error code 5.
2025-06-27 17:29:49,423 [ERROR] LogOutputStream:75 - [STDERR_REDIRECT] 
2025-06-27 17:29:50,262 [INFO] MainUpdater:2872 - connection check result : 10
2025-06-27 17:29:50,263 [INFO] MainUpdater:289 - Updater Check For Update Now.
2025-06-27 17:29:50,264 [INFO] MicroXplorer:498 - Change Database Version : DB.6.0.141
2025-06-27 17:29:50,284 [INFO] McuFinderGlobals:63 - Set McuFinder mode to 2 (CubeIDE integrated)
2025-06-27 17:29:50,285 [INFO] UserAuth:484 - Internet connection configuration mode: 1
2025-06-27 17:29:50,332 [INFO] JxBrowserEngine:152 - Initiate JxBrowser Engine with user profile folder
2025-06-27 17:29:50,462 [INFO] CheckServerUpdateThread:120 - End of CheckServer Thread
2025-06-27 17:29:50,494 [INFO] MainUpdater:2872 - connection check result : 10
2025-06-27 17:29:51,015 [INFO] ApiDb:581 - Connected to CubeFinder SQLite database (C:\Users\nisha\.stmcufinder\plugins\mcufinder\mcu\cube-finder-db.db)
2025-06-27 17:29:51,119 [INFO] ApiDb:668 - CubeFinder database Data Model version=2.1
2025-06-27 17:29:51,119 [INFO] ApiDb:669 - CubeFinder database Configuration version=3.0.39
2025-06-27 17:29:51,120 [INFO] ApiDb:670 - CubeFinder database generation date=2025-06-16 (1750072209)
2025-06-27 17:29:51,120 [INFO] ApiDb:671 - CubeFinder database FW Pack versions=[FP-ATR-ASTRA1_V2.0.0, FP-SNS-FLIGHT1_V5.1.0, FP-SNS-MOTENV1_V5.0.0, FP-SNS-MOTENVWB1_V1.4.0, FP-SNS-SMARTAG2_V1.2.0, FP-SNS-STBOX1_V2.0.0, STM32Cube_FW_C0_V1.4.0, STM32Cube_FW_F4_V1.28.2, STM32Cube_FW_F7_V1.17.3, STM32Cube_FW_G0_V1.6.2, STM32Cube_FW_G4_V1.6.1, STM32Cube_FW_H5_V1.5.0, STM32Cube_FW_H7RS_V1.2.0, STM32Cube_FW_H7_V1.12.1, STM32Cube_FW_L0_V1.12.2, STM32Cube_FW_L4_V1.18.1, STM32Cube_FW_L5_V1.5.1, STM32Cube_FW_N6_V1.1.1, STM32Cube_FW_U0_V1.2.0, STM32Cube_FW_U3_V1.1.0, STM32Cube_FW_U5_V1.7.0, STM32Cube_FW_WB0_V1.2.0, STM32Cube_FW_WBA_V1.6.0, STM32Cube_FW_WB_V1.22.0, STM32Cube_FW_WL3_V1.1.0, STM32Cube_FW_WL_V1.3.1, X-CUBE-ALGOBUILD_V1.4.0, X-CUBE-ALS_V1.0.2, X-CUBE-AZRTOS-F4_V1.1.0, X-CUBE-AZRTOS-F7_V1.1.0, X-CUBE-AZRTOS-G0_V1.1.0, X-CUBE-AZRTOS-G4_V2.0.0, X-CUBE-AZRTOS-H7RS_V1.1.0, X-CUBE-AZRTOS-H7_V3.3.0, X-CUBE-AZRTOS-L4_V2.0.0, X-CUBE-AZRTOS-L5_V2.0.0, X-CUBE-AZRTOS-WB_V2.0.0, X-CUBE-AZRTOS-WL_V2.0.0, X-CUBE-BLE1_V7.1.0, X-CUBE-BLE2_V3.3.0, X-CUBE-BLEMGR_V4.0.0, X-CUBE-EEPRMA1_V5.1.0, X-CUBE-FREERTOS_V1.3.1, X-CUBE-GNSS1_V6.0.0, X-CUBE-MEMS1_V11.3.0, X-CUBE-NFC4_V3.0.0, X-CUBE-NFC7_V2.0.0, X-CUBE-SFXS2LP1_V4.0.0, X-CUBE-SUBG2_V5.0.0, X-CUBE-TOF1_V3.4.3]
2025-06-27 17:29:51,185 [INFO] DbBoardsSqlite:226 - include board P-NUCLEO-WB55-NUCLEO as a kit item of type 'Nucleo-64'
2025-06-27 17:29:51,186 [INFO] DbBoardsSqlite:226 - include board P-NUCLEO-WB55-USBDONGLE as a kit item of type 'Nucleo USB Dongle'
2025-06-27 17:29:51,186 [INFO] DbBoardsSqlite:226 - include board STEVAL-IDP005V1 as a kit item of type 'Evaluation Board'
2025-06-27 17:29:51,186 [INFO] DbBoardsSqlite:226 - include board STEVAL-IDP005V2 as a kit item of type 'Evaluation Board'
2025-06-27 17:29:51,258 [INFO] ApiDb:240 - Found 895 in-development CPN: [B-G473E-ZEST1S, B-WB1M-WPAN1, B-WBA5M-WPAN, B-WL5M-SUBG1, NUCLEO-C031C6, NUCLEO-C051C8, NUCLEO-C071RB, NUCLEO-C092RC, NUCLEO-H503RB, NUCLEO-H533RE, NUCLEO-H563ZI, NUCLEO-H7S3L8, NUCLEO-N657X0-Q, NUCLEO-U031R8, NUCLEO-U083RC, NUCLEO-U385RG-Q, NUCLEO-U545RE-Q, NUCLEO-U5A5ZJ-Q, NUCLEO-WB05KZ, NUCLEO-WB07CC, NUCLEO-WB09KE, NUCLEO-WBA52CG, NUCLEO-WBA55CG, NUCLEO-WBA65RI, NUCLEO-WL33CC1, NUCLEO-WL33CC2, STEVAL-PROTEUS1, STEVAL-SMARTAG2, STEVAL-STWINBX1, STM320518-EVAL, STM32C0116-DK, STM32C011D6Y3TR, STM32C011D6Y6TR, STM32C011F4P3, STM32C011F4P6, STM32C011F4U3, STM32C011F4U6TR, STM32C011F6P3, STM32C011F6P6, STM32C011F6U3, STM32C011F6U6TR, STM32C011J4M3, STM32C011J4M6, STM32C011J6M3, STM32C011J6M6, STM32C0316-DK, STM32C031C4T3, STM32C031C4T6, STM32C031C4U3, STM32C031C4U6, STM32C031C6T3, STM32C031C6T6, STM32C031C6U3, STM32C031C6U6, STM32C031F4P3, STM32C031F4P6, STM32C031F6P3, STM32C031F6P6, STM32C031G4U3, STM32C031G4U6, STM32C031G6U3, STM32C031G6U6, STM32C031K4T3, STM32C031K4T6, STM32C031K4U3, STM32C031K4U6, STM32C031K6T3, STM32C031K6T6, STM32C031K6U3, STM32C031K6U6, STM32C051C6T6, STM32C051C6U6, STM32C051C8T6, STM32C051C8U6, STM32C051D8Y6TR, STM32C051F6P6, STM32C051F8P6, STM32C051G6U6, STM32C051G8U6, STM32C051K6T6, STM32C051K6U6, STM32C051K8T6, STM32C071C8T6, STM32C071C8T6N, STM32C071C8U6, STM32C071C8U6N, STM32C071CBT6, STM32C071CBT6N, STM32C071CBU6, STM32C071CBU6N, STM32C071F8P6, STM32C071F8P6N, STM32C071FBP6, STM32C071FBP6N, STM32C071FBY6TR, STM32C071G8U6, STM32C071G8U6N, STM32C071GBU6, STM32C071GBU6N, STM32C071K8T6, STM32C071K8T6N, STM32C071K8U6, STM32C071K8U6N, STM32C071KBT6, STM32C071KBT6N, STM32C071KBU6, STM32C071KBU6N, STM32C071R8T6, STM32C071R8T6N, STM32C071RBI6N, STM32C071RBT6, STM32C071RBT6N, STM32C091CBT6, STM32C091CBU6, STM32C091CCT6, STM32C091CCU6, STM32C091ECY6TR, STM32C091FBP6, STM32C091FCP6, STM32C091GBU6, STM32C091GCU6, STM32C091KBT6, STM32C091KBU6, STM32C091KCT6, STM32C091KCU6, STM32C091RBT6, STM32C091RCI6, STM32C091RCT6, STM32C092CBT6, STM32C092CBU6, STM32C092CCT6, STM32C092CCU6, STM32C092ECY6TR, STM32C092FBP6, STM32C092FCP6, STM32C092GBU6, STM32C092GCU6, STM32C092KBT6, STM32C092KBU6, STM32C092KCT6, STM32C092KCU6, STM32C092RBT6, STM32C092RCI6, STM32C092RCT6, STM32G071K8TXN, STM32G071K8UXN, STM32G081GBU6N, STM32G081KBT6N, STM32G081KBUXN, STM32G0B1CCT6N, STM32G0B1KCT6, STM32G0B1NEY6TR, STM32G0B1RCT6N, STM32G0C1CCT6, STM32G0C1CCT6N, STM32G0C1CCU6N, STM32G0C1CET6N, STM32G0C1CEU6N, STM32G0C1KCT6, STM32G0C1NEY6TR, STM32G0C1RCI6N, STM32G0C1RCT6N, STM32G0C1REI6N, STM32G0C1RET6N, STM32G0C1VCI6, STM32G0C1VEI6, STM32G411C6T3, STM32G411C6T6, STM32G411C6U3, STM32G411C6U6, STM32G411C8T3, STM32G411C8T6, STM32G411C8U3, STM32G411C8U6, STM32G411CBT3, STM32G411CBT6, STM32G411CBU3, STM32G411CBU6, STM32G411CCT3, STM32G411CCT6, STM32G411CCU3, STM32G411CCU6, STM32G411K6T3, STM32G411K6T6, STM32G411K6U3, STM32G411K6U6, STM32G411K8T3, STM32G411K8T6, STM32G411K8U3, STM32G411K8U6, STM32G411KBT3, STM32G411KBT6, STM32G411KBU3, STM32G411KBU6, STM32G411M6T3, STM32G411M6T6, STM32G411M8T3, STM32G411M8T6, STM32G411MBT3, STM32G411MBT6, STM32G411MCT3, STM32G411MCT6, STM32G411R6T3, STM32G411R6T6, STM32G411R8T3, STM32G411R8T6, STM32G411RBT3, STM32G411RBT6, STM32G411RCT3, STM32G411RCT6, STM32G414CBT3, STM32G414CBT6, STM32G414CBU3, STM32G414CBU6, STM32G414CCT3, STM32G414CCT6, STM32G414CCU3, STM32G414CCU6, STM32G414MBT3, STM32G414MBT6, STM32G414MCT3, STM32G414MCT6, STM32G414RBT3, STM32G414RBT6, STM32G414RCT3, STM32G414RCT6, STM32G414VBT3, STM32G414VBT6, STM32G414VCT3, STM32G414VCT6, STM32G431CBT3Z, STM32G431RBT3Z, STM32G471CCT6, STM32G471CCU6, STM32G471CET3, STM32G471CET6, STM32G471CEU3, STM32G471CEU6, STM32G471MCT6, STM32G471MET3, STM32G471MET6, STM32G471MEY6TR, STM32G471QCT6, STM32G471QET3, STM32G471RCT6, STM32G471RET3, STM32G471RET6, STM32G471VCH6, STM32G471VCI6, STM32G471VCT6, STM32G471VEH3, STM32G471VEH6, STM32G471VEI3, STM32G471VEI6, STM32G471VET3, STM32G471VET6, STM32G473QET3Z, STM32G473RET3Z, STM32G474CCT6, STM32G491RET3Z, STM32H503CBT6, STM32H503CBU6, STM32H503EBY6TR, STM32H503KBU6, STM32H503RBT6, STM32H523CCT6, STM32H523CCU6, STM32H523CET6, STM32H523CEU6, STM32H523HEY6TR, STM32H523RCT6, STM32H523RET6, STM32H523VCI6, STM32H523VCT6, STM32H523VEI6, STM32H523VET6, STM32H523ZCJ6, STM32H523ZCT6, STM32H523ZEJ6, STM32H523ZET6, STM32H533CET6, STM32H533CEU6, STM32H533HEY6TR, STM32H533RET6, STM32H533VEI6, STM32H533VET6, STM32H533ZEJ6, STM32H533ZET6, STM32H562AGI6, STM32H562AII6, STM32H562IGK6, STM32H562IGT6, STM32H562IIK6, STM32H562IIT6, STM32H562RGT6, STM32H562RGV6, STM32H562RIT6, STM32H562RIV6, STM32H562VGT6, STM32H562VIT6, STM32H562ZGT6, STM32H562ZIT6, STM32H563AGI6, STM32H563AII3Q, STM32H563AII6, STM32H563IGK6, STM32H563IGT6, STM32H563IIK3Q, STM32H563IIK6, STM32H563IIT3Q, STM32H563IIT6, STM32H563MIY3QTR, STM32H563RGT6, STM32H563RGV6, STM32H563RIT6, STM32H563RIV6, STM32H563VGT6, STM32H563VIT3Q, STM32H563VIT6, STM32H563ZGT6, STM32H563ZIT3Q, STM32H563ZIT6, STM32H573AII3Q, STM32H573AII6, STM32H573I-DK, STM32H573IIK3Q, STM32H573IIK6, STM32H573IIT3Q, STM32H573IIT6, STM32H573MIY3QTR, STM32H573RIT6, STM32H573RIV6, STM32H573VIT3Q, STM32H573VIT6, STM32H573ZIT3Q, STM32H573ZIT6, STM32H7R3A8I6, STM32H7R3I8K6, STM32H7R3I8T6, STM32H7R3L8H6, STM32H7R3L8H6H, STM32H7R3R8V6, STM32H7R3V8H6, STM32H7R3V8T6, STM32H7R3V8Y6TR, STM32H7R3Z8J6, STM32H7R3Z8T6, STM32H7R7A8I6, STM32H7R7I8K6, STM32H7R7I8T6, STM32H7R7L8H6, STM32H7R7L8H6H, STM32H7R7Z8J6, STM32H7S3A8I6, STM32H7S3I8K6, STM32H7S3I8T6, STM32H7S3L8H6, STM32H7S3L8H6H, STM32H7S3R8V6, STM32H7S3V8H6, STM32H7S3V8T6, STM32H7S3V8Y6TR, STM32H7S3Z8J6, STM32H7S3Z8T6, STM32H7S78-DK, STM32H7S7A8I6, STM32H7S7I8K6, STM32H7S7I8T6, STM32H7S7L8H6, STM32H7S7L8H6H, STM32H7S7Z8J6, STM32L4R5QGI6STR, STM32MP131AAE3, STM32MP131AAF3, STM32MP131AAG3, STM32MP131CAE3, STM32MP131CAF3, STM32MP131CAG3, STM32MP131DAE7, STM32MP131DAF7, STM32MP131DAG7, STM32MP131FAE7, STM32MP131FAF7, STM32MP131FAG7, STM32MP133AAE3, STM32MP133AAF3, STM32MP133AAG3, STM32MP133CAE3, STM32MP133CAF3, STM32MP133CAG3, STM32MP133DAE7, STM32MP133DAF7, STM32MP133DAG7, STM32MP133FAE7, STM32MP133FAF7, STM32MP133FAG7, STM32MP135AAE3, STM32MP135AAF3, STM32MP135AAG3, STM32MP135CAE3, STM32MP135CAF3, STM32MP135CAG3, STM32MP135DAE7, STM32MP135DAF7, STM32MP135DAG7, STM32MP135F-DK, STM32MP135FAE7, STM32MP135FAF7, STM32MP135FAF7T, STM32MP135FAF7U, STM32MP135FAG7, STM32MP231AAJ3, STM32MP231AAK3, STM32MP231AAL3, STM32MP231CAJ3, STM32MP231CAK3, STM32MP231CAL3, STM32MP231DAJ3, STM32MP231DAK3, STM32MP231DAL3, STM32MP231FAJ3, STM32MP231FAK3, STM32MP231FAL3, STM32MP233AAJ3, STM32MP233AAK3, STM32MP233AAL3, STM32MP233CAJ3, STM32MP233CAK3, STM32MP233CAL3, STM32MP233DAJ3, STM32MP233DAK3, STM32MP233DAL3, STM32MP233FAJ3, STM32MP233FAK3, STM32MP233FAL3, STM32MP235AAJ3, STM32MP235AAK3, STM32MP235AAL3, STM32MP235CAJ3, STM32MP235CAK3, STM32MP235CAL3, STM32MP235DAJ3, STM32MP235DAK3, STM32MP235DAL3, STM32MP235FAJ3, STM32MP235FAK3, STM32MP235FAL3, STM32MP251AAI3, STM32MP251AAJ3, STM32MP251AAK3, STM32MP251AAL3, STM32MP251CAI3, STM32MP251CAJ3, STM32MP251CAK3, STM32MP251CAL3, STM32MP251DAI3, STM32MP251DAJ3, STM32MP251DAK3, STM32MP251DAL3, STM32MP251FAI3, STM32MP251FAJ3, STM32MP251FAK3, STM32MP251FAL3, STM32MP253AAI3, STM32MP253AAJ3, STM32MP253AAK3, STM32MP253AAL3, STM32MP253CAI3, STM32MP253CAJ3, STM32MP253CAK3, STM32MP253CAL3, STM32MP253DAI3, STM32MP253DAJ3, STM32MP253DAK3, STM32MP253DAL3, STM32MP253FAI3, STM32MP253FAJ3, STM32MP253FAK3, STM32MP253FAL3, STM32MP255AAI3, STM32MP255AAJ3, STM32MP255AAK3, STM32MP255AAL3, STM32MP255CAI3, STM32MP255CAJ3, STM32MP255CAK3, STM32MP255CAL3, STM32MP255DAI3, STM32MP255DAJ3, STM32MP255DAK3, STM32MP255DAL3, STM32MP255FAI3, STM32MP255FAJ3, STM32MP255FAK3, STM32MP255FAL3, STM32MP257AAI3, STM32MP257AAJ3, STM32MP257AAK3, STM32MP257AAL3, STM32MP257CAI3, STM32MP257CAJ3, STM32MP257CAK3, STM32MP257CAL3, STM32MP257DAI3, STM32MP257DAJ3, STM32MP257DAK3, STM32MP257DAL3, STM32MP257F-DK, STM32MP257F-EV1, STM32MP257FAI3, STM32MP257FAJ3, STM32MP257FAK3, STM32MP257FAL3, STM32N645A0H3Q, STM32N645B0H3Q, STM32N645I0H3Q, STM32N645L0H3Q, STM32N645X0H3Q, STM32N645Z0H3Q, STM32N647A0H3Q, STM32N647B0H3Q, STM32N647I0H3Q, STM32N647L0H3Q, STM32N647X0H3Q, STM32N647Z0H3Q, STM32N655A0H3Q, STM32N655B0H3Q, STM32N655I0H3Q, STM32N655L0H3Q, STM32N655X0H3Q, STM32N655Z0H3Q, STM32N6570-DK, STM32N657A0H3Q, STM32N657B0H3Q, STM32N657I0H3Q, STM32N657L0H3Q, STM32N657X0H3Q, STM32N657Z0H3Q, STM32U031C6T6, STM32U031C6U6, STM32U031C8T6, STM32U031C8U6, STM32U031F4P6, STM32U031F6P6, STM32U031F8P6, STM32U031G6Y6TR, STM32U031G8Y6TR, STM32U031K4U6, STM32U031K6U6, STM32U031K8U6, STM32U031R6I6, STM32U031R6T6, STM32U031R8I6, STM32U031R8T6, STM32U073C8T6, STM32U073C8U6, STM32U073CBT6, STM32U073CBU6, STM32U073CCT6, STM32U073CCU6, STM32U073H8Y6TR, STM32U073HBY6TR, STM32U073HCY6TR, STM32U073K8U6, STM32U073KBU6, STM32U073KCU6, STM32U073M8I6, STM32U073M8T6, STM32U073MBI6, STM32U073MBT6, STM32U073MCI6, STM32U073MCT6, STM32U073R8I6, STM32U073R8T6, STM32U073RBI6, STM32U073RBT6, STM32U073RCI6, STM32U073RCT6, STM32U083C-DK, STM32U083CCT6, STM32U083CCU6, STM32U083HCY6TR, STM32U083KCU6, STM32U083MCI6, STM32U083MCT6, STM32U083RCI6, STM32U083RCT6, STM32U375CET6, STM32U375CET6Q, STM32U375CEU6, STM32U375CEU6Q, STM32U375CEY6QTR, STM32U375CGT6, STM32U375CGT6Q, STM32U375CGU6, STM32U375CGU6Q, STM32U375CGY6QTR, STM32U375KEU6, STM32U375KGU6, STM32U375REI6, STM32U375REI6Q, STM32U375RET6, STM32U375RET6Q, STM32U375REY6GTR, STM32U375REY6QTR, STM32U375RGI6, STM32U375RGI6Q, STM32U375RGT6, STM32U375RGT6Q, STM32U375RGY6GTR, STM32U375RGY6QTR, STM32U375VEI6, STM32U375VEI6Q, STM32U375VET6, STM32U375VET6Q, STM32U375VGI6, STM32U375VGI6Q, STM32U375VGT6, STM32U375VGT6Q, STM32U385CGT6, STM32U385CGT6Q, STM32U385CGU6, STM32U385CGU6Q, STM32U385CGY6QTR, STM32U385KGU6, STM32U385RGI6, STM32U385RGI6Q, STM32U385RGT6, STM32U385RGT6Q, STM32U385RGY6GTR, STM32U385RGY6QTR, STM32U385VGI6, STM32U385VGI6Q, STM32U385VGT6, STM32U385VGT6Q, STM32U535CBT6, STM32U535CBT6Q, STM32U535CBU6, STM32U535CBU6Q, STM32U535CCT6, STM32U535CCT6Q, STM32U535CCU6, STM32U535CCU6Q, STM32U535CET6, STM32U535CET6Q, STM32U535CEU6, STM32U535CEU6Q, STM32U535JEY6QTR, STM32U535NCY6QTR, STM32U535NEY6QTR, STM32U535RBI6, STM32U535RBI6Q, STM32U535RBT6, STM32U535RBT6Q, STM32U535RCI6, STM32U535RCI6Q, STM32U535RCT6, STM32U535RCT6Q, STM32U535REI6, STM32U535REI6Q, STM32U535RET6, STM32U535RET6Q, STM32U535VCI6, STM32U535VCI6Q, STM32U535VCT6, STM32U535VCT6Q, STM32U535VEI6, STM32U535VEI6Q, STM32U535VET6, STM32U535VET6Q, STM32U545CET6, STM32U545CET6Q, STM32U545CEU6, STM32U545CEU6Q, STM32U545JEY6QTR, STM32U545NEY6QTR, STM32U545REI6, STM32U545REI6Q, STM32U545RET6, STM32U545RET6Q, STM32U545VEI6, STM32U545VEI6Q, STM32U545VET6, STM32U545VET6Q, STM32U595AIH6, STM32U595AIH6Q, STM32U595AJH6, STM32U595AJH6Q, STM32U595QII6, STM32U595QII6Q, STM32U595QJI6, STM32U595QJI6Q, STM32U595RIT6, STM32U595RIT6Q, STM32U595RJT6, STM32U595RJT6Q, STM32U595VIT6, STM32U595VIT6Q, STM32U595VJT6, STM32U595VJT6Q, STM32U595ZIT6, STM32U595ZIT6Q, STM32U595ZIY6QTR, STM32U595ZJT6, STM32U595ZJT6Q, STM32U595ZJY6QTR, STM32U599BJY6QTR, STM32U599NIH6Q, STM32U599NJH6Q, STM32U599VIT6Q, STM32U599VJT6, STM32U599VJT6Q, STM32U599ZIT6Q, STM32U599ZIY6QTR, STM32U599ZJT6Q, STM32U599ZJY6QTR, STM32U5A5AJH6, STM32U5A5AJH6Q, STM32U5A5QII3Q , STM32U5A5QJI6, STM32U5A5QJI6Q, STM32U5A5RJT6, STM32U5A5RJT6Q, STM32U5A5VJT6, STM32U5A5VJT6Q, STM32U5A5ZJT6, STM32U5A5ZJT6Q, STM32U5A5ZJY6QTR, STM32U5A9BJY6QTR, STM32U5A9J-DK, STM32U5A9NJH6Q, STM32U5A9VJT6Q, STM32U5A9ZJT6Q, STM32U5A9ZJY6QTR, STM32U5F7VIT6, STM32U5F7VIT6Q, STM32U5F7VJT6, STM32U5F7VJT6Q, STM32U5F9BJY6QTR, STM32U5F9NJH6Q, STM32U5F9VIT6Q, STM32U5F9VJT6Q, STM32U5F9ZIJ6QTR, STM32U5F9ZIT6Q, STM32U5F9ZJJ6QTR, STM32U5F9ZJT6Q, STM32U5G7VJT6, STM32U5G7VJT6Q, STM32U5G9BJY6QTR, STM32U5G9J-DK1, STM32U5G9J-DK2, STM32U5G9NJH6Q, STM32U5G9VJT6Q, STM32U5G9ZJJ6QTR, STM32U5G9ZJT6Q, STM32WB05KZV6TR, STM32WB05KZV7TR, STM32WB05TZF6TR, STM32WB05TZF7TR, STM32WB06CCF6TR, STM32WB06CCF7TR, STM32WB06CCV6TR, STM32WB06CCV7TR, STM32WB06KCV6TR, STM32WB06KCV7TR, STM32WB07CCF6TR, STM32WB07CCF7TR, STM32WB07CCV6TR, STM32WB07CCV7TR, STM32WB07KCV6TR, STM32WB07KCV7TR, STM32WB09KEV6TR, STM32WB09KEV7TR, STM32WB09TEF6TR, STM32WB09TEF7TR, STM32WB1MMCH6, STM32WBA50KGU6, STM32WBA50KGU6TR, STM32WBA52CEU6, STM32WBA52CEU6TR, STM32WBA52CEU7, STM32WBA52CEU7TR, STM32WBA52CGU6, STM32WBA52CGU6TR, STM32WBA52CGU6U, STM32WBA52CGU7, STM32WBA52CGU7TR, STM32WBA52KEU6, STM32WBA52KEU6TR, STM32WBA52KGU6, STM32WBA52KGU6TR, STM32WBA54CEU6, STM32WBA54CEU6TR, STM32WBA54CEU7, STM32WBA54CEU7TR, STM32WBA54CGU6, STM32WBA54CGU6TR, STM32WBA54CGU7, STM32WBA54CGU7TR, STM32WBA54KEU6, STM32WBA54KEU6TR, STM32WBA54KEU7, STM32WBA54KEU7TR, STM32WBA54KGU6, STM32WBA54KGU6TR, STM32WBA54KGU7, STM32WBA54KGU7TR, STM32WBA55CEU6, STM32WBA55CEU6TR, STM32WBA55CEU7, STM32WBA55CEU7TR, STM32WBA55CGU6, STM32WBA55CGU6TR, STM32WBA55CGU6U, STM32WBA55CGU7, STM32WBA55CGU7TR, STM32WBA55G-DK1, STM32WBA55HEF6, STM32WBA55HEF7, STM32WBA55HGF6, STM32WBA55HGF7, STM32WBA55UEI6, STM32WBA55UEI6TR, STM32WBA55UEI7, STM32WBA55UEI7TR, STM32WBA55UGI6, STM32WBA55UGI6TR, STM32WBA55UGI7, STM32WBA55UGI7TR, STM32WBA5MJGH6TR, STM32WBA62CGU6, STM32WBA62CIU6, STM32WBA62MGF6, STM32WBA62MIF6, STM32WBA62PGI6, STM32WBA62PII6, STM32WBA63CGU6, STM32WBA63CGU7, STM32WBA63CIU6, STM32WBA63CIU7, STM32WBA64CGU6, STM32WBA64CGU7, STM32WBA64CIU6, STM32WBA64CIU7, STM32WBA65CGU6, STM32WBA65CGU7, STM32WBA65CIU6, STM32WBA65CIU7, STM32WBA65I-DK1, STM32WBA65MGF6, STM32WBA65MGF7, STM32WBA65MIF6, STM32WBA65MIF7, STM32WBA65PGI6, STM32WBA65PGI7, STM32WBA65PII6, STM32WBA65PII7, STM32WBA65RGV6, STM32WBA65RGV7, STM32WBA65RIV6, STM32WBA65RIV7, STM32WL30K8V6, STM32WL30KBV6, STM32WL31C8V6, STM32WL31CBV6, STM32WL31K8V6, STM32WL31KBV6, STM32WL33C8V6, STM32WL33C8V6TR, STM32WL33C8V7, STM32WL33C8V7TR, STM32WL33CBV6, STM32WL33CBV6TR, STM32WL33CBV7, STM32WL33CBV7TR, STM32WL33CCV6, STM32WL33CCV6TR, STM32WL33CCV7, STM32WL33CCV7A, STM32WL33CCV7ATR, STM32WL33CCV7TR, STM32WL33K8V6, STM32WL33K8V6TR, STM32WL33K8V7, STM32WL33K8V7TR, STM32WL33KBV6, STM32WL33KBV6TR, STM32WL33KBV7, STM32WL33KBV7TR, STM32WL33KCV6, STM32WL33KCV6TR, STM32WL33KCV7, STM32WL33KCV7TR, STM32WL5MOCH6, STM32WL5MOCH6TR]
2025-06-27 17:29:51,302 [INFO] WebApp:169 - Instantiating new browser for Auth
2025-06-27 17:29:51,502 [INFO] BoardInfo:889 - No configuration file found for board P-NUCLEO-WB55
2025-06-27 17:29:51,503 [INFO] DbBoards:161 - Kit is not supported: P-NUCLEO-WB55
2025-06-27 17:29:51,509 [INFO] BoardInfo:889 - No configuration file found for board STEVAL-BFA001V1B
2025-06-27 17:29:51,511 [INFO] DbBoards:161 - Kit is not supported: STEVAL-BFA001V1B
2025-06-27 17:29:51,512 [INFO] BoardInfo:889 - No configuration file found for board STEVAL-BFA001V2B
2025-06-27 17:29:51,514 [INFO] DbBoards:161 - Kit is not supported: STEVAL-BFA001V2B
2025-06-27 17:29:51,772 [INFO] DbBoards:168 - Found 211 boards, 208 are supported
2025-06-27 17:29:51,772 [INFO] DbBoards:169 - Found 211 boards, 43 of them is supported for  Bsp
2025-06-27 17:29:51,776 [INFO] ApiDb:668 - CubeFinder database Data Model version=2.1
2025-06-27 17:29:51,776 [INFO] ApiDb:669 - CubeFinder database Configuration version=3.0.39
2025-06-27 17:29:51,776 [INFO] ApiDb:670 - CubeFinder database generation date=2025-06-16 (1750072209)
2025-06-27 17:29:51,776 [INFO] ApiDb:671 - CubeFinder database FW Pack versions=[FP-ATR-ASTRA1_V2.0.0, FP-SNS-FLIGHT1_V5.1.0, FP-SNS-MOTENV1_V5.0.0, FP-SNS-MOTENVWB1_V1.4.0, FP-SNS-SMARTAG2_V1.2.0, FP-SNS-STBOX1_V2.0.0, STM32Cube_FW_C0_V1.4.0, STM32Cube_FW_F4_V1.28.2, STM32Cube_FW_F7_V1.17.3, STM32Cube_FW_G0_V1.6.2, STM32Cube_FW_G4_V1.6.1, STM32Cube_FW_H5_V1.5.0, STM32Cube_FW_H7RS_V1.2.0, STM32Cube_FW_H7_V1.12.1, STM32Cube_FW_L0_V1.12.2, STM32Cube_FW_L4_V1.18.1, STM32Cube_FW_L5_V1.5.1, STM32Cube_FW_N6_V1.1.1, STM32Cube_FW_U0_V1.2.0, STM32Cube_FW_U3_V1.1.0, STM32Cube_FW_U5_V1.7.0, STM32Cube_FW_WB0_V1.2.0, STM32Cube_FW_WBA_V1.6.0, STM32Cube_FW_WB_V1.22.0, STM32Cube_FW_WL3_V1.1.0, STM32Cube_FW_WL_V1.3.1, X-CUBE-ALGOBUILD_V1.4.0, X-CUBE-ALS_V1.0.2, X-CUBE-AZRTOS-F4_V1.1.0, X-CUBE-AZRTOS-F7_V1.1.0, X-CUBE-AZRTOS-G0_V1.1.0, X-CUBE-AZRTOS-G4_V2.0.0, X-CUBE-AZRTOS-H7RS_V1.1.0, X-CUBE-AZRTOS-H7_V3.3.0, X-CUBE-AZRTOS-L4_V2.0.0, X-CUBE-AZRTOS-L5_V2.0.0, X-CUBE-AZRTOS-WB_V2.0.0, X-CUBE-AZRTOS-WL_V2.0.0, X-CUBE-BLE1_V7.1.0, X-CUBE-BLE2_V3.3.0, X-CUBE-BLEMGR_V4.0.0, X-CUBE-EEPRMA1_V5.1.0, X-CUBE-FREERTOS_V1.3.1, X-CUBE-GNSS1_V6.0.0, X-CUBE-MEMS1_V11.3.0, X-CUBE-NFC4_V3.0.0, X-CUBE-NFC7_V2.0.0, X-CUBE-SFXS2LP1_V4.0.0, X-CUBE-SUBG2_V5.0.0, X-CUBE-TOF1_V3.4.3]
2025-06-27 17:29:51,993 [INFO] WebApp:463 - Apply proxy settings
2025-06-27 17:29:51,993 [INFO] WebApp:548 - Chromium requires no authentication
2025-06-27 17:29:52,000 [INFO] WebApp:491 - Direct internet connection detected
2025-06-27 17:29:52,017 [INFO] WebApp:894 - Register for checkConnection events
2025-06-27 17:29:52,017 [INFO] WebApp:463 - Apply proxy settings
2025-06-27 17:29:52,018 [INFO] WebApp:548 - Chromium requires no authentication
2025-06-27 17:29:52,018 [INFO] WebApp:491 - Direct internet connection detected
2025-06-27 17:29:52,135 [INFO] WebApp:225 - Starting web application
2025-06-27 17:29:52,135 [INFO] WebApp:593 - Web application path used C:\ST\STM32CubeIDE_1.16.0\STM32CubeIDE\plugins\com.st.stm32cube.common.mx_6.14.1.202504091515\db\plugins\mcufinder\reactClient1\index.html
2025-06-27 17:29:52,208 [INFO] UserAuth:484 - Internet connection configuration mode: 1
2025-06-27 17:29:52,612 [WARN] PackLoader:240 - Cannot read IP mode file for STMicroelectronics.FP-SNS-MOTENVWB1.1.4.0
2025-06-27 17:29:52,624 [WARN] PackLoader:240 - Cannot read IP mode file for STMicroelectronics.X-CUBE-SMBUS.2.1.0
2025-06-27 17:29:52,631 [WARN] PackLoader:240 - Cannot read IP mode file for STMicroelectronics.X-CUBE-WB05N.1.1.0
2025-06-27 17:29:52,637 [WARN] PackLoader:240 - Cannot read IP mode file for STMicroelectronics.X-CUBE-ST60.1.0.0
2025-06-27 17:29:52,663 [WARN] PackLoader:240 - Cannot read IP mode file for STMicroelectronics.X-CUBE-AZRTOS-F7.1.1.0
2025-06-27 17:29:52,706 [WARN] PackLoader:240 - Cannot read IP mode file for STMicroelectronics.X-CUBE-MEMS1.11.0.0
2025-06-27 17:29:52,810 [WARN] PackLoader:240 - Cannot read IP mode file for STMicroelectronics.FP-SNS-FLIGHT1.5.0.2
2025-06-27 17:29:52,817 [WARN] PackLoader:240 - Cannot read IP mode file for STMicroelectronics.X-CUBE-DISPLAY.3.0.0
2025-06-27 17:29:52,825 [WARN] PackLoader:240 - Cannot read IP mode file for STMicroelectronics.X-CUBE-BLE1.7.0.0
2025-06-27 17:29:52,830 [WARN] PackLoader:240 - Cannot read IP mode file for STMicroelectronics.X-CUBE-NFC10.1.0.0
2025-06-27 17:29:52,836 [WARN] PackLoader:240 - Cannot read IP mode file for emotas.I-CUBE-CANOPEN.1.3.0
2025-06-27 17:29:52,843 [WARN] PackLoader:240 - Cannot read IP mode file for STMicroelectronics.X-CUBE-BLEMGR.3.1.0
2025-06-27 17:29:52,848 [WARN] PackLoader:240 - Cannot read IP mode file for STMicroelectronics.FP-SNS-SMARTAG2.1.2.0
2025-06-27 17:29:52,852 [WARN] PackLoader:240 - Cannot read IP mode file for STMicroelectronics.FP-SNS-FLIGHT1.5.1.0
2025-06-27 17:29:52,861 [INFO] LogOutputStream:77 - [STDOUT_REDIRECT] 1 : Invalid condition id : UX_CORESTACK_Condition cause : null
2025-06-27 17:29:52,863 [INFO] LogOutputStream:77 - [STDOUT_REDIRECT] 1 : Invalid condition id : UX_CORESTACK_Condition cause : null
2025-06-27 17:29:52,864 [INFO] LogOutputStream:77 - [STDOUT_REDIRECT] 1 : Invalid condition id : UX_CORESTACK_Condition cause : null
2025-06-27 17:29:52,866 [INFO] LogOutputStream:77 - [STDOUT_REDIRECT] 1 : Invalid condition id : UX_CORESTACK_Condition cause : null
2025-06-27 17:29:52,867 [INFO] LogOutputStream:77 - [STDOUT_REDIRECT] 1 : Invalid condition id : UX_CORESTACK_Condition cause : null
2025-06-27 17:29:52,869 [WARN] PackLoader:240 - Cannot read IP mode file for STMicroelectronics.X-CUBE-AZRTOS-WL.2.0.0
2025-06-27 17:29:52,874 [WARN] PackLoader:240 - Cannot read IP mode file for STMicroelectronics.FP-SNS-MOTENV1.5.0.0
2025-06-27 17:29:52,878 [WARN] PackLoader:240 - Cannot read IP mode file for wolfSSL.I-CUBE-wolfMQTT.1.19.0
2025-06-27 17:29:52,892 [WARN] PackLoader:240 - Cannot read IP mode file for WES.I-CUBE-Cesium.1.3.0
2025-06-27 17:29:52,905 [WARN] PackLoader:240 - Cannot read IP mode file for STMicroelectronics.X-CUBE-BLE2.3.3.0
2025-06-27 17:29:52,913 [WARN] PackLoader:240 - Cannot read IP mode file for STMicroelectronics.X-CUBE-NFC9.1.0.0
2025-06-27 17:29:52,918 [WARN] PackLoader:240 - Cannot read IP mode file for STMicroelectronics.X-CUBE-BLE1.7.1.0
2025-06-27 17:29:52,922 [WARN] PackLoader:240 - Cannot read IP mode file for STMicroelectronics.X-CUBE-TCPP.4.1.0
2025-06-27 17:29:52,927 [WARN] PackLoader:240 - Cannot read IP mode file for STMicroelectronics.X-CUBE-AI.10.1.0
2025-06-27 17:29:52,937 [WARN] PackLoader:240 - Cannot read IP mode file for STMicroelectronics.X-CUBE-AZRTOS-G0.1.1.0
2025-06-27 17:29:52,945 [WARN] PackLoader:240 - Cannot read IP mode file for STMicroelectronics.X-CUBE-SAFEA1.1.2.2
2025-06-27 17:29:52,955 [WARN] PackLoader:240 - Cannot read IP mode file for STMicroelectronics.X-CUBE-NFC4.3.0.0
2025-06-27 17:29:52,971 [WARN] PackLoader:240 - Cannot read IP mode file for EmbeddedOffice.I-CUBE-FS-RTOS.1.0.1
2025-06-27 17:29:52,980 [WARN] PackLoader:240 - Cannot read IP mode file for STMicroelectronics.X-CUBE-WB05N.2.0.0
2025-06-27 17:29:52,990 [WARN] PackLoader:240 - Cannot read IP mode file for STMicroelectronics.X-CUBE-TCPP.4.2.0
2025-06-27 17:29:52,999 [WARN] PackLoader:240 - Cannot read IP mode file for RealThread.X-CUBE-RT-Thread_Nano.4.1.1
2025-06-27 17:29:53,005 [WARN] PackLoader:240 - Cannot read IP mode file for wolfSSL.I-CUBE-wolfSSL.5.7.0
2025-06-27 17:29:53,012 [WARN] PackLoader:240 - Cannot read IP mode file for STMicroelectronics.FP-ATR-SIGFOX1.3.2.0
2025-06-27 17:29:53,017 [WARN] ConditionMgr:438 - getConditionDescription Invalid condition id : Cortex-A Device cause : null
2025-06-27 17:29:53,034 [INFO] WebApp:191 - Connection restablished
2025-06-27 17:29:53,049 [WARN] ConditionMgr:1044 - genDependencies : Invalid condition id : Cortex-A Device cause : null
2025-06-27 17:29:53,050 [WARN] ConditionMgr:1044 - genDependencies : Invalid condition id : Cortex-A Device cause : null
2025-06-27 17:29:53,050 [WARN] ConditionMgr:1044 - genDependencies : Invalid condition id : Cortex-A Device cause : null
2025-06-27 17:29:53,055 [WARN] PackLoader:240 - Cannot read IP mode file for STMicroelectronics.X-CUBE-EEPRMA1.5.1.0
2025-06-27 17:29:53,062 [WARN] PackLoader:240 - Cannot read IP mode file for ITTIA_DB.I-CUBE-ITTIADB.8.9.0
2025-06-27 17:29:53,078 [WARN] PackLoader:240 - Cannot read IP mode file for STMicroelectronics.X-CUBE-ST67W61.1.0.0
2025-06-27 17:29:53,101 [WARN] PackLoader:240 - Cannot read IP mode file for SEGGER.I-CUBE-embOS.1.3.1
2025-06-27 17:29:53,131 [WARN] PackLoader:240 - Cannot read IP mode file for STMicroelectronics.X-CUBE-ALGOBUILD.1.4.0
2025-06-27 17:29:53,158 [WARN] PackLoader:240 - Cannot read IP mode file for STMicroelectronics.X-CUBE-MEMS1.11.3.0
2025-06-27 17:29:53,238 [WARN] PackLoader:240 - Cannot read IP mode file for STMicroelectronics.X-CUBE-AI.9.1.0
2025-06-27 17:29:53,243 [WARN] PackLoader:240 - Cannot read IP mode file for STMicroelectronics.X-CUBE-PM33A1.1.0.0
2025-06-27 17:29:53,249 [WARN] PackLoader:240 - Cannot read IP mode file for STMicroelectronics.X-CUBE-GNSS1.6.0.0
2025-06-27 17:29:53,260 [WARN] PackLoader:240 - Cannot read IP mode file for STMicroelectronics.X-CUBE-AZRTOS-F4.1.1.0
2025-06-27 17:29:53,264 [WARN] PackLoader:240 - Cannot read IP mode file for Avnet-IotConnect.X-CUBE-IoTC-DA16k-PMOD.1.0.0
2025-06-27 17:29:53,269 [WARN] PackLoader:240 - Cannot read IP mode file for STMicroelectronics.X-CUBE-ISPU.2.1.0
2025-06-27 17:29:53,274 [WARN] PackLoader:240 - Cannot read IP mode file for STMicroelectronics.X-CUBE-FREERTOS.1.2.0
2025-06-27 17:29:53,292 [WARN] PackLoader:240 - Cannot read IP mode file for STMicroelectronics.X-CUBE-AZRTOS-L5.2.0.0
2025-06-27 17:29:53,298 [WARN] PackLoader:240 - Cannot read IP mode file for STMicroelectronics.X-CUBE-NFC6.3.1.0
2025-06-27 17:29:53,310 [WARN] PackLoader:240 - Cannot read IP mode file for STMicroelectronics.X-CUBE-DPower.1.2.0
2025-06-27 17:29:53,314 [WARN] PackLoader:240 - Cannot read IP mode file for STMicroelectronics.X-CUBE-AI.9.0.0
2025-06-27 17:29:53,319 [WARN] PackLoader:240 - Cannot read IP mode file for STMicroelectronics.X-CUBE-FREERTOS.1.3.1
2025-06-27 17:29:53,327 [WARN] PackLoader:240 - Cannot read IP mode file for STMicroelectronics.X-CUBE-NFC7.1.0.1
2025-06-27 17:29:53,332 [WARN] PackLoader:240 - Cannot read IP mode file for wolfSSL.I-CUBE-wolfTPM.3.2.0
2025-06-27 17:29:53,336 [WARN] PackLoader:240 - Cannot read IP mode file for STMicroelectronics.FP-SNS-STAIOTCFT.1.0.0
2025-06-27 17:29:53,341 [WARN] PackLoader:240 - Cannot read IP mode file for STMicroelectronics.X-CUBE-DPower.1.3.0
2025-06-27 17:29:53,351 [WARN] ConditionMgr:438 - getConditionDescription Invalid condition id : LAN8742 Phy interface Condition cause : null
2025-06-27 17:29:53,352 [WARN] PackLoader:240 - Cannot read IP mode file for STMicroelectronics.X-CUBE-AZRTOS-L4.2.0.0
2025-06-27 17:29:53,353 [WARN] ConditionMgr:1044 - genDependencies : Invalid condition id : LAN8742 Phy interface Condition cause : null
2025-06-27 17:29:53,353 [WARN] ConditionMgr:1044 - genDependencies : Invalid condition id : LAN8742 Phy interface Condition cause : null
2025-06-27 17:29:53,353 [WARN] ConditionMgr:1044 - genDependencies : Invalid condition id : LAN8742 Phy interface Condition cause : null
2025-06-27 17:29:53,358 [WARN] PackLoader:240 - Cannot read IP mode file for STMicroelectronics.X-CUBE-SFXS2LP1.4.0.0
2025-06-27 17:29:53,370 [WARN] PackLoader:240 - Cannot read IP mode file for STMicroelectronics.X-CUBE-AZRTOS-H7.3.3.0
2025-06-27 17:29:53,379 [WARN] PackLoader:240 - Cannot read IP mode file for STMicroelectronics.X-CUBE-IPS.3.0.0
2025-06-27 17:29:53,394 [WARN] ConditionMgr:438 - getConditionDescription Invalid condition id : UX DEVICE CLASS RTOS Condition cause : null
2025-06-27 17:29:53,394 [WARN] ConditionMgr:438 - getConditionDescription Invalid condition id : UX DEVICE CLASS RTOS Condition cause : null
2025-06-27 17:29:53,396 [WARN] PackLoader:240 - Cannot read IP mode file for STMicroelectronics.X-CUBE-AZRTOS-WB.2.0.0
2025-06-27 17:29:53,396 [WARN] ConditionMgr:1044 - genDependencies : Invalid condition id : UX DEVICE CLASS RTOS Condition cause : null
2025-06-27 17:29:53,396 [WARN] ConditionMgr:1044 - genDependencies : Invalid condition id : UX DEVICE CLASS RTOS Condition cause : null
2025-06-27 17:29:53,397 [WARN] ConditionMgr:1044 - genDependencies : Invalid condition id : UX DEVICE CLASS RTOS Condition cause : null
2025-06-27 17:29:53,397 [WARN] ConditionMgr:1044 - genDependencies : Invalid condition id : UX DEVICE CLASS RTOS Condition cause : null
2025-06-27 17:29:53,397 [WARN] ConditionMgr:1044 - genDependencies : Invalid condition id : UX DEVICE CLASS RTOS Condition cause : null
2025-06-27 17:29:53,400 [WARN] PackLoader:240 - Cannot read IP mode file for STMicroelectronics.X-CUBE-GNSS1.7.0.0
2025-06-27 17:29:53,405 [WARN] PackLoader:240 - Cannot read IP mode file for STMicroelectronics.X-CUBE-GNSS1.7.0.1
2025-06-27 17:29:53,416 [WARN] PackLoader:240 - Cannot read IP mode file for STMicroelectronics.X-CUBE-TOUCHGFX.4.25.0
2025-06-27 17:29:53,421 [WARN] PackLoader:240 - Cannot read IP mode file for STMicroelectronics.FP-SNS-STBOX1.2.0.0
2025-06-27 17:29:53,431 [WARN] PackLoader:240 - Cannot read IP mode file for STMicroelectronics.X-CUBE-SUBG2.5.0.0
2025-06-27 17:29:53,449 [WARN] PackLoader:240 - Cannot read IP mode file for STMicroelectronics.X-CUBE-AZRTOS-H7RS.1.1.0
2025-06-27 17:29:53,459 [WARN] PackLoader:240 - Cannot read IP mode file for Cesanta.I-CUBE-Mongoose.7.13.0
2025-06-27 17:29:53,468 [WARN] PackLoader:240 - Cannot read IP mode file for STMicroelectronics.X-CUBE-AZRTOS-G4.2.0.0
2025-06-27 17:29:53,473 [WARN] PackLoader:240 - Cannot read IP mode file for STMicroelectronics.X-CUBE-NFC7.2.0.0
2025-06-27 17:29:53,477 [WARN] PackLoader:240 - Cannot read IP mode file for STMicroelectronics.X-CUBE-ISPU.2.0.0
2025-06-27 17:29:53,484 [WARN] PackLoader:240 - Cannot read IP mode file for STMicroelectronics.X-CUBE-IPS.3.1.0
2025-06-27 17:29:53,492 [WARN] PackLoader:240 - Cannot read IP mode file for STMicroelectronics.X-CUBE-ALS.1.0.2
2025-06-27 17:29:53,524 [WARN] PackLoader:240 - Cannot read IP mode file for STMicroelectronics.X-CUBE-MEMS1.10.0.0
2025-06-27 17:29:53,631 [WARN] PackLoader:240 - Cannot read IP mode file for STMicroelectronics.X-CUBE-TOUCHGFX.4.24.0
2025-06-27 17:29:53,637 [WARN] PackLoader:240 - Cannot read IP mode file for STMicroelectronics.X-CUBE-TOUCHGFX.4.24.1
2025-06-27 17:29:53,647 [WARN] PackLoader:240 - Cannot read IP mode file for portGmbH.I-Cube-SoM-uGOAL.1.1.0
2025-06-27 17:29:53,661 [WARN] PackLoader:240 - Cannot read IP mode file for STMicroelectronics.X-CUBE-AZRTOS-H7RS.1.0.0
2025-06-27 17:29:53,667 [WARN] PackLoader:240 - Cannot read IP mode file for STMicroelectronics.FP-ATR-ASTRA1.2.0.0
2025-06-27 17:29:53,681 [WARN] PackLoader:240 - Cannot read IP mode file for STMicroelectronics.X-CUBE-TOF1.3.4.2
2025-06-27 17:29:53,698 [WARN] PackLoader:240 - Cannot read IP mode file for STMicroelectronics.X-CUBE-TOF1.3.4.3
2025-06-27 17:29:53,718 [WARN] PackLoader:240 - Cannot read IP mode file for STMicroelectronics.X-CUBE-TOF1.3.4.1
2025-06-27 17:29:53,741 [WARN] PackLoader:240 - Cannot read IP mode file for STMicroelectronics.X-CUBE-AZRTOS-H7.3.2.0
2025-06-27 17:29:53,757 [WARN] PackLoader:240 - Cannot read IP mode file for Infineon.AIROC-Wi-Fi-Bluetooth-STM32.1.6.0
2025-06-27 17:29:53,778 [WARN] PackLoader:240 - Cannot read IP mode file for wolfSSL.I-CUBE-wolfSSH.1.4.17
2025-06-27 17:29:53,781 [INFO] ThirdParty:978 - Integrity check success = true
2025-06-27 17:29:53,782 [INFO] IntegrityCheckThread:100 - exiting critical section [integrity check]
2025-06-27 17:29:53,782 [INFO] IntegrityCheckThread:103 - End integrity checks thread
2025-06-27 17:29:53,791 [INFO] ApiDb:240 - Found 895 in-development CPN: [B-G473E-ZEST1S, B-WB1M-WPAN1, B-WBA5M-WPAN, B-WL5M-SUBG1, NUCLEO-C031C6, NUCLEO-C051C8, NUCLEO-C071RB, NUCLEO-C092RC, NUCLEO-H503RB, NUCLEO-H533RE, NUCLEO-H563ZI, NUCLEO-H7S3L8, NUCLEO-N657X0-Q, NUCLEO-U031R8, NUCLEO-U083RC, NUCLEO-U385RG-Q, NUCLEO-U545RE-Q, NUCLEO-U5A5ZJ-Q, NUCLEO-WB05KZ, NUCLEO-WB07CC, NUCLEO-WB09KE, NUCLEO-WBA52CG, NUCLEO-WBA55CG, NUCLEO-WBA65RI, NUCLEO-WL33CC1, NUCLEO-WL33CC2, STEVAL-PROTEUS1, STEVAL-SMARTAG2, STEVAL-STWINBX1, STM320518-EVAL, STM32C0116-DK, STM32C011D6Y3TR, STM32C011D6Y6TR, STM32C011F4P3, STM32C011F4P6, STM32C011F4U3, STM32C011F4U6TR, STM32C011F6P3, STM32C011F6P6, STM32C011F6U3, STM32C011F6U6TR, STM32C011J4M3, STM32C011J4M6, STM32C011J6M3, STM32C011J6M6, STM32C0316-DK, STM32C031C4T3, STM32C031C4T6, STM32C031C4U3, STM32C031C4U6, STM32C031C6T3, STM32C031C6T6, STM32C031C6U3, STM32C031C6U6, STM32C031F4P3, STM32C031F4P6, STM32C031F6P3, STM32C031F6P6, STM32C031G4U3, STM32C031G4U6, STM32C031G6U3, STM32C031G6U6, STM32C031K4T3, STM32C031K4T6, STM32C031K4U3, STM32C031K4U6, STM32C031K6T3, STM32C031K6T6, STM32C031K6U3, STM32C031K6U6, STM32C051C6T6, STM32C051C6U6, STM32C051C8T6, STM32C051C8U6, STM32C051D8Y6TR, STM32C051F6P6, STM32C051F8P6, STM32C051G6U6, STM32C051G8U6, STM32C051K6T6, STM32C051K6U6, STM32C051K8T6, STM32C071C8T6, STM32C071C8T6N, STM32C071C8U6, STM32C071C8U6N, STM32C071CBT6, STM32C071CBT6N, STM32C071CBU6, STM32C071CBU6N, STM32C071F8P6, STM32C071F8P6N, STM32C071FBP6, STM32C071FBP6N, STM32C071FBY6TR, STM32C071G8U6, STM32C071G8U6N, STM32C071GBU6, STM32C071GBU6N, STM32C071K8T6, STM32C071K8T6N, STM32C071K8U6, STM32C071K8U6N, STM32C071KBT6, STM32C071KBT6N, STM32C071KBU6, STM32C071KBU6N, STM32C071R8T6, STM32C071R8T6N, STM32C071RBI6N, STM32C071RBT6, STM32C071RBT6N, STM32C091CBT6, STM32C091CBU6, STM32C091CCT6, STM32C091CCU6, STM32C091ECY6TR, STM32C091FBP6, STM32C091FCP6, STM32C091GBU6, STM32C091GCU6, STM32C091KBT6, STM32C091KBU6, STM32C091KCT6, STM32C091KCU6, STM32C091RBT6, STM32C091RCI6, STM32C091RCT6, STM32C092CBT6, STM32C092CBU6, STM32C092CCT6, STM32C092CCU6, STM32C092ECY6TR, STM32C092FBP6, STM32C092FCP6, STM32C092GBU6, STM32C092GCU6, STM32C092KBT6, STM32C092KBU6, STM32C092KCT6, STM32C092KCU6, STM32C092RBT6, STM32C092RCI6, STM32C092RCT6, STM32G071K8TXN, STM32G071K8UXN, STM32G081GBU6N, STM32G081KBT6N, STM32G081KBUXN, STM32G0B1CCT6N, STM32G0B1KCT6, STM32G0B1NEY6TR, STM32G0B1RCT6N, STM32G0C1CCT6, STM32G0C1CCT6N, STM32G0C1CCU6N, STM32G0C1CET6N, STM32G0C1CEU6N, STM32G0C1KCT6, STM32G0C1NEY6TR, STM32G0C1RCI6N, STM32G0C1RCT6N, STM32G0C1REI6N, STM32G0C1RET6N, STM32G0C1VCI6, STM32G0C1VEI6, STM32G411C6T3, STM32G411C6T6, STM32G411C6U3, STM32G411C6U6, STM32G411C8T3, STM32G411C8T6, STM32G411C8U3, STM32G411C8U6, STM32G411CBT3, STM32G411CBT6, STM32G411CBU3, STM32G411CBU6, STM32G411CCT3, STM32G411CCT6, STM32G411CCU3, STM32G411CCU6, STM32G411K6T3, STM32G411K6T6, STM32G411K6U3, STM32G411K6U6, STM32G411K8T3, STM32G411K8T6, STM32G411K8U3, STM32G411K8U6, STM32G411KBT3, STM32G411KBT6, STM32G411KBU3, STM32G411KBU6, STM32G411M6T3, STM32G411M6T6, STM32G411M8T3, STM32G411M8T6, STM32G411MBT3, STM32G411MBT6, STM32G411MCT3, STM32G411MCT6, STM32G411R6T3, STM32G411R6T6, STM32G411R8T3, STM32G411R8T6, STM32G411RBT3, STM32G411RBT6, STM32G411RCT3, STM32G411RCT6, STM32G414CBT3, STM32G414CBT6, STM32G414CBU3, STM32G414CBU6, STM32G414CCT3, STM32G414CCT6, STM32G414CCU3, STM32G414CCU6, STM32G414MBT3, STM32G414MBT6, STM32G414MCT3, STM32G414MCT6, STM32G414RBT3, STM32G414RBT6, STM32G414RCT3, STM32G414RCT6, STM32G414VBT3, STM32G414VBT6, STM32G414VCT3, STM32G414VCT6, STM32G431CBT3Z, STM32G431RBT3Z, STM32G471CCT6, STM32G471CCU6, STM32G471CET3, STM32G471CET6, STM32G471CEU3, STM32G471CEU6, STM32G471MCT6, STM32G471MET3, STM32G471MET6, STM32G471MEY6TR, STM32G471QCT6, STM32G471QET3, STM32G471RCT6, STM32G471RET3, STM32G471RET6, STM32G471VCH6, STM32G471VCI6, STM32G471VCT6, STM32G471VEH3, STM32G471VEH6, STM32G471VEI3, STM32G471VEI6, STM32G471VET3, STM32G471VET6, STM32G473QET3Z, STM32G473RET3Z, STM32G474CCT6, STM32G491RET3Z, STM32H503CBT6, STM32H503CBU6, STM32H503EBY6TR, STM32H503KBU6, STM32H503RBT6, STM32H523CCT6, STM32H523CCU6, STM32H523CET6, STM32H523CEU6, STM32H523HEY6TR, STM32H523RCT6, STM32H523RET6, STM32H523VCI6, STM32H523VCT6, STM32H523VEI6, STM32H523VET6, STM32H523ZCJ6, STM32H523ZCT6, STM32H523ZEJ6, STM32H523ZET6, STM32H533CET6, STM32H533CEU6, STM32H533HEY6TR, STM32H533RET6, STM32H533VEI6, STM32H533VET6, STM32H533ZEJ6, STM32H533ZET6, STM32H562AGI6, STM32H562AII6, STM32H562IGK6, STM32H562IGT6, STM32H562IIK6, STM32H562IIT6, STM32H562RGT6, STM32H562RGV6, STM32H562RIT6, STM32H562RIV6, STM32H562VGT6, STM32H562VIT6, STM32H562ZGT6, STM32H562ZIT6, STM32H563AGI6, STM32H563AII3Q, STM32H563AII6, STM32H563IGK6, STM32H563IGT6, STM32H563IIK3Q, STM32H563IIK6, STM32H563IIT3Q, STM32H563IIT6, STM32H563MIY3QTR, STM32H563RGT6, STM32H563RGV6, STM32H563RIT6, STM32H563RIV6, STM32H563VGT6, STM32H563VIT3Q, STM32H563VIT6, STM32H563ZGT6, STM32H563ZIT3Q, STM32H563ZIT6, STM32H573AII3Q, STM32H573AII6, STM32H573I-DK, STM32H573IIK3Q, STM32H573IIK6, STM32H573IIT3Q, STM32H573IIT6, STM32H573MIY3QTR, STM32H573RIT6, STM32H573RIV6, STM32H573VIT3Q, STM32H573VIT6, STM32H573ZIT3Q, STM32H573ZIT6, STM32H7R3A8I6, STM32H7R3I8K6, STM32H7R3I8T6, STM32H7R3L8H6, STM32H7R3L8H6H, STM32H7R3R8V6, STM32H7R3V8H6, STM32H7R3V8T6, STM32H7R3V8Y6TR, STM32H7R3Z8J6, STM32H7R3Z8T6, STM32H7R7A8I6, STM32H7R7I8K6, STM32H7R7I8T6, STM32H7R7L8H6, STM32H7R7L8H6H, STM32H7R7Z8J6, STM32H7S3A8I6, STM32H7S3I8K6, STM32H7S3I8T6, STM32H7S3L8H6, STM32H7S3L8H6H, STM32H7S3R8V6, STM32H7S3V8H6, STM32H7S3V8T6, STM32H7S3V8Y6TR, STM32H7S3Z8J6, STM32H7S3Z8T6, STM32H7S78-DK, STM32H7S7A8I6, STM32H7S7I8K6, STM32H7S7I8T6, STM32H7S7L8H6, STM32H7S7L8H6H, STM32H7S7Z8J6, STM32L4R5QGI6STR, STM32MP131AAE3, STM32MP131AAF3, STM32MP131AAG3, STM32MP131CAE3, STM32MP131CAF3, STM32MP131CAG3, STM32MP131DAE7, STM32MP131DAF7, STM32MP131DAG7, STM32MP131FAE7, STM32MP131FAF7, STM32MP131FAG7, STM32MP133AAE3, STM32MP133AAF3, STM32MP133AAG3, STM32MP133CAE3, STM32MP133CAF3, STM32MP133CAG3, STM32MP133DAE7, STM32MP133DAF7, STM32MP133DAG7, STM32MP133FAE7, STM32MP133FAF7, STM32MP133FAG7, STM32MP135AAE3, STM32MP135AAF3, STM32MP135AAG3, STM32MP135CAE3, STM32MP135CAF3, STM32MP135CAG3, STM32MP135DAE7, STM32MP135DAF7, STM32MP135DAG7, STM32MP135F-DK, STM32MP135FAE7, STM32MP135FAF7, STM32MP135FAF7T, STM32MP135FAF7U, STM32MP135FAG7, STM32MP231AAJ3, STM32MP231AAK3, STM32MP231AAL3, STM32MP231CAJ3, STM32MP231CAK3, STM32MP231CAL3, STM32MP231DAJ3, STM32MP231DAK3, STM32MP231DAL3, STM32MP231FAJ3, STM32MP231FAK3, STM32MP231FAL3, STM32MP233AAJ3, STM32MP233AAK3, STM32MP233AAL3, STM32MP233CAJ3, STM32MP233CAK3, STM32MP233CAL3, STM32MP233DAJ3, STM32MP233DAK3, STM32MP233DAL3, STM32MP233FAJ3, STM32MP233FAK3, STM32MP233FAL3, STM32MP235AAJ3, STM32MP235AAK3, STM32MP235AAL3, STM32MP235CAJ3, STM32MP235CAK3, STM32MP235CAL3, STM32MP235DAJ3, STM32MP235DAK3, STM32MP235DAL3, STM32MP235FAJ3, STM32MP235FAK3, STM32MP235FAL3, STM32MP251AAI3, STM32MP251AAJ3, STM32MP251AAK3, STM32MP251AAL3, STM32MP251CAI3, STM32MP251CAJ3, STM32MP251CAK3, STM32MP251CAL3, STM32MP251DAI3, STM32MP251DAJ3, STM32MP251DAK3, STM32MP251DAL3, STM32MP251FAI3, STM32MP251FAJ3, STM32MP251FAK3, STM32MP251FAL3, STM32MP253AAI3, STM32MP253AAJ3, STM32MP253AAK3, STM32MP253AAL3, STM32MP253CAI3, STM32MP253CAJ3, STM32MP253CAK3, STM32MP253CAL3, STM32MP253DAI3, STM32MP253DAJ3, STM32MP253DAK3, STM32MP253DAL3, STM32MP253FAI3, STM32MP253FAJ3, STM32MP253FAK3, STM32MP253FAL3, STM32MP255AAI3, STM32MP255AAJ3, STM32MP255AAK3, STM32MP255AAL3, STM32MP255CAI3, STM32MP255CAJ3, STM32MP255CAK3, STM32MP255CAL3, STM32MP255DAI3, STM32MP255DAJ3, STM32MP255DAK3, STM32MP255DAL3, STM32MP255FAI3, STM32MP255FAJ3, STM32MP255FAK3, STM32MP255FAL3, STM32MP257AAI3, STM32MP257AAJ3, STM32MP257AAK3, STM32MP257AAL3, STM32MP257CAI3, STM32MP257CAJ3, STM32MP257CAK3, STM32MP257CAL3, STM32MP257DAI3, STM32MP257DAJ3, STM32MP257DAK3, STM32MP257DAL3, STM32MP257F-DK, STM32MP257F-EV1, STM32MP257FAI3, STM32MP257FAJ3, STM32MP257FAK3, STM32MP257FAL3, STM32N645A0H3Q, STM32N645B0H3Q, STM32N645I0H3Q, STM32N645L0H3Q, STM32N645X0H3Q, STM32N645Z0H3Q, STM32N647A0H3Q, STM32N647B0H3Q, STM32N647I0H3Q, STM32N647L0H3Q, STM32N647X0H3Q, STM32N647Z0H3Q, STM32N655A0H3Q, STM32N655B0H3Q, STM32N655I0H3Q, STM32N655L0H3Q, STM32N655X0H3Q, STM32N655Z0H3Q, STM32N6570-DK, STM32N657A0H3Q, STM32N657B0H3Q, STM32N657I0H3Q, STM32N657L0H3Q, STM32N657X0H3Q, STM32N657Z0H3Q, STM32U031C6T6, STM32U031C6U6, STM32U031C8T6, STM32U031C8U6, STM32U031F4P6, STM32U031F6P6, STM32U031F8P6, STM32U031G6Y6TR, STM32U031G8Y6TR, STM32U031K4U6, STM32U031K6U6, STM32U031K8U6, STM32U031R6I6, STM32U031R6T6, STM32U031R8I6, STM32U031R8T6, STM32U073C8T6, STM32U073C8U6, STM32U073CBT6, STM32U073CBU6, STM32U073CCT6, STM32U073CCU6, STM32U073H8Y6TR, STM32U073HBY6TR, STM32U073HCY6TR, STM32U073K8U6, STM32U073KBU6, STM32U073KCU6, STM32U073M8I6, STM32U073M8T6, STM32U073MBI6, STM32U073MBT6, STM32U073MCI6, STM32U073MCT6, STM32U073R8I6, STM32U073R8T6, STM32U073RBI6, STM32U073RBT6, STM32U073RCI6, STM32U073RCT6, STM32U083C-DK, STM32U083CCT6, STM32U083CCU6, STM32U083HCY6TR, STM32U083KCU6, STM32U083MCI6, STM32U083MCT6, STM32U083RCI6, STM32U083RCT6, STM32U375CET6, STM32U375CET6Q, STM32U375CEU6, STM32U375CEU6Q, STM32U375CEY6QTR, STM32U375CGT6, STM32U375CGT6Q, STM32U375CGU6, STM32U375CGU6Q, STM32U375CGY6QTR, STM32U375KEU6, STM32U375KGU6, STM32U375REI6, STM32U375REI6Q, STM32U375RET6, STM32U375RET6Q, STM32U375REY6GTR, STM32U375REY6QTR, STM32U375RGI6, STM32U375RGI6Q, STM32U375RGT6, STM32U375RGT6Q, STM32U375RGY6GTR, STM32U375RGY6QTR, STM32U375VEI6, STM32U375VEI6Q, STM32U375VET6, STM32U375VET6Q, STM32U375VGI6, STM32U375VGI6Q, STM32U375VGT6, STM32U375VGT6Q, STM32U385CGT6, STM32U385CGT6Q, STM32U385CGU6, STM32U385CGU6Q, STM32U385CGY6QTR, STM32U385KGU6, STM32U385RGI6, STM32U385RGI6Q, STM32U385RGT6, STM32U385RGT6Q, STM32U385RGY6GTR, STM32U385RGY6QTR, STM32U385VGI6, STM32U385VGI6Q, STM32U385VGT6, STM32U385VGT6Q, STM32U535CBT6, STM32U535CBT6Q, STM32U535CBU6, STM32U535CBU6Q, STM32U535CCT6, STM32U535CCT6Q, STM32U535CCU6, STM32U535CCU6Q, STM32U535CET6, STM32U535CET6Q, STM32U535CEU6, STM32U535CEU6Q, STM32U535JEY6QTR, STM32U535NCY6QTR, STM32U535NEY6QTR, STM32U535RBI6, STM32U535RBI6Q, STM32U535RBT6, STM32U535RBT6Q, STM32U535RCI6, STM32U535RCI6Q, STM32U535RCT6, STM32U535RCT6Q, STM32U535REI6, STM32U535REI6Q, STM32U535RET6, STM32U535RET6Q, STM32U535VCI6, STM32U535VCI6Q, STM32U535VCT6, STM32U535VCT6Q, STM32U535VEI6, STM32U535VEI6Q, STM32U535VET6, STM32U535VET6Q, STM32U545CET6, STM32U545CET6Q, STM32U545CEU6, STM32U545CEU6Q, STM32U545JEY6QTR, STM32U545NEY6QTR, STM32U545REI6, STM32U545REI6Q, STM32U545RET6, STM32U545RET6Q, STM32U545VEI6, STM32U545VEI6Q, STM32U545VET6, STM32U545VET6Q, STM32U595AIH6, STM32U595AIH6Q, STM32U595AJH6, STM32U595AJH6Q, STM32U595QII6, STM32U595QII6Q, STM32U595QJI6, STM32U595QJI6Q, STM32U595RIT6, STM32U595RIT6Q, STM32U595RJT6, STM32U595RJT6Q, STM32U595VIT6, STM32U595VIT6Q, STM32U595VJT6, STM32U595VJT6Q, STM32U595ZIT6, STM32U595ZIT6Q, STM32U595ZIY6QTR, STM32U595ZJT6, STM32U595ZJT6Q, STM32U595ZJY6QTR, STM32U599BJY6QTR, STM32U599NIH6Q, STM32U599NJH6Q, STM32U599VIT6Q, STM32U599VJT6, STM32U599VJT6Q, STM32U599ZIT6Q, STM32U599ZIY6QTR, STM32U599ZJT6Q, STM32U599ZJY6QTR, STM32U5A5AJH6, STM32U5A5AJH6Q, STM32U5A5QII3Q , STM32U5A5QJI6, STM32U5A5QJI6Q, STM32U5A5RJT6, STM32U5A5RJT6Q, STM32U5A5VJT6, STM32U5A5VJT6Q, STM32U5A5ZJT6, STM32U5A5ZJT6Q, STM32U5A5ZJY6QTR, STM32U5A9BJY6QTR, STM32U5A9J-DK, STM32U5A9NJH6Q, STM32U5A9VJT6Q, STM32U5A9ZJT6Q, STM32U5A9ZJY6QTR, STM32U5F7VIT6, STM32U5F7VIT6Q, STM32U5F7VJT6, STM32U5F7VJT6Q, STM32U5F9BJY6QTR, STM32U5F9NJH6Q, STM32U5F9VIT6Q, STM32U5F9VJT6Q, STM32U5F9ZIJ6QTR, STM32U5F9ZIT6Q, STM32U5F9ZJJ6QTR, STM32U5F9ZJT6Q, STM32U5G7VJT6, STM32U5G7VJT6Q, STM32U5G9BJY6QTR, STM32U5G9J-DK1, STM32U5G9J-DK2, STM32U5G9NJH6Q, STM32U5G9VJT6Q, STM32U5G9ZJJ6QTR, STM32U5G9ZJT6Q, STM32WB05KZV6TR, STM32WB05KZV7TR, STM32WB05TZF6TR, STM32WB05TZF7TR, STM32WB06CCF6TR, STM32WB06CCF7TR, STM32WB06CCV6TR, STM32WB06CCV7TR, STM32WB06KCV6TR, STM32WB06KCV7TR, STM32WB07CCF6TR, STM32WB07CCF7TR, STM32WB07CCV6TR, STM32WB07CCV7TR, STM32WB07KCV6TR, STM32WB07KCV7TR, STM32WB09KEV6TR, STM32WB09KEV7TR, STM32WB09TEF6TR, STM32WB09TEF7TR, STM32WB1MMCH6, STM32WBA50KGU6, STM32WBA50KGU6TR, STM32WBA52CEU6, STM32WBA52CEU6TR, STM32WBA52CEU7, STM32WBA52CEU7TR, STM32WBA52CGU6, STM32WBA52CGU6TR, STM32WBA52CGU6U, STM32WBA52CGU7, STM32WBA52CGU7TR, STM32WBA52KEU6, STM32WBA52KEU6TR, STM32WBA52KGU6, STM32WBA52KGU6TR, STM32WBA54CEU6, STM32WBA54CEU6TR, STM32WBA54CEU7, STM32WBA54CEU7TR, STM32WBA54CGU6, STM32WBA54CGU6TR, STM32WBA54CGU7, STM32WBA54CGU7TR, STM32WBA54KEU6, STM32WBA54KEU6TR, STM32WBA54KEU7, STM32WBA54KEU7TR, STM32WBA54KGU6, STM32WBA54KGU6TR, STM32WBA54KGU7, STM32WBA54KGU7TR, STM32WBA55CEU6, STM32WBA55CEU6TR, STM32WBA55CEU7, STM32WBA55CEU7TR, STM32WBA55CGU6, STM32WBA55CGU6TR, STM32WBA55CGU6U, STM32WBA55CGU7, STM32WBA55CGU7TR, STM32WBA55G-DK1, STM32WBA55HEF6, STM32WBA55HEF7, STM32WBA55HGF6, STM32WBA55HGF7, STM32WBA55UEI6, STM32WBA55UEI6TR, STM32WBA55UEI7, STM32WBA55UEI7TR, STM32WBA55UGI6, STM32WBA55UGI6TR, STM32WBA55UGI7, STM32WBA55UGI7TR, STM32WBA5MJGH6TR, STM32WBA62CGU6, STM32WBA62CIU6, STM32WBA62MGF6, STM32WBA62MIF6, STM32WBA62PGI6, STM32WBA62PII6, STM32WBA63CGU6, STM32WBA63CGU7, STM32WBA63CIU6, STM32WBA63CIU7, STM32WBA64CGU6, STM32WBA64CGU7, STM32WBA64CIU6, STM32WBA64CIU7, STM32WBA65CGU6, STM32WBA65CGU7, STM32WBA65CIU6, STM32WBA65CIU7, STM32WBA65I-DK1, STM32WBA65MGF6, STM32WBA65MGF7, STM32WBA65MIF6, STM32WBA65MIF7, STM32WBA65PGI6, STM32WBA65PGI7, STM32WBA65PII6, STM32WBA65PII7, STM32WBA65RGV6, STM32WBA65RGV7, STM32WBA65RIV6, STM32WBA65RIV7, STM32WL30K8V6, STM32WL30KBV6, STM32WL31C8V6, STM32WL31CBV6, STM32WL31K8V6, STM32WL31KBV6, STM32WL33C8V6, STM32WL33C8V6TR, STM32WL33C8V7, STM32WL33C8V7TR, STM32WL33CBV6, STM32WL33CBV6TR, STM32WL33CBV7, STM32WL33CBV7TR, STM32WL33CCV6, STM32WL33CCV6TR, STM32WL33CCV7, STM32WL33CCV7A, STM32WL33CCV7ATR, STM32WL33CCV7TR, STM32WL33K8V6, STM32WL33K8V6TR, STM32WL33K8V7, STM32WL33K8V7TR, STM32WL33KBV6, STM32WL33KBV6TR, STM32WL33KBV7, STM32WL33KBV7TR, STM32WL33KCV6, STM32WL33KCV6TR, STM32WL33KCV7, STM32WL33KCV7TR, STM32WL5MOCH6, STM32WL5MOCH6TR]
2025-06-27 17:29:53,802 [INFO] DbMcus:218 - Found 4686 MCUs, 4686 are supported
2025-06-27 17:29:53,803 [INFO] ApiDb:423 - Load user favorites file C:\Users\nisha/.stm32cubeide/favorites.mcus.txt: 0 item(s)
2025-06-27 17:29:53,805 [INFO] ApiDb:427 - User favorites MCUs=[]
2025-06-27 17:29:53,805 [INFO] DbMcus:224 - Set 0 / 0 favorites MCUs
2025-06-27 17:29:54,393 [INFO] ApiDb:423 - Load user favorites file C:\Users\nisha/.stm32cubeide/favorites.boards.txt: 1 item(s)
2025-06-27 17:29:54,393 [INFO] ApiDb:427 - User favorites Boards=[STM32F407G-DISC1]
2025-06-27 17:29:54,393 [INFO] DbBoards:198 - Set 1 / 1 favorites Boards
2025-06-27 17:29:54,394 [INFO] McuFinderGlobals:76 - Set McuFinderConnectedMode to true
2025-06-27 17:29:54,400 [INFO] MultiScanPanel:200 - Auto-refresh data requested => check proxy status ongoing
2025-06-27 17:29:54,404 [INFO] FinderPluginLoader:95 - Searching for filters in installed packs
2025-06-27 17:29:55,673 [INFO] LoadUrlFilesThread:185 - End of LoadServerUrlFiles without Thread
2025-06-27 17:29:55,737 [INFO] DetailPanel:341 - Set advertising image to C:/Users/nisha/STM32Cube/Repository/\en.cubemxfinderstm32wba6.jpg
2025-06-27 17:30:00,932 [INFO] MultiScanPanel:200 - Auto-refresh data requested => check proxy status ongoing
2025-06-27 17:30:01,086 [INFO] LoadUrlFilesThread:185 - End of LoadServerUrlFiles without Thread
2025-06-27 17:30:01,086 [INFO] DetailPanel:341 - Set advertising image to C:/Users/nisha/STM32Cube/Repository/\en.cubemxfinderstm32wba6.jpg
2025-06-27 17:30:01,103 [INFO] DbBoards:642 - Loading board mini-images...
2025-06-27 17:30:03,106 [INFO] DbBoards:665 - Loaded 211 board mini-images
2025-06-27 17:30:27,215 [INFO] MainUpdater:2872 - connection check result : 10
2025-06-27 17:30:27,215 [INFO] MainUpdater:2872 - connection check result : 10
2025-06-27 17:30:27,230 [INFO] MicroXplorer:468 - Change Database Path : 
2025-06-27 17:30:27,230 [INFO] MicroXplorer:498 - Change Database Version : DB.6.0.141
2025-06-27 17:30:27,234 [WARN] ThirdParty:871 - waiting for thirdparty lock release [close project]
2025-06-27 17:30:27,234 [INFO] ThirdParty:873 - entering critical section [close project]
2025-06-27 17:30:27,235 [INFO] ThirdParty:883 - exiting critical section [close project]
2025-06-27 17:30:27,236 [INFO] PinOutPanel:1589 - setPackage(No Configuration,No Configuration)
2025-06-27 17:30:27,240 [INFO] UtilMem:75 - Begin LoadConfig() Used Memory: 803989824 Bytes (854589440)
2025-06-27 17:30:27,245 [INFO] OpenFileManager:354 - Change cursor
2025-06-27 17:30:27,277 [INFO] ProjectFactory:442 - No CPN specified for board STM32F407G-DISC1 => set CPN to STM32F407VGT6
2025-06-27 17:30:27,277 [INFO] Mcu:2011 - Initializing MCU STM32F407V(E-G)Tx STM32F407VGTx STM32F407VGT6
2025-06-27 17:30:29,162 [INFO] Context:756 - Trying to add GPIOservice into a context  which must be forbidden
2025-06-27 17:30:29,678 [INFO] Rule:225 - rule 117617 - U5Cobra4M][GTZC] default value MPCBB3 and MPCBB5 - Not Secured memory - MPCBB1 is applicable
2025-06-27 17:30:29,678 [INFO] Rule:225 - rule 117617 - U5Cobra4M][GTZC] default value MPCBB3 and MPCBB5 - Not Secured memory - MPCBB1 is applicable
2025-06-27 17:30:29,678 [INFO] Rule:225 - rule 117617 - U5Cobra4M][GTZC] default value MPCBB3 and MPCBB5 - Not Secured memory - MPCBB2 is applicable
2025-06-27 17:30:29,678 [INFO] Rule:225 - rule 117617 - U5Cobra4M][GTZC] default value MPCBB3 and MPCBB5 - Not Secured memory - MPCBB2 is applicable
2025-06-27 17:30:29,678 [INFO] Rule:225 - rule 117617 - U5Cobra4M][GTZC] default value MPCBB3 and MPCBB5 - Not Secured memory - MPCBB3 is applicable
2025-06-27 17:30:29,678 [INFO] Rule:225 - rule 117617 - U5Cobra4M][GTZC] default value MPCBB3 and MPCBB5 - Not Secured memory - MPCBB3 is applicable
2025-06-27 17:30:29,678 [INFO] Rule:225 - rule 117617 - U5Cobra4M][GTZC] default value MPCBB3 and MPCBB5 - Not Secured memory - MPCBB4 is applicable
2025-06-27 17:30:29,678 [INFO] Rule:225 - rule 117617 - U5Cobra4M][GTZC] default value MPCBB3 and MPCBB5 - Not Secured memory - MPCBB4 is applicable
2025-06-27 17:30:29,678 [INFO] Rule:225 - rule 117617 - U5Cobra4M][GTZC] default value MPCBB3 and MPCBB5 - Secured memory - MPCBB1 is applicable
2025-06-27 17:30:29,678 [INFO] Rule:225 - rule 117617 - U5Cobra4M][GTZC] default value MPCBB3 and MPCBB5 - Secured memory - MPCBB2 is applicable
2025-06-27 17:30:29,678 [INFO] Rule:225 - rule 117617 - U5Cobra4M][GTZC] default value MPCBB3 and MPCBB5 - Secured memory - MPCBB3 is applicable
2025-06-27 17:30:29,680 [INFO] Rule:225 - rule 117617 - U5Cobra4M][GTZC] default value MPCBB3 and MPCBB5 - Secured memory - MPCBB4 is applicable
2025-06-27 17:30:29,680 [INFO] Rule:225 - rule 117617 - U5Cobra4M][GTZC] default value MPCBB3 and MPCBB5 - Privileged memory - MPCBB1 is applicable
2025-06-27 17:30:29,680 [INFO] Rule:225 - rule 117617 - U5Cobra4M][GTZC] default value MPCBB3 and MPCBB5 - Privileged memory - MPCBB2 is applicable
2025-06-27 17:30:29,680 [INFO] Rule:225 - rule 117617 - U5Cobra4M][GTZC] default value MPCBB3 and MPCBB5 - Privileged memory - MPCBB3 is applicable
2025-06-27 17:30:29,680 [INFO] Rule:225 - rule 117617 - U5Cobra4M][GTZC] default value MPCBB3 and MPCBB5 - Privileged memory - MPCBB4 is applicable
2025-06-27 17:30:29,680 [INFO] Rule:225 - rule 117617 - U5Cobra4M][GTZC] default value MPCBB3 and MPCBB5 - Not Privileged memory - MPCBB1 is applicable
2025-06-27 17:30:29,680 [INFO] Rule:225 - rule 117617 - U5Cobra4M][GTZC] default value MPCBB3 and MPCBB5 - Not Privileged memory - MPCBB2 is applicable
2025-06-27 17:30:29,680 [INFO] Rule:225 - rule 117617 - U5Cobra4M][GTZC] default value MPCBB3 and MPCBB5 - Not Privileged memory - MPCBB3 is applicable
2025-06-27 17:30:29,680 [INFO] Rule:225 - rule 117617 - U5Cobra4M][GTZC] default value MPCBB3 and MPCBB5 - Not Privileged memory - MPCBB4 is applicable
2025-06-27 17:30:29,680 [INFO] Rule:225 - rule 117617 - U5Cobra4M][GTZC] default value MPCBB3 and MPCBB5 - Privileged memory - MPCBB1 is applicable
2025-06-27 17:30:29,680 [INFO] Rule:225 - rule 117617 - U5Cobra4M][GTZC] default value MPCBB3 and MPCBB5 - Privileged memory - MPCBB2 is applicable
2025-06-27 17:30:29,680 [INFO] Rule:225 - rule 117617 - U5Cobra4M][GTZC] default value MPCBB3 and MPCBB5 - Privileged memory - MPCBB3 is applicable
2025-06-27 17:30:29,680 [INFO] Rule:225 - rule 117617 - U5Cobra4M][GTZC] default value MPCBB3 and MPCBB5 - Privileged memory - MPCBB4 is applicable
2025-06-27 17:30:29,681 [INFO] Rule:225 - rule 117617 - U5Cobra4M][GTZC] default value MPCBB3 and MPCBB5 - Privileged memory - MPCBB1 is applicable
2025-06-27 17:30:29,681 [INFO] Rule:225 - rule 117617 - U5Cobra4M][GTZC] default value MPCBB3 and MPCBB5 - Privileged memory - MPCBB2 is applicable
2025-06-27 17:30:29,681 [INFO] Rule:225 - rule 117617 - U5Cobra4M][GTZC] default value MPCBB3 and MPCBB5 - Privileged memory - MPCBB3 is applicable
2025-06-27 17:30:29,681 [INFO] Rule:225 - rule 117617 - U5Cobra4M][GTZC] default value MPCBB3 and MPCBB5 - Privileged memory - MPCBB4 is applicable
2025-06-27 17:30:29,681 [INFO] Rule:225 - rule 117617 - U5Cobra4M][GTZC] default value MPCBB3 and MPCBB5 - Not Privileged memory - MPCBB1 is applicable
2025-06-27 17:30:29,681 [INFO] Rule:225 - rule 117617 - U5Cobra4M][GTZC] default value MPCBB3 and MPCBB5 - Not Privileged memory - MPCBB2 is applicable
2025-06-27 17:30:29,681 [INFO] Rule:225 - rule 117617 - U5Cobra4M][GTZC] default value MPCBB3 and MPCBB5 - Not Privileged memory - MPCBB3 is applicable
2025-06-27 17:30:29,681 [INFO] Rule:225 - rule 117617 - U5Cobra4M][GTZC] default value MPCBB3 and MPCBB5 - Not Privileged memory - MPCBB4 is applicable
2025-06-27 17:30:29,681 [INFO] Rule:225 - rule 117617 - U5Cobra4M][GTZC] default value MPCBB3 and MPCBB5 - Privileged memory - MPCBB1 is applicable
2025-06-27 17:30:29,681 [INFO] Rule:225 - rule 117617 - U5Cobra4M][GTZC] default value MPCBB3 and MPCBB5 - Privileged memory - MPCBB2 is applicable
2025-06-27 17:30:29,681 [INFO] Rule:225 - rule 117617 - U5Cobra4M][GTZC] default value MPCBB3 and MPCBB5 - Privileged memory - MPCBB3 is applicable
2025-06-27 17:30:29,681 [INFO] Rule:225 - rule 117617 - U5Cobra4M][GTZC] default value MPCBB3 and MPCBB5 - Privileged memory - MPCBB4 is applicable
2025-06-27 17:30:29,681 [INFO] Rule:225 - rule Rename SubGHz_Phy SUBGHZ_APPLICATION SUBGHZ_PINGPONG to SUBGHZ_ADV_APPLICATION is applicable
2025-06-27 17:30:29,681 [INFO] Rule:225 - rule Rename Enabled to IBEACON is applicable
2025-06-27 17:30:29,681 [INFO] Rule:225 - rule GTZC_S instance for project manager is applicable
2025-06-27 17:30:29,681 [INFO] Rule:225 - rule GTZC_S instance for context M33S is applicable
2025-06-27 17:30:29,681 [INFO] Rule:225 - rule GTZC_S instance value for IP GTZC is applicable
2025-06-27 17:30:29,681 [INFO] Rule:225 - rule GTZC_S instance for mcu.IP is applicable
2025-06-27 17:30:29,681 [INFO] Rule:225 - rule GTZC_S instance for VP is applicable
2025-06-27 17:30:29,681 [INFO] Rule:225 - rule GTZC_S instance for signal is applicable
2025-06-27 17:30:29,681 [INFO] Rule:225 - rule GTZC_S instance for mcu.Pin is applicable
2025-06-27 17:30:29,681 [INFO] Rule:225 - rule GTZC_S instance for VP is applicable
2025-06-27 17:30:29,681 [INFO] Rule:225 - rule GTZC_S instance for signal is applicable
2025-06-27 17:30:29,681 [INFO] Rule:225 - rule GTZC_S instance for mcu is applicable
2025-06-27 17:30:29,682 [INFO] Rule:225 - rule GTZC_S instance for mcu.Pin is applicable
2025-06-27 17:30:29,682 [INFO] Rule:225 - rule GTZC_S instance value for IP GTZC is applicable
2025-06-27 17:30:29,682 [INFO] Rule:225 - rule GTZC_S instance for project manager is applicable
2025-06-27 17:30:29,682 [INFO] Rule:225 - rule GTZC_S instance for context M33S is applicable
2025-06-27 17:30:29,682 [INFO] Rule:225 - rule GTZC_S instance for VP is applicable
2025-06-27 17:30:29,682 [INFO] Rule:225 - rule GTZC_S instance for signal is applicable
2025-06-27 17:30:29,682 [INFO] Rule:225 - rule SPDIFRX instance for mcu is applicable
2025-06-27 17:30:29,682 [INFO] Rule:225 - rule Rename Tracer Mode is applicable
2025-06-27 17:30:29,682 [INFO] Rule:225 - rule SPDIFRX instance value for IP SPDIFRX is applicable
2025-06-27 17:30:29,682 [INFO] Rule:225 - rule SPDIFRX instance for signal is applicable
2025-06-27 17:30:29,682 [INFO] Rule:225 - rule SPDIFRX instance for project manager is applicable
2025-06-27 17:30:29,682 [INFO] Rule:225 - rule SPDIFRX instance for project manager is applicable
2025-06-27 17:30:29,682 [INFO] Rule:225 - rule ADC Scan  fix with FW F7 is applicable
2025-06-27 17:30:29,682 [INFO] Rule:225 - rule ADC Scan  fix with FW F7 is applicable
2025-06-27 17:30:29,682 [INFO] Rule:225 - rule WakeUp0 Mode is applicable
2025-06-27 17:30:29,682 [INFO] Rule:225 - rule WakeUp0 SIGNAL is applicable
2025-06-27 17:30:29,682 [INFO] Rule:225 - rule WakeUp1 Mode is applicable
2025-06-27 17:30:29,682 [INFO] Rule:225 - rule WakeUp1 SIGNAL is applicable
2025-06-27 17:30:29,682 [INFO] Rule:225 - rule WakeUp2 Mode is applicable
2025-06-27 17:30:29,682 [INFO] Rule:225 - rule WakeUp2 SIGNAL is applicable
2025-06-27 17:30:29,682 [INFO] Rule:225 - rule WakeUp4 Mode is applicable
2025-06-27 17:30:29,682 [INFO] Rule:225 - rule WakeUp4 SIGNAL is applicable
2025-06-27 17:30:29,682 [INFO] Rule:225 - rule WakeUp5 Mode is applicable
2025-06-27 17:30:29,682 [INFO] Rule:225 - rule WakeUp5 SIGNAL is applicable
2025-06-27 17:30:29,682 [INFO] Rule:225 - rule UART/USART WORD LENGTH 7 is applicable
2025-06-27 17:30:29,682 [INFO] Rule:225 - rule UART/USART WORD LENGTH 8 is applicable
2025-06-27 17:30:29,682 [INFO] Rule:225 - rule UART/USART WORD LENGTH 9 is applicable
2025-06-27 17:30:29,682 [INFO] Rule:225 - rule Change Default Value for LSE Drive Capability for WB family is applicable
2025-06-27 17:30:29,683 [INFO] Rule:225 - rule Change Default Value for ADC Clock Prescaler G0 family is applicable
2025-06-27 17:30:29,683 [INFO] Rule:225 - rule ADC SamplingTime fix with FW L0  is applicable
2025-06-27 17:30:29,683 [INFO] Rule:225 - rule ADC SamplingTime fix with FW L0  is applicable
2025-06-27 17:30:29,683 [INFO] Rule:225 - rule ADC SamplingTime fix with FW L0 is applicable
2025-06-27 17:30:29,683 [INFO] Rule:225 - rule ADC SamplingTime fix with FW L0 is applicable
2025-06-27 17:30:29,683 [INFO] Rule:225 - rule ADC SamplingTime fix with FW L0  is applicable
2025-06-27 17:30:29,683 [INFO] Rule:225 - rule ADC SamplingTime fix with FW L0 is applicable
2025-06-27 17:30:29,683 [INFO] Rule:225 - rule Rename USB_OE Signal is applicable
2025-06-27 17:30:29,684 [INFO] Rule:225 - rule Rename Activate_OE Mode is applicable
2025-06-27 17:30:29,684 [INFO] Rule:225 - rule Rename DIE462/DIE415 pin PC14/OSC32_IN -> PC14-OSC32_IN (PC14) is applicable
2025-06-27 17:30:29,684 [INFO] Rule:225 - rule Rename DIE462/DIE415 pin PC15/OSC32_OUT -> PC15-OSC32_OUT (PC15) is applicable
2025-06-27 17:30:29,684 [INFO] Rule:225 - rule Rename DIE462/DIE415 pin PH0/OSC_IN -> PH0-OSC_IN (PH0) is applicable
2025-06-27 17:30:29,684 [INFO] Rule:225 - rule Rename DIE462/DIE415 pin PH1/OSC_OUT -> PH1-OSC_OUT (PH1) is applicable
2025-06-27 17:30:29,684 [INFO] Rule:225 - rule Rename DIE462 pin PA13 -> PA13 (JTMS/SWDIO) is applicable
2025-06-27 17:30:29,684 [INFO] Rule:225 - rule Rename DIE415 pin PA13 -> PA13 (JTMS/SWDIO) is applicable
2025-06-27 17:30:29,684 [INFO] Rule:225 - rule Rename DIE462 pin PA14 -> PA14 (JTCK/SWCLK) is applicable
2025-06-27 17:30:29,684 [INFO] Rule:225 - rule Rename DIE415 pin PA14 -> PA14 (JTCK/SWCLK) is applicable
2025-06-27 17:30:29,684 [INFO] Rule:225 - rule Rename DIE462/DIE415 pin PA15 -> PA15 (JTDI) is applicable
2025-06-27 17:30:29,684 [INFO] Rule:225 - rule Rename DIE462 pin PB3 -> PB3 (JTD0/TRACESWO) is applicable
2025-06-27 17:30:29,684 [INFO] Rule:225 - rule Rename DIE415 pin PB3 -> PB3 (JTD0-TRACESWO) is applicable
2025-06-27 17:30:29,684 [INFO] Rule:225 - rule Rename DIE462/DIE415 pin PB4 -> PB4 (NJTRST) is applicable
2025-06-27 17:30:29,684 [INFO] Rule:225 - rule Rename DIE462 pin PH3/BOOT0 -> PH3-BOOT0 (BOOT0) is applicable
2025-06-27 17:30:29,684 [INFO] Rule:225 - rule Rename CRYP DataEncryptionTypesList to Algorithm is applicable
2025-06-27 17:30:29,684 [INFO] Rule:225 - rule Rename AES DataEncryptionTypesList to Algorithm is applicable
2025-06-27 17:30:29,684 [INFO] Rule:225 - rule Rename TDESECB to CRYP_TDES_ECB is applicable
2025-06-27 17:30:29,684 [INFO] Rule:225 - rule Rename TDESCBC to CRYP_TDES_CBC is applicable
2025-06-27 17:30:29,684 [INFO] Rule:225 - rule Rename DESECB to CRYP_DES_ECB is applicable
2025-06-27 17:30:29,685 [INFO] Rule:225 - rule Rename DESCBC to CRYP_DES_CBC is applicable
2025-06-27 17:30:29,685 [INFO] Rule:225 - rule Rename AESECB to CRYP_AES_ECB is applicable
2025-06-27 17:30:29,685 [INFO] Rule:225 - rule Rename AESCBC to CRYP_AES_CBC is applicable
2025-06-27 17:30:29,685 [INFO] Rule:225 - rule Rename AESCTR to CRYP_AES_CTR is applicable
2025-06-27 17:30:29,685 [INFO] Rule:225 - rule Rename AESGCM to CRYP_AES_GCM is applicable
2025-06-27 17:30:29,685 [INFO] Rule:225 - rule Rename AESCCM to CRYP_AES_CCM is applicable
2025-06-27 17:30:29,685 [INFO] Rule:225 - rule Rename CAN TimeSeg1 to BS1 is applicable
2025-06-27 17:30:29,685 [INFO] Rule:225 - rule Rename CAN TimeSeg2 to BS2 is applicable
2025-06-27 17:30:29,685 [INFO] Rule:225 - rule Rename CAN SyncJumpWidth to SJW is applicable
2025-06-27 17:30:29,685 [INFO] Rule:225 - rule TimeTriggeredMode to TTCM is applicable
2025-06-27 17:30:29,685 [INFO] Rule:225 - rule Rename CAN AutoBusOff to ABOM is applicable
2025-06-27 17:30:29,686 [INFO] Rule:225 - rule Rename CAN AutoWakeUp to AWUM is applicable
2025-06-27 17:30:29,686 [INFO] Rule:225 - rule Rename CAN AutoRetransmission to NART is applicable
2025-06-27 17:30:29,686 [INFO] Rule:225 - rule Rename CAN ReceiveFifoLocked to RFLM is applicable
2025-06-27 17:30:29,686 [INFO] Rule:225 - rule Rename CAN TransmitFifoPriority to TXFP is applicable
2025-06-27 17:30:29,686 [INFO] Rule:225 - rule Rename HRTIMER HRTIM_OUTPUTFAULTLEVEL_HIGH in HRTIMER HRTIM_OUTPUTFAULTLEVEL_HIGHZ is applicable
2025-06-27 17:30:29,686 [INFO] Rule:225 - rule Rename TIMER TIM_CLEARINPUTSOURCE_OCREFCLR in  TIMER TIM_CLEARINPUTSOURCE_NONE for F7 family is applicable
2025-06-27 17:30:29,686 [INFO] Rule:225 - rule FDCAN_R1 - Rename FDCAN mode Master into Classic is applicable
2025-06-27 17:30:29,686 [INFO] Rule:225 - rule FDCAN_R2 - Rename FDCAN mode Slave into Classic is applicable
2025-06-27 17:30:29,686 [INFO] Rule:225 - rule FDCAN1_R3 - if PA10.Mode=FullDuplex, add Pin PA12 is applicable
2025-06-27 17:30:29,686 [INFO] Rule:225 - rule FDCAN1_R3 - if PA9.Mode=FullDuplex, add Pin PA11 is applicable
2025-06-27 17:30:29,686 [INFO] Rule:225 - rule FDCAN1_R3 - Alternatepin_1 - if PE1.Mode=FullDuplex, add Pin PB9 is applicable
2025-06-27 17:30:29,686 [INFO] Rule:225 - rule FDCAN1_R3 - Alternatepin_1 - if PE0.Mode=FullDuplex, add Pin PB8 is applicable
2025-06-27 17:30:29,686 [INFO] Rule:225 - rule FDCAN1_R3 - Alternatepin_2 - if PD5.Mode=FullDuplex, add Pin PD1 is applicable
2025-06-27 17:30:29,686 [INFO] Rule:225 - rule FDCAN1_R3 - Alternatepin_2 - if PD4.Mode=FullDuplex, add Pin PD0 is applicable
2025-06-27 17:30:29,686 [INFO] Rule:225 - rule FDCAN1_R4 - Rename Mode FullDuplex into Enable FDCAN_TXFD for pin PA10 is applicable
2025-06-27 17:30:29,686 [INFO] Rule:225 - rule FDCAN1_R4 - Rename Mode FullDuplex into Enable FDCAN_TXFD for pin PA9 is applicable
2025-06-27 17:30:29,686 [INFO] Rule:225 - rule FDCAN1_R4 - Alternatepin_1 - Rename Mode FullDuplex into Enable FDCAN_TXFD for pin PE1 is applicable
2025-06-27 17:30:29,686 [INFO] Rule:225 - rule FDCAN1_R4 - Alternatepin_1 - Rename Mode FullDuplex into Enable FDCAN_TXFD for pin PE0 is applicable
2025-06-27 17:30:29,686 [INFO] Rule:225 - rule FDCAN1_R4 - Alternatepin_2 - Rename Mode FullDuplex into Enable FDCAN_TXFD for pin PD5 is applicable
2025-06-27 17:30:29,686 [INFO] Rule:225 - rule FDCAN1_R4 - Alternatepin_2 - Rename Mode FullDuplex into Enable FDCAN_TXFD for pin PD4 is applicable
2025-06-27 17:30:29,686 [INFO] Rule:225 - rule FDCAN2_R3 - if PD10.Mode=FullDuplex, add Pin PB13 is applicable
2025-06-27 17:30:29,686 [INFO] Rule:225 - rule FDCAN2_R3 - if PD9.Mode=FullDuplex, add Pin PB12 is applicable
2025-06-27 17:30:29,686 [INFO] Rule:225 - rule FDCAN2_R3 - Alternatepin_1 - if PB7.Mode=FullDuplex, add Pin PB6 is applicable
2025-06-27 17:30:29,686 [INFO] Rule:225 - rule FDCAN2_R3 - Alternatepin_1 - if PD9.Mode=FullDuplex, add Pin PB12 is applicable
2025-06-27 17:30:29,686 [INFO] Rule:225 - rule FDCAN2_R4 - Rename Mode FullDuplex into Enable FDCAN_TXFD for pin PD10 is applicable
2025-06-27 17:30:29,687 [INFO] Rule:225 - rule FDCAN2_R4 - Rename Mode FullDuplex into Enable FDCAN_TXFD for pin PD9 is applicable
2025-06-27 17:30:29,687 [INFO] Rule:225 - rule FDCAN2_R4 - Alternatepin_1 - Rename Mode FullDuplex into Enable FDCAN_TXFD for pin PB7 is applicable
2025-06-27 17:30:29,687 [INFO] Rule:225 - rule FDCAN2_R4 - Alternatepin_1 - Rename Mode FullDuplex into Enable FDCAN_TXFD for pin PD6 is applicable
2025-06-27 17:30:29,687 [INFO] Rule:225 - rule USART TxPinLevelInvertParam Mode is applicable
2025-06-27 17:30:29,687 [INFO] Rule:225 - rule USART RxPinLevelInvertParam Mode is applicable
2025-06-27 17:30:29,687 [INFO] Rule:225 - rule USART DataInvertParam Mode is applicable
2025-06-27 17:30:29,687 [INFO] Rule:225 - rule USART SwapParam Mode is applicable
2025-06-27 17:30:29,687 [INFO] Rule:225 - rule USART OverrunDisableParam Mode is applicable
2025-06-27 17:30:29,688 [INFO] Rule:225 - rule USART DMADisableonRxErrorParam Mode is applicable
2025-06-27 17:30:29,688 [INFO] Rule:225 - rule USART MSBFirstParam Mode is applicable
2025-06-27 17:30:29,688 [INFO] Rule:225 - rule Update MwName for USB_DEVICE is applicable
2025-06-27 17:30:29,688 [INFO] Rule:225 - rule Change PWR_Regulator_Voltage_Scale Default Value for RCC  H7 family is applicable
2025-06-27 17:30:29,690 [INFO] Rule:225 - rule UART/USART IPParameter rename Prescaler parameter to ClockPrescaler is applicable
2025-06-27 17:30:29,690 [INFO] Rule:225 - rule UART/USART Prescaler rename Prescaler parameter to ClockPrescaler is applicable
2025-06-27 17:30:29,690 [INFO] Rule:225 - rule TIM1CLockSelection is applicable
2025-06-27 17:30:29,690 [INFO] Rule:225 - rule TIM15CLockSelection is applicable
2025-06-27 17:30:29,690 [INFO] Rule:225 - rule align RCC SDMMC3CLockSelection default value on MP1 is applicable
2025-06-27 17:30:29,690 [INFO] Rule:225 - rule align RCC SDMMC12CLockSelection default value on MP1 is applicable
2025-06-27 17:30:29,690 [INFO] Rule:225 - rule align RCC QSPICLockSelection default value on MP1 is applicable
2025-06-27 17:30:29,690 [INFO] Rule:225 - rule align RCC QSPICLockSelection default value on MP1 is applicable
2025-06-27 17:30:29,690 [INFO] Rule:225 - rule align RCC SPI6CLockSelection default value on MP1 is applicable
2025-06-27 17:30:29,690 [INFO] Rule:225 - rule align RCC LPTIM23CLockSelection default value on MP1 is applicable
2025-06-27 17:30:29,690 [INFO] Rule:225 - rule align RCC LPTIM1CLockSelection default value on MP1 is applicable
2025-06-27 17:30:29,690 [INFO] Rule:225 - rule align RCC USART1CLockSelection default value on MP1 is applicable
2025-06-27 17:30:29,690 [INFO] Rule:225 - rule align RCC USART24CLockSelection default value on MP1 is applicable
2025-06-27 17:30:29,690 [INFO] Rule:225 - rule align RCC USART6CLockSelection default value on MP1 is applicable
2025-06-27 17:30:29,691 [INFO] Rule:225 - rule align RCC UART78CLockSelection default value on MP1 is applicable
2025-06-27 17:30:29,691 [INFO] Rule:225 - rule align RCC USART35CLockSelection default value on MP1 is applicable
2025-06-27 17:30:29,691 [INFO] Rule:225 - rule align RCC SPI45CLockSelection default value on MP1 is applicable
2025-06-27 17:30:29,691 [INFO] Rule:225 - rule align RCC I2C46CLockSelection BCLK value on MP1 is applicable
2025-06-27 17:30:29,691 [INFO] Rule:225 - rule align RCC SPI45CLockSelection default value on MP1 is applicable
2025-06-27 17:30:29,691 [INFO] Rule:225 - rule align RCC I2C12CLockSelection default value on MP1 is applicable
2025-06-27 17:30:29,691 [INFO] Rule:225 - rule align RCC I2C35CLockSelection default value on MP1 is applicable
2025-06-27 17:30:29,691 [INFO] Rule:225 - rule align RCC LPTIM45CLockSelection default value on MP1 is applicable
2025-06-27 17:30:29,691 [INFO] Rule:225 - rule Rename DCMI PIXCK signal is applicable
2025-06-27 17:30:29,691 [INFO] Rule:225 - rule Change Default Value for I2C46CLockSelection MP1 family is applicable
2025-06-27 17:30:29,691 [INFO] Rule:225 - rule Change Default Value for UART for G4, G0 and WB families is applicable
2025-06-27 17:30:29,691 [INFO] Rule:225 - rule Change Default Value for USART for G4, G0 and WB families is applicable
2025-06-27 17:30:29,691 [INFO] Rule:225 - rule Change Default Value for USART for G4 family is applicable
2025-06-27 17:30:29,691 [INFO] Rule:225 - rule Change USART1CLockSelection refparam name for MP1 is applicable
2025-06-27 17:30:29,691 [INFO] Rule:225 - rule Change USART2CLockSelection refparam name for MP1 is applicable
2025-06-27 17:30:29,691 [INFO] Rule:225 - rule Change USART3CLockSelection refparam name for MP1 is applicable
2025-06-27 17:30:29,691 [INFO] Rule:225 - rule Change UART4CLockSelection refparam name for MP1 is applicable
2025-06-27 17:30:29,691 [INFO] Rule:225 - rule Change UART5CLockSelection refparam name for MP1 is applicable
2025-06-27 17:30:29,692 [INFO] Rule:225 - rule Change LPUART1CLockSelection refparam name for MP1 is applicable
2025-06-27 17:30:29,692 [INFO] Rule:225 - rule Change LPTIM1CLockSelection refparam name for MP1 is applicable
2025-06-27 17:30:29,692 [INFO] Rule:225 - rule Change LPTIM2CLockSelection refparam name for MP1 is applicable
2025-06-27 17:30:29,692 [INFO] Rule:225 - rule Change RCC_MCO1Source refparam name for MP1 is applicable
2025-06-27 17:30:29,692 [INFO] Rule:225 - rule Change LSCOSource1 refparam name for MP1 is applicable
2025-06-27 17:30:29,692 [INFO] Rule:225 - rule Change SMPSCLockSelection refparam name for MP1 is applicable
2025-06-27 17:30:29,692 [INFO] Rule:225 - rule Change LPTIM3CLockSelection refparam name for MP1 is applicable
2025-06-27 17:30:29,692 [INFO] Rule:225 - rule Change MPCBB* Default Template Mode to Parameters is applicable
2025-06-27 17:30:29,692 [INFO] Rule:225 - rule Change MPCWM* or MPCBB* Secure Mode to Parameters is applicable
2025-06-27 17:30:29,692 [INFO] Rule:225 - rule Change MPCWM* or MPCBB* No Secure Mode to Parameters is applicable
2025-06-27 17:30:29,692 [INFO] Rule:225 - rule Change TZSC IP Secure Mode to Parameters is applicable
2025-06-27 17:30:29,692 [INFO] Rule:225 - rule Change TZSC IP No Secure Mode to Parameters is applicable
2025-06-27 17:30:29,692 [INFO] Rule:225 - rule Change TZSC IP Privilege Mode to Parameters is applicable
2025-06-27 17:30:29,692 [INFO] Rule:225 - rule Change TZSC IP No Privilege Mode to Parameters is applicable
2025-06-27 17:30:29,692 [INFO] Rule:225 - rule Change TZIC IT Secure Mode to Parameters is applicable
2025-06-27 17:30:29,692 [INFO] Rule:225 - rule Change TZIC IT No Secure Mode to Parameters is applicable
2025-06-27 17:30:29,692 [INFO] Rule:225 - rule Add MPCBB1_NonSecureArea_Start_Address value with referenced to MPCBB1_NonSecureArea_Start value is applicable
2025-06-27 17:30:29,692 [INFO] Rule:225 - rule Add MPCBB2_NonSecureArea_Start_Address value with referenced to MPCBB2_NonSecureArea_Start value is applicable
2025-06-27 17:30:29,692 [INFO] Rule:225 - rule Add MPCWM1_NonSecureArea*_Start_Address value with referenced to MPCWM1_NonSecureArea*_Start value is applicable
2025-06-27 17:30:29,692 [INFO] Rule:225 - rule Add MPCWM2_NonSecureArea*_Start_Address value with referenced to MPCWM2_NonSecureArea*_Start value is applicable
2025-06-27 17:30:29,692 [INFO] Rule:225 - rule Add MPCWM3_NonSecureArea_Start_Address value with referenced to MPCWM3_NonSecureArea_Start value is applicable
2025-06-27 17:30:29,692 [INFO] Rule:225 - rule Change Default Value for PLL1UserDefinedConfig is applicable
2025-06-27 17:30:29,692 [INFO] Rule:225 - rule Change GPIO_PuPd Default Value for USART in async mode is applicable
2025-06-27 17:30:29,692 [INFO] Rule:225 - rule Change SMPSDivider Default Value is applicable
2025-06-27 17:30:29,692 [INFO] Rule:225 - rule OPAMP is applicable
2025-06-27 17:30:29,692 [INFO] Rule:225 - rule LPUART IPParameter rename Prescaler parameter to ClockPrescaler for STM32H7 is applicable
2025-06-27 17:30:29,692 [INFO] Rule:225 - rule LPUART IPParameter rename Prescaler parameter to ClockPrescaler for STM32H7 is applicable
2025-06-27 17:30:29,693 [INFO] Rule:225 - rule LPUART IPParameter rename Prescaler parameter to ClockPrescaler for STM32WB is applicable
2025-06-27 17:30:29,693 [INFO] Rule:225 - rule LPUART IPParameter rename Prescaler parameter to ClockPrescaler for STM32WB is applicable
2025-06-27 17:30:29,693 [INFO] Rule:225 - rule LPUART IPParameter rename Prescaler parameter to ClockPrescaler for STM32G4 is applicable
2025-06-27 17:30:29,693 [INFO] Rule:225 - rule LPUART IPParameter rename Prescaler parameter to ClockPrescaler for STM32G4 is applicable
2025-06-27 17:30:29,693 [INFO] Rule:225 - rule LPUART IPParameter rename Prescaler parameter to ClockPrescaler for STM32L5 is applicable
2025-06-27 17:30:29,693 [INFO] Rule:225 - rule LPUART IPParameter rename Prescaler parameter to ClockPrescaler for STM32L5 is applicable
2025-06-27 17:30:29,693 [INFO] Rule:225 - rule LPUART IPParameter rename Prescaler parameter to ClockPrescaler for STM32G4 is applicable
2025-06-27 17:30:29,693 [INFO] Rule:225 - rule LPUART IPParameter rename Prescaler parameter to ClockPrescaler for STM32G4 is applicable
2025-06-27 17:30:29,693 [INFO] Rule:225 - rule USB device lib V2.5.3 for L0 rename USBD_SUPPORT_USER_STRING parameter to USBD_SUPPORT_USER_STRING_DESC4 is applicable
2025-06-27 17:30:29,693 [INFO] Rule:225 - rule I2SCLockSelection clock entry align is applicable
2025-06-27 17:30:29,693 [INFO] Rule:225 - rule Assign TIMx context if used as SYS timebase is applicable
2025-06-27 17:30:29,693 [INFO] Rule:225 - rule Change GPIO_Pu Default Value for I2C is applicable
2025-06-27 17:30:29,693 [INFO] Rule:225 - rule Change GPIO_Pu Default Value for SMBus is applicable
2025-06-27 17:30:29,693 [INFO] Rule:225 - rule change FDCAN default value is applicable
2025-06-27 17:30:29,693 [INFO] Rule:225 - rule Change mode sai is applicable
2025-06-27 17:30:29,693 [INFO] Rule:225 - rule **Change sai mode is applicable
2025-06-27 17:30:29,693 [INFO] Rule:225 - rule Rename STM32WPAN CFG_BLE_IRK to CFG_BLE_IR is applicable
2025-06-27 17:30:29,693 [INFO] Rule:225 - rule Rename STM32WPAN CFG_BLE_ERK to CFG_BLE_ER is applicable
2025-06-27 17:30:29,693 [INFO] Rule:225 - rule Rename STM32WPAN CFG_BLE_IRK_HEX to CFG_BLE_IR_HEX is applicable
2025-06-27 17:30:29,693 [INFO] Rule:225 - rule Rename STM32WPAN CFG_BLE_ERK_HEX to CFG_BLE_ER_HEX is applicable
2025-06-27 17:30:29,693 [INFO] Rule:225 - rule Adapt Old IOC before rework replace old CORTEX_M33/CORTEX_M55 attributes by the new one. is applicable
2025-06-27 17:30:29,693 [INFO] Rule:225 - rule Rename parametre of RCC RCC_APBDBG_DIV2 to RCC_TIMPRES_DIV2 is applicable
2025-06-27 17:30:29,693 [INFO] Rule:225 - rule Rename DIE493 pin PA10 [PA12] -> PA10 is applicable
2025-06-27 17:30:29,693 [INFO] Rule:225 - rule Rename DIE493 pin PA9 [PA11] -> PA9 is applicable
2025-06-27 17:30:29,693 [INFO] Rule:225 - rule Adapt Old IOC CSI. is applicable
2025-06-27 17:30:29,713 [INFO] DbConfProperties:307 - Apply Compatibility (34/235 Rules)
2025-06-27 17:30:29,752 [INFO] ImportTextPane:218 - (OptionalMessage_ERROR) Unable to find key (Mcu.ThirdPartyNb) in loaded IOC file
2025-06-27 17:30:29,757 [INFO] ImportTextPane:218 - (OptionalMessage_ERROR) Pin34 (VP_RIF_VS_RIF1) cannot be retrieved for this MCU
2025-06-27 17:30:29,956 [INFO] RtosManager:558 - Registered RTOS mode: class=CMSIS, group=RTOS, mode=CMSIS_V1, owner=FREERTOS
2025-06-27 17:30:29,956 [INFO] RtosManager:558 - Registered RTOS mode: class=CMSIS, group=RTOS2, mode=CMSIS_V2, owner=FREERTOS
2025-06-27 17:30:29,957 [INFO] RtosManager:558 - Registered RTOS mode: class=RTOS, group=Core, mode=CMSIS_V1, owner=FREERTOS
2025-06-27 17:30:29,957 [INFO] RtosManager:558 - Registered RTOS mode: class=RTOS, group=Core, mode=CMSIS_V2, owner=FREERTOS
2025-06-27 17:30:29,957 [WARN] ModelIntegratedComponent:184 - Missing modes for component STMicroelectronics:FreeRTOS:0.0.1:STMicroelectronics:RTOS:FreeRTOS:Core:::10.2.0:
2025-06-27 17:30:29,963 [WARN] ModelIntegratedComponent:63 - No mode defined for component null
2025-06-27 17:30:29,963 [WARN] ModelIntegratedComponent:63 - No mode defined for component null
2025-06-27 17:30:29,963 [WARN] ModelIntegratedComponent:63 - No mode defined for component null
2025-06-27 17:30:29,963 [WARN] ModelIntegratedComponent:63 - No mode defined for component null
2025-06-27 17:30:29,963 [WARN] ModelIntegratedComponent:63 - No mode defined for component null
2025-06-27 17:30:29,963 [WARN] ModelIntegratedComponent:63 - No mode defined for component null
2025-06-27 17:30:29,963 [WARN] ModelIntegratedComponent:63 - No mode defined for component null
2025-06-27 17:30:29,963 [WARN] ModelIntegratedComponent:63 - No mode defined for component null
2025-06-27 17:30:29,963 [WARN] ModelIntegratedComponent:63 - No mode defined for component null
2025-06-27 17:30:29,963 [WARN] ModelIntegratedComponent:63 - No mode defined for component null
2025-06-27 17:30:29,963 [WARN] ModelIntegratedComponent:63 - No mode defined for component null
2025-06-27 17:30:29,963 [WARN] ModelIntegratedComponent:63 - No mode defined for component null
2025-06-27 17:30:29,963 [WARN] ModelIntegratedComponent:63 - No mode defined for component null
2025-06-27 17:30:29,963 [WARN] ModelIntegratedComponent:63 - No mode defined for component null
2025-06-27 17:30:29,963 [WARN] ModelIntegratedComponent:63 - No mode defined for component null
2025-06-27 17:30:29,963 [WARN] ModelIntegratedComponent:63 - No mode defined for component null
2025-06-27 17:30:29,963 [WARN] ModelIntegratedComponent:63 - No mode defined for component null
2025-06-27 17:30:29,963 [WARN] ModelIntegratedComponent:63 - No mode defined for component null
2025-06-27 17:30:29,963 [WARN] ModelIntegratedComponent:63 - No mode defined for component null
2025-06-27 17:30:29,963 [WARN] ModelIntegratedComponent:63 - No mode defined for component null
2025-06-27 17:30:29,963 [WARN] ModelIntegratedComponent:63 - No mode defined for component null
2025-06-27 17:30:29,963 [WARN] ModelIntegratedComponent:63 - No mode defined for component null
2025-06-27 17:30:29,963 [WARN] ModelIntegratedComponent:63 - No mode defined for component null
2025-06-27 17:30:29,963 [WARN] ModelIntegratedComponent:63 - No mode defined for component null
2025-06-27 17:30:29,964 [WARN] ModelIntegratedComponent:63 - No mode defined for component null
2025-06-27 17:30:29,964 [WARN] ModelIntegratedComponent:63 - No mode defined for component null
2025-06-27 17:30:29,964 [WARN] ModelIntegratedComponent:63 - No mode defined for component null
2025-06-27 17:30:29,964 [WARN] ModelIntegratedComponent:63 - No mode defined for component null
2025-06-27 17:30:29,964 [WARN] ModelIntegratedComponent:63 - No mode defined for component null
2025-06-27 17:30:29,964 [WARN] ModelIntegratedComponent:63 - No mode defined for component null
2025-06-27 17:30:29,964 [WARN] ModelIntegratedComponent:63 - No mode defined for component null
2025-06-27 17:30:29,964 [WARN] ModelIntegratedComponent:63 - No mode defined for component null
2025-06-27 17:30:29,964 [WARN] ModelIntegratedComponent:63 - No mode defined for component null
2025-06-27 17:30:29,964 [WARN] ModelIntegratedComponent:63 - No mode defined for component null
2025-06-27 17:30:29,964 [WARN] ModelIntegratedComponent:63 - No mode defined for component null
2025-06-27 17:30:29,964 [WARN] ModelPack:524 - Component already loaded: STMicroelectronics:HAL Drivers:0.0.0:STMicroelectronics:Device:STMicro_Driver:XSPI:HAL::0.0.1:HAL_XSPI
2025-06-27 17:30:30,124 [INFO] ThirdPartyModel:298 - Start build external matchings
2025-06-27 17:30:31,102 [INFO] ThirdPartyModel:316 - End build external matchings
2025-06-27 17:30:31,484 [INFO] UtilMem:75 - End LoadConfig() Used Memory: 718990384 Bytes (1063256064)
2025-06-27 17:30:31,607 [WARN] ThirdParty:833 - waiting for thirdparty lock release [change project]
2025-06-27 17:30:31,607 [INFO] ThirdParty:835 - entering critical section [change project]
2025-06-27 17:30:31,607 [INFO] ThirdParty:1030 - CMSIS Pack Vendor :STMicroelectronics X-CUBE-PM33A1 1.0.0
2025-06-27 17:30:31,607 [INFO] ThirdParty:1030 - CMSIS Pack Vendor :STMicroelectronics USBPD 4.1
2025-06-27 17:30:31,607 [INFO] ThirdParty:1030 - CMSIS Pack Vendor :STMicroelectronics X-CUBE-GNSS1 6.0.0
2025-06-27 17:30:31,607 [INFO] ThirdParty:1030 - CMSIS Pack Vendor :STMicroelectronics USB_HOST 2.0.0
2025-06-27 17:30:31,607 [INFO] ThirdParty:1030 - CMSIS Pack Vendor :STMicroelectronics FP-SNS-MOTENVWB1 1.4.0
2025-06-27 17:30:31,607 [INFO] ThirdParty:1030 - CMSIS Pack Vendor :STMicroelectronics X-CUBE-AZRTOS-F4 1.1.0
2025-06-27 17:30:31,608 [INFO] ThirdParty:1030 - CMSIS Pack Vendor :STMicroelectronics LIBJPEG 8.0.0
2025-06-27 17:30:31,608 [INFO] ThirdParty:1030 - CMSIS Pack Vendor :Avnet-IotConnect X-CUBE-IoTC-DA16k-PMOD 1.0.0
2025-06-27 17:30:31,608 [INFO] ThirdParty:1030 - CMSIS Pack Vendor :STMicroelectronics X-CUBE-SMBUS 2.1.0
2025-06-27 17:30:31,608 [INFO] ThirdParty:1030 - CMSIS Pack Vendor :STMicroelectronics X-CUBE-WB05N 1.1.0
2025-06-27 17:30:31,608 [INFO] ThirdParty:1030 - CMSIS Pack Vendor :STMicroelectronics X-CUBE-ISPU 2.1.0
2025-06-27 17:30:31,608 [INFO] ThirdParty:1030 - CMSIS Pack Vendor :STMicroelectronics X-CUBE-FREERTOS 1.2.0
2025-06-27 17:30:31,608 [INFO] ThirdParty:1030 - CMSIS Pack Vendor :STMicroelectronics X-CUBE-ST60 1.0.0
2025-06-27 17:30:31,608 [INFO] ThirdParty:1030 - CMSIS Pack Vendor :STMicroelectronics X-CUBE-AZRTOS-F7 1.1.0
2025-06-27 17:30:31,608 [INFO] ThirdParty:1030 - CMSIS Pack Vendor :STMicroelectronics X-CUBE-AZRTOS-L5 2.0.0
2025-06-27 17:30:31,608 [INFO] ThirdParty:1030 - CMSIS Pack Vendor :STMicroelectronics USB_DEVICE 2.0.0
2025-06-27 17:30:31,608 [INFO] ThirdParty:1030 - CMSIS Pack Vendor :STMicroelectronics X-CUBE-NFC6 3.1.0
2025-06-27 17:30:31,608 [INFO] ThirdParty:1030 - CMSIS Pack Vendor :STMicroelectronics X-CUBE-MEMS1 11.0.0
2025-06-27 17:30:31,608 [INFO] ThirdParty:1030 - CMSIS Pack Vendor :STMicroelectronics FreeRTOS 0.0.1
2025-06-27 17:30:31,608 [INFO] ThirdParty:1030 - CMSIS Pack Vendor :STMicroelectronics X-CUBE-DPower 1.2.0
2025-06-27 17:30:31,608 [INFO] ThirdParty:1030 - CMSIS Pack Vendor :STMicroelectronics FP-SNS-FLIGHT1 5.0.2
2025-06-27 17:30:31,608 [INFO] ThirdParty:1030 - CMSIS Pack Vendor :STMicroelectronics X-CUBE-AI 9.0.0
2025-06-27 17:30:31,608 [INFO] ThirdParty:1030 - CMSIS Pack Vendor :STMicroelectronics PDM2PCM 3.3.0
2025-06-27 17:30:31,608 [INFO] ThirdParty:1030 - CMSIS Pack Vendor :STMicroelectronics X-CUBE-DISPLAY 3.0.0
2025-06-27 17:30:31,608 [INFO] ThirdParty:1030 - CMSIS Pack Vendor :STMicroelectronics X-CUBE-BLE1 7.0.0
2025-06-27 17:30:31,608 [INFO] ThirdParty:1030 - CMSIS Pack Vendor :STMicroelectronics X-CUBE-NFC10 1.0.0
2025-06-27 17:30:31,608 [INFO] ThirdParty:1030 - CMSIS Pack Vendor :STMicroelectronics X-CUBE-FREERTOS 1.3.1
2025-06-27 17:30:31,608 [INFO] ThirdParty:1030 - CMSIS Pack Vendor :STMicroelectronics HAL Drivers 0.0.0
2025-06-27 17:30:31,608 [INFO] ThirdParty:1030 - CMSIS Pack Vendor :emotas I-CUBE-CANOPEN 1.3.0
2025-06-27 17:30:31,608 [INFO] ThirdParty:1030 - CMSIS Pack Vendor :STMicroelectronics X-CUBE-NFC7 1.0.1
2025-06-27 17:30:31,608 [INFO] ThirdParty:1030 - CMSIS Pack Vendor :STMicroelectronics MBEDTLS 2.14.1
2025-06-27 17:30:31,608 [INFO] ThirdParty:1030 - CMSIS Pack Vendor :wolfSSL I-CUBE-wolfTPM 3.2.0
2025-06-27 17:30:31,608 [INFO] ThirdParty:1030 - CMSIS Pack Vendor :STMicroelectronics X-CUBE-BLEMGR 3.1.0
2025-06-27 17:30:31,608 [INFO] ThirdParty:1030 - CMSIS Pack Vendor :STMicroelectronics FP-SNS-STAIOTCFT 1.0.0
2025-06-27 17:30:31,608 [INFO] ThirdParty:1030 - CMSIS Pack Vendor :STMicroelectronics FP-SNS-SMARTAG2 1.2.0
2025-06-27 17:30:31,608 [INFO] ThirdParty:1030 - CMSIS Pack Vendor :STMicroelectronics FP-SNS-FLIGHT1 5.1.0
2025-06-27 17:30:31,608 [INFO] ThirdParty:1030 - CMSIS Pack Vendor :STMicroelectronics X-CUBE-AZRTOS-WL 2.0.0
2025-06-27 17:30:31,608 [INFO] ThirdParty:1030 - CMSIS Pack Vendor :STMicroelectronics X-CUBE-DPower 1.3.0
2025-06-27 17:30:31,608 [INFO] ThirdParty:1030 - CMSIS Pack Vendor :STMicroelectronics FP-SNS-MOTENV1 5.0.0
2025-06-27 17:30:31,608 [INFO] ThirdParty:1030 - CMSIS Pack Vendor :STMicroelectronics USB_DEVICE 1.0.0
2025-06-27 17:30:31,608 [INFO] ThirdParty:1030 - CMSIS Pack Vendor :wolfSSL I-CUBE-wolfMQTT 1.19.0
2025-06-27 17:30:31,608 [INFO] ThirdParty:1030 - CMSIS Pack Vendor :STMicroelectronics X-CUBE-AZRTOS-L4 2.0.0
2025-06-27 17:30:31,608 [INFO] ThirdParty:1030 - CMSIS Pack Vendor :STMicroelectronics ThreadX 0.0.2
2025-06-27 17:30:31,608 [INFO] ThirdParty:1030 - CMSIS Pack Vendor :WES I-CUBE-Cesium 1.3.0
2025-06-27 17:30:31,608 [INFO] ThirdParty:1030 - CMSIS Pack Vendor :STMicroelectronics lwIP 2.1.2
2025-06-27 17:30:31,608 [INFO] ThirdParty:1030 - CMSIS Pack Vendor :STMicroelectronics X-CUBE-SFXS2LP1 4.0.0
2025-06-27 17:30:31,608 [INFO] ThirdParty:1030 - CMSIS Pack Vendor :STMicroelectronics X-CUBE-BLE2 3.3.0
2025-06-27 17:30:31,608 [INFO] ThirdParty:1030 - CMSIS Pack Vendor :STMicroelectronics PDM2PCM 3.2.0
2025-06-27 17:30:31,608 [INFO] ThirdParty:1030 - CMSIS Pack Vendor :STMicroelectronics X-CUBE-AZRTOS-H7 3.3.0
2025-06-27 17:30:31,608 [INFO] ThirdParty:1030 - CMSIS Pack Vendor :STMicroelectronics X-CUBE-NFC9 1.0.0
2025-06-27 17:30:31,608 [INFO] ThirdParty:1030 - CMSIS Pack Vendor :STMicroelectronics X-CUBE-BLE1 7.1.0
2025-06-27 17:30:31,608 [INFO] ThirdParty:1030 - CMSIS Pack Vendor :STMicroelectronics USB_DEVICE 3.0.0
2025-06-27 17:30:31,608 [INFO] ThirdParty:1030 - CMSIS Pack Vendor :STMicroelectronics X-CUBE-TCPP 4.1.0
2025-06-27 17:30:31,608 [INFO] ThirdParty:1030 - CMSIS Pack Vendor :STMicroelectronics X-CUBE-IPS 3.0.0
2025-06-27 17:30:31,608 [INFO] ThirdParty:1030 - CMSIS Pack Vendor :STMicroelectronics X-CUBE-AZRTOS-WB 2.0.0
2025-06-27 17:30:31,608 [INFO] ThirdParty:1030 - CMSIS Pack Vendor :STMicroelectronics X-CUBE-GNSS1 7.0.0
2025-06-27 17:30:31,608 [INFO] ThirdParty:1030 - CMSIS Pack Vendor :STMicroelectronics X-CUBE-GNSS1 7.0.1
2025-06-27 17:30:31,608 [INFO] ThirdParty:1030 - CMSIS Pack Vendor :STMicroelectronics X-CUBE-TOUCHGFX 4.25.0
2025-06-27 17:30:31,608 [INFO] ThirdParty:1030 - CMSIS Pack Vendor :STMicroelectronics X-CUBE-AI 10.1.0
2025-06-27 17:30:31,608 [INFO] ThirdParty:1030 - CMSIS Pack Vendor :STMicroelectronics FP-SNS-STBOX1 2.0.0
2025-06-27 17:30:31,608 [INFO] ThirdParty:1030 - CMSIS Pack Vendor :STMicroelectronics X-CUBE-AZRTOS-G0 1.1.0
2025-06-27 17:30:31,608 [INFO] ThirdParty:1030 - CMSIS Pack Vendor :STMicroelectronics X-CUBE-SAFEA1 1.2.2
2025-06-27 17:30:31,608 [INFO] ThirdParty:1030 - CMSIS Pack Vendor :STMicroelectronics X-CUBE-NFC4 3.0.0
2025-06-27 17:30:31,608 [INFO] ThirdParty:1030 - CMSIS Pack Vendor :STMicroelectronics X-CUBE-SUBG2 5.0.0
2025-06-27 17:30:31,608 [INFO] ThirdParty:1030 - CMSIS Pack Vendor :STMicroelectronics X-CUBE-AZRTOS-H7RS 1.1.0
2025-06-27 17:30:31,608 [INFO] ThirdParty:1030 - CMSIS Pack Vendor :STMicroelectronics STM32_WPAN 1.0.0
2025-06-27 17:30:31,608 [INFO] ThirdParty:1030 - CMSIS Pack Vendor :EmbeddedOffice I-CUBE-FS-RTOS 1.0.1
2025-06-27 17:30:31,608 [INFO] ThirdParty:1030 - CMSIS Pack Vendor :STMicroelectronics lwIP 2.0.3
2025-06-27 17:30:31,608 [INFO] ThirdParty:1030 - CMSIS Pack Vendor :Cesanta I-CUBE-Mongoose 7.13.0
2025-06-27 17:30:31,608 [INFO] ThirdParty:1030 - CMSIS Pack Vendor :STMicroelectronics USB_HOST 1.0.0
2025-06-27 17:30:31,609 [INFO] ThirdParty:1030 - CMSIS Pack Vendor :STMicroelectronics X-CUBE-AZRTOS-G4 2.0.0
2025-06-27 17:30:31,609 [INFO] ThirdParty:1030 - CMSIS Pack Vendor :STMicroelectronics X-CUBE-WB05N 2.0.0
2025-06-27 17:30:31,609 [INFO] ThirdParty:1030 - CMSIS Pack Vendor :STMicroelectronics PDM2PCM 3.1.0
2025-06-27 17:30:31,609 [INFO] ThirdParty:1030 - CMSIS Pack Vendor :STMicroelectronics X-CUBE-NFC7 2.0.0
2025-06-27 17:30:31,609 [INFO] ThirdParty:1030 - CMSIS Pack Vendor :STMicroelectronics X-CUBE-TCPP 4.2.0
2025-06-27 17:30:31,609 [INFO] ThirdParty:1030 - CMSIS Pack Vendor :RealThread X-CUBE-RT-Thread_Nano 4.1.1
2025-06-27 17:30:31,609 [INFO] ThirdParty:1030 - CMSIS Pack Vendor :wolfSSL I-CUBE-wolfSSL 5.7.0
2025-06-27 17:30:31,609 [INFO] ThirdParty:1030 - CMSIS Pack Vendor :STMicroelectronics FP-ATR-SIGFOX1 3.2.0
2025-06-27 17:30:31,609 [INFO] ThirdParty:1030 - CMSIS Pack Vendor :quantropi X-CUBE-qispace-sdk-base 1.9.3
2025-06-27 17:30:31,609 [INFO] ThirdParty:1030 - CMSIS Pack Vendor :STMicroelectronics X-CUBE-ISPU 2.0.0
2025-06-27 17:30:31,609 [INFO] ThirdParty:1030 - CMSIS Pack Vendor :STMicroelectronics X-CUBE-EEPRMA1 5.1.0
2025-06-27 17:30:31,609 [INFO] ThirdParty:1030 - CMSIS Pack Vendor :STMicroelectronics MBEDTLS 2.16.2
2025-06-27 17:30:31,609 [INFO] ThirdParty:1030 - CMSIS Pack Vendor :STMicroelectronics X-CUBE-IPS 3.1.0
2025-06-27 17:30:31,609 [INFO] ThirdParty:1030 - CMSIS Pack Vendor :STMicroelectronics X-CUBE-ALS 1.0.2
2025-06-27 17:30:31,609 [INFO] ThirdParty:1030 - CMSIS Pack Vendor :STMicroelectronics X-CUBE-MEMS1 10.0.0
2025-06-27 17:30:31,609 [INFO] ThirdParty:1030 - CMSIS Pack Vendor :STMicroelectronics X-CUBE-TOUCHGFX 4.24.0
2025-06-27 17:30:31,609 [INFO] ThirdParty:1030 - CMSIS Pack Vendor :ITTIA_DB I-CUBE-ITTIADB 8.9.0
2025-06-27 17:30:31,609 [INFO] ThirdParty:1030 - CMSIS Pack Vendor :STMicroelectronics X-CUBE-TOUCHGFX 4.24.1
2025-06-27 17:30:31,609 [INFO] ThirdParty:1030 - CMSIS Pack Vendor :portGmbH I-Cube-SoM-uGOAL 1.1.0
2025-06-27 17:30:31,609 [INFO] ThirdParty:1030 - CMSIS Pack Vendor :STMicroelectronics X-CUBE-ST67W61 1.0.0
2025-06-27 17:30:31,609 [INFO] ThirdParty:1030 - CMSIS Pack Vendor :STMicroelectronics ThreadX 1.0.0
2025-06-27 17:30:31,609 [INFO] ThirdParty:1030 - CMSIS Pack Vendor :SEGGER I-CUBE-embOS 1.3.1
2025-06-27 17:30:31,609 [INFO] ThirdParty:1030 - CMSIS Pack Vendor :STMicroelectronics X-CUBE-ALGOBUILD 1.4.0
2025-06-27 17:30:31,609 [INFO] ThirdParty:1030 - CMSIS Pack Vendor :STMicroelectronics X-CUBE-MEMS1 11.3.0
2025-06-27 17:30:31,609 [INFO] ThirdParty:1030 - CMSIS Pack Vendor :STMicroelectronics X-CUBE-AZRTOS-H7RS 1.0.0
2025-06-27 17:30:31,609 [INFO] ThirdParty:1030 - CMSIS Pack Vendor :STMicroelectronics FP-ATR-ASTRA1 2.0.0
2025-06-27 17:30:31,609 [INFO] ThirdParty:1030 - CMSIS Pack Vendor :STMicroelectronics X-CUBE-TOF1 3.4.2
2025-06-27 17:30:31,609 [INFO] ThirdParty:1030 - CMSIS Pack Vendor :STMicroelectronics X-CUBE-TOF1 3.4.3
2025-06-27 17:30:31,609 [INFO] ThirdParty:1030 - CMSIS Pack Vendor :STMicroelectronics X-CUBE-AI 9.1.0
2025-06-27 17:30:31,609 [INFO] ThirdParty:1030 - CMSIS Pack Vendor :STMicroelectronics X-CUBE-TOF1 3.4.1
2025-06-27 17:30:31,609 [INFO] ThirdParty:1030 - CMSIS Pack Vendor :STMicroelectronics X-CUBE-AZRTOS-H7 3.2.0
2025-06-27 17:30:31,609 [INFO] ThirdParty:1030 - CMSIS Pack Vendor :Infineon AIROC-Wi-Fi-Bluetooth-STM32 1.6.0
2025-06-27 17:30:31,609 [INFO] ThirdParty:1030 - CMSIS Pack Vendor :wolfSSL I-CUBE-wolfSSH 1.4.17
2025-06-27 17:30:31,609 [INFO] ThirdParty:841 - exiting critical section [change project]
2025-06-27 17:30:31,981 [INFO] PinOutPanel:1589 - setPackage(No Configuration,No Configuration)
2025-06-27 17:30:31,982 [INFO] PinOutPanel:1589 - setPackage(STM32F407VGTx,LQFP100)
2025-06-27 17:30:32,390 [INFO] UtilMem:75 - Before build in PCC Used Memory: 991154256 Bytes (1063256064)
2025-06-27 17:30:33,382 [INFO] UtilMem:75 - After build in PCC Used Memory: 851146816 Bytes (1073741824)
2025-06-27 17:30:33,413 [INFO] IPUIPlugin:80 - create IPUIPlugin
2025-06-27 17:30:33,413 [INFO] IPUIPlugin:80 - create IPUIPlugin
2025-06-27 17:30:33,413 [INFO] IPUIPlugin:80 - create IPUIPlugin
2025-06-27 17:30:33,413 [INFO] IPUIPlugin:80 - create IPUIPlugin
2025-06-27 17:30:33,413 [INFO] IPUIPlugin:80 - create IPUIPlugin
2025-06-27 17:30:33,413 [INFO] IPUIPlugin:80 - create IPUIPlugin
2025-06-27 17:30:33,413 [INFO] IPUIPlugin:80 - create IPUIPlugin
2025-06-27 17:30:33,413 [INFO] IPUIPlugin:80 - create IPUIPlugin
2025-06-27 17:30:33,413 [INFO] IPUIPlugin:80 - create IPUIPlugin
2025-06-27 17:30:33,413 [INFO] IPUIPlugin:80 - create IPUIPlugin
2025-06-27 17:30:33,413 [INFO] IPUIPlugin:80 - create IPUIPlugin
2025-06-27 17:30:33,413 [INFO] IPUIPlugin:80 - create IPUIPlugin
2025-06-27 17:30:33,414 [INFO] IPUIPlugin:80 - create IPUIPlugin
2025-06-27 17:30:33,414 [INFO] IPUIPlugin:80 - create IPUIPlugin
2025-06-27 17:30:33,414 [INFO] IPUIPlugin:80 - create IPUIPlugin
2025-06-27 17:30:33,414 [INFO] IPUIPlugin:80 - create IPUIPlugin
2025-06-27 17:30:33,414 [INFO] IPUIPlugin:80 - create IPUIPlugin
2025-06-27 17:30:33,414 [INFO] IPUIPlugin:80 - create IPUIPlugin
2025-06-27 17:30:33,414 [INFO] IPUIPlugin:80 - create IPUIPlugin
2025-06-27 17:30:33,414 [INFO] IPUIPlugin:80 - create IPUIPlugin
2025-06-27 17:30:33,414 [INFO] IPUIPlugin:80 - create IPUIPlugin
2025-06-27 17:30:33,414 [INFO] IPUIPlugin:80 - create IPUIPlugin
2025-06-27 17:30:33,414 [INFO] IPUIPlugin:80 - create IPUIPlugin
2025-06-27 17:30:33,414 [INFO] IPUIPlugin:80 - create IPUIPlugin
2025-06-27 17:30:33,414 [INFO] IPUIPlugin:80 - create IPUIPlugin
2025-06-27 17:30:33,415 [INFO] IPUIPlugin:80 - create IPUIPlugin
2025-06-27 17:30:33,415 [INFO] IPUIPlugin:80 - create IPUIPlugin
2025-06-27 17:30:33,415 [INFO] IPUIPlugin:80 - create IPUIPlugin
2025-06-27 17:30:33,415 [INFO] IPUIPlugin:80 - create IPUIPlugin
2025-06-27 17:30:33,415 [INFO] IPUIPlugin:80 - create IPUIPlugin
2025-06-27 17:30:33,415 [INFO] IPUIPlugin:80 - create IPUIPlugin
2025-06-27 17:30:33,415 [INFO] IPUIPlugin:80 - create IPUIPlugin
2025-06-27 17:30:33,415 [INFO] IPUIPlugin:80 - create IPUIPlugin
2025-06-27 17:30:33,415 [INFO] IPUIPlugin:80 - create IPUIPlugin
2025-06-27 17:30:33,416 [INFO] IPUIPlugin:80 - create IPUIPlugin
2025-06-27 17:30:33,416 [INFO] IPUIPlugin:80 - create IPUIPlugin
2025-06-27 17:30:33,416 [INFO] IPUIPlugin:80 - create IPUIPlugin
2025-06-27 17:30:33,416 [INFO] IPUIPlugin:80 - create IPUIPlugin
2025-06-27 17:30:33,416 [INFO] IPUIPlugin:80 - create IPUIPlugin
2025-06-27 17:30:33,416 [INFO] IPUIPlugin:80 - create IPUIPlugin
2025-06-27 17:30:33,416 [INFO] IPUIPlugin:80 - create IPUIPlugin
2025-06-27 17:30:33,416 [INFO] IPUIPlugin:80 - create IPUIPlugin
2025-06-27 17:30:33,416 [INFO] IPUIPlugin:80 - create IPUIPlugin
2025-06-27 17:30:33,417 [INFO] IPUIPlugin:80 - create IPUIPlugin
2025-06-27 17:30:33,417 [INFO] IPUIPlugin:80 - create IPUIPlugin
2025-06-27 17:30:33,417 [INFO] IPUIPlugin:80 - create IPUIPlugin
2025-06-27 17:30:33,418 [INFO] IPUIPlugin:80 - create IPUIPlugin
2025-06-27 17:30:33,418 [INFO] IPUIPlugin:80 - create IPUIPlugin
2025-06-27 17:30:33,418 [INFO] IPUIPlugin:80 - create IPUIPlugin
2025-06-27 17:30:33,418 [INFO] IPUIPlugin:80 - create IPUIPlugin
2025-06-27 17:30:33,418 [INFO] IPUIPlugin:80 - create IPUIPlugin
2025-06-27 17:30:33,418 [INFO] IPUIPlugin:80 - create IPUIPlugin
2025-06-27 17:30:33,419 [INFO] IPUIPlugin:80 - create IPUIPlugin
2025-06-27 17:30:33,419 [INFO] IPUIPlugin:80 - create IPUIPlugin
2025-06-27 17:30:33,419 [INFO] IPUIPlugin:80 - create IPUIPlugin
2025-06-27 17:30:33,420 [INFO] IPUIPlugin:80 - create IPUIPlugin
2025-06-27 17:30:33,420 [INFO] IPUIPlugin:80 - create IPUIPlugin
2025-06-27 17:30:33,420 [INFO] IPUIPlugin:80 - create IPUIPlugin
2025-06-27 17:30:33,658 [INFO] ApiDbMcu:508 - Load IP Config File for PDM2PCM
2025-06-27 17:30:33,883 [INFO] CADModel:165 - CPN selected for project levelSTM32F407VGT6
2025-06-27 17:30:33,883 [INFO] CADModel:114 - Register for checkConnection events
2025-06-27 17:30:33,924 [INFO] OpenFileManager:385 - Restore cursor
2025-06-27 17:30:34,754 [INFO] UtilMem:75 - End SaveConfig() Used Memory: 978705752 Bytes (1073741824)
2025-06-27 17:30:34,848 [INFO] UtilMem:75 - End SaveConfig() Used Memory: 998996032 Bytes (1073741824)
2025-06-27 17:30:35,287 [INFO] BlockDiagram:2775 - set Specific Code input for plugin: SYS
2025-06-27 17:30:35,287 [INFO] BlockDiagram:2775 - set Specific Code input for plugin: RCC
2025-06-27 17:30:35,287 [INFO] BlockDiagram:2775 - set Specific Code input for plugin: NVIC
2025-06-27 17:30:35,287 [INFO] BlockDiagram:2775 - set Specific Code input for plugin: GPIO
2025-06-27 17:30:35,290 [INFO] CodeGenerator:882 - code generatio: config db path: C:\ST\STM32CubeIDE_1.16.0\STM32CubeIDE\plugins\com.st.stm32cube.common.mx_6.14.1.202504091515\\db\
2025-06-27 17:30:35,560 [INFO] CodeEngine:263 - oldGeneratedFile, C:\Users\nisha\OneDrive\Desktop\stm32f407\freertos\001\MXTmpFiles\license.tmp_save
2025-06-27 17:30:35,906 [INFO] CodeEngine:287 - Generated code: C:\Users\nisha\OneDrive\Desktop\stm32f407\freertos\001\MXTmpFiles\license.tmp
2025-06-27 17:30:36,292 [INFO] CodeEngine:263 - oldGeneratedFile, C:\Users\nisha\OneDrive\Desktop\stm32f407\freertos\001\MXTmpFiles\gpio.tmp_save
2025-06-27 17:30:36,563 [INFO] CodeEngine:287 - Generated code: C:\Users\nisha\OneDrive\Desktop\stm32f407\freertos\001\MXTmpFiles\gpio.tmp
2025-06-27 17:30:36,685 [INFO] CodeEngine:263 - oldGeneratedFile, C:\Users\nisha\OneDrive\Desktop\stm32f407\freertos\001\Core\Src\stm32f4xx_it.c_save
2025-06-27 17:30:36,892 [INFO] CodeEngine:287 - Generated code: C:\Users\nisha\OneDrive\Desktop\stm32f407\freertos\001\Core\Src\stm32f4xx_it.c
2025-06-27 17:30:36,916 [INFO] CodeEngine:263 - oldGeneratedFile, C:\Users\nisha\OneDrive\Desktop\stm32f407\freertos\001\Core\Inc\stm32f4xx_it.h_save
2025-06-27 17:30:37,026 [INFO] CodeEngine:287 - Generated code: C:\Users\nisha\OneDrive\Desktop\stm32f407\freertos\001\Core\Inc\stm32f4xx_it.h
2025-06-27 17:30:37,056 [INFO] CodeEngine:263 - oldGeneratedFile, C:\Users\nisha\OneDrive\Desktop\stm32f407\freertos\001\Core\Src\stm32f4xx_hal_msp.c_save
2025-06-27 17:30:37,220 [INFO] CodeEngine:287 - Generated code: C:\Users\nisha\OneDrive\Desktop\stm32f407\freertos\001\Core\Src\stm32f4xx_hal_msp.c
2025-06-27 17:30:37,238 [INFO] CodeEngine:263 - oldGeneratedFile, C:\Users\nisha\OneDrive\Desktop\stm32f407\freertos\001\MXTmpFiles\system.tmp_save
2025-06-27 17:30:37,328 [INFO] CodeEngine:287 - Generated code: C:\Users\nisha\OneDrive\Desktop\stm32f407\freertos\001\MXTmpFiles\system.tmp
2025-06-27 17:30:37,362 [INFO] CodeEngine:319 - oldGeneratedFile, C:\Users\nisha\OneDrive\Desktop\stm32f407\freertos\001\Core\Inc\stm32f4xx_hal_conf.h_save
2025-06-27 17:30:37,511 [INFO] CodeEngine:343 - Generated code: C:\Users\nisha\OneDrive\Desktop\stm32f407\freertos\001\Core\Inc\stm32f4xx_hal_conf.h
2025-06-27 17:30:37,646 [INFO] ApiDbMcu:508 - Load IP Config File for RCC
2025-06-27 17:30:37,675 [INFO] CodeEngine:263 - oldGeneratedFile, C:\Users\nisha\OneDrive\Desktop\stm32f407\freertos\001\Core\Inc\main.h_save
2025-06-27 17:30:37,806 [INFO] CodeEngine:287 - Generated code: C:\Users\nisha\OneDrive\Desktop\stm32f407\freertos\001\Core\Inc\main.h
2025-06-27 17:30:37,827 [INFO] CodeEngine:263 - oldGeneratedFile, C:\Users\nisha\OneDrive\Desktop\stm32f407\freertos\001\Core\Src\main.c_save
2025-06-27 17:30:38,026 [INFO] CodeEngine:287 - Generated code: C:\Users\nisha\OneDrive\Desktop\stm32f407\freertos\001\Core\Src\main.c
2025-06-27 17:30:38,533 [INFO] ProjectBuilder:3324 - Time for Copy HAL[1] : 260mS.
2025-06-27 17:30:38,548 [INFO] ProjectBuilder:4912 - Project Generator version: 4.6.0.1-B1
2025-06-27 17:30:38,618 [INFO] ConfigFileManager:1590 - The Die is : DIE413
2025-06-27 17:30:38,640 [INFO] ApiDbMcu:508 - Load IP Config File for FATFS
2025-06-27 17:30:38,660 [INFO] ApiDbMcu:508 - Load IP Config File for FREERTOS
2025-06-27 17:30:38,680 [INFO] ApiDbMcu:508 - Load IP Config File for LIBJPEG
2025-06-27 17:30:38,707 [INFO] ApiDbMcu:508 - Load IP Config File for LWIP
2025-06-27 17:30:38,730 [INFO] ApiDbMcu:508 - Load IP Config File for MBEDTLS
2025-06-27 17:30:38,755 [INFO] ApiDbMcu:508 - Load IP Config File for USB_DEVICE
2025-06-27 17:30:38,778 [INFO] ApiDbMcu:508 - Load IP Config File for USB_HOST
2025-06-27 17:30:39,197 [INFO] LogOutputStream:77 - [STDOUT_REDIRECT] 
2025-06-27 17:30:43,059 [INFO] ProjectBuilder:5191 - Time for Generating toolchain IDE Files: 4511mS.
2025-06-27 17:30:43,060 [INFO] ProjectBuilder:3181 - Time for Copy CMSIS : 1mS.
2025-06-27 17:30:43,062 [INFO] ProjectBuilder:3181 - Time for Copy CMSIS : 0mS.
2025-06-27 17:30:43,802 [INFO] McuFinderGlobals:76 - Set McuFinderConnectedMode to true
2025-06-27 17:30:43,812 [INFO] ApiDb:448 - Save user favorites file C:\Users\nisha/.stm32cubeide/favorites.mcus.txt: 0 item(s)
2025-06-27 17:30:43,812 [INFO] ApiDb:452 - User favorites MCUs=[]
2025-06-27 17:30:43,817 [INFO] ApiDb:448 - Save user favorites file C:\Users\nisha/.stm32cubeide/favorites.boards.txt: 1 item(s)
2025-06-27 17:30:43,818 [INFO] ApiDb:452 - User favorites Boards=[STM32F407G-DISC1]
2025-06-27 17:31:07,948 [INFO] Gpio:277 - dependency for GPIO []
2025-06-27 17:31:11,428 [INFO] Gpio:277 - dependency for GPIO []
2025-06-27 17:32:20,045 [INFO] UtilMem:75 - End SaveConfig() Used Memory: 790333984 Bytes (1073741824)
2025-06-27 17:32:22,267 [INFO] UtilMem:75 - End SaveConfig() Used Memory: 845908512 Bytes (1073741824)
2025-06-27 17:32:23,452 [INFO] UtilMem:75 - End SaveConfig() Used Memory: 963317024 Bytes (1073741824)
2025-06-27 17:32:23,957 [INFO] BlockDiagram:2775 - set Specific Code input for plugin: SYS
2025-06-27 17:32:23,957 [INFO] BlockDiagram:2775 - set Specific Code input for plugin: RCC
2025-06-27 17:32:23,957 [INFO] BlockDiagram:2775 - set Specific Code input for plugin: NVIC
2025-06-27 17:32:23,957 [INFO] BlockDiagram:2775 - set Specific Code input for plugin: GPIO
2025-06-27 17:32:23,959 [INFO] CodeGenerator:882 - code generatio: config db path: C:\ST\STM32CubeIDE_1.16.0\STM32CubeIDE\plugins\com.st.stm32cube.common.mx_6.14.1.202504091515\\db\
2025-06-27 17:32:24,116 [INFO] CodeEngine:263 - oldGeneratedFile, C:\Users\nisha\OneDrive\Desktop\stm32f407\freertos\001\MXTmpFiles\license.tmp_save
2025-06-27 17:32:24,300 [INFO] CodeEngine:287 - Generated code: C:\Users\nisha\OneDrive\Desktop\stm32f407\freertos\001\MXTmpFiles\license.tmp
2025-06-27 17:32:24,354 [INFO] CodeEngine:263 - oldGeneratedFile, C:\Users\nisha\OneDrive\Desktop\stm32f407\freertos\001\MXTmpFiles\gpio.tmp_save
2025-06-27 17:32:24,481 [INFO] CodeEngine:287 - Generated code: C:\Users\nisha\OneDrive\Desktop\stm32f407\freertos\001\MXTmpFiles\gpio.tmp
2025-06-27 17:32:24,530 [INFO] CodeEngine:263 - oldGeneratedFile, C:\Users\nisha\OneDrive\Desktop\stm32f407\freertos\001\Core\Src\stm32f4xx_it.c_save
2025-06-27 17:32:24,649 [INFO] CodeEngine:287 - Generated code: C:\Users\nisha\OneDrive\Desktop\stm32f407\freertos\001\Core\Src\stm32f4xx_it.c
2025-06-27 17:32:24,657 [INFO] CodeEngine:263 - oldGeneratedFile, C:\Users\nisha\OneDrive\Desktop\stm32f407\freertos\001\Core\Inc\stm32f4xx_it.h_save
2025-06-27 17:32:24,760 [INFO] CodeEngine:287 - Generated code: C:\Users\nisha\OneDrive\Desktop\stm32f407\freertos\001\Core\Inc\stm32f4xx_it.h
2025-06-27 17:32:24,791 [INFO] CodeEngine:263 - oldGeneratedFile, C:\Users\nisha\OneDrive\Desktop\stm32f407\freertos\001\Core\Src\stm32f4xx_hal_msp.c_save
2025-06-27 17:32:24,906 [INFO] CodeEngine:287 - Generated code: C:\Users\nisha\OneDrive\Desktop\stm32f407\freertos\001\Core\Src\stm32f4xx_hal_msp.c
2025-06-27 17:32:24,912 [INFO] CodeEngine:263 - oldGeneratedFile, C:\Users\nisha\OneDrive\Desktop\stm32f407\freertos\001\MXTmpFiles\system.tmp_save
2025-06-27 17:32:24,974 [INFO] CodeEngine:287 - Generated code: C:\Users\nisha\OneDrive\Desktop\stm32f407\freertos\001\MXTmpFiles\system.tmp
2025-06-27 17:32:24,990 [INFO] CodeEngine:263 - oldGeneratedFile, C:\Users\nisha\OneDrive\Desktop\stm32f407\freertos\001\Core\Src\stm32f4xx_hal_timebase_tim.c_save
2025-06-27 17:32:25,089 [INFO] CodeEngine:287 - Generated code: C:\Users\nisha\OneDrive\Desktop\stm32f407\freertos\001\Core\Src\stm32f4xx_hal_timebase_tim.c
2025-06-27 17:32:25,113 [INFO] CodeEngine:319 - oldGeneratedFile, C:\Users\nisha\OneDrive\Desktop\stm32f407\freertos\001\Core\Inc\stm32f4xx_hal_conf.h_save
2025-06-27 17:32:25,205 [INFO] CodeEngine:343 - Generated code: C:\Users\nisha\OneDrive\Desktop\stm32f407\freertos\001\Core\Inc\stm32f4xx_hal_conf.h
2025-06-27 17:32:25,294 [INFO] CodeEngine:263 - oldGeneratedFile, C:\Users\nisha\OneDrive\Desktop\stm32f407\freertos\001\Core\Inc\main.h_save
2025-06-27 17:32:25,361 [INFO] CodeEngine:287 - Generated code: C:\Users\nisha\OneDrive\Desktop\stm32f407\freertos\001\Core\Inc\main.h
2025-06-27 17:32:25,384 [INFO] CodeEngine:263 - oldGeneratedFile, C:\Users\nisha\OneDrive\Desktop\stm32f407\freertos\001\Core\Src\main.c_save
2025-06-27 17:32:25,498 [INFO] CodeEngine:287 - Generated code: C:\Users\nisha\OneDrive\Desktop\stm32f407\freertos\001\Core\Src\main.c
2025-06-27 17:32:25,936 [INFO] ProjectBuilder:3324 - Time for Copy HAL[1] : 279mS.
2025-06-27 17:32:25,941 [INFO] ProjectBuilder:4912 - Project Generator version: 4.6.0.1-B1
2025-06-27 17:32:26,015 [INFO] ConfigFileManager:1590 - The Die is : DIE413
2025-06-27 17:32:27,026 [INFO] ProjectBuilder:5191 - Time for Generating toolchain IDE Files: 1086mS.
2025-06-27 17:32:27,027 [INFO] ProjectBuilder:3181 - Time for Copy CMSIS : 1mS.
2025-06-27 17:32:27,029 [INFO] ProjectBuilder:3181 - Time for Copy CMSIS : 0mS.
2025-06-27 17:36:40,590 [ERROR] LogOutputStream:75 - [STDERR_REDIRECT] 
2025-06-27 17:36:40,592 [ERROR] LogOutputStream:75 - [STDERR_REDIRECT] 
2025-06-27 22:48:05,690 [INFO] Activator:176 - 


2025-06-27 22:48:05,690 [INFO] Activator:177 - !SESSION log4j initialized
2025-06-27 22:48:13,564 [INFO] LogOutputStream:77 - [STDOUT_REDIRECT] 
2025-06-27 22:48:22,224 [INFO] ApplicationProperties:184 - Using Application install path: C:\ST\STM32CubeIDE_1.16.0\STM32CubeIDE\plugins\com.st.stm32cube.common.mx_6.14.1.202504091515
2025-06-27 22:48:22,260 [INFO] DbMcusXml:78 - Set database path to: C:\ST\STM32CubeIDE_1.16.0\STM32CubeIDE\plugins\com.st.stm32cube.common.mx_6.14.1.202504091515\\db\/mcu/
2025-06-27 22:48:22,260 [INFO] ApiDb:274 - Set plugin database path to: C:\ST\STM32CubeIDE_1.16.0\STM32CubeIDE\plugins\com.st.stm32cube.common.mx_6.14.1.202504091515\\db\/plugins/boardmanager/
2025-06-27 22:48:22,260 [WARN] ApiDb:259 - Overriding images path with different value:  => C:\ST\STM32CubeIDE_1.16.0\STM32CubeIDE\plugins\com.st.stm32cube.common.mx_6.14.1.202504091515\\db\/plugins/mcufinder/images/
2025-06-27 22:48:22,277 [INFO] ApiDb:250 - Set database path to: C:\Users\nisha\.stmcufinder\plugins\mcufinder//mcu/
2025-06-27 22:48:22,278 [INFO] DbMcusAds:125 - Set database path to: C:\Users\nisha\.stmcufinder\plugins\mcufinder//mcu/
2025-06-27 22:48:22,281 [INFO] CrossReferenceDbSqlite:203 - Set database path to: C:\Users\nisha\.stmcufinder\plugins\mcufinder//mcu/cs/
2025-06-27 22:48:22,441 [INFO] RulesReader:64 - Compatibility file has been processed (302 Rules)
2025-06-27 22:48:22,583 [INFO] DbMcusXml:78 - Set database path to: C:\ST\STM32CubeIDE_1.16.0\STM32CubeIDE\plugins\com.st.stm32cube.common.mx_6.14.1.202504091515\\db\/mcu/
2025-06-27 22:48:22,583 [INFO] ApiDb:274 - Set plugin database path to: C:\ST\STM32CubeIDE_1.16.0\STM32CubeIDE\plugins\com.st.stm32cube.common.mx_6.14.1.202504091515\\db\/plugins/boardmanager/
2025-06-27 22:48:22,584 [INFO] ApiDb:261 - Set plugin images path to: C:\ST\STM32CubeIDE_1.16.0\STM32CubeIDE\plugins\com.st.stm32cube.common.mx_6.14.1.202504091515\\db\/plugins/mcufinder/images/
2025-06-27 22:48:22,584 [WARN] DbFile:41 - Overriding database path with different value: C:\Users\nisha\.stmcufinder\plugins\mcufinder/ => C:\Users\nisha\.stmcufinder\plugins\mcufinder
2025-06-27 22:48:22,585 [INFO] ApiDb:250 - Set database path to: C:\Users\nisha\.stmcufinder\plugins\mcufinder//mcu/
2025-06-27 22:48:22,585 [WARN] DbFile:41 - Overriding database path with different value: C:\Users\nisha\.stmcufinder\plugins\mcufinder/ => C:\Users\nisha\.stmcufinder\plugins\mcufinder
2025-06-27 22:48:22,585 [INFO] DbMcusAds:125 - Set database path to: C:\Users\nisha\.stmcufinder\plugins\mcufinder//mcu/
2025-06-27 22:48:22,585 [WARN] DbFile:41 - Overriding database path with different value: C:\Users\nisha\.stmcufinder\plugins\mcufinder/ => C:\Users\nisha\.stmcufinder\plugins\mcufinder
2025-06-27 22:48:22,585 [WARN] DbFile:41 - Overriding database path with different value: C:\Users\nisha\.stmcufinder\plugins\mcufinder/ => C:\Users\nisha\.stmcufinder\plugins\mcufinder
2025-06-27 22:48:22,585 [INFO] CrossReferenceDbSqlite:203 - Set database path to: C:\Users\nisha\.stmcufinder\plugins\mcufinder//mcu/cs/
2025-06-27 22:48:22,705 [INFO] MainPanel:272 - HeapMemory: 268435456
2025-06-27 22:48:22,875 [INFO] DbMcusXml:78 - Set database path to: C:\ST\STM32CubeIDE_1.16.0\STM32CubeIDE\plugins\com.st.stm32cube.common.mx_6.14.1.202504091515\\db\/mcu/
2025-06-27 22:48:22,875 [INFO] ApiDb:274 - Set plugin database path to: C:\ST\STM32CubeIDE_1.16.0\STM32CubeIDE\plugins\com.st.stm32cube.common.mx_6.14.1.202504091515\\db\/plugins/boardmanager/
2025-06-27 22:48:22,875 [INFO] ApiDb:261 - Set plugin images path to: C:\ST\STM32CubeIDE_1.16.0\STM32CubeIDE\plugins\com.st.stm32cube.common.mx_6.14.1.202504091515\\db\/plugins/mcufinder/images/
2025-06-27 22:48:22,876 [WARN] DbFile:41 - Overriding database path with different value: C:\Users\nisha\.stmcufinder\plugins\mcufinder/ => C:\Users\nisha\.stmcufinder\plugins\mcufinder
2025-06-27 22:48:22,876 [INFO] ApiDb:250 - Set database path to: C:\Users\nisha\.stmcufinder\plugins\mcufinder//mcu/
2025-06-27 22:48:22,877 [WARN] DbFile:41 - Overriding database path with different value: C:\Users\nisha\.stmcufinder\plugins\mcufinder/ => C:\Users\nisha\.stmcufinder\plugins\mcufinder
2025-06-27 22:48:22,877 [INFO] DbMcusAds:125 - Set database path to: C:\Users\nisha\.stmcufinder\plugins\mcufinder//mcu/
2025-06-27 22:48:22,877 [WARN] DbFile:41 - Overriding database path with different value: C:\Users\nisha\.stmcufinder\plugins\mcufinder/ => C:\Users\nisha\.stmcufinder\plugins\mcufinder
2025-06-27 22:48:22,877 [WARN] DbFile:41 - Overriding database path with different value: C:\Users\nisha\.stmcufinder\plugins\mcufinder/ => C:\Users\nisha\.stmcufinder\plugins\mcufinder
2025-06-27 22:48:22,877 [INFO] CrossReferenceDbSqlite:203 - Set database path to: C:\Users\nisha\.stmcufinder\plugins\mcufinder//mcu/cs/
2025-06-27 22:48:22,905 [INFO] ApplicationProperties:184 - Using Application install path: C:\ST\STM32CubeIDE_1.16.0\STM32CubeIDE\plugins\com.st.stm32cube.common.mx_6.14.1.202504091515
2025-06-27 22:48:22,907 [INFO] PluginManage:196 - Search for loadable plugins [exclusion list=, ]
2025-06-27 22:48:22,910 [INFO] PluginManage:310 - Check plugin analytics
2025-06-27 22:48:23,205 [INFO] AnalyticsPlugin:253 - Accepted Software Licenses: 
2025-06-27 22:48:23,205 [INFO] AnalyticsPlugin:255 - Accepted CMSIS Pack Licenses: 
2025-06-27 22:48:23,205 [INFO] AnalyticsPlugin:257 - Accepted Firmware Licenses: FW.F4.1.28.0
2025-06-27 22:48:23,211 [INFO] PluginManage:359 - Loaded plugin analytics (category:tool,tabindex:-1)
2025-06-27 22:48:23,212 [INFO] PluginManage:310 - Check plugin cadmodel
2025-06-27 22:48:23,245 [INFO] CADModel:105 - Init CAD model plugin
2025-06-27 22:48:23,246 [INFO] PluginManage:359 - Loaded plugin cadmodel (category:power,tabindex:5)
2025-06-27 22:48:23,246 [INFO] PluginManage:310 - Check plugin clock
2025-06-27 22:48:23,280 [INFO] PluginManage:359 - Loaded plugin clock (category:base,tabindex:2)
2025-06-27 22:48:23,280 [INFO] PluginManage:310 - Check plugin ddr
2025-06-27 22:48:23,285 [INFO] PluginManage:359 - Loaded plugin ddr (category:tool,tabindex:6)
2025-06-27 22:48:23,285 [INFO] PluginManage:310 - Check plugin filemanager
2025-06-27 22:48:23,485 [INFO] PluginManage:359 - Loaded plugin filemanager (category:base,tabindex:10)
2025-06-27 22:48:23,485 [INFO] PluginManage:310 - Check plugin ipmanager
2025-06-27 22:48:23,497 [INFO] PluginManage:359 - Loaded plugin ipmanager (category:base,tabindex:5)
2025-06-27 22:48:23,497 [INFO] PluginManage:310 - Check plugin lpbam
2025-06-27 22:48:23,525 [INFO] PluginManage:359 - Loaded plugin lpbam (category:base,tabindex:0)
2025-06-27 22:48:23,525 [INFO] PluginManage:310 - Check plugin memorymap
2025-06-27 22:48:23,565 [INFO] PluginManage:359 - Loaded plugin memorymap (category:base,tabindex:4)
2025-06-27 22:48:23,565 [INFO] PluginManage:310 - Check plugin pinoutandconfiguration
2025-06-27 22:48:23,598 [INFO] PluginManage:359 - Loaded plugin pinoutandconfiguration (category:base,tabindex:1)
2025-06-27 22:48:23,598 [INFO] PluginManage:310 - Check plugin pinoutconfig
2025-06-27 22:48:23,738 [WARN] SupportedApi:132 - Cannot load RTOS API schema: s4s-elt-must-match.1: The content of 'definitions' must match (annotation?, (simpleType | complexType)?, (unique | key | keyref)*)). A problem was found starting at: attribute.
2025-06-27 22:48:23,911 [INFO] PluginManage:359 - Loaded plugin pinoutconfig (category:base,tabindex:0)
2025-06-27 22:48:23,911 [INFO] PluginManage:310 - Check plugin power
2025-06-27 22:48:23,944 [INFO] PluginManage:359 - Loaded plugin power (category:power,tabindex:4)
2025-06-27 22:48:23,944 [INFO] PluginManage:310 - Check plugin projectmanager
2025-06-27 22:48:23,963 [INFO] PluginManage:359 - Loaded plugin projectmanager (category:projectmanager,tabindex:4)
2025-06-27 22:48:23,964 [INFO] PluginManage:310 - Check plugin rif
2025-06-27 22:48:23,991 [INFO] PluginManage:359 - Loaded plugin rif (category:base,tabindex:3)
2025-06-27 22:48:23,991 [INFO] PluginManage:310 - Check plugin thirdparty
2025-06-27 22:48:24,385 [INFO] PluginManage:359 - Loaded plugin thirdparty (category:base,tabindex:-1)
2025-06-27 22:48:24,384 [WARN] IntegrityCheckThread:84 - waiting for thirdparty lock release [integrity check]
2025-06-27 22:48:24,385 [INFO] PluginManage:310 - Check plugin tools
2025-06-27 22:48:24,385 [INFO] IntegrityCheckThread:86 - entering critical section [integrity check]
2025-06-27 22:48:24,386 [INFO] ThirdPartyUpdaterWithRetryManager:70 - Updater plugin not ready yet. [1/15]
2025-06-27 22:48:24,419 [INFO] PluginManage:359 - Loaded plugin tools (category:base,tabindex:7)
2025-06-27 22:48:24,420 [INFO] PluginManage:310 - Check plugin tutovideos
2025-06-27 22:48:24,659 [INFO] PluginManage:359 - Loaded plugin tutovideos (category:base,tabindex:-1)
2025-06-27 22:48:24,659 [INFO] PluginManage:310 - Check plugin updater
2025-06-27 22:48:24,688 [INFO] PluginManage:359 - Loaded plugin updater (category:base,tabindex:12)
2025-06-27 22:48:24,689 [INFO] PluginManage:310 - Check plugin userauth
2025-06-27 22:48:24,694 [INFO] UserAuth:118 - Init User Auth plugin
2025-06-27 22:48:24,695 [INFO] PluginManage:359 - Loaded plugin userauth (category:base,tabindex:14)
2025-06-27 22:48:24,696 [INFO] PluginManage:283 - PluginManage : Loaded plugins [18]
2025-06-27 22:48:24,985 [INFO] PinOutPanel:1589 - setPackage(No Configuration,No Configuration)
2025-06-27 22:48:25,115 [INFO] CADModel:165 - CPN selected for project level
2025-06-27 22:48:25,116 [INFO] CADModel:114 - Register for checkConnection events
2025-06-27 22:48:25,160 [INFO] IPUIPlugin:80 - create IPUIPlugin
2025-06-27 22:48:25,160 [INFO] PluginManager:220 - loadIPPluginJar : add adc
2025-06-27 22:48:25,225 [INFO] IPUIPlugin:80 - create IPUIPlugin
2025-06-27 22:48:25,225 [INFO] PluginManager:220 - loadIPPluginJar : add aes
2025-06-27 22:48:25,277 [INFO] IPUIPlugin:80 - create IPUIPlugin
2025-06-27 22:48:25,277 [INFO] PluginManager:220 - loadIPPluginJar : add can
2025-06-27 22:48:25,311 [INFO] IPUIPlugin:80 - create IPUIPlugin
2025-06-27 22:48:25,311 [INFO] PluginManager:220 - loadIPPluginJar : add comp
2025-06-27 22:48:25,352 [INFO] IPUIPlugin:80 - create IPUIPlugin
2025-06-27 22:48:25,352 [INFO] PluginManager:220 - loadIPPluginJar : add cryp
2025-06-27 22:48:25,367 [INFO] IPUIPlugin:80 - create IPUIPlugin
2025-06-27 22:48:25,367 [INFO] PluginManager:220 - loadIPPluginJar : add ddr_ctrl_phy
2025-06-27 22:48:25,402 [INFO] IPUIPlugin:80 - create IPUIPlugin
2025-06-27 22:48:25,402 [INFO] PluginManager:220 - loadIPPluginJar : add dfsdm
2025-06-27 22:48:25,422 [INFO] IPUIPlugin:80 - create IPUIPlugin
2025-06-27 22:48:25,423 [INFO] PluginManager:220 - loadIPPluginJar : add dma
2025-06-27 22:48:25,467 [INFO] IPUIPlugin:80 - create IPUIPlugin
2025-06-27 22:48:25,467 [INFO] PluginManager:220 - loadIPPluginJar : add dma3
2025-06-27 22:48:25,507 [INFO] IPUIPlugin:80 - create IPUIPlugin
2025-06-27 22:48:25,507 [INFO] PluginManager:220 - loadIPPluginJar : add extmemmanager
2025-06-27 22:48:25,532 [INFO] IPUIPlugin:80 - create IPUIPlugin
2025-06-27 22:48:25,532 [INFO] PluginManager:220 - loadIPPluginJar : add fatfs
2025-06-27 22:48:25,585 [INFO] IPUIPlugin:80 - create IPUIPlugin
2025-06-27 22:48:25,586 [INFO] PluginManager:220 - loadIPPluginJar : add fmc
2025-06-27 22:48:25,605 [INFO] IPUIPlugin:80 - create IPUIPlugin
2025-06-27 22:48:25,605 [INFO] PluginManager:220 - loadIPPluginJar : add freertos
2025-06-27 22:48:25,635 [INFO] IPUIPlugin:80 - create IPUIPlugin
2025-06-27 22:48:25,635 [INFO] PluginManager:220 - loadIPPluginJar : add genericplugin
2025-06-27 22:48:25,712 [INFO] IPUIPlugin:80 - create IPUIPlugin
2025-06-27 22:48:25,712 [INFO] PluginManager:220 - loadIPPluginJar : add gfxmmu
2025-06-27 22:48:25,816 [INFO] IPUIPlugin:80 - create IPUIPlugin
2025-06-27 22:48:25,817 [INFO] PluginManager:220 - loadIPPluginJar : add gic
2025-06-27 22:48:25,835 [INFO] IPUIPlugin:80 - create IPUIPlugin
2025-06-27 22:48:25,835 [INFO] PluginManager:220 - loadIPPluginJar : add gpio
2025-06-27 22:48:25,911 [INFO] IPUIPlugin:80 - create IPUIPlugin
2025-06-27 22:48:25,912 [INFO] PluginManager:220 - loadIPPluginJar : add gtzc
2025-06-27 22:48:25,941 [INFO] IPUIPlugin:80 - create IPUIPlugin
2025-06-27 22:48:25,941 [INFO] PluginManager:220 - loadIPPluginJar : add hash
2025-06-27 22:48:25,988 [INFO] IPUIPlugin:80 - create IPUIPlugin
2025-06-27 22:48:25,988 [INFO] PluginManager:220 - loadIPPluginJar : add i2c
2025-06-27 22:48:26,024 [INFO] IPUIPlugin:80 - create IPUIPlugin
2025-06-27 22:48:26,024 [INFO] PluginManager:220 - loadIPPluginJar : add i2s
2025-06-27 22:48:26,060 [INFO] IPUIPlugin:80 - create IPUIPlugin
2025-06-27 22:48:26,060 [INFO] PluginManager:220 - loadIPPluginJar : add i3c
2025-06-27 22:48:26,143 [INFO] IPUIPlugin:80 - create IPUIPlugin
2025-06-27 22:48:26,143 [INFO] PluginManager:220 - loadIPPluginJar : add ipddr
2025-06-27 22:48:26,222 [INFO] IPUIPlugin:80 - create IPUIPlugin
2025-06-27 22:48:26,222 [INFO] PluginManager:220 - loadIPPluginJar : add linkedlist
2025-06-27 22:48:26,254 [INFO] IPUIPlugin:80 - create IPUIPlugin
2025-06-27 22:48:26,254 [INFO] PluginManager:220 - loadIPPluginJar : add lorawan
2025-06-27 22:48:26,286 [INFO] IPUIPlugin:80 - create IPUIPlugin
2025-06-27 22:48:26,286 [INFO] PluginManager:220 - loadIPPluginJar : add ltdc
2025-06-27 22:48:26,300 [INFO] IPUIPlugin:80 - create IPUIPlugin
2025-06-27 22:48:26,300 [INFO] PluginManager:220 - loadIPPluginJar : add mdma
2025-06-27 22:48:26,313 [INFO] IPUIPlugin:80 - create IPUIPlugin
2025-06-27 22:48:26,314 [INFO] PluginManager:220 - loadIPPluginJar : add nvic
2025-06-27 22:48:26,349 [INFO] IPUIPlugin:80 - create IPUIPlugin
2025-06-27 22:48:26,349 [INFO] PluginManager:220 - loadIPPluginJar : add opamp
2025-06-27 22:48:26,401 [INFO] IPUIPlugin:80 - create IPUIPlugin
2025-06-27 22:48:26,401 [INFO] PluginManager:220 - loadIPPluginJar : add openamp
2025-06-27 22:48:26,442 [INFO] IPUIPlugin:80 - create IPUIPlugin
2025-06-27 22:48:26,442 [INFO] PluginManager:220 - loadIPPluginJar : add pdm2pcm
2025-06-27 22:48:26,461 [INFO] IPUIPlugin:80 - create IPUIPlugin
2025-06-27 22:48:26,463 [INFO] PluginManager:220 - loadIPPluginJar : add plateformsettings
2025-06-27 22:48:26,496 [INFO] IPUIPlugin:80 - create IPUIPlugin
2025-06-27 22:48:26,497 [INFO] PluginManager:220 - loadIPPluginJar : add quadspi
2025-06-27 22:48:26,523 [INFO] IPUIPlugin:80 - create IPUIPlugin
2025-06-27 22:48:26,524 [INFO] PluginManager:220 - loadIPPluginJar : add radio
2025-06-27 22:48:26,538 [INFO] IPUIPlugin:80 - create IPUIPlugin
2025-06-27 22:48:26,538 [INFO] PluginManager:220 - loadIPPluginJar : add resmgrutility
2025-06-27 22:48:26,580 [INFO] IPUIPlugin:80 - create IPUIPlugin
2025-06-27 22:48:26,580 [INFO] PluginManager:220 - loadIPPluginJar : add sai
2025-06-27 22:48:26,613 [INFO] IPUIPlugin:80 - create IPUIPlugin
2025-06-27 22:48:26,613 [INFO] PluginManager:220 - loadIPPluginJar : add spi
2025-06-27 22:48:26,676 [INFO] IPUIPlugin:80 - create IPUIPlugin
2025-06-27 22:48:26,676 [INFO] PluginManager:220 - loadIPPluginJar : add stm32_wpan
2025-06-27 22:48:26,699 [INFO] IPUIPlugin:80 - create IPUIPlugin
2025-06-27 22:48:26,699 [INFO] PluginManager:220 - loadIPPluginJar : add tim
2025-06-27 22:48:26,772 [INFO] IPUIPlugin:80 - create IPUIPlugin
2025-06-27 22:48:26,772 [INFO] PluginManager:220 - loadIPPluginJar : add touchsensing
2025-06-27 22:48:26,801 [INFO] IPUIPlugin:80 - create IPUIPlugin
2025-06-27 22:48:26,801 [INFO] PluginManager:220 - loadIPPluginJar : add tracer_emb
2025-06-27 22:48:26,844 [INFO] IPUIPlugin:80 - create IPUIPlugin
2025-06-27 22:48:26,844 [INFO] PluginManager:220 - loadIPPluginJar : add ts
2025-06-27 22:48:26,878 [INFO] IPUIPlugin:80 - create IPUIPlugin
2025-06-27 22:48:26,879 [INFO] PluginManager:220 - loadIPPluginJar : add tsc
2025-06-27 22:48:26,900 [INFO] IPUIPlugin:80 - create IPUIPlugin
2025-06-27 22:48:26,900 [INFO] PluginManager:220 - loadIPPluginJar : add ucpd
2025-06-27 22:48:26,944 [INFO] IPUIPlugin:80 - create IPUIPlugin
2025-06-27 22:48:26,945 [INFO] PluginManager:220 - loadIPPluginJar : add usart
2025-06-27 22:48:26,989 [INFO] IPUIPlugin:80 - create IPUIPlugin
2025-06-27 22:48:26,989 [INFO] PluginManager:220 - loadIPPluginJar : add usbx
2025-06-27 22:48:27,140 [FATAL] Updater:351 - Updater called before beeing initialized
2025-06-27 22:48:27,175 [INFO] RulesReader:64 - Compatibility file has been processed (302 Rules)
2025-06-27 22:48:27,189 [INFO] RulesReader:64 - Compatibility file has been processed (302 Rules)
2025-06-27 22:48:27,202 [INFO] CADModel:165 - CPN selected for project level
2025-06-27 22:48:27,203 [INFO] CADModel:114 - Register for checkConnection events
2025-06-27 22:48:27,203 [FATAL] Updater:351 - Updater called before beeing initialized
2025-06-27 22:48:27,203 [ERROR] CADModel:125 - Updater not yet initialized, retry later 
2025-06-27 22:48:27,391 [INFO] ThirdPartyUpdaterWithRetryManager:70 - Updater plugin not ready yet. [2/15]
2025-06-27 22:48:27,421 [FATAL] Updater:351 - Updater called before beeing initialized
2025-06-27 22:48:27,426 [INFO] CADModel:165 - CPN selected for project level
2025-06-27 22:48:27,426 [INFO] CADModel:114 - Register for checkConnection events
2025-06-27 22:48:27,426 [FATAL] Updater:351 - Updater called before beeing initialized
2025-06-27 22:48:27,426 [ERROR] CADModel:125 - Updater not yet initialized, retry later 
2025-06-27 22:48:27,432 [FATAL] Updater:351 - Updater called before beeing initialized
2025-06-27 22:48:27,625 [FATAL] Updater:351 - Updater called before beeing initialized
2025-06-27 22:48:27,642 [INFO] DbMcusAds:53 - JSON generation date=Thu Jun 19 14:02:34 IST 2025 (1750321954415)
2025-06-27 22:48:27,642 [FATAL] Updater:351 - Updater called before beeing initialized
2025-06-27 22:48:27,697 [WARN] DetailPanel:346 - Failed to get advertising image, set to default
2025-06-27 22:48:28,001 [FATAL] Updater:351 - Updater called before beeing initialized
2025-06-27 22:48:28,004 [FATAL] Updater:351 - Updater called before beeing initialized
2025-06-27 22:48:28,004 [FATAL] Updater:351 - Updater called before beeing initialized
2025-06-27 22:48:28,004 [WARN] DetailPanel:346 - Failed to get advertising image, set to default
2025-06-27 22:48:28,005 [FATAL] Updater:351 - Updater called before beeing initialized
2025-06-27 22:48:28,085 [ERROR] Updater:1198 - MainUpdater not yet initialized. External WinMGr cannot be set.
2025-06-27 22:48:28,099 [INFO] Updater:1134 - Updater Version found : 6.14.1
2025-06-27 22:48:28,122 [INFO] ApplicationProperties:184 - Using Application install path: C:\ST\STM32CubeIDE_1.16.0\STM32CubeIDE\plugins\com.st.stm32cube.common.mx_6.14.1.202504091515
2025-06-27 22:48:29,716 [ERROR] LogOutputStream:75 - [STDERR_REDIRECT] Jun 27, 2025 10:48:29 PM java.util.prefs.WindowsPreferences <init>
2025-06-27 22:48:29,718 [ERROR] LogOutputStream:75 - [STDERR_REDIRECT] WARNING: Could not open/create prefs root node Software\JavaSoft\Prefs at root 0xffffffff80000002. Windows RegCreateKeyEx(...) returned error code 5.
2025-06-27 22:48:29,718 [ERROR] LogOutputStream:75 - [STDERR_REDIRECT] 
2025-06-27 22:48:30,393 [FATAL] Updater:351 - Updater called before beeing initialized
2025-06-27 22:48:30,393 [ERROR] IntegrityCheckThread:130 - Cannot retrieve database content from updater: error 21
2025-06-27 22:48:30,394 [INFO] ThirdParty:978 - Integrity check success = false
2025-06-27 22:48:30,394 [INFO] IntegrityCheckThread:100 - exiting critical section [integrity check]
2025-06-27 22:48:30,394 [INFO] IntegrityCheckThread:103 - End integrity checks thread
2025-06-27 22:48:30,645 [INFO] MainUpdater:2872 - connection check result : 10
2025-06-27 22:48:30,646 [INFO] MainUpdater:289 - Updater Check For Update Now.
2025-06-27 22:48:30,646 [INFO] MicroXplorer:498 - Change Database Version : DB.6.0.141
2025-06-27 22:48:30,677 [INFO] McuFinderGlobals:63 - Set McuFinder mode to 2 (CubeIDE integrated)
2025-06-27 22:48:30,691 [INFO] UserAuth:484 - Internet connection configuration mode: 1
2025-06-27 22:48:30,756 [INFO] JxBrowserEngine:152 - Initiate JxBrowser Engine with user profile folder
2025-06-27 22:48:30,912 [INFO] CheckServerUpdateThread:120 - End of CheckServer Thread
2025-06-27 22:48:32,689 [INFO] WebApp:169 - Instantiating new browser for Auth
2025-06-27 22:48:33,629 [INFO] WebApp:463 - Apply proxy settings
2025-06-27 22:48:33,630 [INFO] WebApp:548 - Chromium requires no authentication
2025-06-27 22:48:33,641 [INFO] WebApp:491 - Direct internet connection detected
2025-06-27 22:48:33,679 [INFO] WebApp:894 - Register for checkConnection events
2025-06-27 22:48:33,679 [INFO] WebApp:463 - Apply proxy settings
2025-06-27 22:48:33,679 [INFO] WebApp:548 - Chromium requires no authentication
2025-06-27 22:48:33,680 [INFO] WebApp:491 - Direct internet connection detected
2025-06-27 22:48:33,911 [INFO] WebApp:225 - Starting web application
2025-06-27 22:48:33,911 [INFO] WebApp:593 - Web application path used C:\ST\STM32CubeIDE_1.16.0\STM32CubeIDE\plugins\com.st.stm32cube.common.mx_6.14.1.202504091515\db\plugins\mcufinder\reactClient1\index.html
2025-06-27 22:48:34,061 [INFO] UserAuth:484 - Internet connection configuration mode: 1
2025-06-27 22:48:34,311 [INFO] WebApp:191 - Connection restablished
2025-06-27 23:02:04,598 [ERROR] LogOutputStream:75 - [STDERR_REDIRECT] 
2025-06-27 23:02:23,257 [INFO] Activator:176 - 


2025-06-27 23:02:23,259 [INFO] Activator:177 - !SESSION log4j initialized
2025-06-27 23:02:29,719 [INFO] LogOutputStream:77 - [STDOUT_REDIRECT] 
2025-06-27 23:02:31,126 [INFO] ApplicationProperties:184 - Using Application install path: C:\ST\STM32CubeIDE_1.16.0\STM32CubeIDE\plugins\com.st.stm32cube.common.mx_6.14.1.202504091515
2025-06-27 23:02:31,142 [INFO] DbMcusXml:78 - Set database path to: C:\ST\STM32CubeIDE_1.16.0\STM32CubeIDE\plugins\com.st.stm32cube.common.mx_6.14.1.202504091515\\db\/mcu/
2025-06-27 23:02:31,142 [INFO] ApiDb:274 - Set plugin database path to: C:\ST\STM32CubeIDE_1.16.0\STM32CubeIDE\plugins\com.st.stm32cube.common.mx_6.14.1.202504091515\\db\/plugins/boardmanager/
2025-06-27 23:02:31,142 [WARN] ApiDb:259 - Overriding images path with different value:  => C:\ST\STM32CubeIDE_1.16.0\STM32CubeIDE\plugins\com.st.stm32cube.common.mx_6.14.1.202504091515\\db\/plugins/mcufinder/images/
2025-06-27 23:02:31,146 [INFO] ApiDb:250 - Set database path to: C:\Users\nisha\.stmcufinder\plugins\mcufinder//mcu/
2025-06-27 23:02:31,147 [INFO] DbMcusAds:125 - Set database path to: C:\Users\nisha\.stmcufinder\plugins\mcufinder//mcu/
2025-06-27 23:02:31,149 [INFO] CrossReferenceDbSqlite:203 - Set database path to: C:\Users\nisha\.stmcufinder\plugins\mcufinder//mcu/cs/
2025-06-27 23:02:31,244 [INFO] RulesReader:64 - Compatibility file has been processed (302 Rules)
2025-06-27 23:02:31,323 [INFO] DbMcusXml:78 - Set database path to: C:\ST\STM32CubeIDE_1.16.0\STM32CubeIDE\plugins\com.st.stm32cube.common.mx_6.14.1.202504091515\\db\/mcu/
2025-06-27 23:02:31,324 [INFO] ApiDb:274 - Set plugin database path to: C:\ST\STM32CubeIDE_1.16.0\STM32CubeIDE\plugins\com.st.stm32cube.common.mx_6.14.1.202504091515\\db\/plugins/boardmanager/
2025-06-27 23:02:31,324 [INFO] ApiDb:261 - Set plugin images path to: C:\ST\STM32CubeIDE_1.16.0\STM32CubeIDE\plugins\com.st.stm32cube.common.mx_6.14.1.202504091515\\db\/plugins/mcufinder/images/
2025-06-27 23:02:31,324 [WARN] DbFile:41 - Overriding database path with different value: C:\Users\nisha\.stmcufinder\plugins\mcufinder/ => C:\Users\nisha\.stmcufinder\plugins\mcufinder
2025-06-27 23:02:31,324 [INFO] ApiDb:250 - Set database path to: C:\Users\nisha\.stmcufinder\plugins\mcufinder//mcu/
2025-06-27 23:02:31,324 [WARN] DbFile:41 - Overriding database path with different value: C:\Users\nisha\.stmcufinder\plugins\mcufinder/ => C:\Users\nisha\.stmcufinder\plugins\mcufinder
2025-06-27 23:02:31,324 [INFO] DbMcusAds:125 - Set database path to: C:\Users\nisha\.stmcufinder\plugins\mcufinder//mcu/
2025-06-27 23:02:31,324 [WARN] DbFile:41 - Overriding database path with different value: C:\Users\nisha\.stmcufinder\plugins\mcufinder/ => C:\Users\nisha\.stmcufinder\plugins\mcufinder
2025-06-27 23:02:31,324 [WARN] DbFile:41 - Overriding database path with different value: C:\Users\nisha\.stmcufinder\plugins\mcufinder/ => C:\Users\nisha\.stmcufinder\plugins\mcufinder
2025-06-27 23:02:31,324 [INFO] CrossReferenceDbSqlite:203 - Set database path to: C:\Users\nisha\.stmcufinder\plugins\mcufinder//mcu/cs/
2025-06-27 23:02:31,386 [INFO] MainPanel:272 - HeapMemory: 270532608
2025-06-27 23:02:31,448 [INFO] DbMcusXml:78 - Set database path to: C:\ST\STM32CubeIDE_1.16.0\STM32CubeIDE\plugins\com.st.stm32cube.common.mx_6.14.1.202504091515\\db\/mcu/
2025-06-27 23:02:31,448 [INFO] ApiDb:274 - Set plugin database path to: C:\ST\STM32CubeIDE_1.16.0\STM32CubeIDE\plugins\com.st.stm32cube.common.mx_6.14.1.202504091515\\db\/plugins/boardmanager/
2025-06-27 23:02:31,448 [INFO] ApiDb:261 - Set plugin images path to: C:\ST\STM32CubeIDE_1.16.0\STM32CubeIDE\plugins\com.st.stm32cube.common.mx_6.14.1.202504091515\\db\/plugins/mcufinder/images/
2025-06-27 23:02:31,449 [WARN] DbFile:41 - Overriding database path with different value: C:\Users\nisha\.stmcufinder\plugins\mcufinder/ => C:\Users\nisha\.stmcufinder\plugins\mcufinder
2025-06-27 23:02:31,449 [INFO] ApiDb:250 - Set database path to: C:\Users\nisha\.stmcufinder\plugins\mcufinder//mcu/
2025-06-27 23:02:31,449 [WARN] DbFile:41 - Overriding database path with different value: C:\Users\nisha\.stmcufinder\plugins\mcufinder/ => C:\Users\nisha\.stmcufinder\plugins\mcufinder
2025-06-27 23:02:31,449 [INFO] DbMcusAds:125 - Set database path to: C:\Users\nisha\.stmcufinder\plugins\mcufinder//mcu/
2025-06-27 23:02:31,449 [WARN] DbFile:41 - Overriding database path with different value: C:\Users\nisha\.stmcufinder\plugins\mcufinder/ => C:\Users\nisha\.stmcufinder\plugins\mcufinder
2025-06-27 23:02:31,449 [WARN] DbFile:41 - Overriding database path with different value: C:\Users\nisha\.stmcufinder\plugins\mcufinder/ => C:\Users\nisha\.stmcufinder\plugins\mcufinder
2025-06-27 23:02:31,449 [INFO] CrossReferenceDbSqlite:203 - Set database path to: C:\Users\nisha\.stmcufinder\plugins\mcufinder//mcu/cs/
2025-06-27 23:02:31,465 [INFO] ApplicationProperties:184 - Using Application install path: C:\ST\STM32CubeIDE_1.16.0\STM32CubeIDE\plugins\com.st.stm32cube.common.mx_6.14.1.202504091515
2025-06-27 23:02:31,467 [INFO] PluginManage:196 - Search for loadable plugins [exclusion list=, ]
2025-06-27 23:02:31,469 [INFO] PluginManage:310 - Check plugin analytics
2025-06-27 23:02:31,668 [INFO] AnalyticsPlugin:253 - Accepted Software Licenses: 
2025-06-27 23:02:31,668 [INFO] AnalyticsPlugin:255 - Accepted CMSIS Pack Licenses: 
2025-06-27 23:02:31,668 [INFO] AnalyticsPlugin:257 - Accepted Firmware Licenses: FW.F4.1.28.0
2025-06-27 23:02:31,673 [INFO] PluginManage:359 - Loaded plugin analytics (category:tool,tabindex:-1)
2025-06-27 23:02:31,674 [INFO] PluginManage:310 - Check plugin cadmodel
2025-06-27 23:02:31,679 [INFO] CADModel:105 - Init CAD model plugin
2025-06-27 23:02:31,680 [INFO] PluginManage:359 - Loaded plugin cadmodel (category:power,tabindex:5)
2025-06-27 23:02:31,680 [INFO] PluginManage:310 - Check plugin clock
2025-06-27 23:02:31,692 [INFO] PluginManage:359 - Loaded plugin clock (category:base,tabindex:2)
2025-06-27 23:02:31,692 [INFO] PluginManage:310 - Check plugin ddr
2025-06-27 23:02:31,694 [INFO] PluginManage:359 - Loaded plugin ddr (category:tool,tabindex:6)
2025-06-27 23:02:31,695 [INFO] PluginManage:310 - Check plugin filemanager
2025-06-27 23:02:31,846 [INFO] PluginManage:359 - Loaded plugin filemanager (category:base,tabindex:10)
2025-06-27 23:02:31,846 [INFO] PluginManage:310 - Check plugin ipmanager
2025-06-27 23:02:31,852 [INFO] PluginManage:359 - Loaded plugin ipmanager (category:base,tabindex:5)
2025-06-27 23:02:31,853 [INFO] PluginManage:310 - Check plugin lpbam
2025-06-27 23:02:31,859 [INFO] PluginManage:359 - Loaded plugin lpbam (category:base,tabindex:0)
2025-06-27 23:02:31,859 [INFO] PluginManage:310 - Check plugin memorymap
2025-06-27 23:02:31,870 [INFO] PluginManage:359 - Loaded plugin memorymap (category:base,tabindex:4)
2025-06-27 23:02:31,870 [INFO] PluginManage:310 - Check plugin pinoutandconfiguration
2025-06-27 23:02:31,878 [INFO] PluginManage:359 - Loaded plugin pinoutandconfiguration (category:base,tabindex:1)
2025-06-27 23:02:31,878 [INFO] PluginManage:310 - Check plugin pinoutconfig
2025-06-27 23:02:31,971 [WARN] SupportedApi:132 - Cannot load RTOS API schema: s4s-elt-must-match.1: The content of 'definitions' must match (annotation?, (simpleType | complexType)?, (unique | key | keyref)*)). A problem was found starting at: attribute.
2025-06-27 23:02:32,113 [INFO] PluginManage:359 - Loaded plugin pinoutconfig (category:base,tabindex:0)
2025-06-27 23:02:32,113 [INFO] PluginManage:310 - Check plugin power
2025-06-27 23:02:32,119 [INFO] PluginManage:359 - Loaded plugin power (category:power,tabindex:4)
2025-06-27 23:02:32,119 [INFO] PluginManage:310 - Check plugin projectmanager
2025-06-27 23:02:32,132 [INFO] PluginManage:359 - Loaded plugin projectmanager (category:projectmanager,tabindex:4)
2025-06-27 23:02:32,133 [INFO] PluginManage:310 - Check plugin rif
2025-06-27 23:02:32,138 [INFO] PluginManage:359 - Loaded plugin rif (category:base,tabindex:3)
2025-06-27 23:02:32,138 [INFO] PluginManage:310 - Check plugin thirdparty
2025-06-27 23:02:32,280 [WARN] IntegrityCheckThread:84 - waiting for thirdparty lock release [integrity check]
2025-06-27 23:02:32,281 [INFO] IntegrityCheckThread:86 - entering critical section [integrity check]
2025-06-27 23:02:32,281 [INFO] ThirdPartyUpdaterWithRetryManager:70 - Updater plugin not ready yet. [1/15]
2025-06-27 23:02:32,281 [INFO] PluginManage:359 - Loaded plugin thirdparty (category:base,tabindex:-1)
2025-06-27 23:02:32,282 [INFO] PluginManage:310 - Check plugin tools
2025-06-27 23:02:32,286 [INFO] PluginManage:359 - Loaded plugin tools (category:base,tabindex:7)
2025-06-27 23:02:32,286 [INFO] PluginManage:310 - Check plugin tutovideos
2025-06-27 23:02:32,417 [INFO] PluginManage:359 - Loaded plugin tutovideos (category:base,tabindex:-1)
2025-06-27 23:02:32,418 [INFO] PluginManage:310 - Check plugin updater
2025-06-27 23:02:32,436 [INFO] PluginManage:359 - Loaded plugin updater (category:base,tabindex:12)
2025-06-27 23:02:32,436 [INFO] PluginManage:310 - Check plugin userauth
2025-06-27 23:02:32,440 [INFO] UserAuth:118 - Init User Auth plugin
2025-06-27 23:02:32,441 [INFO] PluginManage:359 - Loaded plugin userauth (category:base,tabindex:14)
2025-06-27 23:02:32,441 [INFO] PluginManage:283 - PluginManage : Loaded plugins [18]
2025-06-27 23:02:32,648 [INFO] PinOutPanel:1589 - setPackage(No Configuration,No Configuration)
2025-06-27 23:02:32,741 [INFO] CADModel:165 - CPN selected for project level
2025-06-27 23:02:32,742 [INFO] CADModel:114 - Register for checkConnection events
2025-06-27 23:02:32,758 [INFO] IPUIPlugin:80 - create IPUIPlugin
2025-06-27 23:02:32,758 [INFO] PluginManager:220 - loadIPPluginJar : add adc
2025-06-27 23:02:32,763 [INFO] IPUIPlugin:80 - create IPUIPlugin
2025-06-27 23:02:32,763 [INFO] PluginManager:220 - loadIPPluginJar : add aes
2025-06-27 23:02:32,766 [INFO] IPUIPlugin:80 - create IPUIPlugin
2025-06-27 23:02:32,766 [INFO] PluginManager:220 - loadIPPluginJar : add can
2025-06-27 23:02:32,769 [INFO] IPUIPlugin:80 - create IPUIPlugin
2025-06-27 23:02:32,769 [INFO] PluginManager:220 - loadIPPluginJar : add comp
2025-06-27 23:02:32,771 [INFO] IPUIPlugin:80 - create IPUIPlugin
2025-06-27 23:02:32,771 [INFO] PluginManager:220 - loadIPPluginJar : add cryp
2025-06-27 23:02:32,775 [INFO] IPUIPlugin:80 - create IPUIPlugin
2025-06-27 23:02:32,775 [INFO] PluginManager:220 - loadIPPluginJar : add ddr_ctrl_phy
2025-06-27 23:02:32,778 [INFO] IPUIPlugin:80 - create IPUIPlugin
2025-06-27 23:02:32,778 [INFO] PluginManager:220 - loadIPPluginJar : add dfsdm
2025-06-27 23:02:32,784 [INFO] IPUIPlugin:80 - create IPUIPlugin
2025-06-27 23:02:32,785 [INFO] PluginManager:220 - loadIPPluginJar : add dma
2025-06-27 23:02:32,787 [INFO] IPUIPlugin:80 - create IPUIPlugin
2025-06-27 23:02:32,787 [INFO] PluginManager:220 - loadIPPluginJar : add dma3
2025-06-27 23:02:32,793 [INFO] IPUIPlugin:80 - create IPUIPlugin
2025-06-27 23:02:32,793 [INFO] PluginManager:220 - loadIPPluginJar : add extmemmanager
2025-06-27 23:02:32,794 [INFO] IPUIPlugin:80 - create IPUIPlugin
2025-06-27 23:02:32,794 [INFO] PluginManager:220 - loadIPPluginJar : add fatfs
2025-06-27 23:02:32,799 [INFO] IPUIPlugin:80 - create IPUIPlugin
2025-06-27 23:02:32,799 [INFO] PluginManager:220 - loadIPPluginJar : add fmc
2025-06-27 23:02:32,804 [INFO] IPUIPlugin:80 - create IPUIPlugin
2025-06-27 23:02:32,804 [INFO] PluginManager:220 - loadIPPluginJar : add freertos
2025-06-27 23:02:32,806 [INFO] IPUIPlugin:80 - create IPUIPlugin
2025-06-27 23:02:32,806 [INFO] PluginManager:220 - loadIPPluginJar : add genericplugin
2025-06-27 23:02:32,808 [INFO] IPUIPlugin:80 - create IPUIPlugin
2025-06-27 23:02:32,808 [INFO] PluginManager:220 - loadIPPluginJar : add gfxmmu
2025-06-27 23:02:32,814 [INFO] IPUIPlugin:80 - create IPUIPlugin
2025-06-27 23:02:32,814 [INFO] PluginManager:220 - loadIPPluginJar : add gic
2025-06-27 23:02:32,817 [INFO] IPUIPlugin:80 - create IPUIPlugin
2025-06-27 23:02:32,817 [INFO] PluginManager:220 - loadIPPluginJar : add gpio
2025-06-27 23:02:32,820 [INFO] IPUIPlugin:80 - create IPUIPlugin
2025-06-27 23:02:32,820 [INFO] PluginManager:220 - loadIPPluginJar : add gtzc
2025-06-27 23:02:32,822 [INFO] IPUIPlugin:80 - create IPUIPlugin
2025-06-27 23:02:32,822 [INFO] PluginManager:220 - loadIPPluginJar : add hash
2025-06-27 23:02:32,824 [INFO] IPUIPlugin:80 - create IPUIPlugin
2025-06-27 23:02:32,824 [INFO] PluginManager:220 - loadIPPluginJar : add i2c
2025-06-27 23:02:32,825 [INFO] IPUIPlugin:80 - create IPUIPlugin
2025-06-27 23:02:32,826 [INFO] PluginManager:220 - loadIPPluginJar : add i2s
2025-06-27 23:02:32,828 [INFO] IPUIPlugin:80 - create IPUIPlugin
2025-06-27 23:02:32,828 [INFO] PluginManager:220 - loadIPPluginJar : add i3c
2025-06-27 23:02:32,832 [INFO] IPUIPlugin:80 - create IPUIPlugin
2025-06-27 23:02:32,832 [INFO] PluginManager:220 - loadIPPluginJar : add ipddr
2025-06-27 23:02:32,838 [INFO] IPUIPlugin:80 - create IPUIPlugin
2025-06-27 23:02:32,839 [INFO] PluginManager:220 - loadIPPluginJar : add linkedlist
2025-06-27 23:02:32,843 [INFO] IPUIPlugin:80 - create IPUIPlugin
2025-06-27 23:02:32,844 [INFO] PluginManager:220 - loadIPPluginJar : add lorawan
2025-06-27 23:02:32,845 [INFO] IPUIPlugin:80 - create IPUIPlugin
2025-06-27 23:02:32,845 [INFO] PluginManager:220 - loadIPPluginJar : add ltdc
2025-06-27 23:02:32,850 [INFO] IPUIPlugin:80 - create IPUIPlugin
2025-06-27 23:02:32,850 [INFO] PluginManager:220 - loadIPPluginJar : add mdma
2025-06-27 23:02:32,852 [INFO] IPUIPlugin:80 - create IPUIPlugin
2025-06-27 23:02:32,852 [INFO] PluginManager:220 - loadIPPluginJar : add nvic
2025-06-27 23:02:32,857 [INFO] IPUIPlugin:80 - create IPUIPlugin
2025-06-27 23:02:32,857 [INFO] PluginManager:220 - loadIPPluginJar : add opamp
2025-06-27 23:02:32,860 [INFO] IPUIPlugin:80 - create IPUIPlugin
2025-06-27 23:02:32,860 [INFO] PluginManager:220 - loadIPPluginJar : add openamp
2025-06-27 23:02:32,864 [INFO] IPUIPlugin:80 - create IPUIPlugin
2025-06-27 23:02:32,864 [INFO] PluginManager:220 - loadIPPluginJar : add pdm2pcm
2025-06-27 23:02:32,868 [INFO] IPUIPlugin:80 - create IPUIPlugin
2025-06-27 23:02:32,870 [INFO] PluginManager:220 - loadIPPluginJar : add plateformsettings
2025-06-27 23:02:32,872 [INFO] IPUIPlugin:80 - create IPUIPlugin
2025-06-27 23:02:32,872 [INFO] PluginManager:220 - loadIPPluginJar : add quadspi
2025-06-27 23:02:32,874 [INFO] IPUIPlugin:80 - create IPUIPlugin
2025-06-27 23:02:32,874 [INFO] PluginManager:220 - loadIPPluginJar : add radio
2025-06-27 23:02:32,876 [INFO] IPUIPlugin:80 - create IPUIPlugin
2025-06-27 23:02:32,876 [INFO] PluginManager:220 - loadIPPluginJar : add resmgrutility
2025-06-27 23:02:32,878 [INFO] IPUIPlugin:80 - create IPUIPlugin
2025-06-27 23:02:32,878 [INFO] PluginManager:220 - loadIPPluginJar : add sai
2025-06-27 23:02:32,880 [INFO] IPUIPlugin:80 - create IPUIPlugin
2025-06-27 23:02:32,880 [INFO] PluginManager:220 - loadIPPluginJar : add spi
2025-06-27 23:02:32,886 [INFO] IPUIPlugin:80 - create IPUIPlugin
2025-06-27 23:02:32,886 [INFO] PluginManager:220 - loadIPPluginJar : add stm32_wpan
2025-06-27 23:02:32,887 [INFO] IPUIPlugin:80 - create IPUIPlugin
2025-06-27 23:02:32,887 [INFO] PluginManager:220 - loadIPPluginJar : add tim
2025-06-27 23:02:32,890 [INFO] IPUIPlugin:80 - create IPUIPlugin
2025-06-27 23:02:32,890 [INFO] PluginManager:220 - loadIPPluginJar : add touchsensing
2025-06-27 23:02:32,892 [INFO] IPUIPlugin:80 - create IPUIPlugin
2025-06-27 23:02:32,892 [INFO] PluginManager:220 - loadIPPluginJar : add tracer_emb
2025-06-27 23:02:32,893 [INFO] IPUIPlugin:80 - create IPUIPlugin
2025-06-27 23:02:32,893 [INFO] PluginManager:220 - loadIPPluginJar : add ts
2025-06-27 23:02:32,894 [INFO] IPUIPlugin:80 - create IPUIPlugin
2025-06-27 23:02:32,894 [INFO] PluginManager:220 - loadIPPluginJar : add tsc
2025-06-27 23:02:32,896 [INFO] IPUIPlugin:80 - create IPUIPlugin
2025-06-27 23:02:32,896 [INFO] PluginManager:220 - loadIPPluginJar : add ucpd
2025-06-27 23:02:32,897 [INFO] IPUIPlugin:80 - create IPUIPlugin
2025-06-27 23:02:32,897 [INFO] PluginManager:220 - loadIPPluginJar : add usart
2025-06-27 23:02:32,899 [INFO] IPUIPlugin:80 - create IPUIPlugin
2025-06-27 23:02:32,900 [INFO] PluginManager:220 - loadIPPluginJar : add usbx
2025-06-27 23:02:33,031 [FATAL] Updater:351 - Updater called before beeing initialized
2025-06-27 23:02:33,066 [INFO] RulesReader:64 - Compatibility file has been processed (302 Rules)
2025-06-27 23:02:33,079 [INFO] RulesReader:64 - Compatibility file has been processed (302 Rules)
2025-06-27 23:02:33,095 [INFO] CADModel:165 - CPN selected for project level
2025-06-27 23:02:33,095 [INFO] CADModel:114 - Register for checkConnection events
2025-06-27 23:02:33,095 [FATAL] Updater:351 - Updater called before beeing initialized
2025-06-27 23:02:33,095 [ERROR] CADModel:125 - Updater not yet initialized, retry later 
2025-06-27 23:02:33,277 [FATAL] Updater:351 - Updater called before beeing initialized
2025-06-27 23:02:33,280 [INFO] CADModel:165 - CPN selected for project level
2025-06-27 23:02:33,280 [INFO] CADModel:114 - Register for checkConnection events
2025-06-27 23:02:33,280 [FATAL] Updater:351 - Updater called before beeing initialized
2025-06-27 23:02:33,280 [ERROR] CADModel:125 - Updater not yet initialized, retry later 
2025-06-27 23:02:33,308 [FATAL] Updater:351 - Updater called before beeing initialized
2025-06-27 23:02:33,418 [FATAL] Updater:351 - Updater called before beeing initialized
2025-06-27 23:02:33,421 [INFO] DbMcusAds:53 - JSON generation date=Thu Jun 19 14:02:34 IST 2025 (1750321954415)
2025-06-27 23:02:33,421 [FATAL] Updater:351 - Updater called before beeing initialized
2025-06-27 23:02:33,447 [WARN] DetailPanel:346 - Failed to get advertising image, set to default
2025-06-27 23:02:33,620 [FATAL] Updater:351 - Updater called before beeing initialized
2025-06-27 23:02:33,621 [FATAL] Updater:351 - Updater called before beeing initialized
2025-06-27 23:02:33,621 [FATAL] Updater:351 - Updater called before beeing initialized
2025-06-27 23:02:33,621 [WARN] DetailPanel:346 - Failed to get advertising image, set to default
2025-06-27 23:02:33,622 [FATAL] Updater:351 - Updater called before beeing initialized
2025-06-27 23:02:33,668 [ERROR] Updater:1198 - MainUpdater not yet initialized. External WinMGr cannot be set.
2025-06-27 23:02:33,671 [INFO] Updater:1134 - Updater Version found : 6.14.1
2025-06-27 23:02:33,684 [INFO] ApplicationProperties:184 - Using Application install path: C:\ST\STM32CubeIDE_1.16.0\STM32CubeIDE\plugins\com.st.stm32cube.common.mx_6.14.1.202504091515
2025-06-27 23:02:35,258 [ERROR] LogOutputStream:75 - [STDERR_REDIRECT] Jun 27, 2025 11:02:35 PM java.util.prefs.WindowsPreferences <init>
2025-06-27 23:02:35,262 [ERROR] LogOutputStream:75 - [STDERR_REDIRECT] WARNING: Could not open/create prefs root node Software\JavaSoft\Prefs at root 0xffffffff80000002. Windows RegCreateKeyEx(...) returned error code 5.
2025-06-27 23:02:35,262 [ERROR] LogOutputStream:75 - [STDERR_REDIRECT] 
2025-06-27 23:02:35,283 [INFO] ThirdPartyUpdaterWithRetryManager:70 - Updater plugin not ready yet. [2/15]
2025-06-27 23:02:36,014 [INFO] MainUpdater:2872 - connection check result : 10
2025-06-27 23:02:36,015 [INFO] MainUpdater:289 - Updater Check For Update Now.
2025-06-27 23:02:36,015 [INFO] MicroXplorer:498 - Change Database Version : DB.6.0.141
2025-06-27 23:02:36,029 [INFO] McuFinderGlobals:63 - Set McuFinder mode to 2 (CubeIDE integrated)
2025-06-27 23:02:36,030 [INFO] UserAuth:484 - Internet connection configuration mode: 1
2025-06-27 23:02:36,090 [INFO] JxBrowserEngine:152 - Initiate JxBrowser Engine with user profile folder
2025-06-27 23:02:36,221 [INFO] CheckServerUpdateThread:120 - End of CheckServer Thread
2025-06-27 23:02:36,760 [INFO] WebApp:169 - Instantiating new browser for Auth
2025-06-27 23:02:37,348 [INFO] WebApp:463 - Apply proxy settings
2025-06-27 23:02:37,348 [INFO] WebApp:548 - Chromium requires no authentication
2025-06-27 23:02:37,353 [INFO] WebApp:491 - Direct internet connection detected
2025-06-27 23:02:37,371 [INFO] WebApp:894 - Register for checkConnection events
2025-06-27 23:02:37,372 [INFO] WebApp:463 - Apply proxy settings
2025-06-27 23:02:37,372 [INFO] WebApp:548 - Chromium requires no authentication
2025-06-27 23:02:37,372 [INFO] WebApp:491 - Direct internet connection detected
2025-06-27 23:02:37,491 [INFO] WebApp:225 - Starting web application
2025-06-27 23:02:37,491 [INFO] WebApp:593 - Web application path used C:\ST\STM32CubeIDE_1.16.0\STM32CubeIDE\plugins\com.st.stm32cube.common.mx_6.14.1.202504091515\db\plugins\mcufinder\reactClient1\index.html
2025-06-27 23:02:37,592 [INFO] UserAuth:484 - Internet connection configuration mode: 1
2025-06-27 23:02:38,024 [INFO] WebApp:191 - Connection restablished
2025-06-27 23:02:38,629 [WARN] PackLoader:240 - Cannot read IP mode file for STMicroelectronics.FP-SNS-MOTENVWB1.1.4.0
2025-06-27 23:02:38,651 [WARN] PackLoader:240 - Cannot read IP mode file for STMicroelectronics.X-CUBE-SMBUS.2.1.0
2025-06-27 23:02:38,672 [WARN] PackLoader:240 - Cannot read IP mode file for STMicroelectronics.X-CUBE-WB05N.1.1.0
2025-06-27 23:02:38,688 [WARN] PackLoader:240 - Cannot read IP mode file for STMicroelectronics.X-CUBE-ST60.1.0.0
2025-06-27 23:02:38,735 [WARN] PackLoader:240 - Cannot read IP mode file for STMicroelectronics.X-CUBE-AZRTOS-F7.1.1.0
2025-06-27 23:02:38,804 [WARN] PackLoader:240 - Cannot read IP mode file for STMicroelectronics.X-CUBE-MEMS1.11.0.0
2025-06-27 23:02:38,905 [WARN] PackLoader:240 - Cannot read IP mode file for STMicroelectronics.FP-SNS-FLIGHT1.5.0.2
2025-06-27 23:02:38,923 [WARN] PackLoader:240 - Cannot read IP mode file for STMicroelectronics.X-CUBE-DISPLAY.3.0.0
2025-06-27 23:02:38,940 [WARN] PackLoader:240 - Cannot read IP mode file for STMicroelectronics.X-CUBE-BLE1.7.0.0
2025-06-27 23:02:38,956 [WARN] PackLoader:240 - Cannot read IP mode file for STMicroelectronics.X-CUBE-NFC10.1.0.0
2025-06-27 23:02:38,972 [WARN] PackLoader:240 - Cannot read IP mode file for emotas.I-CUBE-CANOPEN.1.3.0
2025-06-27 23:02:38,990 [WARN] PackLoader:240 - Cannot read IP mode file for STMicroelectronics.X-CUBE-BLEMGR.3.1.0
2025-06-27 23:02:39,007 [WARN] PackLoader:240 - Cannot read IP mode file for STMicroelectronics.FP-SNS-SMARTAG2.1.2.0
2025-06-27 23:02:39,021 [WARN] PackLoader:240 - Cannot read IP mode file for STMicroelectronics.FP-SNS-FLIGHT1.5.1.0
2025-06-27 23:02:39,052 [INFO] LogOutputStream:77 - [STDOUT_REDIRECT] 1 : Invalid condition id : UX_CORESTACK_Condition cause : null
2025-06-27 23:02:39,054 [INFO] LogOutputStream:77 - [STDOUT_REDIRECT] 1 : Invalid condition id : UX_CORESTACK_Condition cause : null
2025-06-27 23:02:39,057 [INFO] LogOutputStream:77 - [STDOUT_REDIRECT] 1 : Invalid condition id : UX_CORESTACK_Condition cause : null
2025-06-27 23:02:39,058 [INFO] LogOutputStream:77 - [STDOUT_REDIRECT] 1 : Invalid condition id : UX_CORESTACK_Condition cause : null
2025-06-27 23:02:39,061 [INFO] LogOutputStream:77 - [STDOUT_REDIRECT] 1 : Invalid condition id : UX_CORESTACK_Condition cause : null
2025-06-27 23:02:39,064 [WARN] PackLoader:240 - Cannot read IP mode file for STMicroelectronics.X-CUBE-AZRTOS-WL.2.0.0
2025-06-27 23:02:39,085 [WARN] PackLoader:240 - Cannot read IP mode file for STMicroelectronics.FP-SNS-MOTENV1.5.0.0
2025-06-27 23:02:39,122 [WARN] PackLoader:240 - Cannot read IP mode file for wolfSSL.I-CUBE-wolfMQTT.1.19.0
2025-06-27 23:02:39,146 [WARN] PackLoader:240 - Cannot read IP mode file for WES.I-CUBE-Cesium.1.3.0
2025-06-27 23:02:39,163 [WARN] PackLoader:240 - Cannot read IP mode file for STMicroelectronics.X-CUBE-BLE2.3.3.0
2025-06-27 23:02:39,182 [WARN] PackLoader:240 - Cannot read IP mode file for STMicroelectronics.X-CUBE-NFC9.1.0.0
2025-06-27 23:02:39,200 [WARN] PackLoader:240 - Cannot read IP mode file for STMicroelectronics.X-CUBE-BLE1.7.1.0
2025-06-27 23:02:39,221 [WARN] PackLoader:240 - Cannot read IP mode file for STMicroelectronics.X-CUBE-TCPP.4.1.0
2025-06-27 23:02:39,245 [WARN] PackLoader:240 - Cannot read IP mode file for STMicroelectronics.X-CUBE-AI.10.1.0
2025-06-27 23:02:39,285 [WARN] PackLoader:240 - Cannot read IP mode file for STMicroelectronics.X-CUBE-AZRTOS-G0.1.1.0
2025-06-27 23:02:39,313 [WARN] PackLoader:240 - Cannot read IP mode file for STMicroelectronics.X-CUBE-SAFEA1.1.2.2
2025-06-27 23:02:39,334 [WARN] PackLoader:240 - Cannot read IP mode file for STMicroelectronics.X-CUBE-NFC4.3.0.0
2025-06-27 23:02:39,357 [WARN] PackLoader:240 - Cannot read IP mode file for EmbeddedOffice.I-CUBE-FS-RTOS.1.0.1
2025-06-27 23:02:39,375 [WARN] PackLoader:240 - Cannot read IP mode file for STMicroelectronics.X-CUBE-WB05N.2.0.0
2025-06-27 23:02:39,391 [WARN] PackLoader:240 - Cannot read IP mode file for STMicroelectronics.X-CUBE-TCPP.4.2.0
2025-06-27 23:02:39,410 [WARN] PackLoader:240 - Cannot read IP mode file for RealThread.X-CUBE-RT-Thread_Nano.4.1.1
2025-06-27 23:02:39,426 [WARN] PackLoader:240 - Cannot read IP mode file for wolfSSL.I-CUBE-wolfSSL.5.7.0
2025-06-27 23:02:39,444 [WARN] PackLoader:240 - Cannot read IP mode file for STMicroelectronics.FP-ATR-SIGFOX1.3.2.0
2025-06-27 23:02:39,461 [WARN] ConditionMgr:438 - getConditionDescription Invalid condition id : Cortex-A Device cause : null
2025-06-27 23:02:39,490 [WARN] ConditionMgr:1044 - genDependencies : Invalid condition id : Cortex-A Device cause : null
2025-06-27 23:02:39,491 [WARN] ConditionMgr:1044 - genDependencies : Invalid condition id : Cortex-A Device cause : null
2025-06-27 23:02:39,491 [WARN] ConditionMgr:1044 - genDependencies : Invalid condition id : Cortex-A Device cause : null
2025-06-27 23:02:39,505 [WARN] PackLoader:240 - Cannot read IP mode file for STMicroelectronics.X-CUBE-EEPRMA1.5.1.0
2025-06-27 23:02:39,522 [WARN] PackLoader:240 - Cannot read IP mode file for ITTIA_DB.I-CUBE-ITTIADB.8.9.0
2025-06-27 23:02:39,541 [WARN] PackLoader:240 - Cannot read IP mode file for STMicroelectronics.X-CUBE-ST67W61.1.0.0
2025-06-27 23:02:39,570 [WARN] PackLoader:240 - Cannot read IP mode file for SEGGER.I-CUBE-embOS.1.3.1
2025-06-27 23:02:39,611 [WARN] PackLoader:240 - Cannot read IP mode file for STMicroelectronics.X-CUBE-ALGOBUILD.1.4.0
2025-06-27 23:02:39,651 [WARN] PackLoader:240 - Cannot read IP mode file for STMicroelectronics.X-CUBE-MEMS1.11.3.0
2025-06-27 23:02:39,744 [WARN] PackLoader:240 - Cannot read IP mode file for STMicroelectronics.X-CUBE-AI.9.1.0
2025-06-27 23:02:39,761 [WARN] PackLoader:240 - Cannot read IP mode file for STMicroelectronics.X-CUBE-PM33A1.1.0.0
2025-06-27 23:02:39,776 [WARN] PackLoader:240 - Cannot read IP mode file for STMicroelectronics.X-CUBE-GNSS1.6.0.0
2025-06-27 23:02:39,802 [WARN] PackLoader:240 - Cannot read IP mode file for STMicroelectronics.X-CUBE-AZRTOS-F4.1.1.0
2025-06-27 23:02:39,818 [WARN] PackLoader:240 - Cannot read IP mode file for Avnet-IotConnect.X-CUBE-IoTC-DA16k-PMOD.1.0.0
2025-06-27 23:02:39,832 [WARN] PackLoader:240 - Cannot read IP mode file for STMicroelectronics.X-CUBE-ISPU.2.1.0
2025-06-27 23:02:39,847 [WARN] PackLoader:240 - Cannot read IP mode file for STMicroelectronics.X-CUBE-FREERTOS.1.2.0
2025-06-27 23:02:39,875 [WARN] PackLoader:240 - Cannot read IP mode file for STMicroelectronics.X-CUBE-AZRTOS-L5.2.0.0
2025-06-27 23:02:39,894 [WARN] PackLoader:240 - Cannot read IP mode file for STMicroelectronics.X-CUBE-NFC6.3.1.0
2025-06-27 23:02:39,911 [WARN] PackLoader:240 - Cannot read IP mode file for STMicroelectronics.X-CUBE-DPower.1.2.0
2025-06-27 23:02:39,925 [WARN] PackLoader:240 - Cannot read IP mode file for STMicroelectronics.X-CUBE-AI.9.0.0
2025-06-27 23:02:39,938 [WARN] PackLoader:240 - Cannot read IP mode file for STMicroelectronics.X-CUBE-FREERTOS.1.3.1
2025-06-27 23:02:39,954 [WARN] PackLoader:240 - Cannot read IP mode file for STMicroelectronics.X-CUBE-NFC7.1.0.1
2025-06-27 23:02:39,968 [WARN] PackLoader:240 - Cannot read IP mode file for wolfSSL.I-CUBE-wolfTPM.3.2.0
2025-06-27 23:02:39,984 [WARN] PackLoader:240 - Cannot read IP mode file for STMicroelectronics.FP-SNS-STAIOTCFT.1.0.0
2025-06-27 23:02:40,000 [WARN] PackLoader:240 - Cannot read IP mode file for STMicroelectronics.X-CUBE-DPower.1.3.0
2025-06-27 23:02:40,028 [WARN] ConditionMgr:438 - getConditionDescription Invalid condition id : LAN8742 Phy interface Condition cause : null
2025-06-27 23:02:40,028 [WARN] PackLoader:240 - Cannot read IP mode file for STMicroelectronics.X-CUBE-AZRTOS-L4.2.0.0
2025-06-27 23:02:40,030 [WARN] ConditionMgr:1044 - genDependencies : Invalid condition id : LAN8742 Phy interface Condition cause : null
2025-06-27 23:02:40,030 [WARN] ConditionMgr:1044 - genDependencies : Invalid condition id : LAN8742 Phy interface Condition cause : null
2025-06-27 23:02:40,030 [WARN] ConditionMgr:1044 - genDependencies : Invalid condition id : LAN8742 Phy interface Condition cause : null
2025-06-27 23:02:40,066 [WARN] PackLoader:240 - Cannot read IP mode file for STMicroelectronics.X-CUBE-SFXS2LP1.4.0.0
2025-06-27 23:02:40,110 [WARN] PackLoader:240 - Cannot read IP mode file for STMicroelectronics.X-CUBE-AZRTOS-H7.3.3.0
2025-06-27 23:02:40,144 [WARN] PackLoader:240 - Cannot read IP mode file for STMicroelectronics.X-CUBE-IPS.3.0.0
2025-06-27 23:02:40,179 [WARN] ConditionMgr:438 - getConditionDescription Invalid condition id : UX DEVICE CLASS RTOS Condition cause : null
2025-06-27 23:02:40,180 [WARN] ConditionMgr:438 - getConditionDescription Invalid condition id : UX DEVICE CLASS RTOS Condition cause : null
2025-06-27 23:02:40,181 [WARN] PackLoader:240 - Cannot read IP mode file for STMicroelectronics.X-CUBE-AZRTOS-WB.2.0.0
2025-06-27 23:02:40,181 [WARN] ConditionMgr:1044 - genDependencies : Invalid condition id : UX DEVICE CLASS RTOS Condition cause : null
2025-06-27 23:02:40,181 [WARN] ConditionMgr:1044 - genDependencies : Invalid condition id : UX DEVICE CLASS RTOS Condition cause : null
2025-06-27 23:02:40,182 [WARN] ConditionMgr:1044 - genDependencies : Invalid condition id : UX DEVICE CLASS RTOS Condition cause : null
2025-06-27 23:02:40,182 [WARN] ConditionMgr:1044 - genDependencies : Invalid condition id : UX DEVICE CLASS RTOS Condition cause : null
2025-06-27 23:02:40,182 [WARN] ConditionMgr:1044 - genDependencies : Invalid condition id : UX DEVICE CLASS RTOS Condition cause : null
2025-06-27 23:02:40,201 [WARN] PackLoader:240 - Cannot read IP mode file for STMicroelectronics.X-CUBE-GNSS1.7.0.0
2025-06-27 23:02:40,217 [WARN] PackLoader:240 - Cannot read IP mode file for STMicroelectronics.X-CUBE-GNSS1.7.0.1
2025-06-27 23:02:40,237 [WARN] PackLoader:240 - Cannot read IP mode file for STMicroelectronics.X-CUBE-TOUCHGFX.4.25.0
2025-06-27 23:02:40,254 [WARN] PackLoader:240 - Cannot read IP mode file for STMicroelectronics.FP-SNS-STBOX1.2.0.0
2025-06-27 23:02:40,273 [WARN] PackLoader:240 - Cannot read IP mode file for STMicroelectronics.X-CUBE-SUBG2.5.0.0
2025-06-27 23:02:40,303 [WARN] PackLoader:240 - Cannot read IP mode file for STMicroelectronics.X-CUBE-AZRTOS-H7RS.1.1.0
2025-06-27 23:02:40,319 [WARN] PackLoader:240 - Cannot read IP mode file for Cesanta.I-CUBE-Mongoose.7.13.0
2025-06-27 23:02:40,341 [WARN] PackLoader:240 - Cannot read IP mode file for STMicroelectronics.X-CUBE-AZRTOS-G4.2.0.0
2025-06-27 23:02:40,356 [WARN] PackLoader:240 - Cannot read IP mode file for STMicroelectronics.X-CUBE-NFC7.2.0.0
2025-06-27 23:02:40,370 [WARN] PackLoader:240 - Cannot read IP mode file for STMicroelectronics.X-CUBE-ISPU.2.0.0
2025-06-27 23:02:40,386 [WARN] PackLoader:240 - Cannot read IP mode file for STMicroelectronics.X-CUBE-IPS.3.1.0
2025-06-27 23:02:40,402 [WARN] PackLoader:240 - Cannot read IP mode file for STMicroelectronics.X-CUBE-ALS.1.0.2
2025-06-27 23:02:40,442 [WARN] PackLoader:240 - Cannot read IP mode file for STMicroelectronics.X-CUBE-MEMS1.10.0.0
2025-06-27 23:02:40,502 [WARN] PackLoader:240 - Cannot read IP mode file for STMicroelectronics.X-CUBE-TOUCHGFX.4.24.0
2025-06-27 23:02:40,517 [WARN] PackLoader:240 - Cannot read IP mode file for STMicroelectronics.X-CUBE-TOUCHGFX.4.24.1
2025-06-27 23:02:40,533 [WARN] PackLoader:240 - Cannot read IP mode file for portGmbH.I-Cube-SoM-uGOAL.1.1.0
2025-06-27 23:02:40,555 [WARN] PackLoader:240 - Cannot read IP mode file for STMicroelectronics.X-CUBE-AZRTOS-H7RS.1.0.0
2025-06-27 23:02:40,569 [WARN] PackLoader:240 - Cannot read IP mode file for STMicroelectronics.FP-ATR-ASTRA1.2.0.0
2025-06-27 23:02:40,585 [WARN] PackLoader:240 - Cannot read IP mode file for STMicroelectronics.X-CUBE-TOF1.3.4.2
2025-06-27 23:02:40,605 [WARN] PackLoader:240 - Cannot read IP mode file for STMicroelectronics.X-CUBE-TOF1.3.4.3
2025-06-27 23:02:40,624 [WARN] PackLoader:240 - Cannot read IP mode file for STMicroelectronics.X-CUBE-TOF1.3.4.1
2025-06-27 23:02:40,653 [WARN] PackLoader:240 - Cannot read IP mode file for STMicroelectronics.X-CUBE-AZRTOS-H7.3.2.0
2025-06-27 23:02:40,677 [WARN] PackLoader:240 - Cannot read IP mode file for Infineon.AIROC-Wi-Fi-Bluetooth-STM32.1.6.0
2025-06-27 23:02:40,692 [WARN] PackLoader:240 - Cannot read IP mode file for wolfSSL.I-CUBE-wolfSSH.1.4.17
2025-06-27 23:02:40,693 [INFO] ThirdParty:978 - Integrity check success = true
2025-06-27 23:02:40,693 [INFO] IntegrityCheckThread:100 - exiting critical section [integrity check]
2025-06-27 23:02:40,693 [INFO] IntegrityCheckThread:103 - End integrity checks thread
