2025-06-29 00:39:27,827 [ERROR] LogOutputStream:75 - [STDERR_REDIRECT] 
2025-06-29 10:44:05,881 [INFO] Activator:176 - 


2025-06-29 10:44:05,881 [INFO] Activator:177 - !SESSION log4j initialized
2025-06-29 10:44:13,950 [INFO] LogOutputStream:77 - [STDOUT_REDIRECT] 
2025-06-29 10:44:19,957 [INFO] ApplicationProperties:184 - Using Application install path: C:\ST\STM32CubeIDE_1.16.0\STM32CubeIDE\plugins\com.st.stm32cube.common.mx_6.14.1.202504091515
2025-06-29 10:44:19,975 [INFO] DbMcusXml:78 - Set database path to: C:\ST\STM32CubeIDE_1.16.0\STM32CubeIDE\plugins\com.st.stm32cube.common.mx_6.14.1.202504091515\\db\/mcu/
2025-06-29 10:44:19,975 [INFO] ApiDb:274 - Set plugin database path to: C:\ST\STM32CubeIDE_1.16.0\STM32CubeIDE\plugins\com.st.stm32cube.common.mx_6.14.1.202504091515\\db\/plugins/boardmanager/
2025-06-29 10:44:19,975 [WARN] ApiDb:259 - Overriding images path with different value:  => C:\ST\STM32CubeIDE_1.16.0\STM32CubeIDE\plugins\com.st.stm32cube.common.mx_6.14.1.202504091515\\db\/plugins/mcufinder/images/
2025-06-29 10:44:19,992 [INFO] ApiDb:250 - Set database path to: C:\Users\nisha\.stmcufinder\plugins\mcufinder//mcu/
2025-06-29 10:44:19,993 [INFO] DbMcusAds:125 - Set database path to: C:\Users\nisha\.stmcufinder\plugins\mcufinder//mcu/
2025-06-29 10:44:19,995 [INFO] CrossReferenceDbSqlite:203 - Set database path to: C:\Users\nisha\.stmcufinder\plugins\mcufinder//mcu/cs/
2025-06-29 10:44:20,131 [INFO] RulesReader:64 - Compatibility file has been processed (302 Rules)
2025-06-29 10:44:20,225 [INFO] DbMcusXml:78 - Set database path to: C:\ST\STM32CubeIDE_1.16.0\STM32CubeIDE\plugins\com.st.stm32cube.common.mx_6.14.1.202504091515\\db\/mcu/
2025-06-29 10:44:20,225 [INFO] ApiDb:274 - Set plugin database path to: C:\ST\STM32CubeIDE_1.16.0\STM32CubeIDE\plugins\com.st.stm32cube.common.mx_6.14.1.202504091515\\db\/plugins/boardmanager/
2025-06-29 10:44:20,225 [INFO] ApiDb:261 - Set plugin images path to: C:\ST\STM32CubeIDE_1.16.0\STM32CubeIDE\plugins\com.st.stm32cube.common.mx_6.14.1.202504091515\\db\/plugins/mcufinder/images/
2025-06-29 10:44:20,225 [WARN] DbFile:41 - Overriding database path with different value: C:\Users\nisha\.stmcufinder\plugins\mcufinder/ => C:\Users\nisha\.stmcufinder\plugins\mcufinder
2025-06-29 10:44:20,226 [INFO] ApiDb:250 - Set database path to: C:\Users\nisha\.stmcufinder\plugins\mcufinder//mcu/
2025-06-29 10:44:20,226 [WARN] DbFile:41 - Overriding database path with different value: C:\Users\nisha\.stmcufinder\plugins\mcufinder/ => C:\Users\nisha\.stmcufinder\plugins\mcufinder
2025-06-29 10:44:20,226 [INFO] DbMcusAds:125 - Set database path to: C:\Users\nisha\.stmcufinder\plugins\mcufinder//mcu/
2025-06-29 10:44:20,226 [WARN] DbFile:41 - Overriding database path with different value: C:\Users\nisha\.stmcufinder\plugins\mcufinder/ => C:\Users\nisha\.stmcufinder\plugins\mcufinder
2025-06-29 10:44:20,226 [WARN] DbFile:41 - Overriding database path with different value: C:\Users\nisha\.stmcufinder\plugins\mcufinder/ => C:\Users\nisha\.stmcufinder\plugins\mcufinder
2025-06-29 10:44:20,226 [INFO] CrossReferenceDbSqlite:203 - Set database path to: C:\Users\nisha\.stmcufinder\plugins\mcufinder//mcu/cs/
2025-06-29 10:44:20,309 [INFO] MainPanel:272 - HeapMemory: 268435456
2025-06-29 10:44:20,502 [INFO] DbMcusXml:78 - Set database path to: C:\ST\STM32CubeIDE_1.16.0\STM32CubeIDE\plugins\com.st.stm32cube.common.mx_6.14.1.202504091515\\db\/mcu/
2025-06-29 10:44:20,502 [INFO] ApiDb:274 - Set plugin database path to: C:\ST\STM32CubeIDE_1.16.0\STM32CubeIDE\plugins\com.st.stm32cube.common.mx_6.14.1.202504091515\\db\/plugins/boardmanager/
2025-06-29 10:44:20,502 [INFO] ApiDb:261 - Set plugin images path to: C:\ST\STM32CubeIDE_1.16.0\STM32CubeIDE\plugins\com.st.stm32cube.common.mx_6.14.1.202504091515\\db\/plugins/mcufinder/images/
2025-06-29 10:44:20,502 [WARN] DbFile:41 - Overriding database path with different value: C:\Users\nisha\.stmcufinder\plugins\mcufinder/ => C:\Users\nisha\.stmcufinder\plugins\mcufinder
2025-06-29 10:44:20,502 [INFO] ApiDb:250 - Set database path to: C:\Users\nisha\.stmcufinder\plugins\mcufinder//mcu/
2025-06-29 10:44:20,502 [WARN] DbFile:41 - Overriding database path with different value: C:\Users\nisha\.stmcufinder\plugins\mcufinder/ => C:\Users\nisha\.stmcufinder\plugins\mcufinder
2025-06-29 10:44:20,502 [INFO] DbMcusAds:125 - Set database path to: C:\Users\nisha\.stmcufinder\plugins\mcufinder//mcu/
2025-06-29 10:44:20,503 [WARN] DbFile:41 - Overriding database path with different value: C:\Users\nisha\.stmcufinder\plugins\mcufinder/ => C:\Users\nisha\.stmcufinder\plugins\mcufinder
2025-06-29 10:44:20,503 [WARN] DbFile:41 - Overriding database path with different value: C:\Users\nisha\.stmcufinder\plugins\mcufinder/ => C:\Users\nisha\.stmcufinder\plugins\mcufinder
2025-06-29 10:44:20,503 [INFO] CrossReferenceDbSqlite:203 - Set database path to: C:\Users\nisha\.stmcufinder\plugins\mcufinder//mcu/cs/
2025-06-29 10:44:20,525 [INFO] ApplicationProperties:184 - Using Application install path: C:\ST\STM32CubeIDE_1.16.0\STM32CubeIDE\plugins\com.st.stm32cube.common.mx_6.14.1.202504091515
2025-06-29 10:44:20,526 [INFO] PluginManage:196 - Search for loadable plugins [exclusion list=, ]
2025-06-29 10:44:20,528 [INFO] PluginManage:310 - Check plugin analytics
2025-06-29 10:44:20,723 [INFO] AnalyticsPlugin:253 - Accepted Software Licenses: 
2025-06-29 10:44:20,724 [INFO] AnalyticsPlugin:255 - Accepted CMSIS Pack Licenses: 
2025-06-29 10:44:20,724 [INFO] AnalyticsPlugin:257 - Accepted Firmware Licenses: FW.F4.1.28.0
2025-06-29 10:44:20,728 [INFO] PluginManage:359 - Loaded plugin analytics (category:tool,tabindex:-1)
2025-06-29 10:44:20,729 [INFO] PluginManage:310 - Check plugin cadmodel
2025-06-29 10:44:20,746 [INFO] CADModel:105 - Init CAD model plugin
2025-06-29 10:44:20,746 [INFO] PluginManage:359 - Loaded plugin cadmodel (category:power,tabindex:5)
2025-06-29 10:44:20,746 [INFO] PluginManage:310 - Check plugin clock
2025-06-29 10:44:20,767 [INFO] PluginManage:359 - Loaded plugin clock (category:base,tabindex:2)
2025-06-29 10:44:20,767 [INFO] PluginManage:310 - Check plugin ddr
2025-06-29 10:44:20,769 [INFO] PluginManage:359 - Loaded plugin ddr (category:tool,tabindex:6)
2025-06-29 10:44:20,770 [INFO] PluginManage:310 - Check plugin filemanager
2025-06-29 10:44:20,931 [INFO] PluginManage:359 - Loaded plugin filemanager (category:base,tabindex:10)
2025-06-29 10:44:20,932 [INFO] PluginManage:310 - Check plugin ipmanager
2025-06-29 10:44:20,945 [INFO] PluginManage:359 - Loaded plugin ipmanager (category:base,tabindex:5)
2025-06-29 10:44:20,946 [INFO] PluginManage:310 - Check plugin lpbam
2025-06-29 10:44:20,971 [INFO] PluginManage:359 - Loaded plugin lpbam (category:base,tabindex:0)
2025-06-29 10:44:20,971 [INFO] PluginManage:310 - Check plugin memorymap
2025-06-29 10:44:21,011 [INFO] PluginManage:359 - Loaded plugin memorymap (category:base,tabindex:4)
2025-06-29 10:44:21,011 [INFO] PluginManage:310 - Check plugin pinoutandconfiguration
2025-06-29 10:44:21,032 [INFO] PluginManage:359 - Loaded plugin pinoutandconfiguration (category:base,tabindex:1)
2025-06-29 10:44:21,033 [INFO] PluginManage:310 - Check plugin pinoutconfig
2025-06-29 10:44:21,119 [WARN] SupportedApi:132 - Cannot load RTOS API schema: s4s-elt-must-match.1: The content of 'definitions' must match (annotation?, (simpleType | complexType)?, (unique | key | keyref)*)). A problem was found starting at: attribute.
2025-06-29 10:44:21,259 [INFO] PluginManage:359 - Loaded plugin pinoutconfig (category:base,tabindex:0)
2025-06-29 10:44:21,259 [INFO] PluginManage:310 - Check plugin power
2025-06-29 10:44:21,279 [INFO] PluginManage:359 - Loaded plugin power (category:power,tabindex:4)
2025-06-29 10:44:21,279 [INFO] PluginManage:310 - Check plugin projectmanager
2025-06-29 10:44:21,293 [INFO] PluginManage:359 - Loaded plugin projectmanager (category:projectmanager,tabindex:4)
2025-06-29 10:44:21,293 [INFO] PluginManage:310 - Check plugin rif
2025-06-29 10:44:21,311 [INFO] PluginManage:359 - Loaded plugin rif (category:base,tabindex:3)
2025-06-29 10:44:21,311 [INFO] PluginManage:310 - Check plugin thirdparty
2025-06-29 10:44:21,649 [INFO] PluginManage:359 - Loaded plugin thirdparty (category:base,tabindex:-1)
2025-06-29 10:44:21,649 [INFO] PluginManage:310 - Check plugin tools
2025-06-29 10:44:21,649 [WARN] IntegrityCheckThread:84 - waiting for thirdparty lock release [integrity check]
2025-06-29 10:44:21,650 [INFO] IntegrityCheckThread:86 - entering critical section [integrity check]
2025-06-29 10:44:21,650 [INFO] ThirdPartyUpdaterWithRetryManager:70 - Updater plugin not ready yet. [1/15]
2025-06-29 10:44:21,683 [INFO] PluginManage:359 - Loaded plugin tools (category:base,tabindex:7)
2025-06-29 10:44:21,683 [INFO] PluginManage:310 - Check plugin tutovideos
2025-06-29 10:44:21,975 [INFO] PluginManage:359 - Loaded plugin tutovideos (category:base,tabindex:-1)
2025-06-29 10:44:21,976 [INFO] PluginManage:310 - Check plugin updater
2025-06-29 10:44:22,003 [INFO] PluginManage:359 - Loaded plugin updater (category:base,tabindex:12)
2025-06-29 10:44:22,003 [INFO] PluginManage:310 - Check plugin userauth
2025-06-29 10:44:22,007 [INFO] UserAuth:118 - Init User Auth plugin
2025-06-29 10:44:22,008 [INFO] PluginManage:359 - Loaded plugin userauth (category:base,tabindex:14)
2025-06-29 10:44:22,008 [INFO] PluginManage:283 - PluginManage : Loaded plugins [18]
2025-06-29 10:44:22,235 [INFO] PinOutPanel:1589 - setPackage(No Configuration,No Configuration)
2025-06-29 10:44:22,334 [INFO] CADModel:165 - CPN selected for project level
2025-06-29 10:44:22,335 [INFO] CADModel:114 - Register for checkConnection events
2025-06-29 10:44:22,362 [INFO] IPUIPlugin:80 - create IPUIPlugin
2025-06-29 10:44:22,363 [INFO] PluginManager:220 - loadIPPluginJar : add adc
2025-06-29 10:44:22,402 [INFO] IPUIPlugin:80 - create IPUIPlugin
2025-06-29 10:44:22,402 [INFO] PluginManager:220 - loadIPPluginJar : add aes
2025-06-29 10:44:22,445 [INFO] IPUIPlugin:80 - create IPUIPlugin
2025-06-29 10:44:22,446 [INFO] PluginManager:220 - loadIPPluginJar : add can
2025-06-29 10:44:22,472 [INFO] IPUIPlugin:80 - create IPUIPlugin
2025-06-29 10:44:22,472 [INFO] PluginManager:220 - loadIPPluginJar : add comp
2025-06-29 10:44:22,505 [INFO] IPUIPlugin:80 - create IPUIPlugin
2025-06-29 10:44:22,505 [INFO] PluginManager:220 - loadIPPluginJar : add cryp
2025-06-29 10:44:22,519 [INFO] IPUIPlugin:80 - create IPUIPlugin
2025-06-29 10:44:22,519 [INFO] PluginManager:220 - loadIPPluginJar : add ddr_ctrl_phy
2025-06-29 10:44:22,555 [INFO] IPUIPlugin:80 - create IPUIPlugin
2025-06-29 10:44:22,555 [INFO] PluginManager:220 - loadIPPluginJar : add dfsdm
2025-06-29 10:44:22,573 [INFO] IPUIPlugin:80 - create IPUIPlugin
2025-06-29 10:44:22,574 [INFO] PluginManager:220 - loadIPPluginJar : add dma
2025-06-29 10:44:22,614 [INFO] IPUIPlugin:80 - create IPUIPlugin
2025-06-29 10:44:22,614 [INFO] PluginManager:220 - loadIPPluginJar : add dma3
2025-06-29 10:44:22,659 [INFO] IPUIPlugin:80 - create IPUIPlugin
2025-06-29 10:44:22,659 [INFO] PluginManager:220 - loadIPPluginJar : add extmemmanager
2025-06-29 10:44:22,683 [INFO] IPUIPlugin:80 - create IPUIPlugin
2025-06-29 10:44:22,683 [INFO] PluginManager:220 - loadIPPluginJar : add fatfs
2025-06-29 10:44:22,740 [INFO] IPUIPlugin:80 - create IPUIPlugin
2025-06-29 10:44:22,740 [INFO] PluginManager:220 - loadIPPluginJar : add fmc
2025-06-29 10:44:22,758 [INFO] IPUIPlugin:80 - create IPUIPlugin
2025-06-29 10:44:22,759 [INFO] PluginManager:220 - loadIPPluginJar : add freertos
2025-06-29 10:44:22,782 [INFO] IPUIPlugin:80 - create IPUIPlugin
2025-06-29 10:44:22,782 [INFO] PluginManager:220 - loadIPPluginJar : add genericplugin
2025-06-29 10:44:22,866 [INFO] IPUIPlugin:80 - create IPUIPlugin
2025-06-29 10:44:22,866 [INFO] PluginManager:220 - loadIPPluginJar : add gfxmmu
2025-06-29 10:44:22,982 [INFO] IPUIPlugin:80 - create IPUIPlugin
2025-06-29 10:44:22,982 [INFO] PluginManager:220 - loadIPPluginJar : add gic
2025-06-29 10:44:22,995 [INFO] IPUIPlugin:80 - create IPUIPlugin
2025-06-29 10:44:22,995 [INFO] PluginManager:220 - loadIPPluginJar : add gpio
2025-06-29 10:44:23,078 [INFO] IPUIPlugin:80 - create IPUIPlugin
2025-06-29 10:44:23,078 [INFO] PluginManager:220 - loadIPPluginJar : add gtzc
2025-06-29 10:44:23,110 [INFO] IPUIPlugin:80 - create IPUIPlugin
2025-06-29 10:44:23,110 [INFO] PluginManager:220 - loadIPPluginJar : add hash
2025-06-29 10:44:23,157 [INFO] IPUIPlugin:80 - create IPUIPlugin
2025-06-29 10:44:23,157 [INFO] PluginManager:220 - loadIPPluginJar : add i2c
2025-06-29 10:44:23,197 [INFO] IPUIPlugin:80 - create IPUIPlugin
2025-06-29 10:44:23,197 [INFO] PluginManager:220 - loadIPPluginJar : add i2s
2025-06-29 10:44:23,234 [INFO] IPUIPlugin:80 - create IPUIPlugin
2025-06-29 10:44:23,234 [INFO] PluginManager:220 - loadIPPluginJar : add i3c
2025-06-29 10:44:23,319 [INFO] IPUIPlugin:80 - create IPUIPlugin
2025-06-29 10:44:23,319 [INFO] PluginManager:220 - loadIPPluginJar : add ipddr
2025-06-29 10:44:23,394 [INFO] IPUIPlugin:80 - create IPUIPlugin
2025-06-29 10:44:23,395 [INFO] PluginManager:220 - loadIPPluginJar : add linkedlist
2025-06-29 10:44:23,426 [INFO] IPUIPlugin:80 - create IPUIPlugin
2025-06-29 10:44:23,426 [INFO] PluginManager:220 - loadIPPluginJar : add lorawan
2025-06-29 10:44:23,461 [INFO] IPUIPlugin:80 - create IPUIPlugin
2025-06-29 10:44:23,461 [INFO] PluginManager:220 - loadIPPluginJar : add ltdc
2025-06-29 10:44:23,477 [INFO] IPUIPlugin:80 - create IPUIPlugin
2025-06-29 10:44:23,477 [INFO] PluginManager:220 - loadIPPluginJar : add mdma
2025-06-29 10:44:23,491 [INFO] IPUIPlugin:80 - create IPUIPlugin
2025-06-29 10:44:23,491 [INFO] PluginManager:220 - loadIPPluginJar : add nvic
2025-06-29 10:44:23,526 [INFO] IPUIPlugin:80 - create IPUIPlugin
2025-06-29 10:44:23,526 [INFO] PluginManager:220 - loadIPPluginJar : add opamp
2025-06-29 10:44:23,585 [INFO] IPUIPlugin:80 - create IPUIPlugin
2025-06-29 10:44:23,585 [INFO] PluginManager:220 - loadIPPluginJar : add openamp
2025-06-29 10:44:23,624 [INFO] IPUIPlugin:80 - create IPUIPlugin
2025-06-29 10:44:23,625 [INFO] PluginManager:220 - loadIPPluginJar : add pdm2pcm
2025-06-29 10:44:23,640 [INFO] IPUIPlugin:80 - create IPUIPlugin
2025-06-29 10:44:23,642 [INFO] PluginManager:220 - loadIPPluginJar : add plateformsettings
2025-06-29 10:44:23,665 [INFO] IPUIPlugin:80 - create IPUIPlugin
2025-06-29 10:44:23,665 [INFO] PluginManager:220 - loadIPPluginJar : add quadspi
2025-06-29 10:44:23,692 [INFO] IPUIPlugin:80 - create IPUIPlugin
2025-06-29 10:44:23,692 [INFO] PluginManager:220 - loadIPPluginJar : add radio
2025-06-29 10:44:23,705 [INFO] IPUIPlugin:80 - create IPUIPlugin
2025-06-29 10:44:23,705 [INFO] PluginManager:220 - loadIPPluginJar : add resmgrutility
2025-06-29 10:44:23,747 [INFO] IPUIPlugin:80 - create IPUIPlugin
2025-06-29 10:44:23,747 [INFO] PluginManager:220 - loadIPPluginJar : add sai
2025-06-29 10:44:23,779 [INFO] IPUIPlugin:80 - create IPUIPlugin
2025-06-29 10:44:23,779 [INFO] PluginManager:220 - loadIPPluginJar : add spi
2025-06-29 10:44:23,846 [INFO] IPUIPlugin:80 - create IPUIPlugin
2025-06-29 10:44:23,846 [INFO] PluginManager:220 - loadIPPluginJar : add stm32_wpan
2025-06-29 10:44:23,880 [INFO] IPUIPlugin:80 - create IPUIPlugin
2025-06-29 10:44:23,880 [INFO] PluginManager:220 - loadIPPluginJar : add tim
2025-06-29 10:44:23,952 [INFO] IPUIPlugin:80 - create IPUIPlugin
2025-06-29 10:44:23,952 [INFO] PluginManager:220 - loadIPPluginJar : add touchsensing
2025-06-29 10:44:23,972 [INFO] IPUIPlugin:80 - create IPUIPlugin
2025-06-29 10:44:23,972 [INFO] PluginManager:220 - loadIPPluginJar : add tracer_emb
2025-06-29 10:44:23,996 [INFO] IPUIPlugin:80 - create IPUIPlugin
2025-06-29 10:44:23,996 [INFO] PluginManager:220 - loadIPPluginJar : add ts
2025-06-29 10:44:24,017 [INFO] IPUIPlugin:80 - create IPUIPlugin
2025-06-29 10:44:24,017 [INFO] PluginManager:220 - loadIPPluginJar : add tsc
2025-06-29 10:44:24,039 [INFO] IPUIPlugin:80 - create IPUIPlugin
2025-06-29 10:44:24,039 [INFO] PluginManager:220 - loadIPPluginJar : add ucpd
2025-06-29 10:44:24,079 [INFO] IPUIPlugin:80 - create IPUIPlugin
2025-06-29 10:44:24,079 [INFO] PluginManager:220 - loadIPPluginJar : add usart
2025-06-29 10:44:24,116 [INFO] IPUIPlugin:80 - create IPUIPlugin
2025-06-29 10:44:24,116 [INFO] PluginManager:220 - loadIPPluginJar : add usbx
2025-06-29 10:44:24,242 [FATAL] Updater:351 - Updater called before beeing initialized
2025-06-29 10:44:24,291 [INFO] RulesReader:64 - Compatibility file has been processed (302 Rules)
2025-06-29 10:44:24,312 [INFO] RulesReader:64 - Compatibility file has been processed (302 Rules)
2025-06-29 10:44:24,325 [INFO] CADModel:165 - CPN selected for project level
2025-06-29 10:44:24,325 [INFO] CADModel:114 - Register for checkConnection events
2025-06-29 10:44:24,325 [FATAL] Updater:351 - Updater called before beeing initialized
2025-06-29 10:44:24,325 [ERROR] CADModel:125 - Updater not yet initialized, retry later 
2025-06-29 10:44:24,487 [FATAL] Updater:351 - Updater called before beeing initialized
2025-06-29 10:44:24,490 [INFO] CADModel:165 - CPN selected for project level
2025-06-29 10:44:24,490 [INFO] CADModel:114 - Register for checkConnection events
2025-06-29 10:44:24,490 [FATAL] Updater:351 - Updater called before beeing initialized
2025-06-29 10:44:24,490 [ERROR] CADModel:125 - Updater not yet initialized, retry later 
2025-06-29 10:44:24,494 [FATAL] Updater:351 - Updater called before beeing initialized
2025-06-29 10:44:24,611 [FATAL] Updater:351 - Updater called before beeing initialized
2025-06-29 10:44:24,622 [INFO] DbMcusAds:53 - JSON generation date=Thu Jun 19 14:02:34 IST 2025 (1750321954415)
2025-06-29 10:44:24,622 [FATAL] Updater:351 - Updater called before beeing initialized
2025-06-29 10:44:24,652 [INFO] ThirdPartyUpdaterWithRetryManager:70 - Updater plugin not ready yet. [2/15]
2025-06-29 10:44:24,656 [WARN] DetailPanel:346 - Failed to get advertising image, set to default
2025-06-29 10:44:24,859 [FATAL] Updater:351 - Updater called before beeing initialized
2025-06-29 10:44:24,862 [FATAL] Updater:351 - Updater called before beeing initialized
2025-06-29 10:44:24,863 [FATAL] Updater:351 - Updater called before beeing initialized
2025-06-29 10:44:24,863 [WARN] DetailPanel:346 - Failed to get advertising image, set to default
2025-06-29 10:44:24,864 [FATAL] Updater:351 - Updater called before beeing initialized
2025-06-29 10:44:24,923 [ERROR] Updater:1198 - MainUpdater not yet initialized. External WinMGr cannot be set.
2025-06-29 10:44:24,932 [INFO] Updater:1134 - Updater Version found : 6.14.1
2025-06-29 10:44:24,952 [INFO] ApplicationProperties:184 - Using Application install path: C:\ST\STM32CubeIDE_1.16.0\STM32CubeIDE\plugins\com.st.stm32cube.common.mx_6.14.1.202504091515
2025-06-29 10:44:26,548 [ERROR] LogOutputStream:75 - [STDERR_REDIRECT] Jun 29, 2025 10:44:26 AM java.util.prefs.WindowsPreferences <init>
2025-06-29 10:44:26,550 [ERROR] LogOutputStream:75 - [STDERR_REDIRECT] WARNING: Could not open/create prefs root node Software\JavaSoft\Prefs at root 0xffffffff80000002. Windows RegCreateKeyEx(...) returned error code 5.
2025-06-29 10:44:26,550 [ERROR] LogOutputStream:75 - [STDERR_REDIRECT] 
2025-06-29 10:44:27,653 [FATAL] Updater:351 - Updater called before beeing initialized
2025-06-29 10:44:27,654 [ERROR] IntegrityCheckThread:130 - Cannot retrieve database content from updater: error 21
2025-06-29 10:44:27,654 [INFO] ThirdParty:978 - Integrity check success = false
2025-06-29 10:44:27,654 [INFO] IntegrityCheckThread:100 - exiting critical section [integrity check]
2025-06-29 10:44:27,655 [INFO] IntegrityCheckThread:103 - End integrity checks thread
2025-06-29 10:44:27,710 [INFO] MainUpdater:2872 - connection check result : 10
2025-06-29 10:44:27,711 [INFO] MainUpdater:289 - Updater Check For Update Now.
2025-06-29 10:44:27,711 [INFO] MicroXplorer:498 - Change Database Version : DB.6.0.141
2025-06-29 10:44:27,737 [INFO] McuFinderGlobals:63 - Set McuFinder mode to 2 (CubeIDE integrated)
2025-06-29 10:44:27,746 [INFO] UserAuth:484 - Internet connection configuration mode: 1
2025-06-29 10:44:27,795 [INFO] JxBrowserEngine:152 - Initiate JxBrowser Engine with user profile folder
2025-06-29 10:44:27,922 [INFO] CheckServerUpdateThread:120 - End of CheckServer Thread
2025-06-29 10:44:29,329 [INFO] WebApp:169 - Instantiating new browser for Auth
2025-06-29 10:44:30,106 [INFO] WebApp:463 - Apply proxy settings
2025-06-29 10:44:30,106 [INFO] WebApp:548 - Chromium requires no authentication
2025-06-29 10:44:30,117 [INFO] WebApp:491 - Direct internet connection detected
2025-06-29 10:44:30,146 [INFO] WebApp:894 - Register for checkConnection events
2025-06-29 10:44:30,146 [INFO] WebApp:463 - Apply proxy settings
2025-06-29 10:44:30,146 [INFO] WebApp:548 - Chromium requires no authentication
2025-06-29 10:44:30,147 [INFO] WebApp:491 - Direct internet connection detected
2025-06-29 10:44:30,336 [INFO] WebApp:225 - Starting web application
2025-06-29 10:44:30,336 [INFO] WebApp:593 - Web application path used C:\ST\STM32CubeIDE_1.16.0\STM32CubeIDE\plugins\com.st.stm32cube.common.mx_6.14.1.202504091515\db\plugins\mcufinder\reactClient1\index.html
2025-06-29 10:44:30,459 [INFO] UserAuth:484 - Internet connection configuration mode: 1
2025-06-29 10:44:31,146 [INFO] WebApp:191 - Connection restablished
2025-06-29 10:55:34,306 [INFO] WebApp:194 - Connection lost
2025-06-29 10:56:30,664 [INFO] WebApp:191 - Connection restablished
2025-06-29 10:56:32,803 [INFO] WebApp:194 - Connection lost
2025-06-29 10:56:33,177 [INFO] WebApp:191 - Connection restablished
2025-06-29 11:58:40,263 [INFO] WebApp:194 - Connection lost
2025-06-29 11:59:01,046 [INFO] WebApp:191 - Connection restablished
2025-06-29 11:59:02,779 [INFO] WebApp:194 - Connection lost
2025-06-29 11:59:03,144 [INFO] WebApp:191 - Connection restablished
2025-06-29 12:00:46,774 [INFO] WebApp:194 - Connection lost
2025-06-29 12:00:47,267 [INFO] WebApp:191 - Connection restablished
2025-06-29 12:18:53,334 [ERROR] LogOutputStream:75 - [STDERR_REDIRECT] 
2025-06-29 17:23:02,180 [INFO] Activator:176 - 


2025-06-29 17:23:02,185 [INFO] Activator:177 - !SESSION log4j initialized
2025-06-29 17:23:26,605 [INFO] LogOutputStream:77 - [STDOUT_REDIRECT] 
2025-06-29 17:23:33,427 [INFO] ApplicationProperties:184 - Using Application install path: C:\ST\STM32CubeIDE_1.16.0\STM32CubeIDE\plugins\com.st.stm32cube.common.mx_6.14.1.202504091515
2025-06-29 17:23:33,463 [INFO] DbMcusXml:78 - Set database path to: C:\ST\STM32CubeIDE_1.16.0\STM32CubeIDE\plugins\com.st.stm32cube.common.mx_6.14.1.202504091515\\db\/mcu/
2025-06-29 17:23:33,463 [INFO] ApiDb:274 - Set plugin database path to: C:\ST\STM32CubeIDE_1.16.0\STM32CubeIDE\plugins\com.st.stm32cube.common.mx_6.14.1.202504091515\\db\/plugins/boardmanager/
2025-06-29 17:23:33,463 [WARN] ApiDb:259 - Overriding images path with different value:  => C:\ST\STM32CubeIDE_1.16.0\STM32CubeIDE\plugins\com.st.stm32cube.common.mx_6.14.1.202504091515\\db\/plugins/mcufinder/images/
2025-06-29 17:23:33,473 [INFO] ApiDb:250 - Set database path to: C:\Users\nisha\.stmcufinder\plugins\mcufinder//mcu/
2025-06-29 17:23:33,474 [INFO] DbMcusAds:125 - Set database path to: C:\Users\nisha\.stmcufinder\plugins\mcufinder//mcu/
2025-06-29 17:23:33,477 [INFO] CrossReferenceDbSqlite:203 - Set database path to: C:\Users\nisha\.stmcufinder\plugins\mcufinder//mcu/cs/
2025-06-29 17:23:33,676 [INFO] RulesReader:64 - Compatibility file has been processed (302 Rules)
2025-06-29 17:23:33,832 [INFO] DbMcusXml:78 - Set database path to: C:\ST\STM32CubeIDE_1.16.0\STM32CubeIDE\plugins\com.st.stm32cube.common.mx_6.14.1.202504091515\\db\/mcu/
2025-06-29 17:23:33,832 [INFO] ApiDb:274 - Set plugin database path to: C:\ST\STM32CubeIDE_1.16.0\STM32CubeIDE\plugins\com.st.stm32cube.common.mx_6.14.1.202504091515\\db\/plugins/boardmanager/
2025-06-29 17:23:33,833 [INFO] ApiDb:261 - Set plugin images path to: C:\ST\STM32CubeIDE_1.16.0\STM32CubeIDE\plugins\com.st.stm32cube.common.mx_6.14.1.202504091515\\db\/plugins/mcufinder/images/
2025-06-29 17:23:33,833 [WARN] DbFile:41 - Overriding database path with different value: C:\Users\nisha\.stmcufinder\plugins\mcufinder/ => C:\Users\nisha\.stmcufinder\plugins\mcufinder
2025-06-29 17:23:33,834 [INFO] ApiDb:250 - Set database path to: C:\Users\nisha\.stmcufinder\plugins\mcufinder//mcu/
2025-06-29 17:23:33,834 [WARN] DbFile:41 - Overriding database path with different value: C:\Users\nisha\.stmcufinder\plugins\mcufinder/ => C:\Users\nisha\.stmcufinder\plugins\mcufinder
2025-06-29 17:23:33,834 [INFO] DbMcusAds:125 - Set database path to: C:\Users\nisha\.stmcufinder\plugins\mcufinder//mcu/
2025-06-29 17:23:33,834 [WARN] DbFile:41 - Overriding database path with different value: C:\Users\nisha\.stmcufinder\plugins\mcufinder/ => C:\Users\nisha\.stmcufinder\plugins\mcufinder
2025-06-29 17:23:33,834 [WARN] DbFile:41 - Overriding database path with different value: C:\Users\nisha\.stmcufinder\plugins\mcufinder/ => C:\Users\nisha\.stmcufinder\plugins\mcufinder
2025-06-29 17:23:33,834 [INFO] CrossReferenceDbSqlite:203 - Set database path to: C:\Users\nisha\.stmcufinder\plugins\mcufinder//mcu/cs/
2025-06-29 17:23:34,001 [INFO] MainPanel:272 - HeapMemory: 268435456
2025-06-29 17:23:34,242 [INFO] DbMcusXml:78 - Set database path to: C:\ST\STM32CubeIDE_1.16.0\STM32CubeIDE\plugins\com.st.stm32cube.common.mx_6.14.1.202504091515\\db\/mcu/
2025-06-29 17:23:34,242 [INFO] ApiDb:274 - Set plugin database path to: C:\ST\STM32CubeIDE_1.16.0\STM32CubeIDE\plugins\com.st.stm32cube.common.mx_6.14.1.202504091515\\db\/plugins/boardmanager/
2025-06-29 17:23:34,242 [INFO] ApiDb:261 - Set plugin images path to: C:\ST\STM32CubeIDE_1.16.0\STM32CubeIDE\plugins\com.st.stm32cube.common.mx_6.14.1.202504091515\\db\/plugins/mcufinder/images/
2025-06-29 17:23:34,242 [WARN] DbFile:41 - Overriding database path with different value: C:\Users\nisha\.stmcufinder\plugins\mcufinder/ => C:\Users\nisha\.stmcufinder\plugins\mcufinder
2025-06-29 17:23:34,243 [INFO] ApiDb:250 - Set database path to: C:\Users\nisha\.stmcufinder\plugins\mcufinder//mcu/
2025-06-29 17:23:34,243 [WARN] DbFile:41 - Overriding database path with different value: C:\Users\nisha\.stmcufinder\plugins\mcufinder/ => C:\Users\nisha\.stmcufinder\plugins\mcufinder
2025-06-29 17:23:34,243 [INFO] DbMcusAds:125 - Set database path to: C:\Users\nisha\.stmcufinder\plugins\mcufinder//mcu/
2025-06-29 17:23:34,243 [WARN] DbFile:41 - Overriding database path with different value: C:\Users\nisha\.stmcufinder\plugins\mcufinder/ => C:\Users\nisha\.stmcufinder\plugins\mcufinder
2025-06-29 17:23:34,243 [WARN] DbFile:41 - Overriding database path with different value: C:\Users\nisha\.stmcufinder\plugins\mcufinder/ => C:\Users\nisha\.stmcufinder\plugins\mcufinder
2025-06-29 17:23:34,243 [INFO] CrossReferenceDbSqlite:203 - Set database path to: C:\Users\nisha\.stmcufinder\plugins\mcufinder//mcu/cs/
2025-06-29 17:23:34,273 [INFO] ApplicationProperties:184 - Using Application install path: C:\ST\STM32CubeIDE_1.16.0\STM32CubeIDE\plugins\com.st.stm32cube.common.mx_6.14.1.202504091515
2025-06-29 17:23:34,275 [INFO] PluginManage:196 - Search for loadable plugins [exclusion list=, ]
2025-06-29 17:23:34,277 [INFO] PluginManage:310 - Check plugin analytics
2025-06-29 17:23:34,594 [INFO] AnalyticsPlugin:253 - Accepted Software Licenses: 
2025-06-29 17:23:34,594 [INFO] AnalyticsPlugin:255 - Accepted CMSIS Pack Licenses: 
2025-06-29 17:23:34,594 [INFO] AnalyticsPlugin:257 - Accepted Firmware Licenses: FW.F4.1.28.0
2025-06-29 17:23:34,605 [INFO] PluginManage:359 - Loaded plugin analytics (category:tool,tabindex:-1)
2025-06-29 17:23:34,606 [INFO] PluginManage:310 - Check plugin cadmodel
2025-06-29 17:23:34,641 [INFO] CADModel:105 - Init CAD model plugin
2025-06-29 17:23:34,641 [INFO] PluginManage:359 - Loaded plugin cadmodel (category:power,tabindex:5)
2025-06-29 17:23:34,641 [INFO] PluginManage:310 - Check plugin clock
2025-06-29 17:23:34,665 [INFO] PluginManage:359 - Loaded plugin clock (category:base,tabindex:2)
2025-06-29 17:23:34,665 [INFO] PluginManage:310 - Check plugin ddr
2025-06-29 17:23:34,670 [INFO] PluginManage:359 - Loaded plugin ddr (category:tool,tabindex:6)
2025-06-29 17:23:34,671 [INFO] PluginManage:310 - Check plugin filemanager
2025-06-29 17:23:34,859 [INFO] PluginManage:359 - Loaded plugin filemanager (category:base,tabindex:10)
2025-06-29 17:23:34,859 [INFO] PluginManage:310 - Check plugin ipmanager
2025-06-29 17:23:34,871 [INFO] PluginManage:359 - Loaded plugin ipmanager (category:base,tabindex:5)
2025-06-29 17:23:34,871 [INFO] PluginManage:310 - Check plugin lpbam
2025-06-29 17:23:34,894 [INFO] PluginManage:359 - Loaded plugin lpbam (category:base,tabindex:0)
2025-06-29 17:23:34,894 [INFO] PluginManage:310 - Check plugin memorymap
2025-06-29 17:23:34,927 [INFO] PluginManage:359 - Loaded plugin memorymap (category:base,tabindex:4)
2025-06-29 17:23:34,928 [INFO] PluginManage:310 - Check plugin pinoutandconfiguration
2025-06-29 17:23:34,947 [INFO] PluginManage:359 - Loaded plugin pinoutandconfiguration (category:base,tabindex:1)
2025-06-29 17:23:34,949 [INFO] PluginManage:310 - Check plugin pinoutconfig
2025-06-29 17:23:35,069 [WARN] SupportedApi:132 - Cannot load RTOS API schema: s4s-elt-must-match.1: The content of 'definitions' must match (annotation?, (simpleType | complexType)?, (unique | key | keyref)*)). A problem was found starting at: attribute.
2025-06-29 17:23:35,247 [INFO] PluginManage:359 - Loaded plugin pinoutconfig (category:base,tabindex:0)
2025-06-29 17:23:35,247 [INFO] PluginManage:310 - Check plugin power
2025-06-29 17:23:35,274 [INFO] PluginManage:359 - Loaded plugin power (category:power,tabindex:4)
2025-06-29 17:23:35,274 [INFO] PluginManage:310 - Check plugin projectmanager
2025-06-29 17:23:35,296 [INFO] PluginManage:359 - Loaded plugin projectmanager (category:projectmanager,tabindex:4)
2025-06-29 17:23:35,296 [INFO] PluginManage:310 - Check plugin rif
2025-06-29 17:23:35,317 [INFO] PluginManage:359 - Loaded plugin rif (category:base,tabindex:3)
2025-06-29 17:23:35,317 [INFO] PluginManage:310 - Check plugin thirdparty
2025-06-29 17:23:35,769 [INFO] PluginManage:359 - Loaded plugin thirdparty (category:base,tabindex:-1)
2025-06-29 17:23:35,769 [INFO] PluginManage:310 - Check plugin tools
2025-06-29 17:23:35,769 [WARN] IntegrityCheckThread:84 - waiting for thirdparty lock release [integrity check]
2025-06-29 17:23:35,770 [INFO] IntegrityCheckThread:86 - entering critical section [integrity check]
2025-06-29 17:23:35,771 [INFO] ThirdPartyUpdaterWithRetryManager:70 - Updater plugin not ready yet. [1/15]
2025-06-29 17:23:35,814 [INFO] PluginManage:359 - Loaded plugin tools (category:base,tabindex:7)
2025-06-29 17:23:35,814 [INFO] PluginManage:310 - Check plugin tutovideos
2025-06-29 17:23:36,198 [INFO] PluginManage:359 - Loaded plugin tutovideos (category:base,tabindex:-1)
2025-06-29 17:23:36,198 [INFO] PluginManage:310 - Check plugin updater
2025-06-29 17:23:36,226 [INFO] PluginManage:359 - Loaded plugin updater (category:base,tabindex:12)
2025-06-29 17:23:36,226 [INFO] PluginManage:310 - Check plugin userauth
2025-06-29 17:23:36,232 [INFO] UserAuth:118 - Init User Auth plugin
2025-06-29 17:23:36,233 [INFO] PluginManage:359 - Loaded plugin userauth (category:base,tabindex:14)
2025-06-29 17:23:36,234 [INFO] PluginManage:283 - PluginManage : Loaded plugins [18]
2025-06-29 17:23:36,653 [INFO] PinOutPanel:1589 - setPackage(No Configuration,No Configuration)
2025-06-29 17:23:36,846 [INFO] CADModel:165 - CPN selected for project level
2025-06-29 17:23:36,847 [INFO] CADModel:114 - Register for checkConnection events
2025-06-29 17:23:36,891 [INFO] IPUIPlugin:80 - create IPUIPlugin
2025-06-29 17:23:36,891 [INFO] PluginManager:220 - loadIPPluginJar : add adc
2025-06-29 17:23:36,945 [INFO] IPUIPlugin:80 - create IPUIPlugin
2025-06-29 17:23:36,945 [INFO] PluginManager:220 - loadIPPluginJar : add aes
2025-06-29 17:23:37,007 [INFO] IPUIPlugin:80 - create IPUIPlugin
2025-06-29 17:23:37,009 [INFO] PluginManager:220 - loadIPPluginJar : add can
2025-06-29 17:23:37,044 [INFO] IPUIPlugin:80 - create IPUIPlugin
2025-06-29 17:23:37,044 [INFO] PluginManager:220 - loadIPPluginJar : add comp
2025-06-29 17:23:37,084 [INFO] IPUIPlugin:80 - create IPUIPlugin
2025-06-29 17:23:37,085 [INFO] PluginManager:220 - loadIPPluginJar : add cryp
2025-06-29 17:23:37,105 [INFO] IPUIPlugin:80 - create IPUIPlugin
2025-06-29 17:23:37,105 [INFO] PluginManager:220 - loadIPPluginJar : add ddr_ctrl_phy
2025-06-29 17:23:37,163 [INFO] IPUIPlugin:80 - create IPUIPlugin
2025-06-29 17:23:37,163 [INFO] PluginManager:220 - loadIPPluginJar : add dfsdm
2025-06-29 17:23:37,191 [INFO] IPUIPlugin:80 - create IPUIPlugin
2025-06-29 17:23:37,191 [INFO] PluginManager:220 - loadIPPluginJar : add dma
2025-06-29 17:23:37,267 [INFO] IPUIPlugin:80 - create IPUIPlugin
2025-06-29 17:23:37,267 [INFO] PluginManager:220 - loadIPPluginJar : add dma3
2025-06-29 17:23:37,351 [INFO] IPUIPlugin:80 - create IPUIPlugin
2025-06-29 17:23:37,351 [INFO] PluginManager:220 - loadIPPluginJar : add extmemmanager
2025-06-29 17:23:37,393 [INFO] IPUIPlugin:80 - create IPUIPlugin
2025-06-29 17:23:37,394 [INFO] PluginManager:220 - loadIPPluginJar : add fatfs
2025-06-29 17:23:37,483 [INFO] IPUIPlugin:80 - create IPUIPlugin
2025-06-29 17:23:37,483 [INFO] PluginManager:220 - loadIPPluginJar : add fmc
2025-06-29 17:23:37,510 [INFO] IPUIPlugin:80 - create IPUIPlugin
2025-06-29 17:23:37,511 [INFO] PluginManager:220 - loadIPPluginJar : add freertos
2025-06-29 17:23:37,555 [INFO] IPUIPlugin:80 - create IPUIPlugin
2025-06-29 17:23:37,555 [INFO] PluginManager:220 - loadIPPluginJar : add genericplugin
2025-06-29 17:23:37,678 [INFO] IPUIPlugin:80 - create IPUIPlugin
2025-06-29 17:23:37,678 [INFO] PluginManager:220 - loadIPPluginJar : add gfxmmu
2025-06-29 17:23:37,880 [INFO] IPUIPlugin:80 - create IPUIPlugin
2025-06-29 17:23:37,881 [INFO] PluginManager:220 - loadIPPluginJar : add gic
2025-06-29 17:23:37,902 [INFO] IPUIPlugin:80 - create IPUIPlugin
2025-06-29 17:23:37,902 [INFO] PluginManager:220 - loadIPPluginJar : add gpio
2025-06-29 17:23:38,036 [INFO] IPUIPlugin:80 - create IPUIPlugin
2025-06-29 17:23:38,036 [INFO] PluginManager:220 - loadIPPluginJar : add gtzc
2025-06-29 17:23:38,096 [INFO] IPUIPlugin:80 - create IPUIPlugin
2025-06-29 17:23:38,096 [INFO] PluginManager:220 - loadIPPluginJar : add hash
2025-06-29 17:23:38,213 [INFO] IPUIPlugin:80 - create IPUIPlugin
2025-06-29 17:23:38,213 [INFO] PluginManager:220 - loadIPPluginJar : add i2c
2025-06-29 17:23:38,294 [INFO] IPUIPlugin:80 - create IPUIPlugin
2025-06-29 17:23:38,295 [INFO] PluginManager:220 - loadIPPluginJar : add i2s
2025-06-29 17:23:38,376 [INFO] IPUIPlugin:80 - create IPUIPlugin
2025-06-29 17:23:38,376 [INFO] PluginManager:220 - loadIPPluginJar : add i3c
2025-06-29 17:23:38,519 [INFO] IPUIPlugin:80 - create IPUIPlugin
2025-06-29 17:23:38,521 [INFO] PluginManager:220 - loadIPPluginJar : add ipddr
2025-06-29 17:23:38,669 [INFO] IPUIPlugin:80 - create IPUIPlugin
2025-06-29 17:23:38,671 [INFO] PluginManager:220 - loadIPPluginJar : add linkedlist
2025-06-29 17:23:38,724 [INFO] IPUIPlugin:80 - create IPUIPlugin
2025-06-29 17:23:38,724 [INFO] PluginManager:220 - loadIPPluginJar : add lorawan
2025-06-29 17:23:38,760 [INFO] IPUIPlugin:80 - create IPUIPlugin
2025-06-29 17:23:38,760 [INFO] PluginManager:220 - loadIPPluginJar : add ltdc
2025-06-29 17:23:38,772 [INFO] ThirdPartyUpdaterWithRetryManager:70 - Updater plugin not ready yet. [2/15]
2025-06-29 17:23:38,776 [INFO] IPUIPlugin:80 - create IPUIPlugin
2025-06-29 17:23:38,777 [INFO] PluginManager:220 - loadIPPluginJar : add mdma
2025-06-29 17:23:38,794 [INFO] IPUIPlugin:80 - create IPUIPlugin
2025-06-29 17:23:38,795 [INFO] PluginManager:220 - loadIPPluginJar : add nvic
2025-06-29 17:23:38,846 [INFO] IPUIPlugin:80 - create IPUIPlugin
2025-06-29 17:23:38,846 [INFO] PluginManager:220 - loadIPPluginJar : add opamp
2025-06-29 17:23:38,900 [INFO] IPUIPlugin:80 - create IPUIPlugin
2025-06-29 17:23:38,900 [INFO] PluginManager:220 - loadIPPluginJar : add openamp
2025-06-29 17:23:38,945 [INFO] IPUIPlugin:80 - create IPUIPlugin
2025-06-29 17:23:38,945 [INFO] PluginManager:220 - loadIPPluginJar : add pdm2pcm
2025-06-29 17:23:38,958 [INFO] IPUIPlugin:80 - create IPUIPlugin
2025-06-29 17:23:38,960 [INFO] PluginManager:220 - loadIPPluginJar : add plateformsettings
2025-06-29 17:23:38,982 [INFO] IPUIPlugin:80 - create IPUIPlugin
2025-06-29 17:23:38,983 [INFO] PluginManager:220 - loadIPPluginJar : add quadspi
2025-06-29 17:23:39,006 [INFO] IPUIPlugin:80 - create IPUIPlugin
2025-06-29 17:23:39,007 [INFO] PluginManager:220 - loadIPPluginJar : add radio
2025-06-29 17:23:39,022 [INFO] IPUIPlugin:80 - create IPUIPlugin
2025-06-29 17:23:39,022 [INFO] PluginManager:220 - loadIPPluginJar : add resmgrutility
2025-06-29 17:23:39,070 [INFO] IPUIPlugin:80 - create IPUIPlugin
2025-06-29 17:23:39,071 [INFO] PluginManager:220 - loadIPPluginJar : add sai
2025-06-29 17:23:39,103 [INFO] IPUIPlugin:80 - create IPUIPlugin
2025-06-29 17:23:39,103 [INFO] PluginManager:220 - loadIPPluginJar : add spi
2025-06-29 17:23:39,177 [INFO] IPUIPlugin:80 - create IPUIPlugin
2025-06-29 17:23:39,177 [INFO] PluginManager:220 - loadIPPluginJar : add stm32_wpan
2025-06-29 17:23:39,199 [INFO] IPUIPlugin:80 - create IPUIPlugin
2025-06-29 17:23:39,199 [INFO] PluginManager:220 - loadIPPluginJar : add tim
2025-06-29 17:23:39,263 [INFO] IPUIPlugin:80 - create IPUIPlugin
2025-06-29 17:23:39,263 [INFO] PluginManager:220 - loadIPPluginJar : add touchsensing
2025-06-29 17:23:39,283 [INFO] IPUIPlugin:80 - create IPUIPlugin
2025-06-29 17:23:39,283 [INFO] PluginManager:220 - loadIPPluginJar : add tracer_emb
2025-06-29 17:23:39,305 [INFO] IPUIPlugin:80 - create IPUIPlugin
2025-06-29 17:23:39,305 [INFO] PluginManager:220 - loadIPPluginJar : add ts
2025-06-29 17:23:39,326 [INFO] IPUIPlugin:80 - create IPUIPlugin
2025-06-29 17:23:39,326 [INFO] PluginManager:220 - loadIPPluginJar : add tsc
2025-06-29 17:23:39,346 [INFO] IPUIPlugin:80 - create IPUIPlugin
2025-06-29 17:23:39,346 [INFO] PluginManager:220 - loadIPPluginJar : add ucpd
2025-06-29 17:23:39,392 [INFO] IPUIPlugin:80 - create IPUIPlugin
2025-06-29 17:23:39,392 [INFO] PluginManager:220 - loadIPPluginJar : add usart
2025-06-29 17:23:39,430 [INFO] IPUIPlugin:80 - create IPUIPlugin
2025-06-29 17:23:39,430 [INFO] PluginManager:220 - loadIPPluginJar : add usbx
2025-06-29 17:23:39,558 [FATAL] Updater:351 - Updater called before beeing initialized
2025-06-29 17:23:39,637 [INFO] RulesReader:64 - Compatibility file has been processed (302 Rules)
2025-06-29 17:23:39,655 [INFO] RulesReader:64 - Compatibility file has been processed (302 Rules)
2025-06-29 17:23:39,671 [INFO] CADModel:165 - CPN selected for project level
2025-06-29 17:23:39,671 [INFO] CADModel:114 - Register for checkConnection events
2025-06-29 17:23:39,671 [FATAL] Updater:351 - Updater called before beeing initialized
2025-06-29 17:23:39,671 [ERROR] CADModel:125 - Updater not yet initialized, retry later 
2025-06-29 17:23:39,899 [FATAL] Updater:351 - Updater called before beeing initialized
2025-06-29 17:23:39,902 [INFO] CADModel:165 - CPN selected for project level
2025-06-29 17:23:39,902 [INFO] CADModel:114 - Register for checkConnection events
2025-06-29 17:23:39,902 [FATAL] Updater:351 - Updater called before beeing initialized
2025-06-29 17:23:39,903 [ERROR] CADModel:125 - Updater not yet initialized, retry later 
2025-06-29 17:23:39,909 [FATAL] Updater:351 - Updater called before beeing initialized
2025-06-29 17:23:40,077 [FATAL] Updater:351 - Updater called before beeing initialized
2025-06-29 17:23:40,091 [INFO] DbMcusAds:53 - JSON generation date=Thu Jun 19 14:02:34 IST 2025 (1750321954415)
2025-06-29 17:23:40,091 [FATAL] Updater:351 - Updater called before beeing initialized
2025-06-29 17:23:40,129 [WARN] DetailPanel:346 - Failed to get advertising image, set to default
2025-06-29 17:23:40,352 [FATAL] Updater:351 - Updater called before beeing initialized
2025-06-29 17:23:40,353 [FATAL] Updater:351 - Updater called before beeing initialized
2025-06-29 17:23:40,353 [FATAL] Updater:351 - Updater called before beeing initialized
2025-06-29 17:23:40,354 [WARN] DetailPanel:346 - Failed to get advertising image, set to default
2025-06-29 17:23:40,355 [FATAL] Updater:351 - Updater called before beeing initialized
2025-06-29 17:23:40,422 [ERROR] Updater:1198 - MainUpdater not yet initialized. External WinMGr cannot be set.
2025-06-29 17:23:40,434 [INFO] Updater:1134 - Updater Version found : 6.14.1
2025-06-29 17:23:40,467 [INFO] ApplicationProperties:184 - Using Application install path: C:\ST\STM32CubeIDE_1.16.0\STM32CubeIDE\plugins\com.st.stm32cube.common.mx_6.14.1.202504091515
2025-06-29 17:23:41,773 [INFO] ThirdPartyUpdaterWithRetryManager:70 - Updater plugin not ready yet. [3/15]
2025-06-29 17:23:42,080 [ERROR] LogOutputStream:75 - [STDERR_REDIRECT] Jun 29, 2025 5:23:42 PM java.util.prefs.WindowsPreferences <init>
2025-06-29 17:23:42,084 [ERROR] LogOutputStream:75 - [STDERR_REDIRECT] WARNING: Could not open/create prefs root node Software\JavaSoft\Prefs at root 0xffffffff80000002. Windows RegCreateKeyEx(...) returned error code 5.
2025-06-29 17:23:42,084 [ERROR] LogOutputStream:75 - [STDERR_REDIRECT] 
2025-06-29 17:23:44,775 [FATAL] Updater:351 - Updater called before beeing initialized
2025-06-29 17:23:44,776 [ERROR] IntegrityCheckThread:130 - Cannot retrieve database content from updater: error 21
2025-06-29 17:23:44,776 [INFO] ThirdParty:978 - Integrity check success = false
2025-06-29 17:23:44,776 [INFO] IntegrityCheckThread:100 - exiting critical section [integrity check]
2025-06-29 17:23:44,776 [INFO] IntegrityCheckThread:103 - End integrity checks thread
2025-06-29 17:23:45,005 [INFO] MainUpdater:2872 - connection check result : 10
2025-06-29 17:23:45,007 [INFO] MainUpdater:289 - Updater Check For Update Now.
2025-06-29 17:23:45,007 [INFO] MicroXplorer:498 - Change Database Version : DB.6.0.141
2025-06-29 17:23:45,041 [INFO] McuFinderGlobals:63 - Set McuFinder mode to 2 (CubeIDE integrated)
2025-06-29 17:23:45,054 [INFO] UserAuth:484 - Internet connection configuration mode: 1
2025-06-29 17:23:45,129 [INFO] JxBrowserEngine:152 - Initiate JxBrowser Engine with user profile folder
2025-06-29 17:23:45,290 [INFO] CheckServerUpdateThread:120 - End of CheckServer Thread
2025-06-29 17:23:46,289 [INFO] WebApp:169 - Instantiating new browser for Auth
2025-06-29 17:23:47,511 [INFO] WebApp:463 - Apply proxy settings
2025-06-29 17:23:47,511 [INFO] WebApp:548 - Chromium requires no authentication
2025-06-29 17:23:47,533 [INFO] WebApp:491 - Direct internet connection detected
2025-06-29 17:23:47,589 [INFO] WebApp:894 - Register for checkConnection events
2025-06-29 17:23:47,589 [INFO] WebApp:463 - Apply proxy settings
2025-06-29 17:23:47,589 [INFO] WebApp:548 - Chromium requires no authentication
2025-06-29 17:23:47,590 [INFO] WebApp:491 - Direct internet connection detected
2025-06-29 17:23:47,870 [INFO] WebApp:225 - Starting web application
2025-06-29 17:23:47,871 [INFO] WebApp:593 - Web application path used C:\ST\STM32CubeIDE_1.16.0\STM32CubeIDE\plugins\com.st.stm32cube.common.mx_6.14.1.202504091515\db\plugins\mcufinder\reactClient1\index.html
2025-06-29 17:23:48,053 [INFO] UserAuth:484 - Internet connection configuration mode: 1
2025-06-29 17:23:48,362 [INFO] WebApp:191 - Connection restablished
2025-06-29 18:18:49,930 [INFO] WebApp:194 - Connection lost
2025-06-29 18:18:51,458 [INFO] WebApp:191 - Connection restablished
2025-06-29 18:39:40,937 [INFO] McuFinderGlobals:63 - Set McuFinder mode to 2 (CubeIDE integrated)
2025-06-29 18:39:40,973 [INFO] MainUpdater:2872 - connection check result : 10
2025-06-29 18:39:41,017 [INFO] McuFinderGlobals:76 - Set McuFinderConnectedMode to true
2025-06-29 18:39:42,197 [INFO] ServerAccessManage:473 - Download File mcusAds.json._tmp_
2025-06-29 18:39:42,341 [INFO] LoadUrlFilesThread:156 - End of LoadUrlFiles Thread
2025-06-29 18:39:43,348 [INFO] ServerAccessManage:473 - Download File cube-finder-db.zip
2025-06-29 18:39:52,920 [INFO] FileExtend:242 - Unzip File : cube-finder-db.zip
2025-06-29 18:39:52,921 [INFO] FileExtend:257 - Standard Zip Deflate
2025-06-29 18:39:54,154 [INFO] LoadUrlFilesThread:156 - End of LoadUrlFiles Thread
2025-06-29 18:39:55,972 [INFO] ServerAccessManage:473 - Download File crdb.zip
2025-06-29 18:39:57,296 [INFO] FileExtend:242 - Unzip File : crdb.zip
2025-06-29 18:39:57,297 [INFO] FileExtend:257 - Standard Zip Deflate
2025-06-29 18:39:57,453 [INFO] LoadUrlFilesThread:156 - End of LoadUrlFiles Thread
2025-06-29 18:39:57,775 [INFO] ServerAccessManage:473 - Download File tutoVideoDB.zip
2025-06-29 18:39:57,797 [INFO] FileExtend:242 - Unzip File : tutoVideoDB.zip
2025-06-29 18:39:57,797 [INFO] FileExtend:257 - Standard Zip Deflate
2025-06-29 18:39:57,944 [INFO] LoadUrlFilesThread:156 - End of LoadUrlFiles Thread
2025-06-29 18:39:57,957 [WARN] DbFile:41 - Overriding database path with different value: C:\Users\nisha\.stmcufinder\plugins\mcufinder/ => C:\Users\nisha\.stmcufinder\plugins\mcufinder
2025-06-29 18:39:58,215 [INFO] ServerAccessManage:473 - Download File api_config.json
2025-06-29 18:39:58,338 [INFO] LoadUrlFilesThread:156 - End of LoadUrlFiles Thread
2025-06-29 18:39:58,351 [INFO] DbMcusAds:53 - JSON generation date=Thu Jun 19 14:02:37 IST 2025 (1750321957418)
2025-06-29 18:39:58,426 [INFO] LoadUrlFilesThread:185 - End of LoadServerUrlFiles without Thread
2025-06-29 18:39:58,436 [INFO] TargetSelectorAdapter:259 - Refresh data is successful
2025-06-29 18:39:58,765 [INFO] ApiDb:581 - Connected to CubeFinder SQLite database (C:\Users\nisha\.stmcufinder\plugins\mcufinder\mcu\cube-finder-db.db)
2025-06-29 18:39:58,865 [INFO] ApiDb:668 - CubeFinder database Data Model version=2.1
2025-06-29 18:39:58,865 [INFO] ApiDb:669 - CubeFinder database Configuration version=3.0.39
2025-06-29 18:39:58,871 [INFO] ApiDb:670 - CubeFinder database generation date=2025-06-16 (1750072209)
2025-06-29 18:39:58,871 [INFO] ApiDb:671 - CubeFinder database FW Pack versions=[FP-ATR-ASTRA1_V2.0.0, FP-SNS-FLIGHT1_V5.1.0, FP-SNS-MOTENV1_V5.0.0, FP-SNS-MOTENVWB1_V1.4.0, FP-SNS-SMARTAG2_V1.2.0, FP-SNS-STBOX1_V2.0.0, STM32Cube_FW_C0_V1.4.0, STM32Cube_FW_F4_V1.28.2, STM32Cube_FW_F7_V1.17.3, STM32Cube_FW_G0_V1.6.2, STM32Cube_FW_G4_V1.6.1, STM32Cube_FW_H5_V1.5.0, STM32Cube_FW_H7RS_V1.2.0, STM32Cube_FW_H7_V1.12.1, STM32Cube_FW_L0_V1.12.2, STM32Cube_FW_L4_V1.18.1, STM32Cube_FW_L5_V1.5.1, STM32Cube_FW_N6_V1.1.1, STM32Cube_FW_U0_V1.2.0, STM32Cube_FW_U3_V1.1.0, STM32Cube_FW_U5_V1.7.0, STM32Cube_FW_WB0_V1.2.0, STM32Cube_FW_WBA_V1.6.0, STM32Cube_FW_WB_V1.22.0, STM32Cube_FW_WL3_V1.1.0, STM32Cube_FW_WL_V1.3.1, X-CUBE-ALGOBUILD_V1.4.0, X-CUBE-ALS_V1.0.2, X-CUBE-AZRTOS-F4_V1.1.0, X-CUBE-AZRTOS-F7_V1.1.0, X-CUBE-AZRTOS-G0_V1.1.0, X-CUBE-AZRTOS-G4_V2.0.0, X-CUBE-AZRTOS-H7RS_V1.1.0, X-CUBE-AZRTOS-H7_V3.3.0, X-CUBE-AZRTOS-L4_V2.0.0, X-CUBE-AZRTOS-L5_V2.0.0, X-CUBE-AZRTOS-WB_V2.0.0, X-CUBE-AZRTOS-WL_V2.0.0, X-CUBE-BLE1_V7.1.0, X-CUBE-BLE2_V3.3.0, X-CUBE-BLEMGR_V4.0.0, X-CUBE-EEPRMA1_V5.1.0, X-CUBE-FREERTOS_V1.3.1, X-CUBE-GNSS1_V6.0.0, X-CUBE-MEMS1_V11.3.0, X-CUBE-NFC4_V3.0.0, X-CUBE-NFC7_V2.0.0, X-CUBE-SFXS2LP1_V4.0.0, X-CUBE-SUBG2_V5.0.0, X-CUBE-TOF1_V3.4.3]
2025-06-29 18:40:01,235 [INFO] ApiDb:240 - Found 895 in-development CPN: [B-G473E-ZEST1S, B-WB1M-WPAN1, B-WBA5M-WPAN, B-WL5M-SUBG1, NUCLEO-C031C6, NUCLEO-C051C8, NUCLEO-C071RB, NUCLEO-C092RC, NUCLEO-H503RB, NUCLEO-H533RE, NUCLEO-H563ZI, NUCLEO-H7S3L8, NUCLEO-N657X0-Q, NUCLEO-U031R8, NUCLEO-U083RC, NUCLEO-U385RG-Q, NUCLEO-U545RE-Q, NUCLEO-U5A5ZJ-Q, NUCLEO-WB05KZ, NUCLEO-WB07CC, NUCLEO-WB09KE, NUCLEO-WBA52CG, NUCLEO-WBA55CG, NUCLEO-WBA65RI, NUCLEO-WL33CC1, NUCLEO-WL33CC2, STEVAL-PROTEUS1, STEVAL-SMARTAG2, STEVAL-STWINBX1, STM320518-EVAL, STM32C0116-DK, STM32C011D6Y3TR, STM32C011D6Y6TR, STM32C011F4P3, STM32C011F4P6, STM32C011F4U3, STM32C011F4U6TR, STM32C011F6P3, STM32C011F6P6, STM32C011F6U3, STM32C011F6U6TR, STM32C011J4M3, STM32C011J4M6, STM32C011J6M3, STM32C011J6M6, STM32C0316-DK, STM32C031C4T3, STM32C031C4T6, STM32C031C4U3, STM32C031C4U6, STM32C031C6T3, STM32C031C6T6, STM32C031C6U3, STM32C031C6U6, STM32C031F4P3, STM32C031F4P6, STM32C031F6P3, STM32C031F6P6, STM32C031G4U3, STM32C031G4U6, STM32C031G6U3, STM32C031G6U6, STM32C031K4T3, STM32C031K4T6, STM32C031K4U3, STM32C031K4U6, STM32C031K6T3, STM32C031K6T6, STM32C031K6U3, STM32C031K6U6, STM32C051C6T6, STM32C051C6U6, STM32C051C8T6, STM32C051C8U6, STM32C051D8Y6TR, STM32C051F6P6, STM32C051F8P6, STM32C051G6U6, STM32C051G8U6, STM32C051K6T6, STM32C051K6U6, STM32C051K8T6, STM32C071C8T6, STM32C071C8T6N, STM32C071C8U6, STM32C071C8U6N, STM32C071CBT6, STM32C071CBT6N, STM32C071CBU6, STM32C071CBU6N, STM32C071F8P6, STM32C071F8P6N, STM32C071FBP6, STM32C071FBP6N, STM32C071FBY6TR, STM32C071G8U6, STM32C071G8U6N, STM32C071GBU6, STM32C071GBU6N, STM32C071K8T6, STM32C071K8T6N, STM32C071K8U6, STM32C071K8U6N, STM32C071KBT6, STM32C071KBT6N, STM32C071KBU6, STM32C071KBU6N, STM32C071R8T6, STM32C071R8T6N, STM32C071RBI6N, STM32C071RBT6, STM32C071RBT6N, STM32C091CBT6, STM32C091CBU6, STM32C091CCT6, STM32C091CCU6, STM32C091ECY6TR, STM32C091FBP6, STM32C091FCP6, STM32C091GBU6, STM32C091GCU6, STM32C091KBT6, STM32C091KBU6, STM32C091KCT6, STM32C091KCU6, STM32C091RBT6, STM32C091RCI6, STM32C091RCT6, STM32C092CBT6, STM32C092CBU6, STM32C092CCT6, STM32C092CCU6, STM32C092ECY6TR, STM32C092FBP6, STM32C092FCP6, STM32C092GBU6, STM32C092GCU6, STM32C092KBT6, STM32C092KBU6, STM32C092KCT6, STM32C092KCU6, STM32C092RBT6, STM32C092RCI6, STM32C092RCT6, STM32G071K8TXN, STM32G071K8UXN, STM32G081GBU6N, STM32G081KBT6N, STM32G081KBUXN, STM32G0B1CCT6N, STM32G0B1KCT6, STM32G0B1NEY6TR, STM32G0B1RCT6N, STM32G0C1CCT6, STM32G0C1CCT6N, STM32G0C1CCU6N, STM32G0C1CET6N, STM32G0C1CEU6N, STM32G0C1KCT6, STM32G0C1NEY6TR, STM32G0C1RCI6N, STM32G0C1RCT6N, STM32G0C1REI6N, STM32G0C1RET6N, STM32G0C1VCI6, STM32G0C1VEI6, STM32G411C6T3, STM32G411C6T6, STM32G411C6U3, STM32G411C6U6, STM32G411C8T3, STM32G411C8T6, STM32G411C8U3, STM32G411C8U6, STM32G411CBT3, STM32G411CBT6, STM32G411CBU3, STM32G411CBU6, STM32G411CCT3, STM32G411CCT6, STM32G411CCU3, STM32G411CCU6, STM32G411K6T3, STM32G411K6T6, STM32G411K6U3, STM32G411K6U6, STM32G411K8T3, STM32G411K8T6, STM32G411K8U3, STM32G411K8U6, STM32G411KBT3, STM32G411KBT6, STM32G411KBU3, STM32G411KBU6, STM32G411M6T3, STM32G411M6T6, STM32G411M8T3, STM32G411M8T6, STM32G411MBT3, STM32G411MBT6, STM32G411MCT3, STM32G411MCT6, STM32G411R6T3, STM32G411R6T6, STM32G411R8T3, STM32G411R8T6, STM32G411RBT3, STM32G411RBT6, STM32G411RCT3, STM32G411RCT6, STM32G414CBT3, STM32G414CBT6, STM32G414CBU3, STM32G414CBU6, STM32G414CCT3, STM32G414CCT6, STM32G414CCU3, STM32G414CCU6, STM32G414MBT3, STM32G414MBT6, STM32G414MCT3, STM32G414MCT6, STM32G414RBT3, STM32G414RBT6, STM32G414RCT3, STM32G414RCT6, STM32G414VBT3, STM32G414VBT6, STM32G414VCT3, STM32G414VCT6, STM32G431CBT3Z, STM32G431RBT3Z, STM32G471CCT6, STM32G471CCU6, STM32G471CET3, STM32G471CET6, STM32G471CEU3, STM32G471CEU6, STM32G471MCT6, STM32G471MET3, STM32G471MET6, STM32G471MEY6TR, STM32G471QCT6, STM32G471QET3, STM32G471RCT6, STM32G471RET3, STM32G471RET6, STM32G471VCH6, STM32G471VCI6, STM32G471VCT6, STM32G471VEH3, STM32G471VEH6, STM32G471VEI3, STM32G471VEI6, STM32G471VET3, STM32G471VET6, STM32G473QET3Z, STM32G473RET3Z, STM32G474CCT6, STM32G491RET3Z, STM32H503CBT6, STM32H503CBU6, STM32H503EBY6TR, STM32H503KBU6, STM32H503RBT6, STM32H523CCT6, STM32H523CCU6, STM32H523CET6, STM32H523CEU6, STM32H523HEY6TR, STM32H523RCT6, STM32H523RET6, STM32H523VCI6, STM32H523VCT6, STM32H523VEI6, STM32H523VET6, STM32H523ZCJ6, STM32H523ZCT6, STM32H523ZEJ6, STM32H523ZET6, STM32H533CET6, STM32H533CEU6, STM32H533HEY6TR, STM32H533RET6, STM32H533VEI6, STM32H533VET6, STM32H533ZEJ6, STM32H533ZET6, STM32H562AGI6, STM32H562AII6, STM32H562IGK6, STM32H562IGT6, STM32H562IIK6, STM32H562IIT6, STM32H562RGT6, STM32H562RGV6, STM32H562RIT6, STM32H562RIV6, STM32H562VGT6, STM32H562VIT6, STM32H562ZGT6, STM32H562ZIT6, STM32H563AGI6, STM32H563AII3Q, STM32H563AII6, STM32H563IGK6, STM32H563IGT6, STM32H563IIK3Q, STM32H563IIK6, STM32H563IIT3Q, STM32H563IIT6, STM32H563MIY3QTR, STM32H563RGT6, STM32H563RGV6, STM32H563RIT6, STM32H563RIV6, STM32H563VGT6, STM32H563VIT3Q, STM32H563VIT6, STM32H563ZGT6, STM32H563ZIT3Q, STM32H563ZIT6, STM32H573AII3Q, STM32H573AII6, STM32H573I-DK, STM32H573IIK3Q, STM32H573IIK6, STM32H573IIT3Q, STM32H573IIT6, STM32H573MIY3QTR, STM32H573RIT6, STM32H573RIV6, STM32H573VIT3Q, STM32H573VIT6, STM32H573ZIT3Q, STM32H573ZIT6, STM32H7R3A8I6, STM32H7R3I8K6, STM32H7R3I8T6, STM32H7R3L8H6, STM32H7R3L8H6H, STM32H7R3R8V6, STM32H7R3V8H6, STM32H7R3V8T6, STM32H7R3V8Y6TR, STM32H7R3Z8J6, STM32H7R3Z8T6, STM32H7R7A8I6, STM32H7R7I8K6, STM32H7R7I8T6, STM32H7R7L8H6, STM32H7R7L8H6H, STM32H7R7Z8J6, STM32H7S3A8I6, STM32H7S3I8K6, STM32H7S3I8T6, STM32H7S3L8H6, STM32H7S3L8H6H, STM32H7S3R8V6, STM32H7S3V8H6, STM32H7S3V8T6, STM32H7S3V8Y6TR, STM32H7S3Z8J6, STM32H7S3Z8T6, STM32H7S78-DK, STM32H7S7A8I6, STM32H7S7I8K6, STM32H7S7I8T6, STM32H7S7L8H6, STM32H7S7L8H6H, STM32H7S7Z8J6, STM32L4R5QGI6STR, STM32MP131AAE3, STM32MP131AAF3, STM32MP131AAG3, STM32MP131CAE3, STM32MP131CAF3, STM32MP131CAG3, STM32MP131DAE7, STM32MP131DAF7, STM32MP131DAG7, STM32MP131FAE7, STM32MP131FAF7, STM32MP131FAG7, STM32MP133AAE3, STM32MP133AAF3, STM32MP133AAG3, STM32MP133CAE3, STM32MP133CAF3, STM32MP133CAG3, STM32MP133DAE7, STM32MP133DAF7, STM32MP133DAG7, STM32MP133FAE7, STM32MP133FAF7, STM32MP133FAG7, STM32MP135AAE3, STM32MP135AAF3, STM32MP135AAG3, STM32MP135CAE3, STM32MP135CAF3, STM32MP135CAG3, STM32MP135DAE7, STM32MP135DAF7, STM32MP135DAG7, STM32MP135F-DK, STM32MP135FAE7, STM32MP135FAF7, STM32MP135FAF7T, STM32MP135FAF7U, STM32MP135FAG7, STM32MP231AAJ3, STM32MP231AAK3, STM32MP231AAL3, STM32MP231CAJ3, STM32MP231CAK3, STM32MP231CAL3, STM32MP231DAJ3, STM32MP231DAK3, STM32MP231DAL3, STM32MP231FAJ3, STM32MP231FAK3, STM32MP231FAL3, STM32MP233AAJ3, STM32MP233AAK3, STM32MP233AAL3, STM32MP233CAJ3, STM32MP233CAK3, STM32MP233CAL3, STM32MP233DAJ3, STM32MP233DAK3, STM32MP233DAL3, STM32MP233FAJ3, STM32MP233FAK3, STM32MP233FAL3, STM32MP235AAJ3, STM32MP235AAK3, STM32MP235AAL3, STM32MP235CAJ3, STM32MP235CAK3, STM32MP235CAL3, STM32MP235DAJ3, STM32MP235DAK3, STM32MP235DAL3, STM32MP235FAJ3, STM32MP235FAK3, STM32MP235FAL3, STM32MP251AAI3, STM32MP251AAJ3, STM32MP251AAK3, STM32MP251AAL3, STM32MP251CAI3, STM32MP251CAJ3, STM32MP251CAK3, STM32MP251CAL3, STM32MP251DAI3, STM32MP251DAJ3, STM32MP251DAK3, STM32MP251DAL3, STM32MP251FAI3, STM32MP251FAJ3, STM32MP251FAK3, STM32MP251FAL3, STM32MP253AAI3, STM32MP253AAJ3, STM32MP253AAK3, STM32MP253AAL3, STM32MP253CAI3, STM32MP253CAJ3, STM32MP253CAK3, STM32MP253CAL3, STM32MP253DAI3, STM32MP253DAJ3, STM32MP253DAK3, STM32MP253DAL3, STM32MP253FAI3, STM32MP253FAJ3, STM32MP253FAK3, STM32MP253FAL3, STM32MP255AAI3, STM32MP255AAJ3, STM32MP255AAK3, STM32MP255AAL3, STM32MP255CAI3, STM32MP255CAJ3, STM32MP255CAK3, STM32MP255CAL3, STM32MP255DAI3, STM32MP255DAJ3, STM32MP255DAK3, STM32MP255DAL3, STM32MP255FAI3, STM32MP255FAJ3, STM32MP255FAK3, STM32MP255FAL3, STM32MP257AAI3, STM32MP257AAJ3, STM32MP257AAK3, STM32MP257AAL3, STM32MP257CAI3, STM32MP257CAJ3, STM32MP257CAK3, STM32MP257CAL3, STM32MP257DAI3, STM32MP257DAJ3, STM32MP257DAK3, STM32MP257DAL3, STM32MP257F-DK, STM32MP257F-EV1, STM32MP257FAI3, STM32MP257FAJ3, STM32MP257FAK3, STM32MP257FAL3, STM32N645A0H3Q, STM32N645B0H3Q, STM32N645I0H3Q, STM32N645L0H3Q, STM32N645X0H3Q, STM32N645Z0H3Q, STM32N647A0H3Q, STM32N647B0H3Q, STM32N647I0H3Q, STM32N647L0H3Q, STM32N647X0H3Q, STM32N647Z0H3Q, STM32N655A0H3Q, STM32N655B0H3Q, STM32N655I0H3Q, STM32N655L0H3Q, STM32N655X0H3Q, STM32N655Z0H3Q, STM32N6570-DK, STM32N657A0H3Q, STM32N657B0H3Q, STM32N657I0H3Q, STM32N657L0H3Q, STM32N657X0H3Q, STM32N657Z0H3Q, STM32U031C6T6, STM32U031C6U6, STM32U031C8T6, STM32U031C8U6, STM32U031F4P6, STM32U031F6P6, STM32U031F8P6, STM32U031G6Y6TR, STM32U031G8Y6TR, STM32U031K4U6, STM32U031K6U6, STM32U031K8U6, STM32U031R6I6, STM32U031R6T6, STM32U031R8I6, STM32U031R8T6, STM32U073C8T6, STM32U073C8U6, STM32U073CBT6, STM32U073CBU6, STM32U073CCT6, STM32U073CCU6, STM32U073H8Y6TR, STM32U073HBY6TR, STM32U073HCY6TR, STM32U073K8U6, STM32U073KBU6, STM32U073KCU6, STM32U073M8I6, STM32U073M8T6, STM32U073MBI6, STM32U073MBT6, STM32U073MCI6, STM32U073MCT6, STM32U073R8I6, STM32U073R8T6, STM32U073RBI6, STM32U073RBT6, STM32U073RCI6, STM32U073RCT6, STM32U083C-DK, STM32U083CCT6, STM32U083CCU6, STM32U083HCY6TR, STM32U083KCU6, STM32U083MCI6, STM32U083MCT6, STM32U083RCI6, STM32U083RCT6, STM32U375CET6, STM32U375CET6Q, STM32U375CEU6, STM32U375CEU6Q, STM32U375CEY6QTR, STM32U375CGT6, STM32U375CGT6Q, STM32U375CGU6, STM32U375CGU6Q, STM32U375CGY6QTR, STM32U375KEU6, STM32U375KGU6, STM32U375REI6, STM32U375REI6Q, STM32U375RET6, STM32U375RET6Q, STM32U375REY6GTR, STM32U375REY6QTR, STM32U375RGI6, STM32U375RGI6Q, STM32U375RGT6, STM32U375RGT6Q, STM32U375RGY6GTR, STM32U375RGY6QTR, STM32U375VEI6, STM32U375VEI6Q, STM32U375VET6, STM32U375VET6Q, STM32U375VGI6, STM32U375VGI6Q, STM32U375VGT6, STM32U375VGT6Q, STM32U385CGT6, STM32U385CGT6Q, STM32U385CGU6, STM32U385CGU6Q, STM32U385CGY6QTR, STM32U385KGU6, STM32U385RGI6, STM32U385RGI6Q, STM32U385RGT6, STM32U385RGT6Q, STM32U385RGY6GTR, STM32U385RGY6QTR, STM32U385VGI6, STM32U385VGI6Q, STM32U385VGT6, STM32U385VGT6Q, STM32U535CBT6, STM32U535CBT6Q, STM32U535CBU6, STM32U535CBU6Q, STM32U535CCT6, STM32U535CCT6Q, STM32U535CCU6, STM32U535CCU6Q, STM32U535CET6, STM32U535CET6Q, STM32U535CEU6, STM32U535CEU6Q, STM32U535JEY6QTR, STM32U535NCY6QTR, STM32U535NEY6QTR, STM32U535RBI6, STM32U535RBI6Q, STM32U535RBT6, STM32U535RBT6Q, STM32U535RCI6, STM32U535RCI6Q, STM32U535RCT6, STM32U535RCT6Q, STM32U535REI6, STM32U535REI6Q, STM32U535RET6, STM32U535RET6Q, STM32U535VCI6, STM32U535VCI6Q, STM32U535VCT6, STM32U535VCT6Q, STM32U535VEI6, STM32U535VEI6Q, STM32U535VET6, STM32U535VET6Q, STM32U545CET6, STM32U545CET6Q, STM32U545CEU6, STM32U545CEU6Q, STM32U545JEY6QTR, STM32U545NEY6QTR, STM32U545REI6, STM32U545REI6Q, STM32U545RET6, STM32U545RET6Q, STM32U545VEI6, STM32U545VEI6Q, STM32U545VET6, STM32U545VET6Q, STM32U595AIH6, STM32U595AIH6Q, STM32U595AJH6, STM32U595AJH6Q, STM32U595QII6, STM32U595QII6Q, STM32U595QJI6, STM32U595QJI6Q, STM32U595RIT6, STM32U595RIT6Q, STM32U595RJT6, STM32U595RJT6Q, STM32U595VIT6, STM32U595VIT6Q, STM32U595VJT6, STM32U595VJT6Q, STM32U595ZIT6, STM32U595ZIT6Q, STM32U595ZIY6QTR, STM32U595ZJT6, STM32U595ZJT6Q, STM32U595ZJY6QTR, STM32U599BJY6QTR, STM32U599NIH6Q, STM32U599NJH6Q, STM32U599VIT6Q, STM32U599VJT6, STM32U599VJT6Q, STM32U599ZIT6Q, STM32U599ZIY6QTR, STM32U599ZJT6Q, STM32U599ZJY6QTR, STM32U5A5AJH6, STM32U5A5AJH6Q, STM32U5A5QII3Q , STM32U5A5QJI6, STM32U5A5QJI6Q, STM32U5A5RJT6, STM32U5A5RJT6Q, STM32U5A5VJT6, STM32U5A5VJT6Q, STM32U5A5ZJT6, STM32U5A5ZJT6Q, STM32U5A5ZJY6QTR, STM32U5A9BJY6QTR, STM32U5A9J-DK, STM32U5A9NJH6Q, STM32U5A9VJT6Q, STM32U5A9ZJT6Q, STM32U5A9ZJY6QTR, STM32U5F7VIT6, STM32U5F7VIT6Q, STM32U5F7VJT6, STM32U5F7VJT6Q, STM32U5F9BJY6QTR, STM32U5F9NJH6Q, STM32U5F9VIT6Q, STM32U5F9VJT6Q, STM32U5F9ZIJ6QTR, STM32U5F9ZIT6Q, STM32U5F9ZJJ6QTR, STM32U5F9ZJT6Q, STM32U5G7VJT6, STM32U5G7VJT6Q, STM32U5G9BJY6QTR, STM32U5G9J-DK1, STM32U5G9J-DK2, STM32U5G9NJH6Q, STM32U5G9VJT6Q, STM32U5G9ZJJ6QTR, STM32U5G9ZJT6Q, STM32WB05KZV6TR, STM32WB05KZV7TR, STM32WB05TZF6TR, STM32WB05TZF7TR, STM32WB06CCF6TR, STM32WB06CCF7TR, STM32WB06CCV6TR, STM32WB06CCV7TR, STM32WB06KCV6TR, STM32WB06KCV7TR, STM32WB07CCF6TR, STM32WB07CCF7TR, STM32WB07CCV6TR, STM32WB07CCV7TR, STM32WB07KCV6TR, STM32WB07KCV7TR, STM32WB09KEV6TR, STM32WB09KEV7TR, STM32WB09TEF6TR, STM32WB09TEF7TR, STM32WB1MMCH6, STM32WBA50KGU6, STM32WBA50KGU6TR, STM32WBA52CEU6, STM32WBA52CEU6TR, STM32WBA52CEU7, STM32WBA52CEU7TR, STM32WBA52CGU6, STM32WBA52CGU6TR, STM32WBA52CGU6U, STM32WBA52CGU7, STM32WBA52CGU7TR, STM32WBA52KEU6, STM32WBA52KEU6TR, STM32WBA52KGU6, STM32WBA52KGU6TR, STM32WBA54CEU6, STM32WBA54CEU6TR, STM32WBA54CEU7, STM32WBA54CEU7TR, STM32WBA54CGU6, STM32WBA54CGU6TR, STM32WBA54CGU7, STM32WBA54CGU7TR, STM32WBA54KEU6, STM32WBA54KEU6TR, STM32WBA54KEU7, STM32WBA54KEU7TR, STM32WBA54KGU6, STM32WBA54KGU6TR, STM32WBA54KGU7, STM32WBA54KGU7TR, STM32WBA55CEU6, STM32WBA55CEU6TR, STM32WBA55CEU7, STM32WBA55CEU7TR, STM32WBA55CGU6, STM32WBA55CGU6TR, STM32WBA55CGU6U, STM32WBA55CGU7, STM32WBA55CGU7TR, STM32WBA55G-DK1, STM32WBA55HEF6, STM32WBA55HEF7, STM32WBA55HGF6, STM32WBA55HGF7, STM32WBA55UEI6, STM32WBA55UEI6TR, STM32WBA55UEI7, STM32WBA55UEI7TR, STM32WBA55UGI6, STM32WBA55UGI6TR, STM32WBA55UGI7, STM32WBA55UGI7TR, STM32WBA5MJGH6TR, STM32WBA62CGU6, STM32WBA62CIU6, STM32WBA62MGF6, STM32WBA62MIF6, STM32WBA62PGI6, STM32WBA62PII6, STM32WBA63CGU6, STM32WBA63CGU7, STM32WBA63CIU6, STM32WBA63CIU7, STM32WBA64CGU6, STM32WBA64CGU7, STM32WBA64CIU6, STM32WBA64CIU7, STM32WBA65CGU6, STM32WBA65CGU7, STM32WBA65CIU6, STM32WBA65CIU7, STM32WBA65I-DK1, STM32WBA65MGF6, STM32WBA65MGF7, STM32WBA65MIF6, STM32WBA65MIF7, STM32WBA65PGI6, STM32WBA65PGI7, STM32WBA65PII6, STM32WBA65PII7, STM32WBA65RGV6, STM32WBA65RGV7, STM32WBA65RIV6, STM32WBA65RIV7, STM32WL30K8V6, STM32WL30KBV6, STM32WL31C8V6, STM32WL31CBV6, STM32WL31K8V6, STM32WL31KBV6, STM32WL33C8V6, STM32WL33C8V6TR, STM32WL33C8V7, STM32WL33C8V7TR, STM32WL33CBV6, STM32WL33CBV6TR, STM32WL33CBV7, STM32WL33CBV7TR, STM32WL33CCV6, STM32WL33CCV6TR, STM32WL33CCV7, STM32WL33CCV7A, STM32WL33CCV7ATR, STM32WL33CCV7TR, STM32WL33K8V6, STM32WL33K8V6TR, STM32WL33K8V7, STM32WL33K8V7TR, STM32WL33KBV6, STM32WL33KBV6TR, STM32WL33KBV7, STM32WL33KBV7TR, STM32WL33KCV6, STM32WL33KCV6TR, STM32WL33KCV7, STM32WL33KCV7TR, STM32WL5MOCH6, STM32WL5MOCH6TR]
2025-06-29 18:40:01,251 [INFO] DbMcus:218 - Found 4686 MCUs, 4686 are supported
2025-06-29 18:40:01,257 [INFO] ApiDb:423 - Load user favorites file C:\Users\nisha/.stm32cubeide/favorites.mcus.txt: 0 item(s)
2025-06-29 18:40:01,262 [INFO] ApiDb:427 - User favorites MCUs=[]
2025-06-29 18:40:01,263 [INFO] DbMcus:224 - Set 0 / 0 favorites MCUs
2025-06-29 18:40:01,649 [INFO] ApiDb:668 - CubeFinder database Data Model version=2.1
2025-06-29 18:40:01,649 [INFO] ApiDb:669 - CubeFinder database Configuration version=3.0.39
2025-06-29 18:40:01,649 [INFO] ApiDb:670 - CubeFinder database generation date=2025-06-16 (1750072209)
2025-06-29 18:40:01,649 [INFO] ApiDb:671 - CubeFinder database FW Pack versions=[FP-ATR-ASTRA1_V2.0.0, FP-SNS-FLIGHT1_V5.1.0, FP-SNS-MOTENV1_V5.0.0, FP-SNS-MOTENVWB1_V1.4.0, FP-SNS-SMARTAG2_V1.2.0, FP-SNS-STBOX1_V2.0.0, STM32Cube_FW_C0_V1.4.0, STM32Cube_FW_F4_V1.28.2, STM32Cube_FW_F7_V1.17.3, STM32Cube_FW_G0_V1.6.2, STM32Cube_FW_G4_V1.6.1, STM32Cube_FW_H5_V1.5.0, STM32Cube_FW_H7RS_V1.2.0, STM32Cube_FW_H7_V1.12.1, STM32Cube_FW_L0_V1.12.2, STM32Cube_FW_L4_V1.18.1, STM32Cube_FW_L5_V1.5.1, STM32Cube_FW_N6_V1.1.1, STM32Cube_FW_U0_V1.2.0, STM32Cube_FW_U3_V1.1.0, STM32Cube_FW_U5_V1.7.0, STM32Cube_FW_WB0_V1.2.0, STM32Cube_FW_WBA_V1.6.0, STM32Cube_FW_WB_V1.22.0, STM32Cube_FW_WL3_V1.1.0, STM32Cube_FW_WL_V1.3.1, X-CUBE-ALGOBUILD_V1.4.0, X-CUBE-ALS_V1.0.2, X-CUBE-AZRTOS-F4_V1.1.0, X-CUBE-AZRTOS-F7_V1.1.0, X-CUBE-AZRTOS-G0_V1.1.0, X-CUBE-AZRTOS-G4_V2.0.0, X-CUBE-AZRTOS-H7RS_V1.1.0, X-CUBE-AZRTOS-H7_V3.3.0, X-CUBE-AZRTOS-L4_V2.0.0, X-CUBE-AZRTOS-L5_V2.0.0, X-CUBE-AZRTOS-WB_V2.0.0, X-CUBE-AZRTOS-WL_V2.0.0, X-CUBE-BLE1_V7.1.0, X-CUBE-BLE2_V3.3.0, X-CUBE-BLEMGR_V4.0.0, X-CUBE-EEPRMA1_V5.1.0, X-CUBE-FREERTOS_V1.3.1, X-CUBE-GNSS1_V6.0.0, X-CUBE-MEMS1_V11.3.0, X-CUBE-NFC4_V3.0.0, X-CUBE-NFC7_V2.0.0, X-CUBE-SFXS2LP1_V4.0.0, X-CUBE-SUBG2_V5.0.0, X-CUBE-TOF1_V3.4.3]
2025-06-29 18:40:01,720 [INFO] DbBoardsSqlite:226 - include board P-NUCLEO-WB55-NUCLEO as a kit item of type 'Nucleo-64'
2025-06-29 18:40:01,720 [INFO] DbBoardsSqlite:226 - include board P-NUCLEO-WB55-USBDONGLE as a kit item of type 'Nucleo USB Dongle'
2025-06-29 18:40:01,720 [INFO] DbBoardsSqlite:226 - include board STEVAL-IDP005V1 as a kit item of type 'Evaluation Board'
2025-06-29 18:40:01,721 [INFO] DbBoardsSqlite:226 - include board STEVAL-IDP005V2 as a kit item of type 'Evaluation Board'
2025-06-29 18:40:01,835 [INFO] ApiDb:240 - Found 895 in-development CPN: [B-G473E-ZEST1S, B-WB1M-WPAN1, B-WBA5M-WPAN, B-WL5M-SUBG1, NUCLEO-C031C6, NUCLEO-C051C8, NUCLEO-C071RB, NUCLEO-C092RC, NUCLEO-H503RB, NUCLEO-H533RE, NUCLEO-H563ZI, NUCLEO-H7S3L8, NUCLEO-N657X0-Q, NUCLEO-U031R8, NUCLEO-U083RC, NUCLEO-U385RG-Q, NUCLEO-U545RE-Q, NUCLEO-U5A5ZJ-Q, NUCLEO-WB05KZ, NUCLEO-WB07CC, NUCLEO-WB09KE, NUCLEO-WBA52CG, NUCLEO-WBA55CG, NUCLEO-WBA65RI, NUCLEO-WL33CC1, NUCLEO-WL33CC2, STEVAL-PROTEUS1, STEVAL-SMARTAG2, STEVAL-STWINBX1, STM320518-EVAL, STM32C0116-DK, STM32C011D6Y3TR, STM32C011D6Y6TR, STM32C011F4P3, STM32C011F4P6, STM32C011F4U3, STM32C011F4U6TR, STM32C011F6P3, STM32C011F6P6, STM32C011F6U3, STM32C011F6U6TR, STM32C011J4M3, STM32C011J4M6, STM32C011J6M3, STM32C011J6M6, STM32C0316-DK, STM32C031C4T3, STM32C031C4T6, STM32C031C4U3, STM32C031C4U6, STM32C031C6T3, STM32C031C6T6, STM32C031C6U3, STM32C031C6U6, STM32C031F4P3, STM32C031F4P6, STM32C031F6P3, STM32C031F6P6, STM32C031G4U3, STM32C031G4U6, STM32C031G6U3, STM32C031G6U6, STM32C031K4T3, STM32C031K4T6, STM32C031K4U3, STM32C031K4U6, STM32C031K6T3, STM32C031K6T6, STM32C031K6U3, STM32C031K6U6, STM32C051C6T6, STM32C051C6U6, STM32C051C8T6, STM32C051C8U6, STM32C051D8Y6TR, STM32C051F6P6, STM32C051F8P6, STM32C051G6U6, STM32C051G8U6, STM32C051K6T6, STM32C051K6U6, STM32C051K8T6, STM32C071C8T6, STM32C071C8T6N, STM32C071C8U6, STM32C071C8U6N, STM32C071CBT6, STM32C071CBT6N, STM32C071CBU6, STM32C071CBU6N, STM32C071F8P6, STM32C071F8P6N, STM32C071FBP6, STM32C071FBP6N, STM32C071FBY6TR, STM32C071G8U6, STM32C071G8U6N, STM32C071GBU6, STM32C071GBU6N, STM32C071K8T6, STM32C071K8T6N, STM32C071K8U6, STM32C071K8U6N, STM32C071KBT6, STM32C071KBT6N, STM32C071KBU6, STM32C071KBU6N, STM32C071R8T6, STM32C071R8T6N, STM32C071RBI6N, STM32C071RBT6, STM32C071RBT6N, STM32C091CBT6, STM32C091CBU6, STM32C091CCT6, STM32C091CCU6, STM32C091ECY6TR, STM32C091FBP6, STM32C091FCP6, STM32C091GBU6, STM32C091GCU6, STM32C091KBT6, STM32C091KBU6, STM32C091KCT6, STM32C091KCU6, STM32C091RBT6, STM32C091RCI6, STM32C091RCT6, STM32C092CBT6, STM32C092CBU6, STM32C092CCT6, STM32C092CCU6, STM32C092ECY6TR, STM32C092FBP6, STM32C092FCP6, STM32C092GBU6, STM32C092GCU6, STM32C092KBT6, STM32C092KBU6, STM32C092KCT6, STM32C092KCU6, STM32C092RBT6, STM32C092RCI6, STM32C092RCT6, STM32G071K8TXN, STM32G071K8UXN, STM32G081GBU6N, STM32G081KBT6N, STM32G081KBUXN, STM32G0B1CCT6N, STM32G0B1KCT6, STM32G0B1NEY6TR, STM32G0B1RCT6N, STM32G0C1CCT6, STM32G0C1CCT6N, STM32G0C1CCU6N, STM32G0C1CET6N, STM32G0C1CEU6N, STM32G0C1KCT6, STM32G0C1NEY6TR, STM32G0C1RCI6N, STM32G0C1RCT6N, STM32G0C1REI6N, STM32G0C1RET6N, STM32G0C1VCI6, STM32G0C1VEI6, STM32G411C6T3, STM32G411C6T6, STM32G411C6U3, STM32G411C6U6, STM32G411C8T3, STM32G411C8T6, STM32G411C8U3, STM32G411C8U6, STM32G411CBT3, STM32G411CBT6, STM32G411CBU3, STM32G411CBU6, STM32G411CCT3, STM32G411CCT6, STM32G411CCU3, STM32G411CCU6, STM32G411K6T3, STM32G411K6T6, STM32G411K6U3, STM32G411K6U6, STM32G411K8T3, STM32G411K8T6, STM32G411K8U3, STM32G411K8U6, STM32G411KBT3, STM32G411KBT6, STM32G411KBU3, STM32G411KBU6, STM32G411M6T3, STM32G411M6T6, STM32G411M8T3, STM32G411M8T6, STM32G411MBT3, STM32G411MBT6, STM32G411MCT3, STM32G411MCT6, STM32G411R6T3, STM32G411R6T6, STM32G411R8T3, STM32G411R8T6, STM32G411RBT3, STM32G411RBT6, STM32G411RCT3, STM32G411RCT6, STM32G414CBT3, STM32G414CBT6, STM32G414CBU3, STM32G414CBU6, STM32G414CCT3, STM32G414CCT6, STM32G414CCU3, STM32G414CCU6, STM32G414MBT3, STM32G414MBT6, STM32G414MCT3, STM32G414MCT6, STM32G414RBT3, STM32G414RBT6, STM32G414RCT3, STM32G414RCT6, STM32G414VBT3, STM32G414VBT6, STM32G414VCT3, STM32G414VCT6, STM32G431CBT3Z, STM32G431RBT3Z, STM32G471CCT6, STM32G471CCU6, STM32G471CET3, STM32G471CET6, STM32G471CEU3, STM32G471CEU6, STM32G471MCT6, STM32G471MET3, STM32G471MET6, STM32G471MEY6TR, STM32G471QCT6, STM32G471QET3, STM32G471RCT6, STM32G471RET3, STM32G471RET6, STM32G471VCH6, STM32G471VCI6, STM32G471VCT6, STM32G471VEH3, STM32G471VEH6, STM32G471VEI3, STM32G471VEI6, STM32G471VET3, STM32G471VET6, STM32G473QET3Z, STM32G473RET3Z, STM32G474CCT6, STM32G491RET3Z, STM32H503CBT6, STM32H503CBU6, STM32H503EBY6TR, STM32H503KBU6, STM32H503RBT6, STM32H523CCT6, STM32H523CCU6, STM32H523CET6, STM32H523CEU6, STM32H523HEY6TR, STM32H523RCT6, STM32H523RET6, STM32H523VCI6, STM32H523VCT6, STM32H523VEI6, STM32H523VET6, STM32H523ZCJ6, STM32H523ZCT6, STM32H523ZEJ6, STM32H523ZET6, STM32H533CET6, STM32H533CEU6, STM32H533HEY6TR, STM32H533RET6, STM32H533VEI6, STM32H533VET6, STM32H533ZEJ6, STM32H533ZET6, STM32H562AGI6, STM32H562AII6, STM32H562IGK6, STM32H562IGT6, STM32H562IIK6, STM32H562IIT6, STM32H562RGT6, STM32H562RGV6, STM32H562RIT6, STM32H562RIV6, STM32H562VGT6, STM32H562VIT6, STM32H562ZGT6, STM32H562ZIT6, STM32H563AGI6, STM32H563AII3Q, STM32H563AII6, STM32H563IGK6, STM32H563IGT6, STM32H563IIK3Q, STM32H563IIK6, STM32H563IIT3Q, STM32H563IIT6, STM32H563MIY3QTR, STM32H563RGT6, STM32H563RGV6, STM32H563RIT6, STM32H563RIV6, STM32H563VGT6, STM32H563VIT3Q, STM32H563VIT6, STM32H563ZGT6, STM32H563ZIT3Q, STM32H563ZIT6, STM32H573AII3Q, STM32H573AII6, STM32H573I-DK, STM32H573IIK3Q, STM32H573IIK6, STM32H573IIT3Q, STM32H573IIT6, STM32H573MIY3QTR, STM32H573RIT6, STM32H573RIV6, STM32H573VIT3Q, STM32H573VIT6, STM32H573ZIT3Q, STM32H573ZIT6, STM32H7R3A8I6, STM32H7R3I8K6, STM32H7R3I8T6, STM32H7R3L8H6, STM32H7R3L8H6H, STM32H7R3R8V6, STM32H7R3V8H6, STM32H7R3V8T6, STM32H7R3V8Y6TR, STM32H7R3Z8J6, STM32H7R3Z8T6, STM32H7R7A8I6, STM32H7R7I8K6, STM32H7R7I8T6, STM32H7R7L8H6, STM32H7R7L8H6H, STM32H7R7Z8J6, STM32H7S3A8I6, STM32H7S3I8K6, STM32H7S3I8T6, STM32H7S3L8H6, STM32H7S3L8H6H, STM32H7S3R8V6, STM32H7S3V8H6, STM32H7S3V8T6, STM32H7S3V8Y6TR, STM32H7S3Z8J6, STM32H7S3Z8T6, STM32H7S78-DK, STM32H7S7A8I6, STM32H7S7I8K6, STM32H7S7I8T6, STM32H7S7L8H6, STM32H7S7L8H6H, STM32H7S7Z8J6, STM32L4R5QGI6STR, STM32MP131AAE3, STM32MP131AAF3, STM32MP131AAG3, STM32MP131CAE3, STM32MP131CAF3, STM32MP131CAG3, STM32MP131DAE7, STM32MP131DAF7, STM32MP131DAG7, STM32MP131FAE7, STM32MP131FAF7, STM32MP131FAG7, STM32MP133AAE3, STM32MP133AAF3, STM32MP133AAG3, STM32MP133CAE3, STM32MP133CAF3, STM32MP133CAG3, STM32MP133DAE7, STM32MP133DAF7, STM32MP133DAG7, STM32MP133FAE7, STM32MP133FAF7, STM32MP133FAG7, STM32MP135AAE3, STM32MP135AAF3, STM32MP135AAG3, STM32MP135CAE3, STM32MP135CAF3, STM32MP135CAG3, STM32MP135DAE7, STM32MP135DAF7, STM32MP135DAG7, STM32MP135F-DK, STM32MP135FAE7, STM32MP135FAF7, STM32MP135FAF7T, STM32MP135FAF7U, STM32MP135FAG7, STM32MP231AAJ3, STM32MP231AAK3, STM32MP231AAL3, STM32MP231CAJ3, STM32MP231CAK3, STM32MP231CAL3, STM32MP231DAJ3, STM32MP231DAK3, STM32MP231DAL3, STM32MP231FAJ3, STM32MP231FAK3, STM32MP231FAL3, STM32MP233AAJ3, STM32MP233AAK3, STM32MP233AAL3, STM32MP233CAJ3, STM32MP233CAK3, STM32MP233CAL3, STM32MP233DAJ3, STM32MP233DAK3, STM32MP233DAL3, STM32MP233FAJ3, STM32MP233FAK3, STM32MP233FAL3, STM32MP235AAJ3, STM32MP235AAK3, STM32MP235AAL3, STM32MP235CAJ3, STM32MP235CAK3, STM32MP235CAL3, STM32MP235DAJ3, STM32MP235DAK3, STM32MP235DAL3, STM32MP235FAJ3, STM32MP235FAK3, STM32MP235FAL3, STM32MP251AAI3, STM32MP251AAJ3, STM32MP251AAK3, STM32MP251AAL3, STM32MP251CAI3, STM32MP251CAJ3, STM32MP251CAK3, STM32MP251CAL3, STM32MP251DAI3, STM32MP251DAJ3, STM32MP251DAK3, STM32MP251DAL3, STM32MP251FAI3, STM32MP251FAJ3, STM32MP251FAK3, STM32MP251FAL3, STM32MP253AAI3, STM32MP253AAJ3, STM32MP253AAK3, STM32MP253AAL3, STM32MP253CAI3, STM32MP253CAJ3, STM32MP253CAK3, STM32MP253CAL3, STM32MP253DAI3, STM32MP253DAJ3, STM32MP253DAK3, STM32MP253DAL3, STM32MP253FAI3, STM32MP253FAJ3, STM32MP253FAK3, STM32MP253FAL3, STM32MP255AAI3, STM32MP255AAJ3, STM32MP255AAK3, STM32MP255AAL3, STM32MP255CAI3, STM32MP255CAJ3, STM32MP255CAK3, STM32MP255CAL3, STM32MP255DAI3, STM32MP255DAJ3, STM32MP255DAK3, STM32MP255DAL3, STM32MP255FAI3, STM32MP255FAJ3, STM32MP255FAK3, STM32MP255FAL3, STM32MP257AAI3, STM32MP257AAJ3, STM32MP257AAK3, STM32MP257AAL3, STM32MP257CAI3, STM32MP257CAJ3, STM32MP257CAK3, STM32MP257CAL3, STM32MP257DAI3, STM32MP257DAJ3, STM32MP257DAK3, STM32MP257DAL3, STM32MP257F-DK, STM32MP257F-EV1, STM32MP257FAI3, STM32MP257FAJ3, STM32MP257FAK3, STM32MP257FAL3, STM32N645A0H3Q, STM32N645B0H3Q, STM32N645I0H3Q, STM32N645L0H3Q, STM32N645X0H3Q, STM32N645Z0H3Q, STM32N647A0H3Q, STM32N647B0H3Q, STM32N647I0H3Q, STM32N647L0H3Q, STM32N647X0H3Q, STM32N647Z0H3Q, STM32N655A0H3Q, STM32N655B0H3Q, STM32N655I0H3Q, STM32N655L0H3Q, STM32N655X0H3Q, STM32N655Z0H3Q, STM32N6570-DK, STM32N657A0H3Q, STM32N657B0H3Q, STM32N657I0H3Q, STM32N657L0H3Q, STM32N657X0H3Q, STM32N657Z0H3Q, STM32U031C6T6, STM32U031C6U6, STM32U031C8T6, STM32U031C8U6, STM32U031F4P6, STM32U031F6P6, STM32U031F8P6, STM32U031G6Y6TR, STM32U031G8Y6TR, STM32U031K4U6, STM32U031K6U6, STM32U031K8U6, STM32U031R6I6, STM32U031R6T6, STM32U031R8I6, STM32U031R8T6, STM32U073C8T6, STM32U073C8U6, STM32U073CBT6, STM32U073CBU6, STM32U073CCT6, STM32U073CCU6, STM32U073H8Y6TR, STM32U073HBY6TR, STM32U073HCY6TR, STM32U073K8U6, STM32U073KBU6, STM32U073KCU6, STM32U073M8I6, STM32U073M8T6, STM32U073MBI6, STM32U073MBT6, STM32U073MCI6, STM32U073MCT6, STM32U073R8I6, STM32U073R8T6, STM32U073RBI6, STM32U073RBT6, STM32U073RCI6, STM32U073RCT6, STM32U083C-DK, STM32U083CCT6, STM32U083CCU6, STM32U083HCY6TR, STM32U083KCU6, STM32U083MCI6, STM32U083MCT6, STM32U083RCI6, STM32U083RCT6, STM32U375CET6, STM32U375CET6Q, STM32U375CEU6, STM32U375CEU6Q, STM32U375CEY6QTR, STM32U375CGT6, STM32U375CGT6Q, STM32U375CGU6, STM32U375CGU6Q, STM32U375CGY6QTR, STM32U375KEU6, STM32U375KGU6, STM32U375REI6, STM32U375REI6Q, STM32U375RET6, STM32U375RET6Q, STM32U375REY6GTR, STM32U375REY6QTR, STM32U375RGI6, STM32U375RGI6Q, STM32U375RGT6, STM32U375RGT6Q, STM32U375RGY6GTR, STM32U375RGY6QTR, STM32U375VEI6, STM32U375VEI6Q, STM32U375VET6, STM32U375VET6Q, STM32U375VGI6, STM32U375VGI6Q, STM32U375VGT6, STM32U375VGT6Q, STM32U385CGT6, STM32U385CGT6Q, STM32U385CGU6, STM32U385CGU6Q, STM32U385CGY6QTR, STM32U385KGU6, STM32U385RGI6, STM32U385RGI6Q, STM32U385RGT6, STM32U385RGT6Q, STM32U385RGY6GTR, STM32U385RGY6QTR, STM32U385VGI6, STM32U385VGI6Q, STM32U385VGT6, STM32U385VGT6Q, STM32U535CBT6, STM32U535CBT6Q, STM32U535CBU6, STM32U535CBU6Q, STM32U535CCT6, STM32U535CCT6Q, STM32U535CCU6, STM32U535CCU6Q, STM32U535CET6, STM32U535CET6Q, STM32U535CEU6, STM32U535CEU6Q, STM32U535JEY6QTR, STM32U535NCY6QTR, STM32U535NEY6QTR, STM32U535RBI6, STM32U535RBI6Q, STM32U535RBT6, STM32U535RBT6Q, STM32U535RCI6, STM32U535RCI6Q, STM32U535RCT6, STM32U535RCT6Q, STM32U535REI6, STM32U535REI6Q, STM32U535RET6, STM32U535RET6Q, STM32U535VCI6, STM32U535VCI6Q, STM32U535VCT6, STM32U535VCT6Q, STM32U535VEI6, STM32U535VEI6Q, STM32U535VET6, STM32U535VET6Q, STM32U545CET6, STM32U545CET6Q, STM32U545CEU6, STM32U545CEU6Q, STM32U545JEY6QTR, STM32U545NEY6QTR, STM32U545REI6, STM32U545REI6Q, STM32U545RET6, STM32U545RET6Q, STM32U545VEI6, STM32U545VEI6Q, STM32U545VET6, STM32U545VET6Q, STM32U595AIH6, STM32U595AIH6Q, STM32U595AJH6, STM32U595AJH6Q, STM32U595QII6, STM32U595QII6Q, STM32U595QJI6, STM32U595QJI6Q, STM32U595RIT6, STM32U595RIT6Q, STM32U595RJT6, STM32U595RJT6Q, STM32U595VIT6, STM32U595VIT6Q, STM32U595VJT6, STM32U595VJT6Q, STM32U595ZIT6, STM32U595ZIT6Q, STM32U595ZIY6QTR, STM32U595ZJT6, STM32U595ZJT6Q, STM32U595ZJY6QTR, STM32U599BJY6QTR, STM32U599NIH6Q, STM32U599NJH6Q, STM32U599VIT6Q, STM32U599VJT6, STM32U599VJT6Q, STM32U599ZIT6Q, STM32U599ZIY6QTR, STM32U599ZJT6Q, STM32U599ZJY6QTR, STM32U5A5AJH6, STM32U5A5AJH6Q, STM32U5A5QII3Q , STM32U5A5QJI6, STM32U5A5QJI6Q, STM32U5A5RJT6, STM32U5A5RJT6Q, STM32U5A5VJT6, STM32U5A5VJT6Q, STM32U5A5ZJT6, STM32U5A5ZJT6Q, STM32U5A5ZJY6QTR, STM32U5A9BJY6QTR, STM32U5A9J-DK, STM32U5A9NJH6Q, STM32U5A9VJT6Q, STM32U5A9ZJT6Q, STM32U5A9ZJY6QTR, STM32U5F7VIT6, STM32U5F7VIT6Q, STM32U5F7VJT6, STM32U5F7VJT6Q, STM32U5F9BJY6QTR, STM32U5F9NJH6Q, STM32U5F9VIT6Q, STM32U5F9VJT6Q, STM32U5F9ZIJ6QTR, STM32U5F9ZIT6Q, STM32U5F9ZJJ6QTR, STM32U5F9ZJT6Q, STM32U5G7VJT6, STM32U5G7VJT6Q, STM32U5G9BJY6QTR, STM32U5G9J-DK1, STM32U5G9J-DK2, STM32U5G9NJH6Q, STM32U5G9VJT6Q, STM32U5G9ZJJ6QTR, STM32U5G9ZJT6Q, STM32WB05KZV6TR, STM32WB05KZV7TR, STM32WB05TZF6TR, STM32WB05TZF7TR, STM32WB06CCF6TR, STM32WB06CCF7TR, STM32WB06CCV6TR, STM32WB06CCV7TR, STM32WB06KCV6TR, STM32WB06KCV7TR, STM32WB07CCF6TR, STM32WB07CCF7TR, STM32WB07CCV6TR, STM32WB07CCV7TR, STM32WB07KCV6TR, STM32WB07KCV7TR, STM32WB09KEV6TR, STM32WB09KEV7TR, STM32WB09TEF6TR, STM32WB09TEF7TR, STM32WB1MMCH6, STM32WBA50KGU6, STM32WBA50KGU6TR, STM32WBA52CEU6, STM32WBA52CEU6TR, STM32WBA52CEU7, STM32WBA52CEU7TR, STM32WBA52CGU6, STM32WBA52CGU6TR, STM32WBA52CGU6U, STM32WBA52CGU7, STM32WBA52CGU7TR, STM32WBA52KEU6, STM32WBA52KEU6TR, STM32WBA52KGU6, STM32WBA52KGU6TR, STM32WBA54CEU6, STM32WBA54CEU6TR, STM32WBA54CEU7, STM32WBA54CEU7TR, STM32WBA54CGU6, STM32WBA54CGU6TR, STM32WBA54CGU7, STM32WBA54CGU7TR, STM32WBA54KEU6, STM32WBA54KEU6TR, STM32WBA54KEU7, STM32WBA54KEU7TR, STM32WBA54KGU6, STM32WBA54KGU6TR, STM32WBA54KGU7, STM32WBA54KGU7TR, STM32WBA55CEU6, STM32WBA55CEU6TR, STM32WBA55CEU7, STM32WBA55CEU7TR, STM32WBA55CGU6, STM32WBA55CGU6TR, STM32WBA55CGU6U, STM32WBA55CGU7, STM32WBA55CGU7TR, STM32WBA55G-DK1, STM32WBA55HEF6, STM32WBA55HEF7, STM32WBA55HGF6, STM32WBA55HGF7, STM32WBA55UEI6, STM32WBA55UEI6TR, STM32WBA55UEI7, STM32WBA55UEI7TR, STM32WBA55UGI6, STM32WBA55UGI6TR, STM32WBA55UGI7, STM32WBA55UGI7TR, STM32WBA5MJGH6TR, STM32WBA62CGU6, STM32WBA62CIU6, STM32WBA62MGF6, STM32WBA62MIF6, STM32WBA62PGI6, STM32WBA62PII6, STM32WBA63CGU6, STM32WBA63CGU7, STM32WBA63CIU6, STM32WBA63CIU7, STM32WBA64CGU6, STM32WBA64CGU7, STM32WBA64CIU6, STM32WBA64CIU7, STM32WBA65CGU6, STM32WBA65CGU7, STM32WBA65CIU6, STM32WBA65CIU7, STM32WBA65I-DK1, STM32WBA65MGF6, STM32WBA65MGF7, STM32WBA65MIF6, STM32WBA65MIF7, STM32WBA65PGI6, STM32WBA65PGI7, STM32WBA65PII6, STM32WBA65PII7, STM32WBA65RGV6, STM32WBA65RGV7, STM32WBA65RIV6, STM32WBA65RIV7, STM32WL30K8V6, STM32WL30KBV6, STM32WL31C8V6, STM32WL31CBV6, STM32WL31K8V6, STM32WL31KBV6, STM32WL33C8V6, STM32WL33C8V6TR, STM32WL33C8V7, STM32WL33C8V7TR, STM32WL33CBV6, STM32WL33CBV6TR, STM32WL33CBV7, STM32WL33CBV7TR, STM32WL33CCV6, STM32WL33CCV6TR, STM32WL33CCV7, STM32WL33CCV7A, STM32WL33CCV7ATR, STM32WL33CCV7TR, STM32WL33K8V6, STM32WL33K8V6TR, STM32WL33K8V7, STM32WL33K8V7TR, STM32WL33KBV6, STM32WL33KBV6TR, STM32WL33KBV7, STM32WL33KBV7TR, STM32WL33KCV6, STM32WL33KCV6TR, STM32WL33KCV7, STM32WL33KCV7TR, STM32WL5MOCH6, STM32WL5MOCH6TR]
2025-06-29 18:40:02,144 [INFO] BoardInfo:889 - No configuration file found for board P-NUCLEO-WB55
2025-06-29 18:40:02,146 [INFO] DbBoards:161 - Kit is not supported: P-NUCLEO-WB55
2025-06-29 18:40:02,152 [INFO] BoardInfo:889 - No configuration file found for board STEVAL-BFA001V1B
2025-06-29 18:40:02,153 [INFO] DbBoards:161 - Kit is not supported: STEVAL-BFA001V1B
2025-06-29 18:40:02,154 [INFO] BoardInfo:889 - No configuration file found for board STEVAL-BFA001V2B
2025-06-29 18:40:02,155 [INFO] DbBoards:161 - Kit is not supported: STEVAL-BFA001V2B
2025-06-29 18:40:02,385 [INFO] DbBoards:168 - Found 211 boards, 208 are supported
2025-06-29 18:40:02,385 [INFO] DbBoards:169 - Found 211 boards, 43 of them is supported for  Bsp
2025-06-29 18:40:02,395 [INFO] ApiDb:423 - Load user favorites file C:\Users\nisha/.stm32cubeide/favorites.boards.txt: 1 item(s)
2025-06-29 18:40:02,396 [INFO] ApiDb:427 - User favorites Boards=[STM32F407G-DISC1]
2025-06-29 18:40:02,396 [INFO] DbBoards:198 - Set 1 / 1 favorites Boards
2025-06-29 18:40:02,399 [INFO] ApiDb:668 - CubeFinder database Data Model version=2.1
2025-06-29 18:40:02,399 [INFO] ApiDb:669 - CubeFinder database Configuration version=3.0.39
2025-06-29 18:40:02,399 [INFO] ApiDb:670 - CubeFinder database generation date=2025-06-16 (1750072209)
2025-06-29 18:40:02,399 [INFO] ApiDb:671 - CubeFinder database FW Pack versions=[FP-ATR-ASTRA1_V2.0.0, FP-SNS-FLIGHT1_V5.1.0, FP-SNS-MOTENV1_V5.0.0, FP-SNS-MOTENVWB1_V1.4.0, FP-SNS-SMARTAG2_V1.2.0, FP-SNS-STBOX1_V2.0.0, STM32Cube_FW_C0_V1.4.0, STM32Cube_FW_F4_V1.28.2, STM32Cube_FW_F7_V1.17.3, STM32Cube_FW_G0_V1.6.2, STM32Cube_FW_G4_V1.6.1, STM32Cube_FW_H5_V1.5.0, STM32Cube_FW_H7RS_V1.2.0, STM32Cube_FW_H7_V1.12.1, STM32Cube_FW_L0_V1.12.2, STM32Cube_FW_L4_V1.18.1, STM32Cube_FW_L5_V1.5.1, STM32Cube_FW_N6_V1.1.1, STM32Cube_FW_U0_V1.2.0, STM32Cube_FW_U3_V1.1.0, STM32Cube_FW_U5_V1.7.0, STM32Cube_FW_WB0_V1.2.0, STM32Cube_FW_WBA_V1.6.0, STM32Cube_FW_WB_V1.22.0, STM32Cube_FW_WL3_V1.1.0, STM32Cube_FW_WL_V1.3.1, X-CUBE-ALGOBUILD_V1.4.0, X-CUBE-ALS_V1.0.2, X-CUBE-AZRTOS-F4_V1.1.0, X-CUBE-AZRTOS-F7_V1.1.0, X-CUBE-AZRTOS-G0_V1.1.0, X-CUBE-AZRTOS-G4_V2.0.0, X-CUBE-AZRTOS-H7RS_V1.1.0, X-CUBE-AZRTOS-H7_V3.3.0, X-CUBE-AZRTOS-L4_V2.0.0, X-CUBE-AZRTOS-L5_V2.0.0, X-CUBE-AZRTOS-WB_V2.0.0, X-CUBE-AZRTOS-WL_V2.0.0, X-CUBE-BLE1_V7.1.0, X-CUBE-BLE2_V3.3.0, X-CUBE-BLEMGR_V4.0.0, X-CUBE-EEPRMA1_V5.1.0, X-CUBE-FREERTOS_V1.3.1, X-CUBE-GNSS1_V6.0.0, X-CUBE-MEMS1_V11.3.0, X-CUBE-NFC4_V3.0.0, X-CUBE-NFC7_V2.0.0, X-CUBE-SFXS2LP1_V4.0.0, X-CUBE-SUBG2_V5.0.0, X-CUBE-TOF1_V3.4.3]
2025-06-29 18:40:03,124 [ERROR] DbExamplesSqlite:437 - Missing JSON key: board_cpn
2025-06-29 18:40:03,125 [ERROR] DbExamplesSqlite:437 - Missing JSON key: board_cpn
2025-06-29 18:40:03,125 [ERROR] DbExamplesSqlite:437 - Missing JSON key: board_cpn
2025-06-29 18:40:03,125 [ERROR] DbExamplesSqlite:437 - Missing JSON key: board_cpn
2025-06-29 18:40:03,252 [ERROR] DbExamplesSqlite:437 - Missing JSON key: board_cpn
2025-06-29 18:40:03,252 [ERROR] DbExamplesSqlite:437 - Missing JSON key: board_cpn
2025-06-29 18:40:03,253 [ERROR] DbExamplesSqlite:437 - Missing JSON key: board_cpn
2025-06-29 18:40:03,253 [ERROR] DbExamplesSqlite:437 - Missing JSON key: board_cpn
2025-06-29 18:40:03,253 [ERROR] DbExamplesSqlite:437 - Missing JSON key: board_cpn
2025-06-29 18:40:03,253 [ERROR] DbExamplesSqlite:437 - Missing JSON key: board_cpn
2025-06-29 18:40:03,253 [ERROR] DbExamplesSqlite:437 - Missing JSON key: board_cpn
2025-06-29 18:40:03,254 [ERROR] DbExamplesSqlite:437 - Missing JSON key: board_cpn
2025-06-29 18:40:03,254 [ERROR] DbExamplesSqlite:437 - Missing JSON key: board_cpn
2025-06-29 18:40:03,401 [ERROR] DbExamplesSqlite:437 - Missing JSON key: board_cpn
2025-06-29 18:40:03,411 [INFO] DbExamplesSqlite:395 - Ignored 46 examples not supported by CubeIDE
2025-06-29 18:40:03,412 [INFO] DbExamplesSqlite:396 - Found 10825 examples active
2025-06-29 18:40:03,413 [INFO] DbExamplesSqlite:397 - Found 0 examples obsolete
2025-06-29 18:40:03,413 [INFO] DbExamplesSqlite:398 - Found 0 examples under development
2025-06-29 18:40:03,413 [INFO] DbExamplesSqlite:399 - Found 79 examples not building
2025-06-29 18:40:03,415 [INFO] DbExamples:125 - Found 10858 examples
2025-06-29 18:40:03,432 [ERROR] DbExamples:208 - Found 3 examples with invalid data (board or MCU)
2025-06-29 18:40:03,432 [INFO] DbExamples:222 - Found 133 boards with related examples
2025-06-29 18:40:03,433 [INFO] DbExamples:235 - Found 109 MCUs with related examples
2025-06-29 18:40:03,453 [INFO] ApiDb:414 - User favorites file not found: C:\Users\nisha/.stm32cubeide/favorites.examples.txt
2025-06-29 18:40:03,453 [INFO] DbExamples:250 - Set 0 / 0 favorites Examples
2025-06-29 18:40:03,982 [INFO] McuFinderGlobals:76 - Set McuFinderConnectedMode to true
2025-06-29 18:40:03,999 [INFO] MultiScanPanel:200 - Auto-refresh data requested => check proxy status ongoing
2025-06-29 18:40:04,017 [INFO] FinderPluginLoader:95 - Searching for filters in installed packs
2025-06-29 18:40:06,658 [INFO] LoadUrlFilesThread:185 - End of LoadServerUrlFiles without Thread
2025-06-29 18:40:06,712 [INFO] DetailPanel:341 - Set advertising image to C:/Users/nisha/STM32Cube/Repository/\en.cubemxfinderstm32wba6.jpg
2025-06-29 18:40:12,765 [INFO] MultiScanPanel:200 - Auto-refresh data requested => check proxy status ongoing
2025-06-29 18:40:12,993 [INFO] LoadUrlFilesThread:185 - End of LoadServerUrlFiles without Thread
2025-06-29 18:40:12,994 [INFO] DetailPanel:341 - Set advertising image to C:/Users/nisha/STM32Cube/Repository/\en.cubemxfinderstm32wba6.jpg
2025-06-29 18:40:13,008 [INFO] DbBoards:642 - Loading board mini-images...
2025-06-29 18:40:15,431 [INFO] DbBoards:665 - Loaded 211 board mini-images
2025-06-29 18:40:17,352 [INFO] MultiScanPanel:200 - Auto-refresh data requested => check proxy status ongoing
2025-06-29 18:40:17,402 [INFO] SoftwarePacks:127 - Download is needed for SW pack 'FP-ATR-ASTRA1_V2.0.0'
2025-06-29 18:40:17,402 [INFO] SoftwarePacks:127 - Download is needed for SW pack 'FP-SNS-FLIGHT1_V5.1.0'
2025-06-29 18:40:17,402 [INFO] SoftwarePacks:127 - Download is needed for SW pack 'FP-SNS-MOTENV1_V5.0.0'
2025-06-29 18:40:17,402 [INFO] SoftwarePacks:127 - Download is needed for SW pack 'FP-SNS-MOTENVWB1_V1.4.0'
2025-06-29 18:40:17,403 [INFO] SoftwarePacks:127 - Download is needed for SW pack 'FP-SNS-SMARTAG2_V1.2.0'
2025-06-29 18:40:17,403 [INFO] SoftwarePacks:127 - Download is needed for SW pack 'FP-SNS-STBOX1_V2.0.0'
2025-06-29 18:40:17,439 [INFO] SoftwarePacks:127 - Download is needed for SW pack 'STM32Cube_FW_C0_V1.4.0'
2025-06-29 18:40:17,485 [INFO] SoftwarePacks:131 - Found SW pack 'STM32Cube_FW_F4_V1.28.2' up-to-date on disk.
2025-06-29 18:40:17,514 [INFO] SoftwarePacks:127 - Download is needed for SW pack 'STM32Cube_FW_F7_V1.17.3'
2025-06-29 18:40:17,563 [INFO] SoftwarePacks:127 - Download is needed for SW pack 'STM32Cube_FW_G0_V1.6.2'
2025-06-29 18:40:17,595 [INFO] SoftwarePacks:127 - Download is needed for SW pack 'STM32Cube_FW_G4_V1.6.1'
2025-06-29 18:40:17,614 [INFO] SoftwarePacks:127 - Download is needed for SW pack 'STM32Cube_FW_H5_V1.5.0'
2025-06-29 18:40:17,631 [INFO] SoftwarePacks:127 - Download is needed for SW pack 'STM32Cube_FW_H7RS_V1.2.0'
2025-06-29 18:40:17,644 [INFO] SoftwarePacks:127 - Download is needed for SW pack 'STM32Cube_FW_H7_V1.12.1'
2025-06-29 18:40:17,667 [INFO] SoftwarePacks:127 - Download is needed for SW pack 'STM32Cube_FW_L0_V1.12.2'
2025-06-29 18:40:17,683 [INFO] SoftwarePacks:127 - Download is needed for SW pack 'STM32Cube_FW_L4_V1.18.1'
2025-06-29 18:40:17,701 [INFO] SoftwarePacks:127 - Download is needed for SW pack 'STM32Cube_FW_L5_V1.5.1'
2025-06-29 18:40:17,716 [INFO] SoftwarePacks:127 - Download is needed for SW pack 'STM32Cube_FW_N6_V1.1.1'
2025-06-29 18:40:17,737 [INFO] SoftwarePacks:127 - Download is needed for SW pack 'STM32Cube_FW_U0_V1.2.0'
2025-06-29 18:40:17,757 [INFO] SoftwarePacks:127 - Download is needed for SW pack 'STM32Cube_FW_U3_V1.1.0'
2025-06-29 18:40:17,775 [INFO] SoftwarePacks:127 - Download is needed for SW pack 'STM32Cube_FW_U5_V1.7.0'
2025-06-29 18:40:17,790 [INFO] SoftwarePacks:127 - Download is needed for SW pack 'STM32Cube_FW_WB0_V1.2.0'
2025-06-29 18:40:17,805 [INFO] SoftwarePacks:127 - Download is needed for SW pack 'STM32Cube_FW_WBA_V1.6.0'
2025-06-29 18:40:17,818 [INFO] SoftwarePacks:127 - Download is needed for SW pack 'STM32Cube_FW_WB_V1.22.0'
2025-06-29 18:40:17,830 [INFO] SoftwarePacks:127 - Download is needed for SW pack 'STM32Cube_FW_WL3_V1.1.0'
2025-06-29 18:40:17,846 [INFO] SoftwarePacks:127 - Download is needed for SW pack 'STM32Cube_FW_WL_V1.3.1'
2025-06-29 18:40:17,847 [INFO] SoftwarePacks:127 - Download is needed for SW pack 'X-CUBE-ALGOBUILD_V1.4.0'
2025-06-29 18:40:17,848 [INFO] SoftwarePacks:127 - Download is needed for SW pack 'X-CUBE-ALS_V1.0.2'
2025-06-29 18:40:17,848 [INFO] SoftwarePacks:127 - Download is needed for SW pack 'X-CUBE-AZRTOS-F4_V1.1.0'
2025-06-29 18:40:17,848 [INFO] SoftwarePacks:127 - Download is needed for SW pack 'X-CUBE-AZRTOS-F7_V1.1.0'
2025-06-29 18:40:17,848 [INFO] SoftwarePacks:127 - Download is needed for SW pack 'X-CUBE-AZRTOS-G0_V1.1.0'
2025-06-29 18:40:17,848 [INFO] SoftwarePacks:127 - Download is needed for SW pack 'X-CUBE-AZRTOS-G4_V2.0.0'
2025-06-29 18:40:17,849 [INFO] SoftwarePacks:127 - Download is needed for SW pack 'X-CUBE-AZRTOS-H7RS_V1.1.0'
2025-06-29 18:40:17,849 [INFO] SoftwarePacks:127 - Download is needed for SW pack 'X-CUBE-AZRTOS-H7_V3.3.0'
2025-06-29 18:40:17,849 [INFO] SoftwarePacks:127 - Download is needed for SW pack 'X-CUBE-AZRTOS-L4_V2.0.0'
2025-06-29 18:40:17,850 [INFO] SoftwarePacks:127 - Download is needed for SW pack 'X-CUBE-AZRTOS-L5_V2.0.0'
2025-06-29 18:40:17,850 [INFO] SoftwarePacks:127 - Download is needed for SW pack 'X-CUBE-AZRTOS-WB_V2.0.0'
2025-06-29 18:40:17,850 [INFO] SoftwarePacks:127 - Download is needed for SW pack 'X-CUBE-AZRTOS-WL_V2.0.0'
2025-06-29 18:40:17,850 [INFO] SoftwarePacks:127 - Download is needed for SW pack 'X-CUBE-BLE1_V7.1.0'
2025-06-29 18:40:17,850 [INFO] SoftwarePacks:127 - Download is needed for SW pack 'X-CUBE-BLE2_V3.3.0'
2025-06-29 18:40:17,851 [ERROR] SoftwarePacks:139 - Unknown SW pack 'X-CUBE-BLEMGR_V4.0.0'
2025-06-29 18:40:17,851 [INFO] SoftwarePacks:127 - Download is needed for SW pack 'X-CUBE-EEPRMA1_V5.1.0'
2025-06-29 18:40:17,851 [INFO] SoftwarePacks:127 - Download is needed for SW pack 'X-CUBE-FREERTOS_V1.3.1'
2025-06-29 18:40:17,852 [INFO] SoftwarePacks:127 - Download is needed for SW pack 'X-CUBE-GNSS1_V6.0.0'
2025-06-29 18:40:17,852 [INFO] SoftwarePacks:127 - Download is needed for SW pack 'X-CUBE-MEMS1_V11.3.0'
2025-06-29 18:40:17,852 [INFO] SoftwarePacks:127 - Download is needed for SW pack 'X-CUBE-NFC4_V3.0.0'
2025-06-29 18:40:17,852 [INFO] SoftwarePacks:127 - Download is needed for SW pack 'X-CUBE-NFC7_V2.0.0'
2025-06-29 18:40:17,853 [INFO] SoftwarePacks:127 - Download is needed for SW pack 'X-CUBE-SFXS2LP1_V4.0.0'
2025-06-29 18:40:17,853 [INFO] SoftwarePacks:127 - Download is needed for SW pack 'X-CUBE-SUBG2_V5.0.0'
2025-06-29 18:40:17,853 [INFO] SoftwarePacks:127 - Download is needed for SW pack 'X-CUBE-TOF1_V3.4.3'
2025-06-29 18:40:19,536 [INFO] LoadUrlFilesThread:185 - End of LoadServerUrlFiles without Thread
2025-06-29 18:40:19,536 [INFO] DetailPanel:341 - Set advertising image to C:/Users/nisha/STM32Cube/Repository/\en.cubemxfinderstm32wba6.jpg
2025-06-29 18:40:20,690 [ERROR] AppliInfo:139 - Unknown STM32CubeMX version: 6.12.1
2025-06-29 18:41:18,627 [INFO] MainUpdater:2872 - connection check result : 10
2025-06-29 18:41:18,627 [INFO] MainUpdater:2872 - connection check result : 10
2025-06-29 18:41:18,686 [INFO] MicroXplorer:468 - Change Database Path : 
2025-06-29 18:41:18,687 [INFO] MicroXplorer:498 - Change Database Version : DB.6.0.141
2025-06-29 18:41:18,697 [WARN] ThirdParty:871 - waiting for thirdparty lock release [close project]
2025-06-29 18:41:18,698 [INFO] ThirdParty:873 - entering critical section [close project]
2025-06-29 18:41:18,698 [INFO] ThirdParty:883 - exiting critical section [close project]
2025-06-29 18:41:18,703 [INFO] PinOutPanel:1589 - setPackage(No Configuration,No Configuration)
2025-06-29 18:41:18,708 [INFO] UtilMem:75 - Begin LoadConfig() Used Memory: 894859800 Bytes (1073741824)
2025-06-29 18:41:18,714 [INFO] OpenFileManager:354 - Change cursor
2025-06-29 18:41:18,767 [WARN] IntegrityCheckThread:84 - waiting for thirdparty lock release [integrity check]
2025-06-29 18:41:18,768 [INFO] IntegrityCheckThread:86 - entering critical section [integrity check]
2025-06-29 18:41:19,616 [WARN] PackLoader:240 - Cannot read IP mode file for STMicroelectronics.FP-SNS-MOTENVWB1.1.4.0
2025-06-29 18:41:19,680 [WARN] PackLoader:240 - Cannot read IP mode file for STMicroelectronics.X-CUBE-SMBUS.2.1.0
2025-06-29 18:41:19,731 [WARN] PackLoader:240 - Cannot read IP mode file for STMicroelectronics.X-CUBE-WB05N.1.1.0
2025-06-29 18:41:19,759 [WARN] PackLoader:240 - Cannot read IP mode file for STMicroelectronics.X-CUBE-ST60.1.0.0
2025-06-29 18:41:19,844 [WARN] PackLoader:240 - Cannot read IP mode file for STMicroelectronics.X-CUBE-AZRTOS-F7.1.1.0
2025-06-29 18:41:19,929 [WARN] PackLoader:240 - Cannot read IP mode file for STMicroelectronics.X-CUBE-MEMS1.11.0.0
2025-06-29 18:41:20,144 [WARN] PackLoader:240 - Cannot read IP mode file for STMicroelectronics.FP-SNS-FLIGHT1.5.0.2
2025-06-29 18:41:20,177 [WARN] PackLoader:240 - Cannot read IP mode file for STMicroelectronics.X-CUBE-DISPLAY.3.0.0
2025-06-29 18:41:20,208 [WARN] PackLoader:240 - Cannot read IP mode file for STMicroelectronics.X-CUBE-BLE1.7.0.0
2025-06-29 18:41:20,255 [WARN] PackLoader:240 - Cannot read IP mode file for STMicroelectronics.X-CUBE-NFC10.1.0.0
2025-06-29 18:41:20,286 [WARN] PackLoader:240 - Cannot read IP mode file for emotas.I-CUBE-CANOPEN.1.3.0
2025-06-29 18:41:20,316 [WARN] PackLoader:240 - Cannot read IP mode file for STMicroelectronics.X-CUBE-BLEMGR.3.1.0
2025-06-29 18:41:20,344 [WARN] PackLoader:240 - Cannot read IP mode file for STMicroelectronics.FP-SNS-SMARTAG2.1.2.0
2025-06-29 18:41:20,364 [WARN] PackLoader:240 - Cannot read IP mode file for STMicroelectronics.FP-SNS-FLIGHT1.5.1.0
2025-06-29 18:41:20,394 [INFO] LogOutputStream:77 - [STDOUT_REDIRECT] 1 : Invalid condition id : UX_CORESTACK_Condition cause : null
2025-06-29 18:41:20,396 [INFO] LogOutputStream:77 - [STDOUT_REDIRECT] 1 : Invalid condition id : UX_CORESTACK_Condition cause : null
2025-06-29 18:41:20,398 [INFO] LogOutputStream:77 - [STDOUT_REDIRECT] 1 : Invalid condition id : UX_CORESTACK_Condition cause : null
2025-06-29 18:41:20,401 [INFO] LogOutputStream:77 - [STDOUT_REDIRECT] 1 : Invalid condition id : UX_CORESTACK_Condition cause : null
2025-06-29 18:41:20,403 [INFO] LogOutputStream:77 - [STDOUT_REDIRECT] 1 : Invalid condition id : UX_CORESTACK_Condition cause : null
2025-06-29 18:41:20,405 [WARN] PackLoader:240 - Cannot read IP mode file for STMicroelectronics.X-CUBE-AZRTOS-WL.2.0.0
2025-06-29 18:41:20,429 [WARN] PackLoader:240 - Cannot read IP mode file for STMicroelectronics.FP-SNS-MOTENV1.5.0.0
2025-06-29 18:41:20,452 [WARN] PackLoader:240 - Cannot read IP mode file for wolfSSL.I-CUBE-wolfMQTT.1.19.0
2025-06-29 18:41:20,485 [WARN] PackLoader:240 - Cannot read IP mode file for WES.I-CUBE-Cesium.1.3.0
2025-06-29 18:41:20,508 [WARN] PackLoader:240 - Cannot read IP mode file for STMicroelectronics.X-CUBE-BLE2.3.3.0
2025-06-29 18:41:20,532 [WARN] PackLoader:240 - Cannot read IP mode file for STMicroelectronics.X-CUBE-NFC9.1.0.0
2025-06-29 18:41:20,553 [WARN] PackLoader:240 - Cannot read IP mode file for STMicroelectronics.X-CUBE-BLE1.7.1.0
2025-06-29 18:41:20,574 [WARN] PackLoader:240 - Cannot read IP mode file for STMicroelectronics.X-CUBE-TCPP.4.1.0
2025-06-29 18:41:20,599 [WARN] PackLoader:240 - Cannot read IP mode file for STMicroelectronics.X-CUBE-AI.10.1.0
2025-06-29 18:41:20,641 [WARN] PackLoader:240 - Cannot read IP mode file for STMicroelectronics.X-CUBE-AZRTOS-G0.1.1.0
2025-06-29 18:41:20,667 [WARN] PackLoader:240 - Cannot read IP mode file for STMicroelectronics.X-CUBE-SAFEA1.1.2.2
2025-06-29 18:41:20,688 [WARN] PackLoader:240 - Cannot read IP mode file for STMicroelectronics.X-CUBE-NFC4.3.0.0
2025-06-29 18:41:20,717 [WARN] PackLoader:240 - Cannot read IP mode file for EmbeddedOffice.I-CUBE-FS-RTOS.1.0.1
2025-06-29 18:41:20,738 [WARN] PackLoader:240 - Cannot read IP mode file for STMicroelectronics.X-CUBE-WB05N.2.0.0
2025-06-29 18:41:20,763 [WARN] PackLoader:240 - Cannot read IP mode file for STMicroelectronics.X-CUBE-TCPP.4.2.0
2025-06-29 18:41:20,785 [WARN] PackLoader:240 - Cannot read IP mode file for RealThread.X-CUBE-RT-Thread_Nano.4.1.1
2025-06-29 18:41:20,804 [WARN] PackLoader:240 - Cannot read IP mode file for wolfSSL.I-CUBE-wolfSSL.5.7.0
2025-06-29 18:41:20,826 [WARN] PackLoader:240 - Cannot read IP mode file for STMicroelectronics.FP-ATR-SIGFOX1.3.2.0
2025-06-29 18:41:20,849 [WARN] ConditionMgr:438 - getConditionDescription Invalid condition id : Cortex-A Device cause : null
2025-06-29 18:41:20,902 [WARN] ConditionMgr:1044 - genDependencies : Invalid condition id : Cortex-A Device cause : null
2025-06-29 18:41:20,902 [WARN] ConditionMgr:1044 - genDependencies : Invalid condition id : Cortex-A Device cause : null
2025-06-29 18:41:20,902 [WARN] ConditionMgr:1044 - genDependencies : Invalid condition id : Cortex-A Device cause : null
2025-06-29 18:41:20,928 [WARN] PackLoader:240 - Cannot read IP mode file for STMicroelectronics.X-CUBE-EEPRMA1.5.1.0
2025-06-29 18:41:20,952 [WARN] PackLoader:240 - Cannot read IP mode file for ITTIA_DB.I-CUBE-ITTIADB.8.9.0
2025-06-29 18:41:20,994 [WARN] PackLoader:240 - Cannot read IP mode file for STMicroelectronics.X-CUBE-ST67W61.1.0.0
2025-06-29 18:41:21,049 [WARN] PackLoader:240 - Cannot read IP mode file for SEGGER.I-CUBE-embOS.1.3.1
2025-06-29 18:41:21,111 [WARN] PackLoader:240 - Cannot read IP mode file for STMicroelectronics.X-CUBE-ALGOBUILD.1.4.0
2025-06-29 18:41:21,176 [WARN] PackLoader:240 - Cannot read IP mode file for STMicroelectronics.X-CUBE-MEMS1.11.3.0
2025-06-29 18:41:21,331 [WARN] PackLoader:240 - Cannot read IP mode file for STMicroelectronics.X-CUBE-AI.9.1.0
2025-06-29 18:41:21,361 [WARN] PackLoader:240 - Cannot read IP mode file for STMicroelectronics.X-CUBE-PM33A1.1.0.0
2025-06-29 18:41:21,394 [WARN] PackLoader:240 - Cannot read IP mode file for STMicroelectronics.X-CUBE-GNSS1.6.0.0
2025-06-29 18:41:21,445 [WARN] PackLoader:240 - Cannot read IP mode file for STMicroelectronics.X-CUBE-AZRTOS-F4.1.1.0
2025-06-29 18:41:21,480 [WARN] PackLoader:240 - Cannot read IP mode file for Avnet-IotConnect.X-CUBE-IoTC-DA16k-PMOD.1.0.0
2025-06-29 18:41:21,511 [WARN] PackLoader:240 - Cannot read IP mode file for STMicroelectronics.X-CUBE-ISPU.2.1.0
2025-06-29 18:41:21,543 [WARN] PackLoader:240 - Cannot read IP mode file for STMicroelectronics.X-CUBE-FREERTOS.1.2.0
2025-06-29 18:41:21,592 [WARN] PackLoader:240 - Cannot read IP mode file for STMicroelectronics.X-CUBE-AZRTOS-L5.2.0.0
2025-06-29 18:41:21,654 [WARN] PackLoader:240 - Cannot read IP mode file for STMicroelectronics.X-CUBE-NFC6.3.1.0
2025-06-29 18:41:21,684 [WARN] PackLoader:240 - Cannot read IP mode file for STMicroelectronics.X-CUBE-DPower.1.2.0
2025-06-29 18:41:21,713 [WARN] PackLoader:240 - Cannot read IP mode file for STMicroelectronics.X-CUBE-AI.9.0.0
2025-06-29 18:41:21,743 [WARN] PackLoader:240 - Cannot read IP mode file for STMicroelectronics.X-CUBE-FREERTOS.1.3.1
2025-06-29 18:41:21,776 [WARN] PackLoader:240 - Cannot read IP mode file for STMicroelectronics.X-CUBE-NFC7.1.0.1
2025-06-29 18:41:21,809 [WARN] PackLoader:240 - Cannot read IP mode file for wolfSSL.I-CUBE-wolfTPM.3.2.0
2025-06-29 18:41:21,832 [WARN] PackLoader:240 - Cannot read IP mode file for STMicroelectronics.FP-SNS-STAIOTCFT.1.0.0
2025-06-29 18:41:21,854 [WARN] PackLoader:240 - Cannot read IP mode file for STMicroelectronics.X-CUBE-DPower.1.3.0
2025-06-29 18:41:21,893 [WARN] ConditionMgr:438 - getConditionDescription Invalid condition id : LAN8742 Phy interface Condition cause : null
2025-06-29 18:41:21,894 [WARN] PackLoader:240 - Cannot read IP mode file for STMicroelectronics.X-CUBE-AZRTOS-L4.2.0.0
2025-06-29 18:41:21,895 [WARN] ConditionMgr:1044 - genDependencies : Invalid condition id : LAN8742 Phy interface Condition cause : null
2025-06-29 18:41:21,895 [WARN] ConditionMgr:1044 - genDependencies : Invalid condition id : LAN8742 Phy interface Condition cause : null
2025-06-29 18:41:21,896 [WARN] ConditionMgr:1044 - genDependencies : Invalid condition id : LAN8742 Phy interface Condition cause : null
2025-06-29 18:41:21,919 [WARN] PackLoader:240 - Cannot read IP mode file for STMicroelectronics.X-CUBE-SFXS2LP1.4.0.0
2025-06-29 18:41:21,962 [WARN] PackLoader:240 - Cannot read IP mode file for STMicroelectronics.X-CUBE-AZRTOS-H7.3.3.0
2025-06-29 18:41:21,991 [WARN] PackLoader:240 - Cannot read IP mode file for STMicroelectronics.X-CUBE-IPS.3.0.0
2025-06-29 18:41:22,029 [WARN] ConditionMgr:438 - getConditionDescription Invalid condition id : UX DEVICE CLASS RTOS Condition cause : null
2025-06-29 18:41:22,029 [WARN] ConditionMgr:438 - getConditionDescription Invalid condition id : UX DEVICE CLASS RTOS Condition cause : null
2025-06-29 18:41:22,030 [WARN] PackLoader:240 - Cannot read IP mode file for STMicroelectronics.X-CUBE-AZRTOS-WB.2.0.0
2025-06-29 18:41:22,031 [WARN] ConditionMgr:1044 - genDependencies : Invalid condition id : UX DEVICE CLASS RTOS Condition cause : null
2025-06-29 18:41:22,031 [WARN] ConditionMgr:1044 - genDependencies : Invalid condition id : UX DEVICE CLASS RTOS Condition cause : null
2025-06-29 18:41:22,031 [WARN] ConditionMgr:1044 - genDependencies : Invalid condition id : UX DEVICE CLASS RTOS Condition cause : null
2025-06-29 18:41:22,031 [WARN] ConditionMgr:1044 - genDependencies : Invalid condition id : UX DEVICE CLASS RTOS Condition cause : null
2025-06-29 18:41:22,031 [WARN] ConditionMgr:1044 - genDependencies : Invalid condition id : UX DEVICE CLASS RTOS Condition cause : null
2025-06-29 18:41:22,052 [WARN] PackLoader:240 - Cannot read IP mode file for STMicroelectronics.X-CUBE-GNSS1.7.0.0
2025-06-29 18:41:22,072 [WARN] PackLoader:240 - Cannot read IP mode file for STMicroelectronics.X-CUBE-GNSS1.7.0.1
2025-06-29 18:41:22,103 [WARN] PackLoader:240 - Cannot read IP mode file for STMicroelectronics.X-CUBE-TOUCHGFX.4.25.0
2025-06-29 18:41:22,127 [WARN] PackLoader:240 - Cannot read IP mode file for STMicroelectronics.FP-SNS-STBOX1.2.0.0
2025-06-29 18:41:22,154 [WARN] PackLoader:240 - Cannot read IP mode file for STMicroelectronics.X-CUBE-SUBG2.5.0.0
2025-06-29 18:41:22,198 [WARN] PackLoader:240 - Cannot read IP mode file for STMicroelectronics.X-CUBE-AZRTOS-H7RS.1.1.0
2025-06-29 18:41:22,221 [WARN] PackLoader:240 - Cannot read IP mode file for Cesanta.I-CUBE-Mongoose.7.13.0
2025-06-29 18:41:22,261 [WARN] PackLoader:240 - Cannot read IP mode file for STMicroelectronics.X-CUBE-AZRTOS-G4.2.0.0
2025-06-29 18:41:22,283 [WARN] PackLoader:240 - Cannot read IP mode file for STMicroelectronics.X-CUBE-NFC7.2.0.0
2025-06-29 18:41:22,303 [WARN] PackLoader:240 - Cannot read IP mode file for STMicroelectronics.X-CUBE-ISPU.2.0.0
2025-06-29 18:41:22,332 [WARN] PackLoader:240 - Cannot read IP mode file for STMicroelectronics.X-CUBE-IPS.3.1.0
2025-06-29 18:41:22,357 [WARN] PackLoader:240 - Cannot read IP mode file for STMicroelectronics.X-CUBE-ALS.1.0.2
2025-06-29 18:41:22,412 [WARN] PackLoader:240 - Cannot read IP mode file for STMicroelectronics.X-CUBE-MEMS1.10.0.0
2025-06-29 18:41:22,546 [WARN] PackLoader:240 - Cannot read IP mode file for STMicroelectronics.X-CUBE-TOUCHGFX.4.24.0
2025-06-29 18:41:22,565 [WARN] PackLoader:240 - Cannot read IP mode file for STMicroelectronics.X-CUBE-TOUCHGFX.4.24.1
2025-06-29 18:41:22,588 [WARN] PackLoader:240 - Cannot read IP mode file for portGmbH.I-Cube-SoM-uGOAL.1.1.0
2025-06-29 18:41:22,634 [WARN] PackLoader:240 - Cannot read IP mode file for STMicroelectronics.X-CUBE-AZRTOS-H7RS.1.0.0
2025-06-29 18:41:22,660 [WARN] PackLoader:240 - Cannot read IP mode file for STMicroelectronics.FP-ATR-ASTRA1.2.0.0
2025-06-29 18:41:22,687 [WARN] PackLoader:240 - Cannot read IP mode file for STMicroelectronics.X-CUBE-TOF1.3.4.2
2025-06-29 18:41:22,724 [WARN] PackLoader:240 - Cannot read IP mode file for STMicroelectronics.X-CUBE-TOF1.3.4.3
2025-06-29 18:41:22,760 [WARN] PackLoader:240 - Cannot read IP mode file for STMicroelectronics.X-CUBE-TOF1.3.4.1
2025-06-29 18:41:22,802 [WARN] PackLoader:240 - Cannot read IP mode file for STMicroelectronics.X-CUBE-AZRTOS-H7.3.2.0
2025-06-29 18:41:22,852 [WARN] PackLoader:240 - Cannot read IP mode file for Infineon.AIROC-Wi-Fi-Bluetooth-STM32.1.6.0
2025-06-29 18:41:22,880 [WARN] PackLoader:240 - Cannot read IP mode file for wolfSSL.I-CUBE-wolfSSH.1.4.17
2025-06-29 18:41:22,880 [INFO] ThirdParty:978 - Integrity check success = true
2025-06-29 18:41:22,880 [INFO] IntegrityCheckThread:100 - exiting critical section [integrity check]
2025-06-29 18:41:22,880 [INFO] IntegrityCheckThread:103 - End integrity checks thread
2025-06-29 18:41:22,963 [INFO] ProjectFactory:442 - No CPN specified for board STM32F407G-DISC1 => set CPN to STM32F407VGT6
2025-06-29 18:41:22,963 [INFO] Mcu:2011 - Initializing MCU STM32F407V(E-G)Tx STM32F407VGTx STM32F407VGT6
2025-06-29 18:41:26,495 [INFO] Context:756 - Trying to add GPIOservice into a context  which must be forbidden
2025-06-29 18:41:27,227 [INFO] Rule:225 - rule 117617 - U5Cobra4M][GTZC] default value MPCBB3 and MPCBB5 - Not Secured memory - MPCBB1 is applicable
2025-06-29 18:41:27,227 [INFO] Rule:225 - rule 117617 - U5Cobra4M][GTZC] default value MPCBB3 and MPCBB5 - Not Secured memory - MPCBB1 is applicable
2025-06-29 18:41:27,227 [INFO] Rule:225 - rule 117617 - U5Cobra4M][GTZC] default value MPCBB3 and MPCBB5 - Not Secured memory - MPCBB2 is applicable
2025-06-29 18:41:27,227 [INFO] Rule:225 - rule 117617 - U5Cobra4M][GTZC] default value MPCBB3 and MPCBB5 - Not Secured memory - MPCBB2 is applicable
2025-06-29 18:41:27,227 [INFO] Rule:225 - rule 117617 - U5Cobra4M][GTZC] default value MPCBB3 and MPCBB5 - Not Secured memory - MPCBB3 is applicable
2025-06-29 18:41:27,227 [INFO] Rule:225 - rule 117617 - U5Cobra4M][GTZC] default value MPCBB3 and MPCBB5 - Not Secured memory - MPCBB3 is applicable
2025-06-29 18:41:27,227 [INFO] Rule:225 - rule 117617 - U5Cobra4M][GTZC] default value MPCBB3 and MPCBB5 - Not Secured memory - MPCBB4 is applicable
2025-06-29 18:41:27,227 [INFO] Rule:225 - rule 117617 - U5Cobra4M][GTZC] default value MPCBB3 and MPCBB5 - Not Secured memory - MPCBB4 is applicable
2025-06-29 18:41:27,227 [INFO] Rule:225 - rule 117617 - U5Cobra4M][GTZC] default value MPCBB3 and MPCBB5 - Secured memory - MPCBB1 is applicable
2025-06-29 18:41:27,227 [INFO] Rule:225 - rule 117617 - U5Cobra4M][GTZC] default value MPCBB3 and MPCBB5 - Secured memory - MPCBB2 is applicable
2025-06-29 18:41:27,227 [INFO] Rule:225 - rule 117617 - U5Cobra4M][GTZC] default value MPCBB3 and MPCBB5 - Secured memory - MPCBB3 is applicable
2025-06-29 18:41:27,227 [INFO] Rule:225 - rule 117617 - U5Cobra4M][GTZC] default value MPCBB3 and MPCBB5 - Secured memory - MPCBB4 is applicable
2025-06-29 18:41:27,227 [INFO] Rule:225 - rule 117617 - U5Cobra4M][GTZC] default value MPCBB3 and MPCBB5 - Privileged memory - MPCBB1 is applicable
2025-06-29 18:41:27,227 [INFO] Rule:225 - rule 117617 - U5Cobra4M][GTZC] default value MPCBB3 and MPCBB5 - Privileged memory - MPCBB2 is applicable
2025-06-29 18:41:27,227 [INFO] Rule:225 - rule 117617 - U5Cobra4M][GTZC] default value MPCBB3 and MPCBB5 - Privileged memory - MPCBB3 is applicable
2025-06-29 18:41:27,227 [INFO] Rule:225 - rule 117617 - U5Cobra4M][GTZC] default value MPCBB3 and MPCBB5 - Privileged memory - MPCBB4 is applicable
2025-06-29 18:41:27,227 [INFO] Rule:225 - rule 117617 - U5Cobra4M][GTZC] default value MPCBB3 and MPCBB5 - Not Privileged memory - MPCBB1 is applicable
2025-06-29 18:41:27,227 [INFO] Rule:225 - rule 117617 - U5Cobra4M][GTZC] default value MPCBB3 and MPCBB5 - Not Privileged memory - MPCBB2 is applicable
2025-06-29 18:41:27,227 [INFO] Rule:225 - rule 117617 - U5Cobra4M][GTZC] default value MPCBB3 and MPCBB5 - Not Privileged memory - MPCBB3 is applicable
2025-06-29 18:41:27,227 [INFO] Rule:225 - rule 117617 - U5Cobra4M][GTZC] default value MPCBB3 and MPCBB5 - Not Privileged memory - MPCBB4 is applicable
2025-06-29 18:41:27,227 [INFO] Rule:225 - rule 117617 - U5Cobra4M][GTZC] default value MPCBB3 and MPCBB5 - Privileged memory - MPCBB1 is applicable
2025-06-29 18:41:27,227 [INFO] Rule:225 - rule 117617 - U5Cobra4M][GTZC] default value MPCBB3 and MPCBB5 - Privileged memory - MPCBB2 is applicable
2025-06-29 18:41:27,227 [INFO] Rule:225 - rule 117617 - U5Cobra4M][GTZC] default value MPCBB3 and MPCBB5 - Privileged memory - MPCBB3 is applicable
2025-06-29 18:41:27,228 [INFO] Rule:225 - rule 117617 - U5Cobra4M][GTZC] default value MPCBB3 and MPCBB5 - Privileged memory - MPCBB4 is applicable
2025-06-29 18:41:27,228 [INFO] Rule:225 - rule 117617 - U5Cobra4M][GTZC] default value MPCBB3 and MPCBB5 - Privileged memory - MPCBB1 is applicable
2025-06-29 18:41:27,228 [INFO] Rule:225 - rule 117617 - U5Cobra4M][GTZC] default value MPCBB3 and MPCBB5 - Privileged memory - MPCBB2 is applicable
2025-06-29 18:41:27,228 [INFO] Rule:225 - rule 117617 - U5Cobra4M][GTZC] default value MPCBB3 and MPCBB5 - Privileged memory - MPCBB3 is applicable
2025-06-29 18:41:27,228 [INFO] Rule:225 - rule 117617 - U5Cobra4M][GTZC] default value MPCBB3 and MPCBB5 - Privileged memory - MPCBB4 is applicable
2025-06-29 18:41:27,228 [INFO] Rule:225 - rule 117617 - U5Cobra4M][GTZC] default value MPCBB3 and MPCBB5 - Not Privileged memory - MPCBB1 is applicable
2025-06-29 18:41:27,228 [INFO] Rule:225 - rule 117617 - U5Cobra4M][GTZC] default value MPCBB3 and MPCBB5 - Not Privileged memory - MPCBB2 is applicable
2025-06-29 18:41:27,228 [INFO] Rule:225 - rule 117617 - U5Cobra4M][GTZC] default value MPCBB3 and MPCBB5 - Not Privileged memory - MPCBB3 is applicable
2025-06-29 18:41:27,228 [INFO] Rule:225 - rule 117617 - U5Cobra4M][GTZC] default value MPCBB3 and MPCBB5 - Not Privileged memory - MPCBB4 is applicable
2025-06-29 18:41:27,228 [INFO] Rule:225 - rule 117617 - U5Cobra4M][GTZC] default value MPCBB3 and MPCBB5 - Privileged memory - MPCBB1 is applicable
2025-06-29 18:41:27,228 [INFO] Rule:225 - rule 117617 - U5Cobra4M][GTZC] default value MPCBB3 and MPCBB5 - Privileged memory - MPCBB2 is applicable
2025-06-29 18:41:27,228 [INFO] Rule:225 - rule 117617 - U5Cobra4M][GTZC] default value MPCBB3 and MPCBB5 - Privileged memory - MPCBB3 is applicable
2025-06-29 18:41:27,228 [INFO] Rule:225 - rule 117617 - U5Cobra4M][GTZC] default value MPCBB3 and MPCBB5 - Privileged memory - MPCBB4 is applicable
2025-06-29 18:41:27,228 [INFO] Rule:225 - rule Rename SubGHz_Phy SUBGHZ_APPLICATION SUBGHZ_PINGPONG to SUBGHZ_ADV_APPLICATION is applicable
2025-06-29 18:41:27,228 [INFO] Rule:225 - rule Rename Enabled to IBEACON is applicable
2025-06-29 18:41:27,228 [INFO] Rule:225 - rule GTZC_S instance for project manager is applicable
2025-06-29 18:41:27,228 [INFO] Rule:225 - rule GTZC_S instance for context M33S is applicable
2025-06-29 18:41:27,228 [INFO] Rule:225 - rule GTZC_S instance value for IP GTZC is applicable
2025-06-29 18:41:27,228 [INFO] Rule:225 - rule GTZC_S instance for mcu.IP is applicable
2025-06-29 18:41:27,228 [INFO] Rule:225 - rule GTZC_S instance for VP is applicable
2025-06-29 18:41:27,228 [INFO] Rule:225 - rule GTZC_S instance for signal is applicable
2025-06-29 18:41:27,228 [INFO] Rule:225 - rule GTZC_S instance for mcu.Pin is applicable
2025-06-29 18:41:27,228 [INFO] Rule:225 - rule GTZC_S instance for VP is applicable
2025-06-29 18:41:27,228 [INFO] Rule:225 - rule GTZC_S instance for signal is applicable
2025-06-29 18:41:27,228 [INFO] Rule:225 - rule GTZC_S instance for mcu is applicable
2025-06-29 18:41:27,228 [INFO] Rule:225 - rule GTZC_S instance for mcu.Pin is applicable
2025-06-29 18:41:27,228 [INFO] Rule:225 - rule GTZC_S instance value for IP GTZC is applicable
2025-06-29 18:41:27,228 [INFO] Rule:225 - rule GTZC_S instance for project manager is applicable
2025-06-29 18:41:27,228 [INFO] Rule:225 - rule GTZC_S instance for context M33S is applicable
2025-06-29 18:41:27,228 [INFO] Rule:225 - rule GTZC_S instance for VP is applicable
2025-06-29 18:41:27,228 [INFO] Rule:225 - rule GTZC_S instance for signal is applicable
2025-06-29 18:41:27,228 [INFO] Rule:225 - rule SPDIFRX instance for mcu is applicable
2025-06-29 18:41:27,228 [INFO] Rule:225 - rule Rename Tracer Mode is applicable
2025-06-29 18:41:27,228 [INFO] Rule:225 - rule SPDIFRX instance value for IP SPDIFRX is applicable
2025-06-29 18:41:27,228 [INFO] Rule:225 - rule SPDIFRX instance for signal is applicable
2025-06-29 18:41:27,228 [INFO] Rule:225 - rule SPDIFRX instance for project manager is applicable
2025-06-29 18:41:27,229 [INFO] Rule:225 - rule SPDIFRX instance for project manager is applicable
2025-06-29 18:41:27,229 [INFO] Rule:225 - rule ADC Scan  fix with FW F7 is applicable
2025-06-29 18:41:27,229 [INFO] Rule:225 - rule ADC Scan  fix with FW F7 is applicable
2025-06-29 18:41:27,229 [INFO] Rule:225 - rule WakeUp0 Mode is applicable
2025-06-29 18:41:27,229 [INFO] Rule:225 - rule WakeUp0 SIGNAL is applicable
2025-06-29 18:41:27,229 [INFO] Rule:225 - rule WakeUp1 Mode is applicable
2025-06-29 18:41:27,229 [INFO] Rule:225 - rule WakeUp1 SIGNAL is applicable
2025-06-29 18:41:27,229 [INFO] Rule:225 - rule WakeUp2 Mode is applicable
2025-06-29 18:41:27,229 [INFO] Rule:225 - rule WakeUp2 SIGNAL is applicable
2025-06-29 18:41:27,229 [INFO] Rule:225 - rule WakeUp4 Mode is applicable
2025-06-29 18:41:27,229 [INFO] Rule:225 - rule WakeUp4 SIGNAL is applicable
2025-06-29 18:41:27,229 [INFO] Rule:225 - rule WakeUp5 Mode is applicable
2025-06-29 18:41:27,229 [INFO] Rule:225 - rule WakeUp5 SIGNAL is applicable
2025-06-29 18:41:27,229 [INFO] Rule:225 - rule UART/USART WORD LENGTH 7 is applicable
2025-06-29 18:41:27,229 [INFO] Rule:225 - rule UART/USART WORD LENGTH 8 is applicable
2025-06-29 18:41:27,229 [INFO] Rule:225 - rule UART/USART WORD LENGTH 9 is applicable
2025-06-29 18:41:27,229 [INFO] Rule:225 - rule Change Default Value for LSE Drive Capability for WB family is applicable
2025-06-29 18:41:27,229 [INFO] Rule:225 - rule Change Default Value for ADC Clock Prescaler G0 family is applicable
2025-06-29 18:41:27,229 [INFO] Rule:225 - rule ADC SamplingTime fix with FW L0  is applicable
2025-06-29 18:41:27,229 [INFO] Rule:225 - rule ADC SamplingTime fix with FW L0  is applicable
2025-06-29 18:41:27,229 [INFO] Rule:225 - rule ADC SamplingTime fix with FW L0 is applicable
2025-06-29 18:41:27,229 [INFO] Rule:225 - rule ADC SamplingTime fix with FW L0 is applicable
2025-06-29 18:41:27,229 [INFO] Rule:225 - rule ADC SamplingTime fix with FW L0  is applicable
2025-06-29 18:41:27,229 [INFO] Rule:225 - rule ADC SamplingTime fix with FW L0 is applicable
2025-06-29 18:41:27,229 [INFO] Rule:225 - rule Rename USB_OE Signal is applicable
2025-06-29 18:41:27,229 [INFO] Rule:225 - rule Rename Activate_OE Mode is applicable
2025-06-29 18:41:27,229 [INFO] Rule:225 - rule Rename DIE462/DIE415 pin PC14/OSC32_IN -> PC14-OSC32_IN (PC14) is applicable
2025-06-29 18:41:27,229 [INFO] Rule:225 - rule Rename DIE462/DIE415 pin PC15/OSC32_OUT -> PC15-OSC32_OUT (PC15) is applicable
2025-06-29 18:41:27,229 [INFO] Rule:225 - rule Rename DIE462/DIE415 pin PH0/OSC_IN -> PH0-OSC_IN (PH0) is applicable
2025-06-29 18:41:27,229 [INFO] Rule:225 - rule Rename DIE462/DIE415 pin PH1/OSC_OUT -> PH1-OSC_OUT (PH1) is applicable
2025-06-29 18:41:27,229 [INFO] Rule:225 - rule Rename DIE462 pin PA13 -> PA13 (JTMS/SWDIO) is applicable
2025-06-29 18:41:27,229 [INFO] Rule:225 - rule Rename DIE415 pin PA13 -> PA13 (JTMS/SWDIO) is applicable
2025-06-29 18:41:27,229 [INFO] Rule:225 - rule Rename DIE462 pin PA14 -> PA14 (JTCK/SWCLK) is applicable
2025-06-29 18:41:27,229 [INFO] Rule:225 - rule Rename DIE415 pin PA14 -> PA14 (JTCK/SWCLK) is applicable
2025-06-29 18:41:27,229 [INFO] Rule:225 - rule Rename DIE462/DIE415 pin PA15 -> PA15 (JTDI) is applicable
2025-06-29 18:41:27,229 [INFO] Rule:225 - rule Rename DIE462 pin PB3 -> PB3 (JTD0/TRACESWO) is applicable
2025-06-29 18:41:27,230 [INFO] Rule:225 - rule Rename DIE415 pin PB3 -> PB3 (JTD0-TRACESWO) is applicable
2025-06-29 18:41:27,230 [INFO] Rule:225 - rule Rename DIE462/DIE415 pin PB4 -> PB4 (NJTRST) is applicable
2025-06-29 18:41:27,230 [INFO] Rule:225 - rule Rename DIE462 pin PH3/BOOT0 -> PH3-BOOT0 (BOOT0) is applicable
2025-06-29 18:41:27,230 [INFO] Rule:225 - rule Rename CRYP DataEncryptionTypesList to Algorithm is applicable
2025-06-29 18:41:27,230 [INFO] Rule:225 - rule Rename AES DataEncryptionTypesList to Algorithm is applicable
2025-06-29 18:41:27,230 [INFO] Rule:225 - rule Rename TDESECB to CRYP_TDES_ECB is applicable
2025-06-29 18:41:27,230 [INFO] Rule:225 - rule Rename TDESCBC to CRYP_TDES_CBC is applicable
2025-06-29 18:41:27,230 [INFO] Rule:225 - rule Rename DESECB to CRYP_DES_ECB is applicable
2025-06-29 18:41:27,230 [INFO] Rule:225 - rule Rename DESCBC to CRYP_DES_CBC is applicable
2025-06-29 18:41:27,230 [INFO] Rule:225 - rule Rename AESECB to CRYP_AES_ECB is applicable
2025-06-29 18:41:27,230 [INFO] Rule:225 - rule Rename AESCBC to CRYP_AES_CBC is applicable
2025-06-29 18:41:27,230 [INFO] Rule:225 - rule Rename AESCTR to CRYP_AES_CTR is applicable
2025-06-29 18:41:27,230 [INFO] Rule:225 - rule Rename AESGCM to CRYP_AES_GCM is applicable
2025-06-29 18:41:27,230 [INFO] Rule:225 - rule Rename AESCCM to CRYP_AES_CCM is applicable
2025-06-29 18:41:27,230 [INFO] Rule:225 - rule Rename CAN TimeSeg1 to BS1 is applicable
2025-06-29 18:41:27,230 [INFO] Rule:225 - rule Rename CAN TimeSeg2 to BS2 is applicable
2025-06-29 18:41:27,230 [INFO] Rule:225 - rule Rename CAN SyncJumpWidth to SJW is applicable
2025-06-29 18:41:27,230 [INFO] Rule:225 - rule TimeTriggeredMode to TTCM is applicable
2025-06-29 18:41:27,230 [INFO] Rule:225 - rule Rename CAN AutoBusOff to ABOM is applicable
2025-06-29 18:41:27,230 [INFO] Rule:225 - rule Rename CAN AutoWakeUp to AWUM is applicable
2025-06-29 18:41:27,230 [INFO] Rule:225 - rule Rename CAN AutoRetransmission to NART is applicable
2025-06-29 18:41:27,230 [INFO] Rule:225 - rule Rename CAN ReceiveFifoLocked to RFLM is applicable
2025-06-29 18:41:27,230 [INFO] Rule:225 - rule Rename CAN TransmitFifoPriority to TXFP is applicable
2025-06-29 18:41:27,230 [INFO] Rule:225 - rule Rename HRTIMER HRTIM_OUTPUTFAULTLEVEL_HIGH in HRTIMER HRTIM_OUTPUTFAULTLEVEL_HIGHZ is applicable
2025-06-29 18:41:27,230 [INFO] Rule:225 - rule Rename TIMER TIM_CLEARINPUTSOURCE_OCREFCLR in  TIMER TIM_CLEARINPUTSOURCE_NONE for F7 family is applicable
2025-06-29 18:41:27,230 [INFO] Rule:225 - rule FDCAN_R1 - Rename FDCAN mode Master into Classic is applicable
2025-06-29 18:41:27,230 [INFO] Rule:225 - rule FDCAN_R2 - Rename FDCAN mode Slave into Classic is applicable
2025-06-29 18:41:27,230 [INFO] Rule:225 - rule FDCAN1_R3 - if PA10.Mode=FullDuplex, add Pin PA12 is applicable
2025-06-29 18:41:27,230 [INFO] Rule:225 - rule FDCAN1_R3 - if PA9.Mode=FullDuplex, add Pin PA11 is applicable
2025-06-29 18:41:27,230 [INFO] Rule:225 - rule FDCAN1_R3 - Alternatepin_1 - if PE1.Mode=FullDuplex, add Pin PB9 is applicable
2025-06-29 18:41:27,230 [INFO] Rule:225 - rule FDCAN1_R3 - Alternatepin_1 - if PE0.Mode=FullDuplex, add Pin PB8 is applicable
2025-06-29 18:41:27,230 [INFO] Rule:225 - rule FDCAN1_R3 - Alternatepin_2 - if PD5.Mode=FullDuplex, add Pin PD1 is applicable
2025-06-29 18:41:27,230 [INFO] Rule:225 - rule FDCAN1_R3 - Alternatepin_2 - if PD4.Mode=FullDuplex, add Pin PD0 is applicable
2025-06-29 18:41:27,230 [INFO] Rule:225 - rule FDCAN1_R4 - Rename Mode FullDuplex into Enable FDCAN_TXFD for pin PA10 is applicable
2025-06-29 18:41:27,230 [INFO] Rule:225 - rule FDCAN1_R4 - Rename Mode FullDuplex into Enable FDCAN_TXFD for pin PA9 is applicable
2025-06-29 18:41:27,230 [INFO] Rule:225 - rule FDCAN1_R4 - Alternatepin_1 - Rename Mode FullDuplex into Enable FDCAN_TXFD for pin PE1 is applicable
2025-06-29 18:41:27,230 [INFO] Rule:225 - rule FDCAN1_R4 - Alternatepin_1 - Rename Mode FullDuplex into Enable FDCAN_TXFD for pin PE0 is applicable
2025-06-29 18:41:27,230 [INFO] Rule:225 - rule FDCAN1_R4 - Alternatepin_2 - Rename Mode FullDuplex into Enable FDCAN_TXFD for pin PD5 is applicable
2025-06-29 18:41:27,230 [INFO] Rule:225 - rule FDCAN1_R4 - Alternatepin_2 - Rename Mode FullDuplex into Enable FDCAN_TXFD for pin PD4 is applicable
2025-06-29 18:41:27,231 [INFO] Rule:225 - rule FDCAN2_R3 - if PD10.Mode=FullDuplex, add Pin PB13 is applicable
2025-06-29 18:41:27,231 [INFO] Rule:225 - rule FDCAN2_R3 - if PD9.Mode=FullDuplex, add Pin PB12 is applicable
2025-06-29 18:41:27,231 [INFO] Rule:225 - rule FDCAN2_R3 - Alternatepin_1 - if PB7.Mode=FullDuplex, add Pin PB6 is applicable
2025-06-29 18:41:27,231 [INFO] Rule:225 - rule FDCAN2_R3 - Alternatepin_1 - if PD9.Mode=FullDuplex, add Pin PB12 is applicable
2025-06-29 18:41:27,231 [INFO] Rule:225 - rule FDCAN2_R4 - Rename Mode FullDuplex into Enable FDCAN_TXFD for pin PD10 is applicable
2025-06-29 18:41:27,231 [INFO] Rule:225 - rule FDCAN2_R4 - Rename Mode FullDuplex into Enable FDCAN_TXFD for pin PD9 is applicable
2025-06-29 18:41:27,231 [INFO] Rule:225 - rule FDCAN2_R4 - Alternatepin_1 - Rename Mode FullDuplex into Enable FDCAN_TXFD for pin PB7 is applicable
2025-06-29 18:41:27,231 [INFO] Rule:225 - rule FDCAN2_R4 - Alternatepin_1 - Rename Mode FullDuplex into Enable FDCAN_TXFD for pin PD6 is applicable
2025-06-29 18:41:27,231 [INFO] Rule:225 - rule USART TxPinLevelInvertParam Mode is applicable
2025-06-29 18:41:27,231 [INFO] Rule:225 - rule USART RxPinLevelInvertParam Mode is applicable
2025-06-29 18:41:27,231 [INFO] Rule:225 - rule USART DataInvertParam Mode is applicable
2025-06-29 18:41:27,231 [INFO] Rule:225 - rule USART SwapParam Mode is applicable
2025-06-29 18:41:27,231 [INFO] Rule:225 - rule USART OverrunDisableParam Mode is applicable
2025-06-29 18:41:27,231 [INFO] Rule:225 - rule USART DMADisableonRxErrorParam Mode is applicable
2025-06-29 18:41:27,231 [INFO] Rule:225 - rule USART MSBFirstParam Mode is applicable
2025-06-29 18:41:27,231 [INFO] Rule:225 - rule Update MwName for USB_DEVICE is applicable
2025-06-29 18:41:27,231 [INFO] Rule:225 - rule Change PWR_Regulator_Voltage_Scale Default Value for RCC  H7 family is applicable
2025-06-29 18:41:27,231 [INFO] Rule:225 - rule UART/USART IPParameter rename Prescaler parameter to ClockPrescaler is applicable
2025-06-29 18:41:27,231 [INFO] Rule:225 - rule UART/USART Prescaler rename Prescaler parameter to ClockPrescaler is applicable
2025-06-29 18:41:27,231 [INFO] Rule:225 - rule TIM1CLockSelection is applicable
2025-06-29 18:41:27,231 [INFO] Rule:225 - rule TIM15CLockSelection is applicable
2025-06-29 18:41:27,231 [INFO] Rule:225 - rule align RCC SDMMC3CLockSelection default value on MP1 is applicable
2025-06-29 18:41:27,231 [INFO] Rule:225 - rule align RCC SDMMC12CLockSelection default value on MP1 is applicable
2025-06-29 18:41:27,231 [INFO] Rule:225 - rule align RCC QSPICLockSelection default value on MP1 is applicable
2025-06-29 18:41:27,231 [INFO] Rule:225 - rule align RCC QSPICLockSelection default value on MP1 is applicable
2025-06-29 18:41:27,231 [INFO] Rule:225 - rule align RCC SPI6CLockSelection default value on MP1 is applicable
2025-06-29 18:41:27,231 [INFO] Rule:225 - rule align RCC LPTIM23CLockSelection default value on MP1 is applicable
2025-06-29 18:41:27,231 [INFO] Rule:225 - rule align RCC LPTIM1CLockSelection default value on MP1 is applicable
2025-06-29 18:41:27,231 [INFO] Rule:225 - rule align RCC USART1CLockSelection default value on MP1 is applicable
2025-06-29 18:41:27,231 [INFO] Rule:225 - rule align RCC USART24CLockSelection default value on MP1 is applicable
2025-06-29 18:41:27,231 [INFO] Rule:225 - rule align RCC USART6CLockSelection default value on MP1 is applicable
2025-06-29 18:41:27,231 [INFO] Rule:225 - rule align RCC UART78CLockSelection default value on MP1 is applicable
2025-06-29 18:41:27,231 [INFO] Rule:225 - rule align RCC USART35CLockSelection default value on MP1 is applicable
2025-06-29 18:41:27,231 [INFO] Rule:225 - rule align RCC SPI45CLockSelection default value on MP1 is applicable
2025-06-29 18:41:27,231 [INFO] Rule:225 - rule align RCC I2C46CLockSelection BCLK value on MP1 is applicable
2025-06-29 18:41:27,231 [INFO] Rule:225 - rule align RCC SPI45CLockSelection default value on MP1 is applicable
2025-06-29 18:41:27,231 [INFO] Rule:225 - rule align RCC I2C12CLockSelection default value on MP1 is applicable
2025-06-29 18:41:27,231 [INFO] Rule:225 - rule align RCC I2C35CLockSelection default value on MP1 is applicable
2025-06-29 18:41:27,231 [INFO] Rule:225 - rule align RCC LPTIM45CLockSelection default value on MP1 is applicable
2025-06-29 18:41:27,231 [INFO] Rule:225 - rule Rename DCMI PIXCK signal is applicable
2025-06-29 18:41:27,232 [INFO] Rule:225 - rule Change Default Value for I2C46CLockSelection MP1 family is applicable
2025-06-29 18:41:27,232 [INFO] Rule:225 - rule Change Default Value for UART for G4, G0 and WB families is applicable
2025-06-29 18:41:27,232 [INFO] Rule:225 - rule Change Default Value for USART for G4, G0 and WB families is applicable
2025-06-29 18:41:27,232 [INFO] Rule:225 - rule Change Default Value for USART for G4 family is applicable
2025-06-29 18:41:27,232 [INFO] Rule:225 - rule Change USART1CLockSelection refparam name for MP1 is applicable
2025-06-29 18:41:27,232 [INFO] Rule:225 - rule Change USART2CLockSelection refparam name for MP1 is applicable
2025-06-29 18:41:27,232 [INFO] Rule:225 - rule Change USART3CLockSelection refparam name for MP1 is applicable
2025-06-29 18:41:27,232 [INFO] Rule:225 - rule Change UART4CLockSelection refparam name for MP1 is applicable
2025-06-29 18:41:27,232 [INFO] Rule:225 - rule Change UART5CLockSelection refparam name for MP1 is applicable
2025-06-29 18:41:27,232 [INFO] Rule:225 - rule Change LPUART1CLockSelection refparam name for MP1 is applicable
2025-06-29 18:41:27,232 [INFO] Rule:225 - rule Change LPTIM1CLockSelection refparam name for MP1 is applicable
2025-06-29 18:41:27,232 [INFO] Rule:225 - rule Change LPTIM2CLockSelection refparam name for MP1 is applicable
2025-06-29 18:41:27,232 [INFO] Rule:225 - rule Change RCC_MCO1Source refparam name for MP1 is applicable
2025-06-29 18:41:27,232 [INFO] Rule:225 - rule Change LSCOSource1 refparam name for MP1 is applicable
2025-06-29 18:41:27,232 [INFO] Rule:225 - rule Change SMPSCLockSelection refparam name for MP1 is applicable
2025-06-29 18:41:27,232 [INFO] Rule:225 - rule Change LPTIM3CLockSelection refparam name for MP1 is applicable
2025-06-29 18:41:27,232 [INFO] Rule:225 - rule Change MPCBB* Default Template Mode to Parameters is applicable
2025-06-29 18:41:27,232 [INFO] Rule:225 - rule Change MPCWM* or MPCBB* Secure Mode to Parameters is applicable
2025-06-29 18:41:27,232 [INFO] Rule:225 - rule Change MPCWM* or MPCBB* No Secure Mode to Parameters is applicable
2025-06-29 18:41:27,232 [INFO] Rule:225 - rule Change TZSC IP Secure Mode to Parameters is applicable
2025-06-29 18:41:27,232 [INFO] Rule:225 - rule Change TZSC IP No Secure Mode to Parameters is applicable
2025-06-29 18:41:27,232 [INFO] Rule:225 - rule Change TZSC IP Privilege Mode to Parameters is applicable
2025-06-29 18:41:27,232 [INFO] Rule:225 - rule Change TZSC IP No Privilege Mode to Parameters is applicable
2025-06-29 18:41:27,232 [INFO] Rule:225 - rule Change TZIC IT Secure Mode to Parameters is applicable
2025-06-29 18:41:27,232 [INFO] Rule:225 - rule Change TZIC IT No Secure Mode to Parameters is applicable
2025-06-29 18:41:27,232 [INFO] Rule:225 - rule Add MPCBB1_NonSecureArea_Start_Address value with referenced to MPCBB1_NonSecureArea_Start value is applicable
2025-06-29 18:41:27,232 [INFO] Rule:225 - rule Add MPCBB2_NonSecureArea_Start_Address value with referenced to MPCBB2_NonSecureArea_Start value is applicable
2025-06-29 18:41:27,232 [INFO] Rule:225 - rule Add MPCWM1_NonSecureArea*_Start_Address value with referenced to MPCWM1_NonSecureArea*_Start value is applicable
2025-06-29 18:41:27,232 [INFO] Rule:225 - rule Add MPCWM2_NonSecureArea*_Start_Address value with referenced to MPCWM2_NonSecureArea*_Start value is applicable
2025-06-29 18:41:27,232 [INFO] Rule:225 - rule Add MPCWM3_NonSecureArea_Start_Address value with referenced to MPCWM3_NonSecureArea_Start value is applicable
2025-06-29 18:41:27,232 [INFO] Rule:225 - rule Change Default Value for PLL1UserDefinedConfig is applicable
2025-06-29 18:41:27,232 [INFO] Rule:225 - rule Change GPIO_PuPd Default Value for USART in async mode is applicable
2025-06-29 18:41:27,232 [INFO] Rule:225 - rule Change SMPSDivider Default Value is applicable
2025-06-29 18:41:27,232 [INFO] Rule:225 - rule OPAMP is applicable
2025-06-29 18:41:27,232 [INFO] Rule:225 - rule LPUART IPParameter rename Prescaler parameter to ClockPrescaler for STM32H7 is applicable
2025-06-29 18:41:27,232 [INFO] Rule:225 - rule LPUART IPParameter rename Prescaler parameter to ClockPrescaler for STM32H7 is applicable
2025-06-29 18:41:27,232 [INFO] Rule:225 - rule LPUART IPParameter rename Prescaler parameter to ClockPrescaler for STM32WB is applicable
2025-06-29 18:41:27,232 [INFO] Rule:225 - rule LPUART IPParameter rename Prescaler parameter to ClockPrescaler for STM32WB is applicable
2025-06-29 18:41:27,232 [INFO] Rule:225 - rule LPUART IPParameter rename Prescaler parameter to ClockPrescaler for STM32G4 is applicable
2025-06-29 18:41:27,232 [INFO] Rule:225 - rule LPUART IPParameter rename Prescaler parameter to ClockPrescaler for STM32G4 is applicable
2025-06-29 18:41:27,232 [INFO] Rule:225 - rule LPUART IPParameter rename Prescaler parameter to ClockPrescaler for STM32L5 is applicable
2025-06-29 18:41:27,232 [INFO] Rule:225 - rule LPUART IPParameter rename Prescaler parameter to ClockPrescaler for STM32L5 is applicable
2025-06-29 18:41:27,232 [INFO] Rule:225 - rule LPUART IPParameter rename Prescaler parameter to ClockPrescaler for STM32G4 is applicable
2025-06-29 18:41:27,232 [INFO] Rule:225 - rule LPUART IPParameter rename Prescaler parameter to ClockPrescaler for STM32G4 is applicable
2025-06-29 18:41:27,232 [INFO] Rule:225 - rule USB device lib V2.5.3 for L0 rename USBD_SUPPORT_USER_STRING parameter to USBD_SUPPORT_USER_STRING_DESC4 is applicable
2025-06-29 18:41:27,233 [INFO] Rule:225 - rule I2SCLockSelection clock entry align is applicable
2025-06-29 18:41:27,233 [INFO] Rule:225 - rule Assign TIMx context if used as SYS timebase is applicable
2025-06-29 18:41:27,233 [INFO] Rule:225 - rule Change GPIO_Pu Default Value for I2C is applicable
2025-06-29 18:41:27,233 [INFO] Rule:225 - rule Change GPIO_Pu Default Value for SMBus is applicable
2025-06-29 18:41:27,233 [INFO] Rule:225 - rule change FDCAN default value is applicable
2025-06-29 18:41:27,233 [INFO] Rule:225 - rule Change mode sai is applicable
2025-06-29 18:41:27,233 [INFO] Rule:225 - rule **Change sai mode is applicable
2025-06-29 18:41:27,233 [INFO] Rule:225 - rule Rename STM32WPAN CFG_BLE_IRK to CFG_BLE_IR is applicable
2025-06-29 18:41:27,233 [INFO] Rule:225 - rule Rename STM32WPAN CFG_BLE_ERK to CFG_BLE_ER is applicable
2025-06-29 18:41:27,233 [INFO] Rule:225 - rule Rename STM32WPAN CFG_BLE_IRK_HEX to CFG_BLE_IR_HEX is applicable
2025-06-29 18:41:27,233 [INFO] Rule:225 - rule Rename STM32WPAN CFG_BLE_ERK_HEX to CFG_BLE_ER_HEX is applicable
2025-06-29 18:41:27,233 [INFO] Rule:225 - rule Adapt Old IOC before rework replace old CORTEX_M33/CORTEX_M55 attributes by the new one. is applicable
2025-06-29 18:41:27,233 [INFO] Rule:225 - rule Rename parametre of RCC RCC_APBDBG_DIV2 to RCC_TIMPRES_DIV2 is applicable
2025-06-29 18:41:27,233 [INFO] Rule:225 - rule Rename DIE493 pin PA10 [PA12] -> PA10 is applicable
2025-06-29 18:41:27,233 [INFO] Rule:225 - rule Rename DIE493 pin PA9 [PA11] -> PA9 is applicable
2025-06-29 18:41:27,233 [INFO] Rule:225 - rule Adapt Old IOC CSI. is applicable
2025-06-29 18:41:27,254 [INFO] DbConfProperties:307 - Apply Compatibility (34/235 Rules)
2025-06-29 18:41:27,313 [INFO] ImportTextPane:218 - (OptionalMessage_ERROR) Unable to find key (Mcu.ThirdPartyNb) in loaded IOC file
2025-06-29 18:41:27,324 [INFO] ImportTextPane:218 - (OptionalMessage_ERROR) Pin34 (VP_RIF_VS_RIF1) cannot be retrieved for this MCU
2025-06-29 18:41:27,752 [INFO] RtosManager:558 - Registered RTOS mode: class=CMSIS, group=RTOS, mode=CMSIS_V1, owner=FREERTOS
2025-06-29 18:41:27,752 [INFO] RtosManager:558 - Registered RTOS mode: class=CMSIS, group=RTOS2, mode=CMSIS_V2, owner=FREERTOS
2025-06-29 18:41:27,752 [INFO] RtosManager:558 - Registered RTOS mode: class=RTOS, group=Core, mode=CMSIS_V1, owner=FREERTOS
2025-06-29 18:41:27,752 [INFO] RtosManager:558 - Registered RTOS mode: class=RTOS, group=Core, mode=CMSIS_V2, owner=FREERTOS
2025-06-29 18:41:27,753 [WARN] ModelIntegratedComponent:184 - Missing modes for component STMicroelectronics:FreeRTOS:0.0.1:STMicroelectronics:RTOS:FreeRTOS:Core:::10.2.0:
2025-06-29 18:41:27,771 [WARN] ModelIntegratedComponent:63 - No mode defined for component null
2025-06-29 18:41:27,771 [WARN] ModelIntegratedComponent:63 - No mode defined for component null
2025-06-29 18:41:27,771 [WARN] ModelIntegratedComponent:63 - No mode defined for component null
2025-06-29 18:41:27,771 [WARN] ModelIntegratedComponent:63 - No mode defined for component null
2025-06-29 18:41:27,771 [WARN] ModelIntegratedComponent:63 - No mode defined for component null
2025-06-29 18:41:27,771 [WARN] ModelIntegratedComponent:63 - No mode defined for component null
2025-06-29 18:41:27,771 [WARN] ModelIntegratedComponent:63 - No mode defined for component null
2025-06-29 18:41:27,771 [WARN] ModelIntegratedComponent:63 - No mode defined for component null
2025-06-29 18:41:27,771 [WARN] ModelIntegratedComponent:63 - No mode defined for component null
2025-06-29 18:41:27,772 [WARN] ModelIntegratedComponent:63 - No mode defined for component null
2025-06-29 18:41:27,772 [WARN] ModelIntegratedComponent:63 - No mode defined for component null
2025-06-29 18:41:27,772 [WARN] ModelIntegratedComponent:63 - No mode defined for component null
2025-06-29 18:41:27,772 [WARN] ModelIntegratedComponent:63 - No mode defined for component null
2025-06-29 18:41:27,774 [WARN] ModelIntegratedComponent:63 - No mode defined for component null
2025-06-29 18:41:27,774 [WARN] ModelIntegratedComponent:63 - No mode defined for component null
2025-06-29 18:41:27,774 [WARN] ModelIntegratedComponent:63 - No mode defined for component null
2025-06-29 18:41:27,774 [WARN] ModelIntegratedComponent:63 - No mode defined for component null
2025-06-29 18:41:27,774 [WARN] ModelIntegratedComponent:63 - No mode defined for component null
2025-06-29 18:41:27,774 [WARN] ModelIntegratedComponent:63 - No mode defined for component null
2025-06-29 18:41:27,774 [WARN] ModelIntegratedComponent:63 - No mode defined for component null
2025-06-29 18:41:27,774 [WARN] ModelIntegratedComponent:63 - No mode defined for component null
2025-06-29 18:41:27,775 [WARN] ModelIntegratedComponent:63 - No mode defined for component null
2025-06-29 18:41:27,775 [WARN] ModelIntegratedComponent:63 - No mode defined for component null
2025-06-29 18:41:27,775 [WARN] ModelIntegratedComponent:63 - No mode defined for component null
2025-06-29 18:41:27,775 [WARN] ModelIntegratedComponent:63 - No mode defined for component null
2025-06-29 18:41:27,776 [WARN] ModelIntegratedComponent:63 - No mode defined for component null
2025-06-29 18:41:27,776 [WARN] ModelIntegratedComponent:63 - No mode defined for component null
2025-06-29 18:41:27,776 [WARN] ModelIntegratedComponent:63 - No mode defined for component null
2025-06-29 18:41:27,776 [WARN] ModelIntegratedComponent:63 - No mode defined for component null
2025-06-29 18:41:27,777 [WARN] ModelIntegratedComponent:63 - No mode defined for component null
2025-06-29 18:41:27,777 [WARN] ModelIntegratedComponent:63 - No mode defined for component null
2025-06-29 18:41:27,777 [WARN] ModelIntegratedComponent:63 - No mode defined for component null
2025-06-29 18:41:27,777 [WARN] ModelIntegratedComponent:63 - No mode defined for component null
2025-06-29 18:41:27,777 [WARN] ModelIntegratedComponent:63 - No mode defined for component null
2025-06-29 18:41:27,777 [WARN] ModelIntegratedComponent:63 - No mode defined for component null
2025-06-29 18:41:27,777 [WARN] ModelPack:524 - Component already loaded: STMicroelectronics:HAL Drivers:0.0.0:STMicroelectronics:Device:STMicro_Driver:XSPI:HAL::0.0.1:HAL_XSPI
2025-06-29 18:41:28,353 [INFO] ThirdPartyModel:298 - Start build external matchings
2025-06-29 18:41:29,926 [INFO] ThirdPartyModel:316 - End build external matchings
2025-06-29 18:41:30,552 [INFO] UtilMem:75 - End LoadConfig() Used Memory: 901732824 Bytes (1073741824)
2025-06-29 18:41:30,785 [WARN] ThirdParty:833 - waiting for thirdparty lock release [change project]
2025-06-29 18:41:30,786 [INFO] ThirdParty:835 - entering critical section [change project]
2025-06-29 18:41:30,786 [INFO] ThirdParty:1030 - CMSIS Pack Vendor :STMicroelectronics X-CUBE-PM33A1 1.0.0
2025-06-29 18:41:30,787 [INFO] ThirdParty:1030 - CMSIS Pack Vendor :STMicroelectronics USBPD 4.1
2025-06-29 18:41:30,787 [INFO] ThirdParty:1030 - CMSIS Pack Vendor :STMicroelectronics X-CUBE-GNSS1 6.0.0
2025-06-29 18:41:30,787 [INFO] ThirdParty:1030 - CMSIS Pack Vendor :STMicroelectronics USB_HOST 2.0.0
2025-06-29 18:41:30,787 [INFO] ThirdParty:1030 - CMSIS Pack Vendor :STMicroelectronics FP-SNS-MOTENVWB1 1.4.0
2025-06-29 18:41:30,787 [INFO] ThirdParty:1030 - CMSIS Pack Vendor :STMicroelectronics X-CUBE-AZRTOS-F4 1.1.0
2025-06-29 18:41:30,787 [INFO] ThirdParty:1030 - CMSIS Pack Vendor :STMicroelectronics LIBJPEG 8.0.0
2025-06-29 18:41:30,787 [INFO] ThirdParty:1030 - CMSIS Pack Vendor :Avnet-IotConnect X-CUBE-IoTC-DA16k-PMOD 1.0.0
2025-06-29 18:41:30,787 [INFO] ThirdParty:1030 - CMSIS Pack Vendor :STMicroelectronics X-CUBE-SMBUS 2.1.0
2025-06-29 18:41:30,787 [INFO] ThirdParty:1030 - CMSIS Pack Vendor :STMicroelectronics X-CUBE-WB05N 1.1.0
2025-06-29 18:41:30,787 [INFO] ThirdParty:1030 - CMSIS Pack Vendor :STMicroelectronics X-CUBE-ISPU 2.1.0
2025-06-29 18:41:30,787 [INFO] ThirdParty:1030 - CMSIS Pack Vendor :STMicroelectronics X-CUBE-FREERTOS 1.2.0
2025-06-29 18:41:30,787 [INFO] ThirdParty:1030 - CMSIS Pack Vendor :STMicroelectronics X-CUBE-ST60 1.0.0
2025-06-29 18:41:30,787 [INFO] ThirdParty:1030 - CMSIS Pack Vendor :STMicroelectronics X-CUBE-AZRTOS-F7 1.1.0
2025-06-29 18:41:30,787 [INFO] ThirdParty:1030 - CMSIS Pack Vendor :STMicroelectronics X-CUBE-AZRTOS-L5 2.0.0
2025-06-29 18:41:30,787 [INFO] ThirdParty:1030 - CMSIS Pack Vendor :STMicroelectronics USB_DEVICE 2.0.0
2025-06-29 18:41:30,787 [INFO] ThirdParty:1030 - CMSIS Pack Vendor :STMicroelectronics X-CUBE-NFC6 3.1.0
2025-06-29 18:41:30,787 [INFO] ThirdParty:1030 - CMSIS Pack Vendor :STMicroelectronics X-CUBE-MEMS1 11.0.0
2025-06-29 18:41:30,787 [INFO] ThirdParty:1030 - CMSIS Pack Vendor :STMicroelectronics FreeRTOS 0.0.1
2025-06-29 18:41:30,787 [INFO] ThirdParty:1030 - CMSIS Pack Vendor :STMicroelectronics X-CUBE-DPower 1.2.0
2025-06-29 18:41:30,787 [INFO] ThirdParty:1030 - CMSIS Pack Vendor :STMicroelectronics FP-SNS-FLIGHT1 5.0.2
2025-06-29 18:41:30,787 [INFO] ThirdParty:1030 - CMSIS Pack Vendor :STMicroelectronics X-CUBE-AI 9.0.0
2025-06-29 18:41:30,787 [INFO] ThirdParty:1030 - CMSIS Pack Vendor :STMicroelectronics PDM2PCM 3.3.0
2025-06-29 18:41:30,787 [INFO] ThirdParty:1030 - CMSIS Pack Vendor :STMicroelectronics X-CUBE-DISPLAY 3.0.0
2025-06-29 18:41:30,787 [INFO] ThirdParty:1030 - CMSIS Pack Vendor :STMicroelectronics X-CUBE-BLE1 7.0.0
2025-06-29 18:41:30,787 [INFO] ThirdParty:1030 - CMSIS Pack Vendor :STMicroelectronics X-CUBE-NFC10 1.0.0
2025-06-29 18:41:30,787 [INFO] ThirdParty:1030 - CMSIS Pack Vendor :STMicroelectronics X-CUBE-FREERTOS 1.3.1
2025-06-29 18:41:30,787 [INFO] ThirdParty:1030 - CMSIS Pack Vendor :STMicroelectronics HAL Drivers 0.0.0
2025-06-29 18:41:30,787 [INFO] ThirdParty:1030 - CMSIS Pack Vendor :emotas I-CUBE-CANOPEN 1.3.0
2025-06-29 18:41:30,787 [INFO] ThirdParty:1030 - CMSIS Pack Vendor :STMicroelectronics X-CUBE-NFC7 1.0.1
2025-06-29 18:41:30,787 [INFO] ThirdParty:1030 - CMSIS Pack Vendor :STMicroelectronics MBEDTLS 2.14.1
2025-06-29 18:41:30,787 [INFO] ThirdParty:1030 - CMSIS Pack Vendor :wolfSSL I-CUBE-wolfTPM 3.2.0
2025-06-29 18:41:30,787 [INFO] ThirdParty:1030 - CMSIS Pack Vendor :STMicroelectronics X-CUBE-BLEMGR 3.1.0
2025-06-29 18:41:30,787 [INFO] ThirdParty:1030 - CMSIS Pack Vendor :STMicroelectronics FP-SNS-STAIOTCFT 1.0.0
2025-06-29 18:41:30,787 [INFO] ThirdParty:1030 - CMSIS Pack Vendor :STMicroelectronics FP-SNS-SMARTAG2 1.2.0
2025-06-29 18:41:30,787 [INFO] ThirdParty:1030 - CMSIS Pack Vendor :STMicroelectronics FP-SNS-FLIGHT1 5.1.0
2025-06-29 18:41:30,787 [INFO] ThirdParty:1030 - CMSIS Pack Vendor :STMicroelectronics X-CUBE-AZRTOS-WL 2.0.0
2025-06-29 18:41:30,787 [INFO] ThirdParty:1030 - CMSIS Pack Vendor :STMicroelectronics X-CUBE-DPower 1.3.0
2025-06-29 18:41:30,787 [INFO] ThirdParty:1030 - CMSIS Pack Vendor :STMicroelectronics FP-SNS-MOTENV1 5.0.0
2025-06-29 18:41:30,787 [INFO] ThirdParty:1030 - CMSIS Pack Vendor :STMicroelectronics USB_DEVICE 1.0.0
2025-06-29 18:41:30,787 [INFO] ThirdParty:1030 - CMSIS Pack Vendor :wolfSSL I-CUBE-wolfMQTT 1.19.0
2025-06-29 18:41:30,787 [INFO] ThirdParty:1030 - CMSIS Pack Vendor :STMicroelectronics X-CUBE-AZRTOS-L4 2.0.0
2025-06-29 18:41:30,787 [INFO] ThirdParty:1030 - CMSIS Pack Vendor :STMicroelectronics ThreadX 0.0.2
2025-06-29 18:41:30,787 [INFO] ThirdParty:1030 - CMSIS Pack Vendor :WES I-CUBE-Cesium 1.3.0
2025-06-29 18:41:30,787 [INFO] ThirdParty:1030 - CMSIS Pack Vendor :STMicroelectronics lwIP 2.1.2
2025-06-29 18:41:30,787 [INFO] ThirdParty:1030 - CMSIS Pack Vendor :STMicroelectronics X-CUBE-SFXS2LP1 4.0.0
2025-06-29 18:41:30,787 [INFO] ThirdParty:1030 - CMSIS Pack Vendor :STMicroelectronics X-CUBE-BLE2 3.3.0
2025-06-29 18:41:30,787 [INFO] ThirdParty:1030 - CMSIS Pack Vendor :STMicroelectronics PDM2PCM 3.2.0
2025-06-29 18:41:30,787 [INFO] ThirdParty:1030 - CMSIS Pack Vendor :STMicroelectronics X-CUBE-AZRTOS-H7 3.3.0
2025-06-29 18:41:30,787 [INFO] ThirdParty:1030 - CMSIS Pack Vendor :STMicroelectronics X-CUBE-NFC9 1.0.0
2025-06-29 18:41:30,787 [INFO] ThirdParty:1030 - CMSIS Pack Vendor :STMicroelectronics X-CUBE-BLE1 7.1.0
2025-06-29 18:41:30,787 [INFO] ThirdParty:1030 - CMSIS Pack Vendor :STMicroelectronics USB_DEVICE 3.0.0
2025-06-29 18:41:30,787 [INFO] ThirdParty:1030 - CMSIS Pack Vendor :STMicroelectronics X-CUBE-TCPP 4.1.0
2025-06-29 18:41:30,788 [INFO] ThirdParty:1030 - CMSIS Pack Vendor :STMicroelectronics X-CUBE-IPS 3.0.0
2025-06-29 18:41:30,788 [INFO] ThirdParty:1030 - CMSIS Pack Vendor :STMicroelectronics X-CUBE-AZRTOS-WB 2.0.0
2025-06-29 18:41:30,788 [INFO] ThirdParty:1030 - CMSIS Pack Vendor :STMicroelectronics X-CUBE-GNSS1 7.0.0
2025-06-29 18:41:30,788 [INFO] ThirdParty:1030 - CMSIS Pack Vendor :STMicroelectronics X-CUBE-GNSS1 7.0.1
2025-06-29 18:41:30,788 [INFO] ThirdParty:1030 - CMSIS Pack Vendor :STMicroelectronics X-CUBE-TOUCHGFX 4.25.0
2025-06-29 18:41:30,788 [INFO] ThirdParty:1030 - CMSIS Pack Vendor :STMicroelectronics X-CUBE-AI 10.1.0
2025-06-29 18:41:30,788 [INFO] ThirdParty:1030 - CMSIS Pack Vendor :STMicroelectronics FP-SNS-STBOX1 2.0.0
2025-06-29 18:41:30,788 [INFO] ThirdParty:1030 - CMSIS Pack Vendor :STMicroelectronics X-CUBE-AZRTOS-G0 1.1.0
2025-06-29 18:41:30,788 [INFO] ThirdParty:1030 - CMSIS Pack Vendor :STMicroelectronics X-CUBE-SAFEA1 1.2.2
2025-06-29 18:41:30,788 [INFO] ThirdParty:1030 - CMSIS Pack Vendor :STMicroelectronics X-CUBE-NFC4 3.0.0
2025-06-29 18:41:30,788 [INFO] ThirdParty:1030 - CMSIS Pack Vendor :STMicroelectronics X-CUBE-SUBG2 5.0.0
2025-06-29 18:41:30,788 [INFO] ThirdParty:1030 - CMSIS Pack Vendor :STMicroelectronics X-CUBE-AZRTOS-H7RS 1.1.0
2025-06-29 18:41:30,788 [INFO] ThirdParty:1030 - CMSIS Pack Vendor :STMicroelectronics STM32_WPAN 1.0.0
2025-06-29 18:41:30,788 [INFO] ThirdParty:1030 - CMSIS Pack Vendor :EmbeddedOffice I-CUBE-FS-RTOS 1.0.1
2025-06-29 18:41:30,788 [INFO] ThirdParty:1030 - CMSIS Pack Vendor :STMicroelectronics lwIP 2.0.3
2025-06-29 18:41:30,788 [INFO] ThirdParty:1030 - CMSIS Pack Vendor :Cesanta I-CUBE-Mongoose 7.13.0
2025-06-29 18:41:30,788 [INFO] ThirdParty:1030 - CMSIS Pack Vendor :STMicroelectronics USB_HOST 1.0.0
2025-06-29 18:41:30,788 [INFO] ThirdParty:1030 - CMSIS Pack Vendor :STMicroelectronics X-CUBE-AZRTOS-G4 2.0.0
2025-06-29 18:41:30,788 [INFO] ThirdParty:1030 - CMSIS Pack Vendor :STMicroelectronics X-CUBE-WB05N 2.0.0
2025-06-29 18:41:30,788 [INFO] ThirdParty:1030 - CMSIS Pack Vendor :STMicroelectronics PDM2PCM 3.1.0
2025-06-29 18:41:30,788 [INFO] ThirdParty:1030 - CMSIS Pack Vendor :STMicroelectronics X-CUBE-NFC7 2.0.0
2025-06-29 18:41:30,788 [INFO] ThirdParty:1030 - CMSIS Pack Vendor :STMicroelectronics X-CUBE-TCPP 4.2.0
2025-06-29 18:41:30,788 [INFO] ThirdParty:1030 - CMSIS Pack Vendor :RealThread X-CUBE-RT-Thread_Nano 4.1.1
2025-06-29 18:41:30,788 [INFO] ThirdParty:1030 - CMSIS Pack Vendor :wolfSSL I-CUBE-wolfSSL 5.7.0
2025-06-29 18:41:30,788 [INFO] ThirdParty:1030 - CMSIS Pack Vendor :STMicroelectronics FP-ATR-SIGFOX1 3.2.0
2025-06-29 18:41:30,788 [INFO] ThirdParty:1030 - CMSIS Pack Vendor :quantropi X-CUBE-qispace-sdk-base 1.9.3
2025-06-29 18:41:30,788 [INFO] ThirdParty:1030 - CMSIS Pack Vendor :STMicroelectronics X-CUBE-ISPU 2.0.0
2025-06-29 18:41:30,788 [INFO] ThirdParty:1030 - CMSIS Pack Vendor :STMicroelectronics X-CUBE-EEPRMA1 5.1.0
2025-06-29 18:41:30,788 [INFO] ThirdParty:1030 - CMSIS Pack Vendor :STMicroelectronics MBEDTLS 2.16.2
2025-06-29 18:41:30,788 [INFO] ThirdParty:1030 - CMSIS Pack Vendor :STMicroelectronics X-CUBE-IPS 3.1.0
2025-06-29 18:41:30,788 [INFO] ThirdParty:1030 - CMSIS Pack Vendor :STMicroelectronics X-CUBE-ALS 1.0.2
2025-06-29 18:41:30,788 [INFO] ThirdParty:1030 - CMSIS Pack Vendor :STMicroelectronics X-CUBE-MEMS1 10.0.0
2025-06-29 18:41:30,788 [INFO] ThirdParty:1030 - CMSIS Pack Vendor :STMicroelectronics X-CUBE-TOUCHGFX 4.24.0
2025-06-29 18:41:30,788 [INFO] ThirdParty:1030 - CMSIS Pack Vendor :ITTIA_DB I-CUBE-ITTIADB 8.9.0
2025-06-29 18:41:30,788 [INFO] ThirdParty:1030 - CMSIS Pack Vendor :STMicroelectronics X-CUBE-TOUCHGFX 4.24.1
2025-06-29 18:41:30,788 [INFO] ThirdParty:1030 - CMSIS Pack Vendor :portGmbH I-Cube-SoM-uGOAL 1.1.0
2025-06-29 18:41:30,788 [INFO] ThirdParty:1030 - CMSIS Pack Vendor :STMicroelectronics X-CUBE-ST67W61 1.0.0
2025-06-29 18:41:30,788 [INFO] ThirdParty:1030 - CMSIS Pack Vendor :STMicroelectronics ThreadX 1.0.0
2025-06-29 18:41:30,788 [INFO] ThirdParty:1030 - CMSIS Pack Vendor :SEGGER I-CUBE-embOS 1.3.1
2025-06-29 18:41:30,789 [INFO] ThirdParty:1030 - CMSIS Pack Vendor :STMicroelectronics X-CUBE-ALGOBUILD 1.4.0
2025-06-29 18:41:30,789 [INFO] ThirdParty:1030 - CMSIS Pack Vendor :STMicroelectronics X-CUBE-MEMS1 11.3.0
2025-06-29 18:41:30,789 [INFO] ThirdParty:1030 - CMSIS Pack Vendor :STMicroelectronics X-CUBE-AZRTOS-H7RS 1.0.0
2025-06-29 18:41:30,789 [INFO] ThirdParty:1030 - CMSIS Pack Vendor :STMicroelectronics FP-ATR-ASTRA1 2.0.0
2025-06-29 18:41:30,789 [INFO] ThirdParty:1030 - CMSIS Pack Vendor :STMicroelectronics X-CUBE-TOF1 3.4.2
2025-06-29 18:41:30,789 [INFO] ThirdParty:1030 - CMSIS Pack Vendor :STMicroelectronics X-CUBE-TOF1 3.4.3
2025-06-29 18:41:30,789 [INFO] ThirdParty:1030 - CMSIS Pack Vendor :STMicroelectronics X-CUBE-AI 9.1.0
2025-06-29 18:41:30,789 [INFO] ThirdParty:1030 - CMSIS Pack Vendor :STMicroelectronics X-CUBE-TOF1 3.4.1
2025-06-29 18:41:30,789 [INFO] ThirdParty:1030 - CMSIS Pack Vendor :STMicroelectronics X-CUBE-AZRTOS-H7 3.2.0
2025-06-29 18:41:30,790 [INFO] ThirdParty:1030 - CMSIS Pack Vendor :Infineon AIROC-Wi-Fi-Bluetooth-STM32 1.6.0
2025-06-29 18:41:30,790 [INFO] ThirdParty:1030 - CMSIS Pack Vendor :wolfSSL I-CUBE-wolfSSH 1.4.17
2025-06-29 18:41:30,791 [INFO] ThirdParty:841 - exiting critical section [change project]
2025-06-29 18:41:31,762 [INFO] PinOutPanel:1589 - setPackage(No Configuration,No Configuration)
2025-06-29 18:41:31,765 [INFO] PinOutPanel:1589 - setPackage(STM32F407VGTx,LQFP100)
2025-06-29 18:41:32,932 [INFO] UtilMem:75 - Before build in PCC Used Memory: 864291456 Bytes (1073741824)
2025-06-29 18:41:35,316 [INFO] UtilMem:75 - After build in PCC Used Memory: 923011712 Bytes (1073741824)
2025-06-29 18:41:35,393 [INFO] IPUIPlugin:80 - create IPUIPlugin
2025-06-29 18:41:35,393 [INFO] IPUIPlugin:80 - create IPUIPlugin
2025-06-29 18:41:35,393 [INFO] IPUIPlugin:80 - create IPUIPlugin
2025-06-29 18:41:35,394 [INFO] IPUIPlugin:80 - create IPUIPlugin
2025-06-29 18:41:35,394 [INFO] IPUIPlugin:80 - create IPUIPlugin
2025-06-29 18:41:35,394 [INFO] IPUIPlugin:80 - create IPUIPlugin
2025-06-29 18:41:35,394 [INFO] IPUIPlugin:80 - create IPUIPlugin
2025-06-29 18:41:35,394 [INFO] IPUIPlugin:80 - create IPUIPlugin
2025-06-29 18:41:35,394 [INFO] IPUIPlugin:80 - create IPUIPlugin
2025-06-29 18:41:35,394 [INFO] IPUIPlugin:80 - create IPUIPlugin
2025-06-29 18:41:35,394 [INFO] IPUIPlugin:80 - create IPUIPlugin
2025-06-29 18:41:35,394 [INFO] IPUIPlugin:80 - create IPUIPlugin
2025-06-29 18:41:35,394 [INFO] IPUIPlugin:80 - create IPUIPlugin
2025-06-29 18:41:35,395 [INFO] IPUIPlugin:80 - create IPUIPlugin
2025-06-29 18:41:35,395 [INFO] IPUIPlugin:80 - create IPUIPlugin
2025-06-29 18:41:35,395 [INFO] IPUIPlugin:80 - create IPUIPlugin
2025-06-29 18:41:35,395 [INFO] IPUIPlugin:80 - create IPUIPlugin
2025-06-29 18:41:35,395 [INFO] IPUIPlugin:80 - create IPUIPlugin
2025-06-29 18:41:35,395 [INFO] IPUIPlugin:80 - create IPUIPlugin
2025-06-29 18:41:35,395 [INFO] IPUIPlugin:80 - create IPUIPlugin
2025-06-29 18:41:35,395 [INFO] IPUIPlugin:80 - create IPUIPlugin
2025-06-29 18:41:35,395 [INFO] IPUIPlugin:80 - create IPUIPlugin
2025-06-29 18:41:35,396 [INFO] IPUIPlugin:80 - create IPUIPlugin
2025-06-29 18:41:35,396 [INFO] IPUIPlugin:80 - create IPUIPlugin
2025-06-29 18:41:35,396 [INFO] IPUIPlugin:80 - create IPUIPlugin
2025-06-29 18:41:35,396 [INFO] IPUIPlugin:80 - create IPUIPlugin
2025-06-29 18:41:35,396 [INFO] IPUIPlugin:80 - create IPUIPlugin
2025-06-29 18:41:35,396 [INFO] IPUIPlugin:80 - create IPUIPlugin
2025-06-29 18:41:35,397 [INFO] IPUIPlugin:80 - create IPUIPlugin
2025-06-29 18:41:35,397 [INFO] IPUIPlugin:80 - create IPUIPlugin
2025-06-29 18:41:35,397 [INFO] IPUIPlugin:80 - create IPUIPlugin
2025-06-29 18:41:35,397 [INFO] IPUIPlugin:80 - create IPUIPlugin
2025-06-29 18:41:35,397 [INFO] IPUIPlugin:80 - create IPUIPlugin
2025-06-29 18:41:35,397 [INFO] IPUIPlugin:80 - create IPUIPlugin
2025-06-29 18:41:35,397 [INFO] IPUIPlugin:80 - create IPUIPlugin
2025-06-29 18:41:35,398 [INFO] IPUIPlugin:80 - create IPUIPlugin
2025-06-29 18:41:35,398 [INFO] IPUIPlugin:80 - create IPUIPlugin
2025-06-29 18:41:35,398 [INFO] IPUIPlugin:80 - create IPUIPlugin
2025-06-29 18:41:35,399 [INFO] IPUIPlugin:80 - create IPUIPlugin
2025-06-29 18:41:35,399 [INFO] IPUIPlugin:80 - create IPUIPlugin
2025-06-29 18:41:35,399 [INFO] IPUIPlugin:80 - create IPUIPlugin
2025-06-29 18:41:35,399 [INFO] IPUIPlugin:80 - create IPUIPlugin
2025-06-29 18:41:35,399 [INFO] IPUIPlugin:80 - create IPUIPlugin
2025-06-29 18:41:35,400 [INFO] IPUIPlugin:80 - create IPUIPlugin
2025-06-29 18:41:35,400 [INFO] IPUIPlugin:80 - create IPUIPlugin
2025-06-29 18:41:35,400 [INFO] IPUIPlugin:80 - create IPUIPlugin
2025-06-29 18:41:35,400 [INFO] IPUIPlugin:80 - create IPUIPlugin
2025-06-29 18:41:35,401 [INFO] IPUIPlugin:80 - create IPUIPlugin
2025-06-29 18:41:35,401 [INFO] IPUIPlugin:80 - create IPUIPlugin
2025-06-29 18:41:35,401 [INFO] IPUIPlugin:80 - create IPUIPlugin
2025-06-29 18:41:35,401 [INFO] IPUIPlugin:80 - create IPUIPlugin
2025-06-29 18:41:35,402 [INFO] IPUIPlugin:80 - create IPUIPlugin
2025-06-29 18:41:35,402 [INFO] IPUIPlugin:80 - create IPUIPlugin
2025-06-29 18:41:35,402 [INFO] IPUIPlugin:80 - create IPUIPlugin
2025-06-29 18:41:35,403 [INFO] IPUIPlugin:80 - create IPUIPlugin
2025-06-29 18:41:35,403 [INFO] IPUIPlugin:80 - create IPUIPlugin
2025-06-29 18:41:35,403 [INFO] IPUIPlugin:80 - create IPUIPlugin
2025-06-29 18:41:35,403 [INFO] IPUIPlugin:80 - create IPUIPlugin
2025-06-29 18:41:35,994 [INFO] ApiDbMcu:508 - Load IP Config File for PDM2PCM
2025-06-29 18:41:36,598 [INFO] CADModel:165 - CPN selected for project levelSTM32F407VGT6
2025-06-29 18:41:36,599 [INFO] CADModel:114 - Register for checkConnection events
2025-06-29 18:41:36,684 [INFO] OpenFileManager:385 - Restore cursor
2025-06-29 18:41:41,672 [INFO] UtilMem:75 - End SaveConfig() Used Memory: 877681232 Bytes (1073741824)
2025-06-29 18:41:41,896 [INFO] UtilMem:75 - End SaveConfig() Used Memory: 897604176 Bytes (1073741824)
2025-06-29 18:41:42,695 [INFO] BlockDiagram:2775 - set Specific Code input for plugin: SYS
2025-06-29 18:41:42,695 [INFO] BlockDiagram:2775 - set Specific Code input for plugin: RCC
2025-06-29 18:41:42,696 [INFO] BlockDiagram:2775 - set Specific Code input for plugin: NVIC
2025-06-29 18:41:42,696 [INFO] BlockDiagram:2775 - set Specific Code input for plugin: GPIO
2025-06-29 18:41:42,699 [INFO] CodeGenerator:882 - code generatio: config db path: C:\ST\STM32CubeIDE_1.16.0\STM32CubeIDE\plugins\com.st.stm32cube.common.mx_6.14.1.202504091515\\db\
2025-06-29 18:41:43,162 [INFO] CodeEngine:263 - oldGeneratedFile, C:\Users\nisha\OneDrive\Desktop\stm32f407\freertos\006LED_BLINK_FROMISR\MXTmpFiles\license.tmp_save
2025-06-29 18:41:44,570 [INFO] CodeEngine:287 - Generated code: C:\Users\nisha\OneDrive\Desktop\stm32f407\freertos\006LED_BLINK_FROMISR\MXTmpFiles\license.tmp
2025-06-29 18:41:44,845 [INFO] CodeEngine:263 - oldGeneratedFile, C:\Users\nisha\OneDrive\Desktop\stm32f407\freertos\006LED_BLINK_FROMISR\MXTmpFiles\gpio.tmp_save
2025-06-29 18:41:45,182 [INFO] CodeEngine:287 - Generated code: C:\Users\nisha\OneDrive\Desktop\stm32f407\freertos\006LED_BLINK_FROMISR\MXTmpFiles\gpio.tmp
2025-06-29 18:41:45,418 [INFO] CodeEngine:263 - oldGeneratedFile, C:\Users\nisha\OneDrive\Desktop\stm32f407\freertos\006LED_BLINK_FROMISR\Core\Src\stm32f4xx_it.c_save
2025-06-29 18:41:45,813 [INFO] CodeEngine:287 - Generated code: C:\Users\nisha\OneDrive\Desktop\stm32f407\freertos\006LED_BLINK_FROMISR\Core\Src\stm32f4xx_it.c
2025-06-29 18:41:45,842 [INFO] CodeEngine:263 - oldGeneratedFile, C:\Users\nisha\OneDrive\Desktop\stm32f407\freertos\006LED_BLINK_FROMISR\Core\Inc\stm32f4xx_it.h_save
2025-06-29 18:41:46,013 [INFO] CodeEngine:287 - Generated code: C:\Users\nisha\OneDrive\Desktop\stm32f407\freertos\006LED_BLINK_FROMISR\Core\Inc\stm32f4xx_it.h
2025-06-29 18:41:46,049 [INFO] CodeEngine:263 - oldGeneratedFile, C:\Users\nisha\OneDrive\Desktop\stm32f407\freertos\006LED_BLINK_FROMISR\Core\Src\stm32f4xx_hal_msp.c_save
2025-06-29 18:41:46,252 [INFO] CodeEngine:287 - Generated code: C:\Users\nisha\OneDrive\Desktop\stm32f407\freertos\006LED_BLINK_FROMISR\Core\Src\stm32f4xx_hal_msp.c
2025-06-29 18:41:46,278 [INFO] CodeEngine:263 - oldGeneratedFile, C:\Users\nisha\OneDrive\Desktop\stm32f407\freertos\006LED_BLINK_FROMISR\MXTmpFiles\system.tmp_save
2025-06-29 18:41:46,403 [INFO] CodeEngine:287 - Generated code: C:\Users\nisha\OneDrive\Desktop\stm32f407\freertos\006LED_BLINK_FROMISR\MXTmpFiles\system.tmp
2025-06-29 18:41:46,473 [INFO] CodeEngine:319 - oldGeneratedFile, C:\Users\nisha\OneDrive\Desktop\stm32f407\freertos\006LED_BLINK_FROMISR\Core\Inc\stm32f4xx_hal_conf.h_save
2025-06-29 18:41:46,683 [INFO] CodeEngine:343 - Generated code: C:\Users\nisha\OneDrive\Desktop\stm32f407\freertos\006LED_BLINK_FROMISR\Core\Inc\stm32f4xx_hal_conf.h
2025-06-29 18:41:46,816 [INFO] ApiDbMcu:508 - Load IP Config File for RCC
2025-06-29 18:41:46,857 [INFO] CodeEngine:263 - oldGeneratedFile, C:\Users\nisha\OneDrive\Desktop\stm32f407\freertos\006LED_BLINK_FROMISR\Core\Inc\main.h_save
2025-06-29 18:41:47,057 [INFO] CodeEngine:287 - Generated code: C:\Users\nisha\OneDrive\Desktop\stm32f407\freertos\006LED_BLINK_FROMISR\Core\Inc\main.h
2025-06-29 18:41:47,082 [INFO] CodeEngine:263 - oldGeneratedFile, C:\Users\nisha\OneDrive\Desktop\stm32f407\freertos\006LED_BLINK_FROMISR\Core\Src\main.c_save
2025-06-29 18:41:47,352 [INFO] CodeEngine:287 - Generated code: C:\Users\nisha\OneDrive\Desktop\stm32f407\freertos\006LED_BLINK_FROMISR\Core\Src\main.c
2025-06-29 18:41:48,141 [INFO] ProjectBuilder:3324 - Time for Copy HAL[1] : 411mS.
2025-06-29 18:41:48,151 [INFO] ProjectBuilder:4912 - Project Generator version: 4.6.0.1-B1
2025-06-29 18:41:48,298 [INFO] ConfigFileManager:1590 - The Die is : DIE413
2025-06-29 18:41:48,373 [INFO] ApiDbMcu:508 - Load IP Config File for FATFS
2025-06-29 18:41:48,397 [INFO] ApiDbMcu:508 - Load IP Config File for FREERTOS
2025-06-29 18:41:48,419 [INFO] ApiDbMcu:508 - Load IP Config File for LIBJPEG
2025-06-29 18:41:48,444 [INFO] ApiDbMcu:508 - Load IP Config File for LWIP
2025-06-29 18:41:48,480 [INFO] ApiDbMcu:508 - Load IP Config File for MBEDTLS
2025-06-29 18:41:48,508 [INFO] ApiDbMcu:508 - Load IP Config File for USB_DEVICE
2025-06-29 18:41:48,531 [INFO] ApiDbMcu:508 - Load IP Config File for USB_HOST
2025-06-29 18:41:49,953 [INFO] LogOutputStream:77 - [STDOUT_REDIRECT] 
2025-06-29 18:41:55,304 [INFO] ProjectBuilder:5191 - Time for Generating toolchain IDE Files: 7153mS.
2025-06-29 18:41:55,308 [INFO] ProjectBuilder:3181 - Time for Copy CMSIS : 2mS.
2025-06-29 18:41:55,312 [INFO] ProjectBuilder:3181 - Time for Copy CMSIS : 0mS.
2025-06-29 18:41:56,643 [INFO] McuFinderGlobals:76 - Set McuFinderConnectedMode to true
2025-06-29 18:41:56,648 [INFO] ApiDb:448 - Save user favorites file C:\Users\nisha/.stm32cubeide/favorites.mcus.txt: 0 item(s)
2025-06-29 18:41:56,649 [INFO] ApiDb:452 - User favorites MCUs=[]
2025-06-29 18:41:56,653 [INFO] ApiDb:448 - Save user favorites file C:\Users\nisha/.stm32cubeide/favorites.boards.txt: 1 item(s)
2025-06-29 18:41:56,654 [INFO] ApiDb:452 - User favorites Boards=[STM32F407G-DISC1]
2025-06-29 18:41:56,666 [INFO] ApiDb:448 - Save user favorites file C:\Users\nisha/.stm32cubeide/favorites.examples.txt: 0 item(s)
2025-06-29 18:41:56,666 [INFO] ApiDb:452 - User favorites Examples=[]
2025-06-29 18:53:24,582 [INFO] Gpio:277 - dependency for GPIO []
2025-06-29 18:54:21,777 [INFO] Gpio:277 - dependency for GPIO []
2025-06-29 18:57:07,775 [INFO] UtilMem:75 - End SaveConfig() Used Memory: 688498072 Bytes (1073741824)
2025-06-29 18:57:13,756 [INFO] UtilMem:75 - End SaveConfig() Used Memory: 714190192 Bytes (1073741824)
2025-06-29 18:57:15,310 [INFO] UtilMem:75 - End SaveConfig() Used Memory: 818425528 Bytes (1073741824)
2025-06-29 18:57:15,766 [INFO] BlockDiagram:2775 - set Specific Code input for plugin: SYS
2025-06-29 18:57:15,766 [INFO] BlockDiagram:2775 - set Specific Code input for plugin: RCC
2025-06-29 18:57:15,766 [INFO] BlockDiagram:2775 - set Specific Code input for plugin: NVIC
2025-06-29 18:57:15,767 [INFO] BlockDiagram:2775 - set Specific Code input for plugin: GPIO
2025-06-29 18:57:15,773 [INFO] CodeGenerator:882 - code generatio: config db path: C:\ST\STM32CubeIDE_1.16.0\STM32CubeIDE\plugins\com.st.stm32cube.common.mx_6.14.1.202504091515\\db\
2025-06-29 18:57:15,876 [INFO] CodeEngine:263 - oldGeneratedFile, C:\Users\nisha\OneDrive\Desktop\stm32f407\freertos\006LED_BLINK_FROMISR\MXTmpFiles\license.tmp_save
2025-06-29 18:57:16,319 [INFO] CodeEngine:287 - Generated code: C:\Users\nisha\OneDrive\Desktop\stm32f407\freertos\006LED_BLINK_FROMISR\MXTmpFiles\license.tmp
2025-06-29 18:57:16,401 [INFO] CodeEngine:263 - oldGeneratedFile, C:\Users\nisha\OneDrive\Desktop\stm32f407\freertos\006LED_BLINK_FROMISR\MXTmpFiles\gpio.tmp_save
2025-06-29 18:57:16,751 [INFO] CodeEngine:287 - Generated code: C:\Users\nisha\OneDrive\Desktop\stm32f407\freertos\006LED_BLINK_FROMISR\MXTmpFiles\gpio.tmp
2025-06-29 18:57:16,883 [INFO] CodeEngine:263 - oldGeneratedFile, C:\Users\nisha\OneDrive\Desktop\stm32f407\freertos\006LED_BLINK_FROMISR\Core\Src\stm32f4xx_it.c_save
2025-06-29 18:57:17,291 [INFO] CodeEngine:287 - Generated code: C:\Users\nisha\OneDrive\Desktop\stm32f407\freertos\006LED_BLINK_FROMISR\Core\Src\stm32f4xx_it.c
2025-06-29 18:57:17,310 [INFO] CodeEngine:263 - oldGeneratedFile, C:\Users\nisha\OneDrive\Desktop\stm32f407\freertos\006LED_BLINK_FROMISR\Core\Inc\stm32f4xx_it.h_save
2025-06-29 18:57:17,558 [INFO] CodeEngine:287 - Generated code: C:\Users\nisha\OneDrive\Desktop\stm32f407\freertos\006LED_BLINK_FROMISR\Core\Inc\stm32f4xx_it.h
2025-06-29 18:57:17,624 [INFO] CodeEngine:263 - oldGeneratedFile, C:\Users\nisha\OneDrive\Desktop\stm32f407\freertos\006LED_BLINK_FROMISR\Core\Src\stm32f4xx_hal_msp.c_save
2025-06-29 18:57:17,863 [INFO] CodeEngine:287 - Generated code: C:\Users\nisha\OneDrive\Desktop\stm32f407\freertos\006LED_BLINK_FROMISR\Core\Src\stm32f4xx_hal_msp.c
2025-06-29 18:57:17,875 [INFO] CodeEngine:263 - oldGeneratedFile, C:\Users\nisha\OneDrive\Desktop\stm32f407\freertos\006LED_BLINK_FROMISR\MXTmpFiles\system.tmp_save
2025-06-29 18:57:17,972 [INFO] CodeEngine:287 - Generated code: C:\Users\nisha\OneDrive\Desktop\stm32f407\freertos\006LED_BLINK_FROMISR\MXTmpFiles\system.tmp
2025-06-29 18:57:17,994 [INFO] CodeEngine:263 - oldGeneratedFile, C:\Users\nisha\OneDrive\Desktop\stm32f407\freertos\006LED_BLINK_FROMISR\Core\Src\stm32f4xx_hal_timebase_tim.c_save
2025-06-29 18:57:18,131 [INFO] CodeEngine:287 - Generated code: C:\Users\nisha\OneDrive\Desktop\stm32f407\freertos\006LED_BLINK_FROMISR\Core\Src\stm32f4xx_hal_timebase_tim.c
2025-06-29 18:57:18,167 [INFO] CodeEngine:319 - oldGeneratedFile, C:\Users\nisha\OneDrive\Desktop\stm32f407\freertos\006LED_BLINK_FROMISR\Core\Inc\stm32f4xx_hal_conf.h_save
2025-06-29 18:57:18,315 [INFO] CodeEngine:343 - Generated code: C:\Users\nisha\OneDrive\Desktop\stm32f407\freertos\006LED_BLINK_FROMISR\Core\Inc\stm32f4xx_hal_conf.h
2025-06-29 18:57:18,457 [INFO] CodeEngine:263 - oldGeneratedFile, C:\Users\nisha\OneDrive\Desktop\stm32f407\freertos\006LED_BLINK_FROMISR\Core\Inc\main.h_save
2025-06-29 18:57:18,664 [INFO] CodeEngine:287 - Generated code: C:\Users\nisha\OneDrive\Desktop\stm32f407\freertos\006LED_BLINK_FROMISR\Core\Inc\main.h
2025-06-29 18:57:18,689 [INFO] CodeEngine:263 - oldGeneratedFile, C:\Users\nisha\OneDrive\Desktop\stm32f407\freertos\006LED_BLINK_FROMISR\Core\Src\main.c_save
2025-06-29 18:57:18,910 [INFO] CodeEngine:287 - Generated code: C:\Users\nisha\OneDrive\Desktop\stm32f407\freertos\006LED_BLINK_FROMISR\Core\Src\main.c
2025-06-29 18:57:19,637 [INFO] ProjectBuilder:3324 - Time for Copy HAL[1] : 422mS.
2025-06-29 18:57:19,646 [INFO] ProjectBuilder:4912 - Project Generator version: 4.6.0.1-B1
2025-06-29 18:57:19,749 [INFO] ConfigFileManager:1590 - The Die is : DIE413
2025-06-29 18:57:22,384 [INFO] ProjectBuilder:5191 - Time for Generating toolchain IDE Files: 2737mS.
2025-06-29 18:57:22,385 [INFO] ProjectBuilder:3181 - Time for Copy CMSIS : 1mS.
2025-06-29 18:57:22,392 [INFO] ProjectBuilder:3181 - Time for Copy CMSIS : 0mS.
2025-06-29 19:00:18,642 [INFO] Gpio:277 - dependency for GPIO []
2025-06-29 19:00:55,661 [INFO] UtilMem:75 - End SaveConfig() Used Memory: 832441112 Bytes (1073741824)
2025-06-29 19:00:57,695 [INFO] UtilMem:75 - End SaveConfig() Used Memory: 856032024 Bytes (1073741824)
2025-06-29 19:00:58,784 [INFO] UtilMem:75 - End SaveConfig() Used Memory: 908460824 Bytes (1073741824)
2025-06-29 19:00:59,188 [INFO] BlockDiagram:2775 - set Specific Code input for plugin: SYS
2025-06-29 19:00:59,188 [INFO] BlockDiagram:2775 - set Specific Code input for plugin: RCC
2025-06-29 19:00:59,188 [INFO] BlockDiagram:2775 - set Specific Code input for plugin: NVIC
2025-06-29 19:00:59,189 [INFO] BlockDiagram:2775 - set Specific Code input for plugin: GPIO
2025-06-29 19:00:59,193 [INFO] CodeGenerator:882 - code generatio: config db path: C:\ST\STM32CubeIDE_1.16.0\STM32CubeIDE\plugins\com.st.stm32cube.common.mx_6.14.1.202504091515\\db\
2025-06-29 19:00:59,305 [INFO] CodeEngine:263 - oldGeneratedFile, C:\Users\nisha\OneDrive\Desktop\stm32f407\freertos\006LED_BLINK_FROMISR\MXTmpFiles\license.tmp_save
2025-06-29 19:00:59,429 [INFO] CodeEngine:287 - Generated code: C:\Users\nisha\OneDrive\Desktop\stm32f407\freertos\006LED_BLINK_FROMISR\MXTmpFiles\license.tmp
2025-06-29 19:00:59,499 [INFO] CodeEngine:263 - oldGeneratedFile, C:\Users\nisha\OneDrive\Desktop\stm32f407\freertos\006LED_BLINK_FROMISR\MXTmpFiles\gpio.tmp_save
2025-06-29 19:00:59,631 [INFO] CodeEngine:287 - Generated code: C:\Users\nisha\OneDrive\Desktop\stm32f407\freertos\006LED_BLINK_FROMISR\MXTmpFiles\gpio.tmp
2025-06-29 19:00:59,738 [INFO] CodeEngine:263 - oldGeneratedFile, C:\Users\nisha\OneDrive\Desktop\stm32f407\freertos\006LED_BLINK_FROMISR\Core\Src\stm32f4xx_it.c_save
2025-06-29 19:00:59,919 [INFO] CodeEngine:287 - Generated code: C:\Users\nisha\OneDrive\Desktop\stm32f407\freertos\006LED_BLINK_FROMISR\Core\Src\stm32f4xx_it.c
2025-06-29 19:00:59,936 [INFO] CodeEngine:263 - oldGeneratedFile, C:\Users\nisha\OneDrive\Desktop\stm32f407\freertos\006LED_BLINK_FROMISR\Core\Inc\stm32f4xx_it.h_save
2025-06-29 19:01:00,069 [INFO] CodeEngine:287 - Generated code: C:\Users\nisha\OneDrive\Desktop\stm32f407\freertos\006LED_BLINK_FROMISR\Core\Inc\stm32f4xx_it.h
2025-06-29 19:01:00,119 [INFO] CodeEngine:263 - oldGeneratedFile, C:\Users\nisha\OneDrive\Desktop\stm32f407\freertos\006LED_BLINK_FROMISR\Core\Src\stm32f4xx_hal_msp.c_save
2025-06-29 19:01:00,265 [INFO] CodeEngine:287 - Generated code: C:\Users\nisha\OneDrive\Desktop\stm32f407\freertos\006LED_BLINK_FROMISR\Core\Src\stm32f4xx_hal_msp.c
2025-06-29 19:01:00,275 [INFO] CodeEngine:263 - oldGeneratedFile, C:\Users\nisha\OneDrive\Desktop\stm32f407\freertos\006LED_BLINK_FROMISR\MXTmpFiles\system.tmp_save
2025-06-29 19:01:00,394 [INFO] CodeEngine:287 - Generated code: C:\Users\nisha\OneDrive\Desktop\stm32f407\freertos\006LED_BLINK_FROMISR\MXTmpFiles\system.tmp
2025-06-29 19:01:00,422 [INFO] CodeEngine:263 - oldGeneratedFile, C:\Users\nisha\OneDrive\Desktop\stm32f407\freertos\006LED_BLINK_FROMISR\Core\Src\stm32f4xx_hal_timebase_tim.c_save
2025-06-29 19:01:00,544 [INFO] CodeEngine:287 - Generated code: C:\Users\nisha\OneDrive\Desktop\stm32f407\freertos\006LED_BLINK_FROMISR\Core\Src\stm32f4xx_hal_timebase_tim.c
2025-06-29 19:01:00,599 [INFO] CodeEngine:319 - oldGeneratedFile, C:\Users\nisha\OneDrive\Desktop\stm32f407\freertos\006LED_BLINK_FROMISR\Core\Inc\stm32f4xx_hal_conf.h_save
2025-06-29 19:01:00,770 [INFO] CodeEngine:343 - Generated code: C:\Users\nisha\OneDrive\Desktop\stm32f407\freertos\006LED_BLINK_FROMISR\Core\Inc\stm32f4xx_hal_conf.h
2025-06-29 19:01:00,888 [INFO] CodeEngine:263 - oldGeneratedFile, C:\Users\nisha\OneDrive\Desktop\stm32f407\freertos\006LED_BLINK_FROMISR\Core\Inc\main.h_save
2025-06-29 19:01:00,997 [INFO] CodeEngine:287 - Generated code: C:\Users\nisha\OneDrive\Desktop\stm32f407\freertos\006LED_BLINK_FROMISR\Core\Inc\main.h
2025-06-29 19:01:01,028 [INFO] CodeEngine:263 - oldGeneratedFile, C:\Users\nisha\OneDrive\Desktop\stm32f407\freertos\006LED_BLINK_FROMISR\Core\Src\main.c_save
2025-06-29 19:01:01,229 [INFO] CodeEngine:287 - Generated code: C:\Users\nisha\OneDrive\Desktop\stm32f407\freertos\006LED_BLINK_FROMISR\Core\Src\main.c
2025-06-29 19:01:01,651 [INFO] ProjectBuilder:3324 - Time for Copy HAL[1] : 253mS.
2025-06-29 19:01:01,656 [INFO] ProjectBuilder:4912 - Project Generator version: 4.6.0.1-B1
2025-06-29 19:01:01,740 [INFO] ConfigFileManager:1590 - The Die is : DIE413
2025-06-29 19:01:03,282 [INFO] ProjectBuilder:5191 - Time for Generating toolchain IDE Files: 1626mS.
2025-06-29 19:01:03,284 [INFO] ProjectBuilder:3181 - Time for Copy CMSIS : 2mS.
2025-06-29 19:01:03,288 [INFO] ProjectBuilder:3181 - Time for Copy CMSIS : 0mS.
2025-06-29 19:27:01,975 [INFO] WebApp:194 - Connection lost
2025-06-29 23:29:09,375 [INFO] WebApp:191 - Connection restablished
2025-06-29 23:29:09,673 [ERROR] LogOutputStream:75 - [STDERR_REDIRECT] 
2025-06-29 23:29:09,677 [ERROR] LogOutputStream:75 - [STDERR_REDIRECT] 
