2025-06-30 09:57:16,874 [INFO] Activator:176 - 


2025-06-30 09:57:16,885 [INFO] Activator:177 - !SESSION log4j initialized
2025-06-30 09:57:33,120 [INFO] LogOutputStream:77 - [STDOUT_REDIRECT] 
2025-06-30 09:57:46,899 [INFO] ApplicationProperties:184 - Using Application install path: C:\ST\STM32CubeIDE_1.16.0\STM32CubeIDE\plugins\com.st.stm32cube.common.mx_6.14.1.202504091515
2025-06-30 09:57:46,945 [INFO] DbMcusXml:78 - Set database path to: C:\ST\STM32CubeIDE_1.16.0\STM32CubeIDE\plugins\com.st.stm32cube.common.mx_6.14.1.202504091515\\db\/mcu/
2025-06-30 09:57:46,946 [INFO] ApiDb:274 - Set plugin database path to: C:\ST\STM32CubeIDE_1.16.0\STM32CubeIDE\plugins\com.st.stm32cube.common.mx_6.14.1.202504091515\\db\/plugins/boardmanager/
2025-06-30 09:57:46,947 [WARN] ApiDb:259 - Overriding images path with different value:  => C:\ST\STM32CubeIDE_1.16.0\STM32CubeIDE\plugins\com.st.stm32cube.common.mx_6.14.1.202504091515\\db\/plugins/mcufinder/images/
2025-06-30 09:57:46,971 [INFO] ApiDb:250 - Set database path to: C:\Users\nisha\.stmcufinder\plugins\mcufinder//mcu/
2025-06-30 09:57:46,974 [INFO] DbMcusAds:125 - Set database path to: C:\Users\nisha\.stmcufinder\plugins\mcufinder//mcu/
2025-06-30 09:57:46,992 [INFO] CrossReferenceDbSqlite:203 - Set database path to: C:\Users\nisha\.stmcufinder\plugins\mcufinder//mcu/cs/
2025-06-30 09:57:47,262 [INFO] RulesReader:64 - Compatibility file has been processed (302 Rules)
2025-06-30 09:57:47,528 [INFO] DbMcusXml:78 - Set database path to: C:\ST\STM32CubeIDE_1.16.0\STM32CubeIDE\plugins\com.st.stm32cube.common.mx_6.14.1.202504091515\\db\/mcu/
2025-06-30 09:57:47,528 [INFO] ApiDb:274 - Set plugin database path to: C:\ST\STM32CubeIDE_1.16.0\STM32CubeIDE\plugins\com.st.stm32cube.common.mx_6.14.1.202504091515\\db\/plugins/boardmanager/
2025-06-30 09:57:47,529 [INFO] ApiDb:261 - Set plugin images path to: C:\ST\STM32CubeIDE_1.16.0\STM32CubeIDE\plugins\com.st.stm32cube.common.mx_6.14.1.202504091515\\db\/plugins/mcufinder/images/
2025-06-30 09:57:47,529 [WARN] DbFile:41 - Overriding database path with different value: C:\Users\nisha\.stmcufinder\plugins\mcufinder/ => C:\Users\nisha\.stmcufinder\plugins\mcufinder
2025-06-30 09:57:47,530 [INFO] ApiDb:250 - Set database path to: C:\Users\nisha\.stmcufinder\plugins\mcufinder//mcu/
2025-06-30 09:57:47,530 [WARN] DbFile:41 - Overriding database path with different value: C:\Users\nisha\.stmcufinder\plugins\mcufinder/ => C:\Users\nisha\.stmcufinder\plugins\mcufinder
2025-06-30 09:57:47,530 [INFO] DbMcusAds:125 - Set database path to: C:\Users\nisha\.stmcufinder\plugins\mcufinder//mcu/
2025-06-30 09:57:47,531 [WARN] DbFile:41 - Overriding database path with different value: C:\Users\nisha\.stmcufinder\plugins\mcufinder/ => C:\Users\nisha\.stmcufinder\plugins\mcufinder
2025-06-30 09:57:47,531 [WARN] DbFile:41 - Overriding database path with different value: C:\Users\nisha\.stmcufinder\plugins\mcufinder/ => C:\Users\nisha\.stmcufinder\plugins\mcufinder
2025-06-30 09:57:47,531 [INFO] CrossReferenceDbSqlite:203 - Set database path to: C:\Users\nisha\.stmcufinder\plugins\mcufinder//mcu/cs/
2025-06-30 09:57:47,718 [INFO] MainPanel:272 - HeapMemory: 268435456
2025-06-30 09:57:47,997 [INFO] DbMcusXml:78 - Set database path to: C:\ST\STM32CubeIDE_1.16.0\STM32CubeIDE\plugins\com.st.stm32cube.common.mx_6.14.1.202504091515\\db\/mcu/
2025-06-30 09:57:47,997 [INFO] ApiDb:274 - Set plugin database path to: C:\ST\STM32CubeIDE_1.16.0\STM32CubeIDE\plugins\com.st.stm32cube.common.mx_6.14.1.202504091515\\db\/plugins/boardmanager/
2025-06-30 09:57:47,997 [INFO] ApiDb:261 - Set plugin images path to: C:\ST\STM32CubeIDE_1.16.0\STM32CubeIDE\plugins\com.st.stm32cube.common.mx_6.14.1.202504091515\\db\/plugins/mcufinder/images/
2025-06-30 09:57:47,998 [WARN] DbFile:41 - Overriding database path with different value: C:\Users\nisha\.stmcufinder\plugins\mcufinder/ => C:\Users\nisha\.stmcufinder\plugins\mcufinder
2025-06-30 09:57:47,998 [INFO] ApiDb:250 - Set database path to: C:\Users\nisha\.stmcufinder\plugins\mcufinder//mcu/
2025-06-30 09:57:47,998 [WARN] DbFile:41 - Overriding database path with different value: C:\Users\nisha\.stmcufinder\plugins\mcufinder/ => C:\Users\nisha\.stmcufinder\plugins\mcufinder
2025-06-30 09:57:47,999 [INFO] DbMcusAds:125 - Set database path to: C:\Users\nisha\.stmcufinder\plugins\mcufinder//mcu/
2025-06-30 09:57:47,999 [WARN] DbFile:41 - Overriding database path with different value: C:\Users\nisha\.stmcufinder\plugins\mcufinder/ => C:\Users\nisha\.stmcufinder\plugins\mcufinder
2025-06-30 09:57:47,999 [WARN] DbFile:41 - Overriding database path with different value: C:\Users\nisha\.stmcufinder\plugins\mcufinder/ => C:\Users\nisha\.stmcufinder\plugins\mcufinder
2025-06-30 09:57:47,999 [INFO] CrossReferenceDbSqlite:203 - Set database path to: C:\Users\nisha\.stmcufinder\plugins\mcufinder//mcu/cs/
2025-06-30 09:57:48,047 [INFO] ApplicationProperties:184 - Using Application install path: C:\ST\STM32CubeIDE_1.16.0\STM32CubeIDE\plugins\com.st.stm32cube.common.mx_6.14.1.202504091515
2025-06-30 09:57:48,049 [INFO] PluginManage:196 - Search for loadable plugins [exclusion list=, ]
2025-06-30 09:57:48,053 [INFO] PluginManage:310 - Check plugin analytics
2025-06-30 09:57:48,596 [INFO] AnalyticsPlugin:253 - Accepted Software Licenses: 
2025-06-30 09:57:48,597 [INFO] AnalyticsPlugin:255 - Accepted CMSIS Pack Licenses: 
2025-06-30 09:57:48,597 [INFO] AnalyticsPlugin:257 - Accepted Firmware Licenses: FW.F4.1.28.0
2025-06-30 09:57:48,604 [INFO] PluginManage:359 - Loaded plugin analytics (category:tool,tabindex:-1)
2025-06-30 09:57:48,605 [INFO] PluginManage:310 - Check plugin cadmodel
2025-06-30 09:57:48,635 [INFO] CADModel:105 - Init CAD model plugin
2025-06-30 09:57:48,635 [INFO] PluginManage:359 - Loaded plugin cadmodel (category:power,tabindex:5)
2025-06-30 09:57:48,636 [INFO] PluginManage:310 - Check plugin clock
2025-06-30 09:57:48,677 [INFO] PluginManage:359 - Loaded plugin clock (category:base,tabindex:2)
2025-06-30 09:57:48,678 [INFO] PluginManage:310 - Check plugin ddr
2025-06-30 09:57:48,684 [INFO] PluginManage:359 - Loaded plugin ddr (category:tool,tabindex:6)
2025-06-30 09:57:48,685 [INFO] PluginManage:310 - Check plugin filemanager
2025-06-30 09:57:49,038 [INFO] PluginManage:359 - Loaded plugin filemanager (category:base,tabindex:10)
2025-06-30 09:57:49,039 [INFO] PluginManage:310 - Check plugin ipmanager
2025-06-30 09:57:49,055 [INFO] PluginManage:359 - Loaded plugin ipmanager (category:base,tabindex:5)
2025-06-30 09:57:49,056 [INFO] PluginManage:310 - Check plugin lpbam
2025-06-30 09:57:49,091 [INFO] PluginManage:359 - Loaded plugin lpbam (category:base,tabindex:0)
2025-06-30 09:57:49,091 [INFO] PluginManage:310 - Check plugin memorymap
2025-06-30 09:57:49,137 [INFO] PluginManage:359 - Loaded plugin memorymap (category:base,tabindex:4)
2025-06-30 09:57:49,137 [INFO] PluginManage:310 - Check plugin pinoutandconfiguration
2025-06-30 09:57:49,172 [INFO] PluginManage:359 - Loaded plugin pinoutandconfiguration (category:base,tabindex:1)
2025-06-30 09:57:49,172 [INFO] PluginManage:310 - Check plugin pinoutconfig
2025-06-30 09:57:49,375 [WARN] SupportedApi:132 - Cannot load RTOS API schema: s4s-elt-must-match.1: The content of 'definitions' must match (annotation?, (simpleType | complexType)?, (unique | key | keyref)*)). A problem was found starting at: attribute.
2025-06-30 09:57:49,680 [INFO] PluginManage:359 - Loaded plugin pinoutconfig (category:base,tabindex:0)
2025-06-30 09:57:49,681 [INFO] PluginManage:310 - Check plugin power
2025-06-30 09:57:49,725 [INFO] PluginManage:359 - Loaded plugin power (category:power,tabindex:4)
2025-06-30 09:57:49,725 [INFO] PluginManage:310 - Check plugin projectmanager
2025-06-30 09:57:49,770 [INFO] PluginManage:359 - Loaded plugin projectmanager (category:projectmanager,tabindex:4)
2025-06-30 09:57:49,771 [INFO] PluginManage:310 - Check plugin rif
2025-06-30 09:57:49,797 [INFO] PluginManage:359 - Loaded plugin rif (category:base,tabindex:3)
2025-06-30 09:57:49,798 [INFO] PluginManage:310 - Check plugin thirdparty
2025-06-30 09:57:50,403 [INFO] PluginManage:359 - Loaded plugin thirdparty (category:base,tabindex:-1)
2025-06-30 09:57:50,404 [INFO] PluginManage:310 - Check plugin tools
2025-06-30 09:57:50,402 [WARN] IntegrityCheckThread:84 - waiting for thirdparty lock release [integrity check]
2025-06-30 09:57:50,405 [INFO] IntegrityCheckThread:86 - entering critical section [integrity check]
2025-06-30 09:57:50,407 [INFO] ThirdPartyUpdaterWithRetryManager:70 - Updater plugin not ready yet. [1/15]
2025-06-30 09:57:50,482 [INFO] PluginManage:359 - Loaded plugin tools (category:base,tabindex:7)
2025-06-30 09:57:50,482 [INFO] PluginManage:310 - Check plugin tutovideos
2025-06-30 09:57:50,924 [INFO] PluginManage:359 - Loaded plugin tutovideos (category:base,tabindex:-1)
2025-06-30 09:57:50,924 [INFO] PluginManage:310 - Check plugin updater
2025-06-30 09:57:50,956 [INFO] PluginManage:359 - Loaded plugin updater (category:base,tabindex:12)
2025-06-30 09:57:50,957 [INFO] PluginManage:310 - Check plugin userauth
2025-06-30 09:57:50,963 [INFO] UserAuth:118 - Init User Auth plugin
2025-06-30 09:57:50,964 [INFO] PluginManage:359 - Loaded plugin userauth (category:base,tabindex:14)
2025-06-30 09:57:50,964 [INFO] PluginManage:283 - PluginManage : Loaded plugins [18]
2025-06-30 09:57:51,288 [INFO] PinOutPanel:1589 - setPackage(No Configuration,No Configuration)
2025-06-30 09:57:51,413 [INFO] CADModel:165 - CPN selected for project level
2025-06-30 09:57:51,414 [INFO] CADModel:114 - Register for checkConnection events
2025-06-30 09:57:51,447 [INFO] IPUIPlugin:80 - create IPUIPlugin
2025-06-30 09:57:51,447 [INFO] PluginManager:220 - loadIPPluginJar : add adc
2025-06-30 09:57:51,502 [INFO] IPUIPlugin:80 - create IPUIPlugin
2025-06-30 09:57:51,502 [INFO] PluginManager:220 - loadIPPluginJar : add aes
2025-06-30 09:57:51,560 [INFO] IPUIPlugin:80 - create IPUIPlugin
2025-06-30 09:57:51,561 [INFO] PluginManager:220 - loadIPPluginJar : add can
2025-06-30 09:57:51,606 [INFO] IPUIPlugin:80 - create IPUIPlugin
2025-06-30 09:57:51,606 [INFO] PluginManager:220 - loadIPPluginJar : add comp
2025-06-30 09:57:51,678 [INFO] IPUIPlugin:80 - create IPUIPlugin
2025-06-30 09:57:51,679 [INFO] PluginManager:220 - loadIPPluginJar : add cryp
2025-06-30 09:57:51,703 [INFO] IPUIPlugin:80 - create IPUIPlugin
2025-06-30 09:57:51,703 [INFO] PluginManager:220 - loadIPPluginJar : add ddr_ctrl_phy
2025-06-30 09:57:51,761 [INFO] IPUIPlugin:80 - create IPUIPlugin
2025-06-30 09:57:51,762 [INFO] PluginManager:220 - loadIPPluginJar : add dfsdm
2025-06-30 09:57:51,789 [INFO] IPUIPlugin:80 - create IPUIPlugin
2025-06-30 09:57:51,790 [INFO] PluginManager:220 - loadIPPluginJar : add dma
2025-06-30 09:57:51,845 [INFO] IPUIPlugin:80 - create IPUIPlugin
2025-06-30 09:57:51,845 [INFO] PluginManager:220 - loadIPPluginJar : add dma3
2025-06-30 09:57:51,921 [INFO] IPUIPlugin:80 - create IPUIPlugin
2025-06-30 09:57:51,921 [INFO] PluginManager:220 - loadIPPluginJar : add extmemmanager
2025-06-30 09:57:51,956 [INFO] IPUIPlugin:80 - create IPUIPlugin
2025-06-30 09:57:51,956 [INFO] PluginManager:220 - loadIPPluginJar : add fatfs
2025-06-30 09:57:52,007 [INFO] IPUIPlugin:80 - create IPUIPlugin
2025-06-30 09:57:52,007 [INFO] PluginManager:220 - loadIPPluginJar : add fmc
2025-06-30 09:57:52,027 [INFO] IPUIPlugin:80 - create IPUIPlugin
2025-06-30 09:57:52,027 [INFO] PluginManager:220 - loadIPPluginJar : add freertos
2025-06-30 09:57:52,059 [INFO] IPUIPlugin:80 - create IPUIPlugin
2025-06-30 09:57:52,059 [INFO] PluginManager:220 - loadIPPluginJar : add genericplugin
2025-06-30 09:57:52,188 [INFO] IPUIPlugin:80 - create IPUIPlugin
2025-06-30 09:57:52,188 [INFO] PluginManager:220 - loadIPPluginJar : add gfxmmu
2025-06-30 09:57:52,417 [INFO] IPUIPlugin:80 - create IPUIPlugin
2025-06-30 09:57:52,418 [INFO] PluginManager:220 - loadIPPluginJar : add gic
2025-06-30 09:57:52,448 [INFO] IPUIPlugin:80 - create IPUIPlugin
2025-06-30 09:57:52,448 [INFO] PluginManager:220 - loadIPPluginJar : add gpio
2025-06-30 09:57:52,578 [INFO] IPUIPlugin:80 - create IPUIPlugin
2025-06-30 09:57:52,578 [INFO] PluginManager:220 - loadIPPluginJar : add gtzc
2025-06-30 09:57:52,621 [INFO] IPUIPlugin:80 - create IPUIPlugin
2025-06-30 09:57:52,622 [INFO] PluginManager:220 - loadIPPluginJar : add hash
2025-06-30 09:57:52,676 [INFO] IPUIPlugin:80 - create IPUIPlugin
2025-06-30 09:57:52,676 [INFO] PluginManager:220 - loadIPPluginJar : add i2c
2025-06-30 09:57:52,735 [INFO] IPUIPlugin:80 - create IPUIPlugin
2025-06-30 09:57:52,736 [INFO] PluginManager:220 - loadIPPluginJar : add i2s
2025-06-30 09:57:52,783 [INFO] IPUIPlugin:80 - create IPUIPlugin
2025-06-30 09:57:52,783 [INFO] PluginManager:220 - loadIPPluginJar : add i3c
2025-06-30 09:57:52,897 [INFO] IPUIPlugin:80 - create IPUIPlugin
2025-06-30 09:57:52,897 [INFO] PluginManager:220 - loadIPPluginJar : add ipddr
2025-06-30 09:57:53,000 [INFO] IPUIPlugin:80 - create IPUIPlugin
2025-06-30 09:57:53,001 [INFO] PluginManager:220 - loadIPPluginJar : add linkedlist
2025-06-30 09:57:53,050 [INFO] IPUIPlugin:80 - create IPUIPlugin
2025-06-30 09:57:53,050 [INFO] PluginManager:220 - loadIPPluginJar : add lorawan
2025-06-30 09:57:53,110 [INFO] IPUIPlugin:80 - create IPUIPlugin
2025-06-30 09:57:53,110 [INFO] PluginManager:220 - loadIPPluginJar : add ltdc
2025-06-30 09:57:53,130 [INFO] IPUIPlugin:80 - create IPUIPlugin
2025-06-30 09:57:53,130 [INFO] PluginManager:220 - loadIPPluginJar : add mdma
2025-06-30 09:57:53,145 [INFO] IPUIPlugin:80 - create IPUIPlugin
2025-06-30 09:57:53,145 [INFO] PluginManager:220 - loadIPPluginJar : add nvic
2025-06-30 09:57:53,202 [INFO] IPUIPlugin:80 - create IPUIPlugin
2025-06-30 09:57:53,202 [INFO] PluginManager:220 - loadIPPluginJar : add opamp
2025-06-30 09:57:53,283 [INFO] IPUIPlugin:80 - create IPUIPlugin
2025-06-30 09:57:53,283 [INFO] PluginManager:220 - loadIPPluginJar : add openamp
2025-06-30 09:57:53,350 [INFO] IPUIPlugin:80 - create IPUIPlugin
2025-06-30 09:57:53,350 [INFO] PluginManager:220 - loadIPPluginJar : add pdm2pcm
2025-06-30 09:57:53,371 [INFO] IPUIPlugin:80 - create IPUIPlugin
2025-06-30 09:57:53,374 [INFO] PluginManager:220 - loadIPPluginJar : add plateformsettings
2025-06-30 09:57:53,406 [INFO] IPUIPlugin:80 - create IPUIPlugin
2025-06-30 09:57:53,406 [INFO] PluginManager:220 - loadIPPluginJar : add quadspi
2025-06-30 09:57:53,417 [INFO] ThirdPartyUpdaterWithRetryManager:70 - Updater plugin not ready yet. [2/15]
2025-06-30 09:57:53,441 [INFO] IPUIPlugin:80 - create IPUIPlugin
2025-06-30 09:57:53,442 [INFO] PluginManager:220 - loadIPPluginJar : add radio
2025-06-30 09:57:53,460 [INFO] IPUIPlugin:80 - create IPUIPlugin
2025-06-30 09:57:53,461 [INFO] PluginManager:220 - loadIPPluginJar : add resmgrutility
2025-06-30 09:57:53,540 [INFO] IPUIPlugin:80 - create IPUIPlugin
2025-06-30 09:57:53,540 [INFO] PluginManager:220 - loadIPPluginJar : add sai
2025-06-30 09:57:53,603 [INFO] IPUIPlugin:80 - create IPUIPlugin
2025-06-30 09:57:53,603 [INFO] PluginManager:220 - loadIPPluginJar : add spi
2025-06-30 09:57:53,677 [INFO] IPUIPlugin:80 - create IPUIPlugin
2025-06-30 09:57:53,677 [INFO] PluginManager:220 - loadIPPluginJar : add stm32_wpan
2025-06-30 09:57:53,711 [INFO] IPUIPlugin:80 - create IPUIPlugin
2025-06-30 09:57:53,711 [INFO] PluginManager:220 - loadIPPluginJar : add tim
2025-06-30 09:57:53,810 [INFO] IPUIPlugin:80 - create IPUIPlugin
2025-06-30 09:57:53,811 [INFO] PluginManager:220 - loadIPPluginJar : add touchsensing
2025-06-30 09:57:53,853 [INFO] IPUIPlugin:80 - create IPUIPlugin
2025-06-30 09:57:53,853 [INFO] PluginManager:220 - loadIPPluginJar : add tracer_emb
2025-06-30 09:57:53,895 [INFO] IPUIPlugin:80 - create IPUIPlugin
2025-06-30 09:57:53,895 [INFO] PluginManager:220 - loadIPPluginJar : add ts
2025-06-30 09:57:53,937 [INFO] IPUIPlugin:80 - create IPUIPlugin
2025-06-30 09:57:53,938 [INFO] PluginManager:220 - loadIPPluginJar : add tsc
2025-06-30 09:57:53,974 [INFO] IPUIPlugin:80 - create IPUIPlugin
2025-06-30 09:57:53,974 [INFO] PluginManager:220 - loadIPPluginJar : add ucpd
2025-06-30 09:57:54,022 [INFO] IPUIPlugin:80 - create IPUIPlugin
2025-06-30 09:57:54,023 [INFO] PluginManager:220 - loadIPPluginJar : add usart
2025-06-30 09:57:54,096 [INFO] IPUIPlugin:80 - create IPUIPlugin
2025-06-30 09:57:54,096 [INFO] PluginManager:220 - loadIPPluginJar : add usbx
2025-06-30 09:57:54,232 [FATAL] Updater:351 - Updater called before beeing initialized
2025-06-30 09:57:54,298 [INFO] RulesReader:64 - Compatibility file has been processed (302 Rules)
2025-06-30 09:57:54,332 [INFO] RulesReader:64 - Compatibility file has been processed (302 Rules)
2025-06-30 09:57:54,349 [INFO] CADModel:165 - CPN selected for project level
2025-06-30 09:57:54,350 [INFO] CADModel:114 - Register for checkConnection events
2025-06-30 09:57:54,350 [FATAL] Updater:351 - Updater called before beeing initialized
2025-06-30 09:57:54,350 [ERROR] CADModel:125 - Updater not yet initialized, retry later 
2025-06-30 09:57:54,551 [FATAL] Updater:351 - Updater called before beeing initialized
2025-06-30 09:57:54,555 [INFO] CADModel:165 - CPN selected for project level
2025-06-30 09:57:54,555 [INFO] CADModel:114 - Register for checkConnection events
2025-06-30 09:57:54,555 [FATAL] Updater:351 - Updater called before beeing initialized
2025-06-30 09:57:54,555 [ERROR] CADModel:125 - Updater not yet initialized, retry later 
2025-06-30 09:57:54,561 [FATAL] Updater:351 - Updater called before beeing initialized
2025-06-30 09:57:54,740 [FATAL] Updater:351 - Updater called before beeing initialized
2025-06-30 09:57:54,752 [INFO] DbMcusAds:53 - JSON generation date=Thu Jun 19 14:02:37 IST 2025 (1750321957418)
2025-06-30 09:57:54,753 [FATAL] Updater:351 - Updater called before beeing initialized
2025-06-30 09:57:54,790 [WARN] DetailPanel:346 - Failed to get advertising image, set to default
2025-06-30 09:57:54,981 [FATAL] Updater:351 - Updater called before beeing initialized
2025-06-30 09:57:54,984 [FATAL] Updater:351 - Updater called before beeing initialized
2025-06-30 09:57:54,984 [FATAL] Updater:351 - Updater called before beeing initialized
2025-06-30 09:57:54,984 [WARN] DetailPanel:346 - Failed to get advertising image, set to default
2025-06-30 09:57:54,985 [FATAL] Updater:351 - Updater called before beeing initialized
2025-06-30 09:57:55,049 [ERROR] Updater:1198 - MainUpdater not yet initialized. External WinMGr cannot be set.
2025-06-30 09:57:55,065 [INFO] Updater:1134 - Updater Version found : 6.14.1
2025-06-30 09:57:55,095 [INFO] ApplicationProperties:184 - Using Application install path: C:\ST\STM32CubeIDE_1.16.0\STM32CubeIDE\plugins\com.st.stm32cube.common.mx_6.14.1.202504091515
2025-06-30 09:57:56,419 [INFO] ThirdPartyUpdaterWithRetryManager:70 - Updater plugin not ready yet. [3/15]
2025-06-30 09:57:56,700 [ERROR] LogOutputStream:75 - [STDERR_REDIRECT] Jun 30, 2025 9:57:56 AM java.util.prefs.WindowsPreferences <init>
2025-06-30 09:57:56,703 [ERROR] LogOutputStream:75 - [STDERR_REDIRECT] WARNING: Could not open/create prefs root node Software\JavaSoft\Prefs at root 0xffffffff80000002. Windows RegCreateKeyEx(...) returned error code 5.
2025-06-30 09:57:56,703 [ERROR] LogOutputStream:75 - [STDERR_REDIRECT] 
2025-06-30 09:57:57,853 [INFO] MainUpdater:2872 - connection check result : 10
2025-06-30 09:57:57,854 [INFO] MainUpdater:289 - Updater Check For Update Now.
2025-06-30 09:57:57,855 [INFO] MicroXplorer:498 - Change Database Version : DB.6.0.141
2025-06-30 09:57:57,904 [INFO] McuFinderGlobals:63 - Set McuFinder mode to 2 (CubeIDE integrated)
2025-06-30 09:57:57,918 [INFO] UserAuth:484 - Internet connection configuration mode: 1
2025-06-30 09:57:57,985 [INFO] JxBrowserEngine:152 - Initiate JxBrowser Engine with user profile folder
2025-06-30 09:57:58,128 [INFO] CheckServerUpdateThread:120 - End of CheckServer Thread
2025-06-30 09:57:59,997 [WARN] PackLoader:240 - Cannot read IP mode file for STMicroelectronics.FP-SNS-MOTENVWB1.1.4.0
2025-06-30 09:58:00,031 [WARN] PackLoader:240 - Cannot read IP mode file for STMicroelectronics.X-CUBE-SMBUS.2.1.0
2025-06-30 09:58:00,039 [INFO] WebApp:169 - Instantiating new browser for Auth
2025-06-30 09:58:00,064 [WARN] PackLoader:240 - Cannot read IP mode file for STMicroelectronics.X-CUBE-WB05N.1.1.0
2025-06-30 09:58:00,094 [WARN] PackLoader:240 - Cannot read IP mode file for STMicroelectronics.X-CUBE-ST60.1.0.0
2025-06-30 09:58:00,160 [WARN] PackLoader:240 - Cannot read IP mode file for STMicroelectronics.X-CUBE-AZRTOS-F7.1.1.0
2025-06-30 09:58:00,256 [WARN] PackLoader:240 - Cannot read IP mode file for STMicroelectronics.X-CUBE-MEMS1.11.0.0
2025-06-30 09:58:00,450 [WARN] PackLoader:240 - Cannot read IP mode file for STMicroelectronics.FP-SNS-FLIGHT1.5.0.2
2025-06-30 09:58:00,477 [WARN] PackLoader:240 - Cannot read IP mode file for STMicroelectronics.X-CUBE-DISPLAY.3.0.0
2025-06-30 09:58:00,502 [WARN] PackLoader:240 - Cannot read IP mode file for STMicroelectronics.X-CUBE-BLE1.7.0.0
2025-06-30 09:58:00,528 [WARN] PackLoader:240 - Cannot read IP mode file for STMicroelectronics.X-CUBE-NFC10.1.0.0
2025-06-30 09:58:00,557 [WARN] PackLoader:240 - Cannot read IP mode file for emotas.I-CUBE-CANOPEN.1.3.0
2025-06-30 09:58:00,582 [WARN] PackLoader:240 - Cannot read IP mode file for STMicroelectronics.X-CUBE-BLEMGR.3.1.0
2025-06-30 09:58:00,607 [WARN] PackLoader:240 - Cannot read IP mode file for STMicroelectronics.FP-SNS-SMARTAG2.1.2.0
2025-06-30 09:58:00,626 [WARN] PackLoader:240 - Cannot read IP mode file for STMicroelectronics.FP-SNS-FLIGHT1.5.1.0
2025-06-30 09:58:00,652 [INFO] LogOutputStream:77 - [STDOUT_REDIRECT] 1 : Invalid condition id : UX_CORESTACK_Condition cause : null
2025-06-30 09:58:00,654 [INFO] LogOutputStream:77 - [STDOUT_REDIRECT] 1 : Invalid condition id : UX_CORESTACK_Condition cause : null
2025-06-30 09:58:00,656 [INFO] LogOutputStream:77 - [STDOUT_REDIRECT] 1 : Invalid condition id : UX_CORESTACK_Condition cause : null
2025-06-30 09:58:00,657 [INFO] LogOutputStream:77 - [STDOUT_REDIRECT] 1 : Invalid condition id : UX_CORESTACK_Condition cause : null
2025-06-30 09:58:00,659 [INFO] LogOutputStream:77 - [STDOUT_REDIRECT] 1 : Invalid condition id : UX_CORESTACK_Condition cause : null
2025-06-30 09:58:00,661 [WARN] PackLoader:240 - Cannot read IP mode file for STMicroelectronics.X-CUBE-AZRTOS-WL.2.0.0
2025-06-30 09:58:00,681 [WARN] PackLoader:240 - Cannot read IP mode file for STMicroelectronics.FP-SNS-MOTENV1.5.0.0
2025-06-30 09:58:00,700 [WARN] PackLoader:240 - Cannot read IP mode file for wolfSSL.I-CUBE-wolfMQTT.1.19.0
2025-06-30 09:58:00,732 [WARN] PackLoader:240 - Cannot read IP mode file for WES.I-CUBE-Cesium.1.3.0
2025-06-30 09:58:00,758 [WARN] PackLoader:240 - Cannot read IP mode file for STMicroelectronics.X-CUBE-BLE2.3.3.0
2025-06-30 09:58:00,790 [WARN] PackLoader:240 - Cannot read IP mode file for STMicroelectronics.X-CUBE-NFC9.1.0.0
2025-06-30 09:58:00,815 [WARN] PackLoader:240 - Cannot read IP mode file for STMicroelectronics.X-CUBE-BLE1.7.1.0
2025-06-30 09:58:00,838 [WARN] PackLoader:240 - Cannot read IP mode file for STMicroelectronics.X-CUBE-TCPP.4.1.0
2025-06-30 09:58:00,857 [WARN] PackLoader:240 - Cannot read IP mode file for STMicroelectronics.X-CUBE-AI.10.1.0
2025-06-30 09:58:00,891 [WARN] PackLoader:240 - Cannot read IP mode file for STMicroelectronics.X-CUBE-AZRTOS-G0.1.1.0
2025-06-30 09:58:00,915 [WARN] PackLoader:240 - Cannot read IP mode file for STMicroelectronics.X-CUBE-SAFEA1.1.2.2
2025-06-30 09:58:00,935 [WARN] PackLoader:240 - Cannot read IP mode file for STMicroelectronics.X-CUBE-NFC4.3.0.0
2025-06-30 09:58:00,986 [WARN] PackLoader:240 - Cannot read IP mode file for EmbeddedOffice.I-CUBE-FS-RTOS.1.0.1
2025-06-30 09:58:01,029 [WARN] PackLoader:240 - Cannot read IP mode file for STMicroelectronics.X-CUBE-WB05N.2.0.0
2025-06-30 09:58:01,119 [WARN] PackLoader:240 - Cannot read IP mode file for STMicroelectronics.X-CUBE-TCPP.4.2.0
2025-06-30 09:58:01,150 [WARN] PackLoader:240 - Cannot read IP mode file for RealThread.X-CUBE-RT-Thread_Nano.4.1.1
2025-06-30 09:58:01,169 [WARN] PackLoader:240 - Cannot read IP mode file for wolfSSL.I-CUBE-wolfSSL.5.7.0
2025-06-30 09:58:01,190 [WARN] PackLoader:240 - Cannot read IP mode file for STMicroelectronics.FP-ATR-SIGFOX1.3.2.0
2025-06-30 09:58:01,212 [WARN] ConditionMgr:438 - getConditionDescription Invalid condition id : Cortex-A Device cause : null
2025-06-30 09:58:01,260 [WARN] ConditionMgr:1044 - genDependencies : Invalid condition id : Cortex-A Device cause : null
2025-06-30 09:58:01,261 [WARN] ConditionMgr:1044 - genDependencies : Invalid condition id : Cortex-A Device cause : null
2025-06-30 09:58:01,261 [WARN] ConditionMgr:1044 - genDependencies : Invalid condition id : Cortex-A Device cause : null
2025-06-30 09:58:01,282 [WARN] PackLoader:240 - Cannot read IP mode file for STMicroelectronics.X-CUBE-EEPRMA1.5.1.0
2025-06-30 09:58:01,303 [WARN] PackLoader:240 - Cannot read IP mode file for ITTIA_DB.I-CUBE-ITTIADB.8.9.0
2025-06-30 09:58:01,330 [WARN] PackLoader:240 - Cannot read IP mode file for STMicroelectronics.X-CUBE-ST67W61.1.0.0
2025-06-30 09:58:01,372 [WARN] PackLoader:240 - Cannot read IP mode file for SEGGER.I-CUBE-embOS.1.3.1
2025-06-30 09:58:01,433 [WARN] PackLoader:240 - Cannot read IP mode file for STMicroelectronics.X-CUBE-ALGOBUILD.1.4.0
2025-06-30 09:58:01,509 [WARN] PackLoader:240 - Cannot read IP mode file for STMicroelectronics.X-CUBE-MEMS1.11.3.0
2025-06-30 09:58:01,632 [WARN] PackLoader:240 - Cannot read IP mode file for STMicroelectronics.X-CUBE-AI.9.1.0
2025-06-30 09:58:01,651 [WARN] PackLoader:240 - Cannot read IP mode file for STMicroelectronics.X-CUBE-PM33A1.1.0.0
2025-06-30 09:58:01,674 [WARN] PackLoader:240 - Cannot read IP mode file for STMicroelectronics.X-CUBE-GNSS1.6.0.0
2025-06-30 09:58:01,725 [WARN] PackLoader:240 - Cannot read IP mode file for STMicroelectronics.X-CUBE-AZRTOS-F4.1.1.0
2025-06-30 09:58:01,746 [WARN] PackLoader:240 - Cannot read IP mode file for Avnet-IotConnect.X-CUBE-IoTC-DA16k-PMOD.1.0.0
2025-06-30 09:58:01,766 [WARN] PackLoader:240 - Cannot read IP mode file for STMicroelectronics.X-CUBE-ISPU.2.1.0
2025-06-30 09:58:01,787 [WARN] PackLoader:240 - Cannot read IP mode file for STMicroelectronics.X-CUBE-FREERTOS.1.2.0
2025-06-30 09:58:01,824 [WARN] PackLoader:240 - Cannot read IP mode file for STMicroelectronics.X-CUBE-AZRTOS-L5.2.0.0
2025-06-30 09:58:01,846 [WARN] PackLoader:240 - Cannot read IP mode file for STMicroelectronics.X-CUBE-NFC6.3.1.0
2025-06-30 09:58:01,869 [WARN] PackLoader:240 - Cannot read IP mode file for STMicroelectronics.X-CUBE-DPower.1.2.0
2025-06-30 09:58:01,889 [WARN] PackLoader:240 - Cannot read IP mode file for STMicroelectronics.X-CUBE-AI.9.0.0
2025-06-30 09:58:01,913 [WARN] PackLoader:240 - Cannot read IP mode file for STMicroelectronics.X-CUBE-FREERTOS.1.3.1
2025-06-30 09:58:01,936 [WARN] PackLoader:240 - Cannot read IP mode file for STMicroelectronics.X-CUBE-NFC7.1.0.1
2025-06-30 09:58:01,964 [WARN] PackLoader:240 - Cannot read IP mode file for wolfSSL.I-CUBE-wolfTPM.3.2.0
2025-06-30 09:58:01,988 [WARN] PackLoader:240 - Cannot read IP mode file for STMicroelectronics.FP-SNS-STAIOTCFT.1.0.0
2025-06-30 09:58:02,009 [WARN] PackLoader:240 - Cannot read IP mode file for STMicroelectronics.X-CUBE-DPower.1.3.0
2025-06-30 09:58:02,054 [WARN] ConditionMgr:438 - getConditionDescription Invalid condition id : LAN8742 Phy interface Condition cause : null
2025-06-30 09:58:02,055 [WARN] PackLoader:240 - Cannot read IP mode file for STMicroelectronics.X-CUBE-AZRTOS-L4.2.0.0
2025-06-30 09:58:02,056 [WARN] ConditionMgr:1044 - genDependencies : Invalid condition id : LAN8742 Phy interface Condition cause : null
2025-06-30 09:58:02,056 [WARN] ConditionMgr:1044 - genDependencies : Invalid condition id : LAN8742 Phy interface Condition cause : null
2025-06-30 09:58:02,057 [WARN] ConditionMgr:1044 - genDependencies : Invalid condition id : LAN8742 Phy interface Condition cause : null
2025-06-30 09:58:02,080 [WARN] PackLoader:240 - Cannot read IP mode file for STMicroelectronics.X-CUBE-SFXS2LP1.4.0.0
2025-06-30 09:58:02,121 [WARN] PackLoader:240 - Cannot read IP mode file for STMicroelectronics.X-CUBE-AZRTOS-H7.3.3.0
2025-06-30 09:58:02,154 [WARN] PackLoader:240 - Cannot read IP mode file for STMicroelectronics.X-CUBE-IPS.3.0.0
2025-06-30 09:58:02,190 [WARN] ConditionMgr:438 - getConditionDescription Invalid condition id : UX DEVICE CLASS RTOS Condition cause : null
2025-06-30 09:58:02,190 [WARN] ConditionMgr:438 - getConditionDescription Invalid condition id : UX DEVICE CLASS RTOS Condition cause : null
2025-06-30 09:58:02,192 [WARN] PackLoader:240 - Cannot read IP mode file for STMicroelectronics.X-CUBE-AZRTOS-WB.2.0.0
2025-06-30 09:58:02,192 [WARN] ConditionMgr:1044 - genDependencies : Invalid condition id : UX DEVICE CLASS RTOS Condition cause : null
2025-06-30 09:58:02,193 [WARN] ConditionMgr:1044 - genDependencies : Invalid condition id : UX DEVICE CLASS RTOS Condition cause : null
2025-06-30 09:58:02,193 [WARN] ConditionMgr:1044 - genDependencies : Invalid condition id : UX DEVICE CLASS RTOS Condition cause : null
2025-06-30 09:58:02,193 [WARN] ConditionMgr:1044 - genDependencies : Invalid condition id : UX DEVICE CLASS RTOS Condition cause : null
2025-06-30 09:58:02,193 [WARN] ConditionMgr:1044 - genDependencies : Invalid condition id : UX DEVICE CLASS RTOS Condition cause : null
2025-06-30 09:58:02,216 [WARN] PackLoader:240 - Cannot read IP mode file for STMicroelectronics.X-CUBE-GNSS1.7.0.0
2025-06-30 09:58:02,239 [WARN] PackLoader:240 - Cannot read IP mode file for STMicroelectronics.X-CUBE-GNSS1.7.0.1
2025-06-30 09:58:02,269 [WARN] PackLoader:240 - Cannot read IP mode file for STMicroelectronics.X-CUBE-TOUCHGFX.4.25.0
2025-06-30 09:58:02,290 [WARN] PackLoader:240 - Cannot read IP mode file for STMicroelectronics.FP-SNS-STBOX1.2.0.0
2025-06-30 09:58:02,317 [WARN] PackLoader:240 - Cannot read IP mode file for STMicroelectronics.X-CUBE-SUBG2.5.0.0
2025-06-30 09:58:02,381 [WARN] PackLoader:240 - Cannot read IP mode file for STMicroelectronics.X-CUBE-AZRTOS-H7RS.1.1.0
2025-06-30 09:58:02,443 [WARN] PackLoader:240 - Cannot read IP mode file for Cesanta.I-CUBE-Mongoose.7.13.0
2025-06-30 09:58:02,492 [WARN] PackLoader:240 - Cannot read IP mode file for STMicroelectronics.X-CUBE-AZRTOS-G4.2.0.0
2025-06-30 09:58:02,512 [WARN] PackLoader:240 - Cannot read IP mode file for STMicroelectronics.X-CUBE-NFC7.2.0.0
2025-06-30 09:58:02,529 [WARN] PackLoader:240 - Cannot read IP mode file for STMicroelectronics.X-CUBE-ISPU.2.0.0
2025-06-30 09:58:02,560 [WARN] PackLoader:240 - Cannot read IP mode file for STMicroelectronics.X-CUBE-IPS.3.1.0
2025-06-30 09:58:02,586 [WARN] PackLoader:240 - Cannot read IP mode file for STMicroelectronics.X-CUBE-ALS.1.0.2
2025-06-30 09:58:02,635 [WARN] PackLoader:240 - Cannot read IP mode file for STMicroelectronics.X-CUBE-MEMS1.10.0.0
2025-06-30 09:58:02,740 [WARN] PackLoader:240 - Cannot read IP mode file for STMicroelectronics.X-CUBE-TOUCHGFX.4.24.0
2025-06-30 09:58:02,763 [WARN] PackLoader:240 - Cannot read IP mode file for STMicroelectronics.X-CUBE-TOUCHGFX.4.24.1
2025-06-30 09:58:02,785 [WARN] PackLoader:240 - Cannot read IP mode file for portGmbH.I-Cube-SoM-uGOAL.1.1.0
2025-06-30 09:58:02,822 [WARN] PackLoader:240 - Cannot read IP mode file for STMicroelectronics.X-CUBE-AZRTOS-H7RS.1.0.0
2025-06-30 09:58:02,847 [WARN] PackLoader:240 - Cannot read IP mode file for STMicroelectronics.FP-ATR-ASTRA1.2.0.0
2025-06-30 09:58:02,874 [WARN] PackLoader:240 - Cannot read IP mode file for STMicroelectronics.X-CUBE-TOF1.3.4.2
2025-06-30 09:58:02,911 [WARN] PackLoader:240 - Cannot read IP mode file for STMicroelectronics.X-CUBE-TOF1.3.4.3
2025-06-30 09:58:02,952 [WARN] PackLoader:240 - Cannot read IP mode file for STMicroelectronics.X-CUBE-TOF1.3.4.1
2025-06-30 09:58:02,995 [WARN] PackLoader:240 - Cannot read IP mode file for STMicroelectronics.X-CUBE-AZRTOS-H7.3.2.0
2025-06-30 09:58:03,040 [WARN] PackLoader:240 - Cannot read IP mode file for Infineon.AIROC-Wi-Fi-Bluetooth-STM32.1.6.0
2025-06-30 09:58:03,069 [WARN] PackLoader:240 - Cannot read IP mode file for wolfSSL.I-CUBE-wolfSSH.1.4.17
2025-06-30 09:58:03,070 [INFO] ThirdParty:978 - Integrity check success = true
2025-06-30 09:58:03,070 [INFO] IntegrityCheckThread:100 - exiting critical section [integrity check]
2025-06-30 09:58:03,070 [INFO] IntegrityCheckThread:103 - End integrity checks thread
2025-06-30 09:58:03,846 [INFO] WebApp:463 - Apply proxy settings
2025-06-30 09:58:03,847 [INFO] WebApp:548 - Chromium requires no authentication
2025-06-30 09:58:03,858 [INFO] WebApp:491 - Direct internet connection detected
2025-06-30 09:58:03,893 [INFO] WebApp:894 - Register for checkConnection events
2025-06-30 09:58:03,894 [INFO] WebApp:463 - Apply proxy settings
2025-06-30 09:58:03,894 [INFO] WebApp:548 - Chromium requires no authentication
2025-06-30 09:58:03,895 [INFO] WebApp:491 - Direct internet connection detected
2025-06-30 09:58:04,139 [INFO] WebApp:225 - Starting web application
2025-06-30 09:58:04,139 [INFO] WebApp:593 - Web application path used C:\ST\STM32CubeIDE_1.16.0\STM32CubeIDE\plugins\com.st.stm32cube.common.mx_6.14.1.202504091515\db\plugins\mcufinder\reactClient1\index.html
2025-06-30 09:58:04,272 [INFO] UserAuth:484 - Internet connection configuration mode: 1
2025-06-30 09:58:04,781 [INFO] WebApp:191 - Connection restablished
2025-06-30 10:10:50,336 [INFO] McuFinderGlobals:63 - Set McuFinder mode to 2 (CubeIDE integrated)
2025-06-30 10:10:50,393 [INFO] MainUpdater:2872 - connection check result : 10
2025-06-30 10:10:50,408 [INFO] MainUpdater:2872 - connection check result : 10
2025-06-30 10:10:50,746 [INFO] MicroXplorer:468 - Change Database Path : 
2025-06-30 10:10:50,747 [INFO] MicroXplorer:498 - Change Database Version : DB.6.0.141
2025-06-30 10:10:50,756 [WARN] ThirdParty:871 - waiting for thirdparty lock release [close project]
2025-06-30 10:10:50,757 [INFO] ThirdParty:873 - entering critical section [close project]
2025-06-30 10:10:50,759 [INFO] ThirdParty:883 - exiting critical section [close project]
2025-06-30 10:10:50,764 [INFO] PinOutPanel:1589 - setPackage(No Configuration,No Configuration)
2025-06-30 10:10:50,783 [INFO] UtilMem:75 - Begin LoadConfig() Used Memory: 434366984 Bytes (996147200)
2025-06-30 10:10:50,790 [INFO] MicroXplorer:468 - Change Database Path : 
2025-06-30 10:10:50,791 [INFO] MicroXplorer:498 - Change Database Version : DB.6.0.141
2025-06-30 10:10:50,791 [INFO] OpenFileManager:354 - Change cursor
2025-06-30 10:10:50,940 [INFO] Mcu:2011 - Initializing MCU STM32F407V(E-G)Tx STM32F407VGTx STM32F407VGT6
2025-06-30 10:10:54,304 [INFO] Context:756 - Trying to add GPIOservice into a context  which must be forbidden
2025-06-30 10:10:55,113 [INFO] ImportTextPane:218 - (OptionalMessage_ERROR) Pin34 (VP_RIF_VS_RIF1) cannot be retrieved for this MCU
2025-06-30 10:10:55,494 [INFO] RtosManager:558 - Registered RTOS mode: class=CMSIS, group=RTOS, mode=CMSIS_V1, owner=FREERTOS
2025-06-30 10:10:55,494 [INFO] RtosManager:558 - Registered RTOS mode: class=CMSIS, group=RTOS2, mode=CMSIS_V2, owner=FREERTOS
2025-06-30 10:10:55,495 [INFO] RtosManager:558 - Registered RTOS mode: class=RTOS, group=Core, mode=CMSIS_V1, owner=FREERTOS
2025-06-30 10:10:55,495 [INFO] RtosManager:558 - Registered RTOS mode: class=RTOS, group=Core, mode=CMSIS_V2, owner=FREERTOS
2025-06-30 10:10:55,496 [WARN] ModelIntegratedComponent:184 - Missing modes for component STMicroelectronics:FreeRTOS:0.0.1:STMicroelectronics:RTOS:FreeRTOS:Core:::10.2.0:
2025-06-30 10:10:55,510 [WARN] ModelIntegratedComponent:63 - No mode defined for component null
2025-06-30 10:10:55,510 [WARN] ModelIntegratedComponent:63 - No mode defined for component null
2025-06-30 10:10:55,510 [WARN] ModelIntegratedComponent:63 - No mode defined for component null
2025-06-30 10:10:55,511 [WARN] ModelIntegratedComponent:63 - No mode defined for component null
2025-06-30 10:10:55,511 [WARN] ModelIntegratedComponent:63 - No mode defined for component null
2025-06-30 10:10:55,511 [WARN] ModelIntegratedComponent:63 - No mode defined for component null
2025-06-30 10:10:55,511 [WARN] ModelIntegratedComponent:63 - No mode defined for component null
2025-06-30 10:10:55,511 [WARN] ModelIntegratedComponent:63 - No mode defined for component null
2025-06-30 10:10:55,511 [WARN] ModelIntegratedComponent:63 - No mode defined for component null
2025-06-30 10:10:55,511 [WARN] ModelIntegratedComponent:63 - No mode defined for component null
2025-06-30 10:10:55,511 [WARN] ModelIntegratedComponent:63 - No mode defined for component null
2025-06-30 10:10:55,511 [WARN] ModelIntegratedComponent:63 - No mode defined for component null
2025-06-30 10:10:55,511 [WARN] ModelIntegratedComponent:63 - No mode defined for component null
2025-06-30 10:10:55,511 [WARN] ModelIntegratedComponent:63 - No mode defined for component null
2025-06-30 10:10:55,511 [WARN] ModelIntegratedComponent:63 - No mode defined for component null
2025-06-30 10:10:55,511 [WARN] ModelIntegratedComponent:63 - No mode defined for component null
2025-06-30 10:10:55,511 [WARN] ModelIntegratedComponent:63 - No mode defined for component null
2025-06-30 10:10:55,511 [WARN] ModelIntegratedComponent:63 - No mode defined for component null
2025-06-30 10:10:55,511 [WARN] ModelIntegratedComponent:63 - No mode defined for component null
2025-06-30 10:10:55,512 [WARN] ModelIntegratedComponent:63 - No mode defined for component null
2025-06-30 10:10:55,512 [WARN] ModelIntegratedComponent:63 - No mode defined for component null
2025-06-30 10:10:55,512 [WARN] ModelIntegratedComponent:63 - No mode defined for component null
2025-06-30 10:10:55,512 [WARN] ModelIntegratedComponent:63 - No mode defined for component null
2025-06-30 10:10:55,512 [WARN] ModelIntegratedComponent:63 - No mode defined for component null
2025-06-30 10:10:55,512 [WARN] ModelIntegratedComponent:63 - No mode defined for component null
2025-06-30 10:10:55,512 [WARN] ModelIntegratedComponent:63 - No mode defined for component null
2025-06-30 10:10:55,512 [WARN] ModelIntegratedComponent:63 - No mode defined for component null
2025-06-30 10:10:55,512 [WARN] ModelIntegratedComponent:63 - No mode defined for component null
2025-06-30 10:10:55,512 [WARN] ModelIntegratedComponent:63 - No mode defined for component null
2025-06-30 10:10:55,512 [WARN] ModelIntegratedComponent:63 - No mode defined for component null
2025-06-30 10:10:55,512 [WARN] ModelIntegratedComponent:63 - No mode defined for component null
2025-06-30 10:10:55,512 [WARN] ModelIntegratedComponent:63 - No mode defined for component null
2025-06-30 10:10:55,513 [WARN] ModelIntegratedComponent:63 - No mode defined for component null
2025-06-30 10:10:55,513 [WARN] ModelIntegratedComponent:63 - No mode defined for component null
2025-06-30 10:10:55,513 [WARN] ModelIntegratedComponent:63 - No mode defined for component null
2025-06-30 10:10:55,513 [WARN] ModelPack:524 - Component already loaded: STMicroelectronics:HAL Drivers:0.0.0:STMicroelectronics:Device:STMicro_Driver:XSPI:HAL::0.0.1:HAL_XSPI
2025-06-30 10:10:55,772 [INFO] ThirdPartyModel:298 - Start build external matchings
2025-06-30 10:10:56,667 [INFO] ThirdPartyModel:316 - End build external matchings
2025-06-30 10:10:57,669 [INFO] ApiDb:581 - Connected to CubeFinder SQLite database (C:\Users\nisha\.stmcufinder\plugins\mcufinder\mcu\cube-finder-db.db)
2025-06-30 10:10:57,855 [INFO] ApiDb:668 - CubeFinder database Data Model version=2.1
2025-06-30 10:10:57,855 [INFO] ApiDb:669 - CubeFinder database Configuration version=3.0.39
2025-06-30 10:10:57,856 [INFO] ApiDb:670 - CubeFinder database generation date=2025-06-16 (1750072209)
2025-06-30 10:10:57,856 [INFO] ApiDb:671 - CubeFinder database FW Pack versions=[FP-ATR-ASTRA1_V2.0.0, FP-SNS-FLIGHT1_V5.1.0, FP-SNS-MOTENV1_V5.0.0, FP-SNS-MOTENVWB1_V1.4.0, FP-SNS-SMARTAG2_V1.2.0, FP-SNS-STBOX1_V2.0.0, STM32Cube_FW_C0_V1.4.0, STM32Cube_FW_F4_V1.28.2, STM32Cube_FW_F7_V1.17.3, STM32Cube_FW_G0_V1.6.2, STM32Cube_FW_G4_V1.6.1, STM32Cube_FW_H5_V1.5.0, STM32Cube_FW_H7RS_V1.2.0, STM32Cube_FW_H7_V1.12.1, STM32Cube_FW_L0_V1.12.2, STM32Cube_FW_L4_V1.18.1, STM32Cube_FW_L5_V1.5.1, STM32Cube_FW_N6_V1.1.1, STM32Cube_FW_U0_V1.2.0, STM32Cube_FW_U3_V1.1.0, STM32Cube_FW_U5_V1.7.0, STM32Cube_FW_WB0_V1.2.0, STM32Cube_FW_WBA_V1.6.0, STM32Cube_FW_WB_V1.22.0, STM32Cube_FW_WL3_V1.1.0, STM32Cube_FW_WL_V1.3.1, X-CUBE-ALGOBUILD_V1.4.0, X-CUBE-ALS_V1.0.2, X-CUBE-AZRTOS-F4_V1.1.0, X-CUBE-AZRTOS-F7_V1.1.0, X-CUBE-AZRTOS-G0_V1.1.0, X-CUBE-AZRTOS-G4_V2.0.0, X-CUBE-AZRTOS-H7RS_V1.1.0, X-CUBE-AZRTOS-H7_V3.3.0, X-CUBE-AZRTOS-L4_V2.0.0, X-CUBE-AZRTOS-L5_V2.0.0, X-CUBE-AZRTOS-WB_V2.0.0, X-CUBE-AZRTOS-WL_V2.0.0, X-CUBE-BLE1_V7.1.0, X-CUBE-BLE2_V3.3.0, X-CUBE-BLEMGR_V4.0.0, X-CUBE-EEPRMA1_V5.1.0, X-CUBE-FREERTOS_V1.3.1, X-CUBE-GNSS1_V6.0.0, X-CUBE-MEMS1_V11.3.0, X-CUBE-NFC4_V3.0.0, X-CUBE-NFC7_V2.0.0, X-CUBE-SFXS2LP1_V4.0.0, X-CUBE-SUBG2_V5.0.0, X-CUBE-TOF1_V3.4.3]
2025-06-30 10:10:58,038 [INFO] DbBoardsSqlite:226 - include board P-NUCLEO-WB55-NUCLEO as a kit item of type 'Nucleo-64'
2025-06-30 10:10:58,045 [INFO] DbBoardsSqlite:226 - include board P-NUCLEO-WB55-USBDONGLE as a kit item of type 'Nucleo USB Dongle'
2025-06-30 10:10:58,047 [INFO] DbBoardsSqlite:226 - include board STEVAL-IDP005V1 as a kit item of type 'Evaluation Board'
2025-06-30 10:10:58,048 [INFO] DbBoardsSqlite:226 - include board STEVAL-IDP005V2 as a kit item of type 'Evaluation Board'
2025-06-30 10:10:58,642 [INFO] ApiDb:240 - Found 895 in-development CPN: [B-G473E-ZEST1S, B-WB1M-WPAN1, B-WBA5M-WPAN, B-WL5M-SUBG1, NUCLEO-C031C6, NUCLEO-C051C8, NUCLEO-C071RB, NUCLEO-C092RC, NUCLEO-H503RB, NUCLEO-H533RE, NUCLEO-H563ZI, NUCLEO-H7S3L8, NUCLEO-N657X0-Q, NUCLEO-U031R8, NUCLEO-U083RC, NUCLEO-U385RG-Q, NUCLEO-U545RE-Q, NUCLEO-U5A5ZJ-Q, NUCLEO-WB05KZ, NUCLEO-WB07CC, NUCLEO-WB09KE, NUCLEO-WBA52CG, NUCLEO-WBA55CG, NUCLEO-WBA65RI, NUCLEO-WL33CC1, NUCLEO-WL33CC2, STEVAL-PROTEUS1, STEVAL-SMARTAG2, STEVAL-STWINBX1, STM320518-EVAL, STM32C0116-DK, STM32C011D6Y3TR, STM32C011D6Y6TR, STM32C011F4P3, STM32C011F4P6, STM32C011F4U3, STM32C011F4U6TR, STM32C011F6P3, STM32C011F6P6, STM32C011F6U3, STM32C011F6U6TR, STM32C011J4M3, STM32C011J4M6, STM32C011J6M3, STM32C011J6M6, STM32C0316-DK, STM32C031C4T3, STM32C031C4T6, STM32C031C4U3, STM32C031C4U6, STM32C031C6T3, STM32C031C6T6, STM32C031C6U3, STM32C031C6U6, STM32C031F4P3, STM32C031F4P6, STM32C031F6P3, STM32C031F6P6, STM32C031G4U3, STM32C031G4U6, STM32C031G6U3, STM32C031G6U6, STM32C031K4T3, STM32C031K4T6, STM32C031K4U3, STM32C031K4U6, STM32C031K6T3, STM32C031K6T6, STM32C031K6U3, STM32C031K6U6, STM32C051C6T6, STM32C051C6U6, STM32C051C8T6, STM32C051C8U6, STM32C051D8Y6TR, STM32C051F6P6, STM32C051F8P6, STM32C051G6U6, STM32C051G8U6, STM32C051K6T6, STM32C051K6U6, STM32C051K8T6, STM32C071C8T6, STM32C071C8T6N, STM32C071C8U6, STM32C071C8U6N, STM32C071CBT6, STM32C071CBT6N, STM32C071CBU6, STM32C071CBU6N, STM32C071F8P6, STM32C071F8P6N, STM32C071FBP6, STM32C071FBP6N, STM32C071FBY6TR, STM32C071G8U6, STM32C071G8U6N, STM32C071GBU6, STM32C071GBU6N, STM32C071K8T6, STM32C071K8T6N, STM32C071K8U6, STM32C071K8U6N, STM32C071KBT6, STM32C071KBT6N, STM32C071KBU6, STM32C071KBU6N, STM32C071R8T6, STM32C071R8T6N, STM32C071RBI6N, STM32C071RBT6, STM32C071RBT6N, STM32C091CBT6, STM32C091CBU6, STM32C091CCT6, STM32C091CCU6, STM32C091ECY6TR, STM32C091FBP6, STM32C091FCP6, STM32C091GBU6, STM32C091GCU6, STM32C091KBT6, STM32C091KBU6, STM32C091KCT6, STM32C091KCU6, STM32C091RBT6, STM32C091RCI6, STM32C091RCT6, STM32C092CBT6, STM32C092CBU6, STM32C092CCT6, STM32C092CCU6, STM32C092ECY6TR, STM32C092FBP6, STM32C092FCP6, STM32C092GBU6, STM32C092GCU6, STM32C092KBT6, STM32C092KBU6, STM32C092KCT6, STM32C092KCU6, STM32C092RBT6, STM32C092RCI6, STM32C092RCT6, STM32G071K8TXN, STM32G071K8UXN, STM32G081GBU6N, STM32G081KBT6N, STM32G081KBUXN, STM32G0B1CCT6N, STM32G0B1KCT6, STM32G0B1NEY6TR, STM32G0B1RCT6N, STM32G0C1CCT6, STM32G0C1CCT6N, STM32G0C1CCU6N, STM32G0C1CET6N, STM32G0C1CEU6N, STM32G0C1KCT6, STM32G0C1NEY6TR, STM32G0C1RCI6N, STM32G0C1RCT6N, STM32G0C1REI6N, STM32G0C1RET6N, STM32G0C1VCI6, STM32G0C1VEI6, STM32G411C6T3, STM32G411C6T6, STM32G411C6U3, STM32G411C6U6, STM32G411C8T3, STM32G411C8T6, STM32G411C8U3, STM32G411C8U6, STM32G411CBT3, STM32G411CBT6, STM32G411CBU3, STM32G411CBU6, STM32G411CCT3, STM32G411CCT6, STM32G411CCU3, STM32G411CCU6, STM32G411K6T3, STM32G411K6T6, STM32G411K6U3, STM32G411K6U6, STM32G411K8T3, STM32G411K8T6, STM32G411K8U3, STM32G411K8U6, STM32G411KBT3, STM32G411KBT6, STM32G411KBU3, STM32G411KBU6, STM32G411M6T3, STM32G411M6T6, STM32G411M8T3, STM32G411M8T6, STM32G411MBT3, STM32G411MBT6, STM32G411MCT3, STM32G411MCT6, STM32G411R6T3, STM32G411R6T6, STM32G411R8T3, STM32G411R8T6, STM32G411RBT3, STM32G411RBT6, STM32G411RCT3, STM32G411RCT6, STM32G414CBT3, STM32G414CBT6, STM32G414CBU3, STM32G414CBU6, STM32G414CCT3, STM32G414CCT6, STM32G414CCU3, STM32G414CCU6, STM32G414MBT3, STM32G414MBT6, STM32G414MCT3, STM32G414MCT6, STM32G414RBT3, STM32G414RBT6, STM32G414RCT3, STM32G414RCT6, STM32G414VBT3, STM32G414VBT6, STM32G414VCT3, STM32G414VCT6, STM32G431CBT3Z, STM32G431RBT3Z, STM32G471CCT6, STM32G471CCU6, STM32G471CET3, STM32G471CET6, STM32G471CEU3, STM32G471CEU6, STM32G471MCT6, STM32G471MET3, STM32G471MET6, STM32G471MEY6TR, STM32G471QCT6, STM32G471QET3, STM32G471RCT6, STM32G471RET3, STM32G471RET6, STM32G471VCH6, STM32G471VCI6, STM32G471VCT6, STM32G471VEH3, STM32G471VEH6, STM32G471VEI3, STM32G471VEI6, STM32G471VET3, STM32G471VET6, STM32G473QET3Z, STM32G473RET3Z, STM32G474CCT6, STM32G491RET3Z, STM32H503CBT6, STM32H503CBU6, STM32H503EBY6TR, STM32H503KBU6, STM32H503RBT6, STM32H523CCT6, STM32H523CCU6, STM32H523CET6, STM32H523CEU6, STM32H523HEY6TR, STM32H523RCT6, STM32H523RET6, STM32H523VCI6, STM32H523VCT6, STM32H523VEI6, STM32H523VET6, STM32H523ZCJ6, STM32H523ZCT6, STM32H523ZEJ6, STM32H523ZET6, STM32H533CET6, STM32H533CEU6, STM32H533HEY6TR, STM32H533RET6, STM32H533VEI6, STM32H533VET6, STM32H533ZEJ6, STM32H533ZET6, STM32H562AGI6, STM32H562AII6, STM32H562IGK6, STM32H562IGT6, STM32H562IIK6, STM32H562IIT6, STM32H562RGT6, STM32H562RGV6, STM32H562RIT6, STM32H562RIV6, STM32H562VGT6, STM32H562VIT6, STM32H562ZGT6, STM32H562ZIT6, STM32H563AGI6, STM32H563AII3Q, STM32H563AII6, STM32H563IGK6, STM32H563IGT6, STM32H563IIK3Q, STM32H563IIK6, STM32H563IIT3Q, STM32H563IIT6, STM32H563MIY3QTR, STM32H563RGT6, STM32H563RGV6, STM32H563RIT6, STM32H563RIV6, STM32H563VGT6, STM32H563VIT3Q, STM32H563VIT6, STM32H563ZGT6, STM32H563ZIT3Q, STM32H563ZIT6, STM32H573AII3Q, STM32H573AII6, STM32H573I-DK, STM32H573IIK3Q, STM32H573IIK6, STM32H573IIT3Q, STM32H573IIT6, STM32H573MIY3QTR, STM32H573RIT6, STM32H573RIV6, STM32H573VIT3Q, STM32H573VIT6, STM32H573ZIT3Q, STM32H573ZIT6, STM32H7R3A8I6, STM32H7R3I8K6, STM32H7R3I8T6, STM32H7R3L8H6, STM32H7R3L8H6H, STM32H7R3R8V6, STM32H7R3V8H6, STM32H7R3V8T6, STM32H7R3V8Y6TR, STM32H7R3Z8J6, STM32H7R3Z8T6, STM32H7R7A8I6, STM32H7R7I8K6, STM32H7R7I8T6, STM32H7R7L8H6, STM32H7R7L8H6H, STM32H7R7Z8J6, STM32H7S3A8I6, STM32H7S3I8K6, STM32H7S3I8T6, STM32H7S3L8H6, STM32H7S3L8H6H, STM32H7S3R8V6, STM32H7S3V8H6, STM32H7S3V8T6, STM32H7S3V8Y6TR, STM32H7S3Z8J6, STM32H7S3Z8T6, STM32H7S78-DK, STM32H7S7A8I6, STM32H7S7I8K6, STM32H7S7I8T6, STM32H7S7L8H6, STM32H7S7L8H6H, STM32H7S7Z8J6, STM32L4R5QGI6STR, STM32MP131AAE3, STM32MP131AAF3, STM32MP131AAG3, STM32MP131CAE3, STM32MP131CAF3, STM32MP131CAG3, STM32MP131DAE7, STM32MP131DAF7, STM32MP131DAG7, STM32MP131FAE7, STM32MP131FAF7, STM32MP131FAG7, STM32MP133AAE3, STM32MP133AAF3, STM32MP133AAG3, STM32MP133CAE3, STM32MP133CAF3, STM32MP133CAG3, STM32MP133DAE7, STM32MP133DAF7, STM32MP133DAG7, STM32MP133FAE7, STM32MP133FAF7, STM32MP133FAG7, STM32MP135AAE3, STM32MP135AAF3, STM32MP135AAG3, STM32MP135CAE3, STM32MP135CAF3, STM32MP135CAG3, STM32MP135DAE7, STM32MP135DAF7, STM32MP135DAG7, STM32MP135F-DK, STM32MP135FAE7, STM32MP135FAF7, STM32MP135FAF7T, STM32MP135FAF7U, STM32MP135FAG7, STM32MP231AAJ3, STM32MP231AAK3, STM32MP231AAL3, STM32MP231CAJ3, STM32MP231CAK3, STM32MP231CAL3, STM32MP231DAJ3, STM32MP231DAK3, STM32MP231DAL3, STM32MP231FAJ3, STM32MP231FAK3, STM32MP231FAL3, STM32MP233AAJ3, STM32MP233AAK3, STM32MP233AAL3, STM32MP233CAJ3, STM32MP233CAK3, STM32MP233CAL3, STM32MP233DAJ3, STM32MP233DAK3, STM32MP233DAL3, STM32MP233FAJ3, STM32MP233FAK3, STM32MP233FAL3, STM32MP235AAJ3, STM32MP235AAK3, STM32MP235AAL3, STM32MP235CAJ3, STM32MP235CAK3, STM32MP235CAL3, STM32MP235DAJ3, STM32MP235DAK3, STM32MP235DAL3, STM32MP235FAJ3, STM32MP235FAK3, STM32MP235FAL3, STM32MP251AAI3, STM32MP251AAJ3, STM32MP251AAK3, STM32MP251AAL3, STM32MP251CAI3, STM32MP251CAJ3, STM32MP251CAK3, STM32MP251CAL3, STM32MP251DAI3, STM32MP251DAJ3, STM32MP251DAK3, STM32MP251DAL3, STM32MP251FAI3, STM32MP251FAJ3, STM32MP251FAK3, STM32MP251FAL3, STM32MP253AAI3, STM32MP253AAJ3, STM32MP253AAK3, STM32MP253AAL3, STM32MP253CAI3, STM32MP253CAJ3, STM32MP253CAK3, STM32MP253CAL3, STM32MP253DAI3, STM32MP253DAJ3, STM32MP253DAK3, STM32MP253DAL3, STM32MP253FAI3, STM32MP253FAJ3, STM32MP253FAK3, STM32MP253FAL3, STM32MP255AAI3, STM32MP255AAJ3, STM32MP255AAK3, STM32MP255AAL3, STM32MP255CAI3, STM32MP255CAJ3, STM32MP255CAK3, STM32MP255CAL3, STM32MP255DAI3, STM32MP255DAJ3, STM32MP255DAK3, STM32MP255DAL3, STM32MP255FAI3, STM32MP255FAJ3, STM32MP255FAK3, STM32MP255FAL3, STM32MP257AAI3, STM32MP257AAJ3, STM32MP257AAK3, STM32MP257AAL3, STM32MP257CAI3, STM32MP257CAJ3, STM32MP257CAK3, STM32MP257CAL3, STM32MP257DAI3, STM32MP257DAJ3, STM32MP257DAK3, STM32MP257DAL3, STM32MP257F-DK, STM32MP257F-EV1, STM32MP257FAI3, STM32MP257FAJ3, STM32MP257FAK3, STM32MP257FAL3, STM32N645A0H3Q, STM32N645B0H3Q, STM32N645I0H3Q, STM32N645L0H3Q, STM32N645X0H3Q, STM32N645Z0H3Q, STM32N647A0H3Q, STM32N647B0H3Q, STM32N647I0H3Q, STM32N647L0H3Q, STM32N647X0H3Q, STM32N647Z0H3Q, STM32N655A0H3Q, STM32N655B0H3Q, STM32N655I0H3Q, STM32N655L0H3Q, STM32N655X0H3Q, STM32N655Z0H3Q, STM32N6570-DK, STM32N657A0H3Q, STM32N657B0H3Q, STM32N657I0H3Q, STM32N657L0H3Q, STM32N657X0H3Q, STM32N657Z0H3Q, STM32U031C6T6, STM32U031C6U6, STM32U031C8T6, STM32U031C8U6, STM32U031F4P6, STM32U031F6P6, STM32U031F8P6, STM32U031G6Y6TR, STM32U031G8Y6TR, STM32U031K4U6, STM32U031K6U6, STM32U031K8U6, STM32U031R6I6, STM32U031R6T6, STM32U031R8I6, STM32U031R8T6, STM32U073C8T6, STM32U073C8U6, STM32U073CBT6, STM32U073CBU6, STM32U073CCT6, STM32U073CCU6, STM32U073H8Y6TR, STM32U073HBY6TR, STM32U073HCY6TR, STM32U073K8U6, STM32U073KBU6, STM32U073KCU6, STM32U073M8I6, STM32U073M8T6, STM32U073MBI6, STM32U073MBT6, STM32U073MCI6, STM32U073MCT6, STM32U073R8I6, STM32U073R8T6, STM32U073RBI6, STM32U073RBT6, STM32U073RCI6, STM32U073RCT6, STM32U083C-DK, STM32U083CCT6, STM32U083CCU6, STM32U083HCY6TR, STM32U083KCU6, STM32U083MCI6, STM32U083MCT6, STM32U083RCI6, STM32U083RCT6, STM32U375CET6, STM32U375CET6Q, STM32U375CEU6, STM32U375CEU6Q, STM32U375CEY6QTR, STM32U375CGT6, STM32U375CGT6Q, STM32U375CGU6, STM32U375CGU6Q, STM32U375CGY6QTR, STM32U375KEU6, STM32U375KGU6, STM32U375REI6, STM32U375REI6Q, STM32U375RET6, STM32U375RET6Q, STM32U375REY6GTR, STM32U375REY6QTR, STM32U375RGI6, STM32U375RGI6Q, STM32U375RGT6, STM32U375RGT6Q, STM32U375RGY6GTR, STM32U375RGY6QTR, STM32U375VEI6, STM32U375VEI6Q, STM32U375VET6, STM32U375VET6Q, STM32U375VGI6, STM32U375VGI6Q, STM32U375VGT6, STM32U375VGT6Q, STM32U385CGT6, STM32U385CGT6Q, STM32U385CGU6, STM32U385CGU6Q, STM32U385CGY6QTR, STM32U385KGU6, STM32U385RGI6, STM32U385RGI6Q, STM32U385RGT6, STM32U385RGT6Q, STM32U385RGY6GTR, STM32U385RGY6QTR, STM32U385VGI6, STM32U385VGI6Q, STM32U385VGT6, STM32U385VGT6Q, STM32U535CBT6, STM32U535CBT6Q, STM32U535CBU6, STM32U535CBU6Q, STM32U535CCT6, STM32U535CCT6Q, STM32U535CCU6, STM32U535CCU6Q, STM32U535CET6, STM32U535CET6Q, STM32U535CEU6, STM32U535CEU6Q, STM32U535JEY6QTR, STM32U535NCY6QTR, STM32U535NEY6QTR, STM32U535RBI6, STM32U535RBI6Q, STM32U535RBT6, STM32U535RBT6Q, STM32U535RCI6, STM32U535RCI6Q, STM32U535RCT6, STM32U535RCT6Q, STM32U535REI6, STM32U535REI6Q, STM32U535RET6, STM32U535RET6Q, STM32U535VCI6, STM32U535VCI6Q, STM32U535VCT6, STM32U535VCT6Q, STM32U535VEI6, STM32U535VEI6Q, STM32U535VET6, STM32U535VET6Q, STM32U545CET6, STM32U545CET6Q, STM32U545CEU6, STM32U545CEU6Q, STM32U545JEY6QTR, STM32U545NEY6QTR, STM32U545REI6, STM32U545REI6Q, STM32U545RET6, STM32U545RET6Q, STM32U545VEI6, STM32U545VEI6Q, STM32U545VET6, STM32U545VET6Q, STM32U595AIH6, STM32U595AIH6Q, STM32U595AJH6, STM32U595AJH6Q, STM32U595QII6, STM32U595QII6Q, STM32U595QJI6, STM32U595QJI6Q, STM32U595RIT6, STM32U595RIT6Q, STM32U595RJT6, STM32U595RJT6Q, STM32U595VIT6, STM32U595VIT6Q, STM32U595VJT6, STM32U595VJT6Q, STM32U595ZIT6, STM32U595ZIT6Q, STM32U595ZIY6QTR, STM32U595ZJT6, STM32U595ZJT6Q, STM32U595ZJY6QTR, STM32U599BJY6QTR, STM32U599NIH6Q, STM32U599NJH6Q, STM32U599VIT6Q, STM32U599VJT6, STM32U599VJT6Q, STM32U599ZIT6Q, STM32U599ZIY6QTR, STM32U599ZJT6Q, STM32U599ZJY6QTR, STM32U5A5AJH6, STM32U5A5AJH6Q, STM32U5A5QII3Q , STM32U5A5QJI6, STM32U5A5QJI6Q, STM32U5A5RJT6, STM32U5A5RJT6Q, STM32U5A5VJT6, STM32U5A5VJT6Q, STM32U5A5ZJT6, STM32U5A5ZJT6Q, STM32U5A5ZJY6QTR, STM32U5A9BJY6QTR, STM32U5A9J-DK, STM32U5A9NJH6Q, STM32U5A9VJT6Q, STM32U5A9ZJT6Q, STM32U5A9ZJY6QTR, STM32U5F7VIT6, STM32U5F7VIT6Q, STM32U5F7VJT6, STM32U5F7VJT6Q, STM32U5F9BJY6QTR, STM32U5F9NJH6Q, STM32U5F9VIT6Q, STM32U5F9VJT6Q, STM32U5F9ZIJ6QTR, STM32U5F9ZIT6Q, STM32U5F9ZJJ6QTR, STM32U5F9ZJT6Q, STM32U5G7VJT6, STM32U5G7VJT6Q, STM32U5G9BJY6QTR, STM32U5G9J-DK1, STM32U5G9J-DK2, STM32U5G9NJH6Q, STM32U5G9VJT6Q, STM32U5G9ZJJ6QTR, STM32U5G9ZJT6Q, STM32WB05KZV6TR, STM32WB05KZV7TR, STM32WB05TZF6TR, STM32WB05TZF7TR, STM32WB06CCF6TR, STM32WB06CCF7TR, STM32WB06CCV6TR, STM32WB06CCV7TR, STM32WB06KCV6TR, STM32WB06KCV7TR, STM32WB07CCF6TR, STM32WB07CCF7TR, STM32WB07CCV6TR, STM32WB07CCV7TR, STM32WB07KCV6TR, STM32WB07KCV7TR, STM32WB09KEV6TR, STM32WB09KEV7TR, STM32WB09TEF6TR, STM32WB09TEF7TR, STM32WB1MMCH6, STM32WBA50KGU6, STM32WBA50KGU6TR, STM32WBA52CEU6, STM32WBA52CEU6TR, STM32WBA52CEU7, STM32WBA52CEU7TR, STM32WBA52CGU6, STM32WBA52CGU6TR, STM32WBA52CGU6U, STM32WBA52CGU7, STM32WBA52CGU7TR, STM32WBA52KEU6, STM32WBA52KEU6TR, STM32WBA52KGU6, STM32WBA52KGU6TR, STM32WBA54CEU6, STM32WBA54CEU6TR, STM32WBA54CEU7, STM32WBA54CEU7TR, STM32WBA54CGU6, STM32WBA54CGU6TR, STM32WBA54CGU7, STM32WBA54CGU7TR, STM32WBA54KEU6, STM32WBA54KEU6TR, STM32WBA54KEU7, STM32WBA54KEU7TR, STM32WBA54KGU6, STM32WBA54KGU6TR, STM32WBA54KGU7, STM32WBA54KGU7TR, STM32WBA55CEU6, STM32WBA55CEU6TR, STM32WBA55CEU7, STM32WBA55CEU7TR, STM32WBA55CGU6, STM32WBA55CGU6TR, STM32WBA55CGU6U, STM32WBA55CGU7, STM32WBA55CGU7TR, STM32WBA55G-DK1, STM32WBA55HEF6, STM32WBA55HEF7, STM32WBA55HGF6, STM32WBA55HGF7, STM32WBA55UEI6, STM32WBA55UEI6TR, STM32WBA55UEI7, STM32WBA55UEI7TR, STM32WBA55UGI6, STM32WBA55UGI6TR, STM32WBA55UGI7, STM32WBA55UGI7TR, STM32WBA5MJGH6TR, STM32WBA62CGU6, STM32WBA62CIU6, STM32WBA62MGF6, STM32WBA62MIF6, STM32WBA62PGI6, STM32WBA62PII6, STM32WBA63CGU6, STM32WBA63CGU7, STM32WBA63CIU6, STM32WBA63CIU7, STM32WBA64CGU6, STM32WBA64CGU7, STM32WBA64CIU6, STM32WBA64CIU7, STM32WBA65CGU6, STM32WBA65CGU7, STM32WBA65CIU6, STM32WBA65CIU7, STM32WBA65I-DK1, STM32WBA65MGF6, STM32WBA65MGF7, STM32WBA65MIF6, STM32WBA65MIF7, STM32WBA65PGI6, STM32WBA65PGI7, STM32WBA65PII6, STM32WBA65PII7, STM32WBA65RGV6, STM32WBA65RGV7, STM32WBA65RIV6, STM32WBA65RIV7, STM32WL30K8V6, STM32WL30KBV6, STM32WL31C8V6, STM32WL31CBV6, STM32WL31K8V6, STM32WL31KBV6, STM32WL33C8V6, STM32WL33C8V6TR, STM32WL33C8V7, STM32WL33C8V7TR, STM32WL33CBV6, STM32WL33CBV6TR, STM32WL33CBV7, STM32WL33CBV7TR, STM32WL33CCV6, STM32WL33CCV6TR, STM32WL33CCV7, STM32WL33CCV7A, STM32WL33CCV7ATR, STM32WL33CCV7TR, STM32WL33K8V6, STM32WL33K8V6TR, STM32WL33K8V7, STM32WL33K8V7TR, STM32WL33KBV6, STM32WL33KBV6TR, STM32WL33KBV7, STM32WL33KBV7TR, STM32WL33KCV6, STM32WL33KCV6TR, STM32WL33KCV7, STM32WL33KCV7TR, STM32WL5MOCH6, STM32WL5MOCH6TR]
2025-06-30 10:10:58,879 [INFO] BoardInfo:889 - No configuration file found for board P-NUCLEO-WB55
2025-06-30 10:10:58,881 [INFO] DbBoards:161 - Kit is not supported: P-NUCLEO-WB55
2025-06-30 10:10:58,887 [INFO] BoardInfo:889 - No configuration file found for board STEVAL-BFA001V1B
2025-06-30 10:10:58,889 [INFO] DbBoards:161 - Kit is not supported: STEVAL-BFA001V1B
2025-06-30 10:10:58,889 [INFO] BoardInfo:889 - No configuration file found for board STEVAL-BFA001V2B
2025-06-30 10:10:58,890 [INFO] DbBoards:161 - Kit is not supported: STEVAL-BFA001V2B
2025-06-30 10:10:59,103 [INFO] DbBoards:168 - Found 211 boards, 208 are supported
2025-06-30 10:10:59,104 [INFO] DbBoards:169 - Found 211 boards, 43 of them is supported for  Bsp
2025-06-30 10:10:59,107 [INFO] ApiDb:668 - CubeFinder database Data Model version=2.1
2025-06-30 10:10:59,107 [INFO] ApiDb:669 - CubeFinder database Configuration version=3.0.39
2025-06-30 10:10:59,108 [INFO] ApiDb:670 - CubeFinder database generation date=2025-06-16 (1750072209)
2025-06-30 10:10:59,108 [INFO] ApiDb:671 - CubeFinder database FW Pack versions=[FP-ATR-ASTRA1_V2.0.0, FP-SNS-FLIGHT1_V5.1.0, FP-SNS-MOTENV1_V5.0.0, FP-SNS-MOTENVWB1_V1.4.0, FP-SNS-SMARTAG2_V1.2.0, FP-SNS-STBOX1_V2.0.0, STM32Cube_FW_C0_V1.4.0, STM32Cube_FW_F4_V1.28.2, STM32Cube_FW_F7_V1.17.3, STM32Cube_FW_G0_V1.6.2, STM32Cube_FW_G4_V1.6.1, STM32Cube_FW_H5_V1.5.0, STM32Cube_FW_H7RS_V1.2.0, STM32Cube_FW_H7_V1.12.1, STM32Cube_FW_L0_V1.12.2, STM32Cube_FW_L4_V1.18.1, STM32Cube_FW_L5_V1.5.1, STM32Cube_FW_N6_V1.1.1, STM32Cube_FW_U0_V1.2.0, STM32Cube_FW_U3_V1.1.0, STM32Cube_FW_U5_V1.7.0, STM32Cube_FW_WB0_V1.2.0, STM32Cube_FW_WBA_V1.6.0, STM32Cube_FW_WB_V1.22.0, STM32Cube_FW_WL3_V1.1.0, STM32Cube_FW_WL_V1.3.1, X-CUBE-ALGOBUILD_V1.4.0, X-CUBE-ALS_V1.0.2, X-CUBE-AZRTOS-F4_V1.1.0, X-CUBE-AZRTOS-F7_V1.1.0, X-CUBE-AZRTOS-G0_V1.1.0, X-CUBE-AZRTOS-G4_V2.0.0, X-CUBE-AZRTOS-H7RS_V1.1.0, X-CUBE-AZRTOS-H7_V3.3.0, X-CUBE-AZRTOS-L4_V2.0.0, X-CUBE-AZRTOS-L5_V2.0.0, X-CUBE-AZRTOS-WB_V2.0.0, X-CUBE-AZRTOS-WL_V2.0.0, X-CUBE-BLE1_V7.1.0, X-CUBE-BLE2_V3.3.0, X-CUBE-BLEMGR_V4.0.0, X-CUBE-EEPRMA1_V5.1.0, X-CUBE-FREERTOS_V1.3.1, X-CUBE-GNSS1_V6.0.0, X-CUBE-MEMS1_V11.3.0, X-CUBE-NFC4_V3.0.0, X-CUBE-NFC7_V2.0.0, X-CUBE-SFXS2LP1_V4.0.0, X-CUBE-SUBG2_V5.0.0, X-CUBE-TOF1_V3.4.3]
2025-06-30 10:11:01,034 [INFO] ApiDb:240 - Found 895 in-development CPN: [B-G473E-ZEST1S, B-WB1M-WPAN1, B-WBA5M-WPAN, B-WL5M-SUBG1, NUCLEO-C031C6, NUCLEO-C051C8, NUCLEO-C071RB, NUCLEO-C092RC, NUCLEO-H503RB, NUCLEO-H533RE, NUCLEO-H563ZI, NUCLEO-H7S3L8, NUCLEO-N657X0-Q, NUCLEO-U031R8, NUCLEO-U083RC, NUCLEO-U385RG-Q, NUCLEO-U545RE-Q, NUCLEO-U5A5ZJ-Q, NUCLEO-WB05KZ, NUCLEO-WB07CC, NUCLEO-WB09KE, NUCLEO-WBA52CG, NUCLEO-WBA55CG, NUCLEO-WBA65RI, NUCLEO-WL33CC1, NUCLEO-WL33CC2, STEVAL-PROTEUS1, STEVAL-SMARTAG2, STEVAL-STWINBX1, STM320518-EVAL, STM32C0116-DK, STM32C011D6Y3TR, STM32C011D6Y6TR, STM32C011F4P3, STM32C011F4P6, STM32C011F4U3, STM32C011F4U6TR, STM32C011F6P3, STM32C011F6P6, STM32C011F6U3, STM32C011F6U6TR, STM32C011J4M3, STM32C011J4M6, STM32C011J6M3, STM32C011J6M6, STM32C0316-DK, STM32C031C4T3, STM32C031C4T6, STM32C031C4U3, STM32C031C4U6, STM32C031C6T3, STM32C031C6T6, STM32C031C6U3, STM32C031C6U6, STM32C031F4P3, STM32C031F4P6, STM32C031F6P3, STM32C031F6P6, STM32C031G4U3, STM32C031G4U6, STM32C031G6U3, STM32C031G6U6, STM32C031K4T3, STM32C031K4T6, STM32C031K4U3, STM32C031K4U6, STM32C031K6T3, STM32C031K6T6, STM32C031K6U3, STM32C031K6U6, STM32C051C6T6, STM32C051C6U6, STM32C051C8T6, STM32C051C8U6, STM32C051D8Y6TR, STM32C051F6P6, STM32C051F8P6, STM32C051G6U6, STM32C051G8U6, STM32C051K6T6, STM32C051K6U6, STM32C051K8T6, STM32C071C8T6, STM32C071C8T6N, STM32C071C8U6, STM32C071C8U6N, STM32C071CBT6, STM32C071CBT6N, STM32C071CBU6, STM32C071CBU6N, STM32C071F8P6, STM32C071F8P6N, STM32C071FBP6, STM32C071FBP6N, STM32C071FBY6TR, STM32C071G8U6, STM32C071G8U6N, STM32C071GBU6, STM32C071GBU6N, STM32C071K8T6, STM32C071K8T6N, STM32C071K8U6, STM32C071K8U6N, STM32C071KBT6, STM32C071KBT6N, STM32C071KBU6, STM32C071KBU6N, STM32C071R8T6, STM32C071R8T6N, STM32C071RBI6N, STM32C071RBT6, STM32C071RBT6N, STM32C091CBT6, STM32C091CBU6, STM32C091CCT6, STM32C091CCU6, STM32C091ECY6TR, STM32C091FBP6, STM32C091FCP6, STM32C091GBU6, STM32C091GCU6, STM32C091KBT6, STM32C091KBU6, STM32C091KCT6, STM32C091KCU6, STM32C091RBT6, STM32C091RCI6, STM32C091RCT6, STM32C092CBT6, STM32C092CBU6, STM32C092CCT6, STM32C092CCU6, STM32C092ECY6TR, STM32C092FBP6, STM32C092FCP6, STM32C092GBU6, STM32C092GCU6, STM32C092KBT6, STM32C092KBU6, STM32C092KCT6, STM32C092KCU6, STM32C092RBT6, STM32C092RCI6, STM32C092RCT6, STM32G071K8TXN, STM32G071K8UXN, STM32G081GBU6N, STM32G081KBT6N, STM32G081KBUXN, STM32G0B1CCT6N, STM32G0B1KCT6, STM32G0B1NEY6TR, STM32G0B1RCT6N, STM32G0C1CCT6, STM32G0C1CCT6N, STM32G0C1CCU6N, STM32G0C1CET6N, STM32G0C1CEU6N, STM32G0C1KCT6, STM32G0C1NEY6TR, STM32G0C1RCI6N, STM32G0C1RCT6N, STM32G0C1REI6N, STM32G0C1RET6N, STM32G0C1VCI6, STM32G0C1VEI6, STM32G411C6T3, STM32G411C6T6, STM32G411C6U3, STM32G411C6U6, STM32G411C8T3, STM32G411C8T6, STM32G411C8U3, STM32G411C8U6, STM32G411CBT3, STM32G411CBT6, STM32G411CBU3, STM32G411CBU6, STM32G411CCT3, STM32G411CCT6, STM32G411CCU3, STM32G411CCU6, STM32G411K6T3, STM32G411K6T6, STM32G411K6U3, STM32G411K6U6, STM32G411K8T3, STM32G411K8T6, STM32G411K8U3, STM32G411K8U6, STM32G411KBT3, STM32G411KBT6, STM32G411KBU3, STM32G411KBU6, STM32G411M6T3, STM32G411M6T6, STM32G411M8T3, STM32G411M8T6, STM32G411MBT3, STM32G411MBT6, STM32G411MCT3, STM32G411MCT6, STM32G411R6T3, STM32G411R6T6, STM32G411R8T3, STM32G411R8T6, STM32G411RBT3, STM32G411RBT6, STM32G411RCT3, STM32G411RCT6, STM32G414CBT3, STM32G414CBT6, STM32G414CBU3, STM32G414CBU6, STM32G414CCT3, STM32G414CCT6, STM32G414CCU3, STM32G414CCU6, STM32G414MBT3, STM32G414MBT6, STM32G414MCT3, STM32G414MCT6, STM32G414RBT3, STM32G414RBT6, STM32G414RCT3, STM32G414RCT6, STM32G414VBT3, STM32G414VBT6, STM32G414VCT3, STM32G414VCT6, STM32G431CBT3Z, STM32G431RBT3Z, STM32G471CCT6, STM32G471CCU6, STM32G471CET3, STM32G471CET6, STM32G471CEU3, STM32G471CEU6, STM32G471MCT6, STM32G471MET3, STM32G471MET6, STM32G471MEY6TR, STM32G471QCT6, STM32G471QET3, STM32G471RCT6, STM32G471RET3, STM32G471RET6, STM32G471VCH6, STM32G471VCI6, STM32G471VCT6, STM32G471VEH3, STM32G471VEH6, STM32G471VEI3, STM32G471VEI6, STM32G471VET3, STM32G471VET6, STM32G473QET3Z, STM32G473RET3Z, STM32G474CCT6, STM32G491RET3Z, STM32H503CBT6, STM32H503CBU6, STM32H503EBY6TR, STM32H503KBU6, STM32H503RBT6, STM32H523CCT6, STM32H523CCU6, STM32H523CET6, STM32H523CEU6, STM32H523HEY6TR, STM32H523RCT6, STM32H523RET6, STM32H523VCI6, STM32H523VCT6, STM32H523VEI6, STM32H523VET6, STM32H523ZCJ6, STM32H523ZCT6, STM32H523ZEJ6, STM32H523ZET6, STM32H533CET6, STM32H533CEU6, STM32H533HEY6TR, STM32H533RET6, STM32H533VEI6, STM32H533VET6, STM32H533ZEJ6, STM32H533ZET6, STM32H562AGI6, STM32H562AII6, STM32H562IGK6, STM32H562IGT6, STM32H562IIK6, STM32H562IIT6, STM32H562RGT6, STM32H562RGV6, STM32H562RIT6, STM32H562RIV6, STM32H562VGT6, STM32H562VIT6, STM32H562ZGT6, STM32H562ZIT6, STM32H563AGI6, STM32H563AII3Q, STM32H563AII6, STM32H563IGK6, STM32H563IGT6, STM32H563IIK3Q, STM32H563IIK6, STM32H563IIT3Q, STM32H563IIT6, STM32H563MIY3QTR, STM32H563RGT6, STM32H563RGV6, STM32H563RIT6, STM32H563RIV6, STM32H563VGT6, STM32H563VIT3Q, STM32H563VIT6, STM32H563ZGT6, STM32H563ZIT3Q, STM32H563ZIT6, STM32H573AII3Q, STM32H573AII6, STM32H573I-DK, STM32H573IIK3Q, STM32H573IIK6, STM32H573IIT3Q, STM32H573IIT6, STM32H573MIY3QTR, STM32H573RIT6, STM32H573RIV6, STM32H573VIT3Q, STM32H573VIT6, STM32H573ZIT3Q, STM32H573ZIT6, STM32H7R3A8I6, STM32H7R3I8K6, STM32H7R3I8T6, STM32H7R3L8H6, STM32H7R3L8H6H, STM32H7R3R8V6, STM32H7R3V8H6, STM32H7R3V8T6, STM32H7R3V8Y6TR, STM32H7R3Z8J6, STM32H7R3Z8T6, STM32H7R7A8I6, STM32H7R7I8K6, STM32H7R7I8T6, STM32H7R7L8H6, STM32H7R7L8H6H, STM32H7R7Z8J6, STM32H7S3A8I6, STM32H7S3I8K6, STM32H7S3I8T6, STM32H7S3L8H6, STM32H7S3L8H6H, STM32H7S3R8V6, STM32H7S3V8H6, STM32H7S3V8T6, STM32H7S3V8Y6TR, STM32H7S3Z8J6, STM32H7S3Z8T6, STM32H7S78-DK, STM32H7S7A8I6, STM32H7S7I8K6, STM32H7S7I8T6, STM32H7S7L8H6, STM32H7S7L8H6H, STM32H7S7Z8J6, STM32L4R5QGI6STR, STM32MP131AAE3, STM32MP131AAF3, STM32MP131AAG3, STM32MP131CAE3, STM32MP131CAF3, STM32MP131CAG3, STM32MP131DAE7, STM32MP131DAF7, STM32MP131DAG7, STM32MP131FAE7, STM32MP131FAF7, STM32MP131FAG7, STM32MP133AAE3, STM32MP133AAF3, STM32MP133AAG3, STM32MP133CAE3, STM32MP133CAF3, STM32MP133CAG3, STM32MP133DAE7, STM32MP133DAF7, STM32MP133DAG7, STM32MP133FAE7, STM32MP133FAF7, STM32MP133FAG7, STM32MP135AAE3, STM32MP135AAF3, STM32MP135AAG3, STM32MP135CAE3, STM32MP135CAF3, STM32MP135CAG3, STM32MP135DAE7, STM32MP135DAF7, STM32MP135DAG7, STM32MP135F-DK, STM32MP135FAE7, STM32MP135FAF7, STM32MP135FAF7T, STM32MP135FAF7U, STM32MP135FAG7, STM32MP231AAJ3, STM32MP231AAK3, STM32MP231AAL3, STM32MP231CAJ3, STM32MP231CAK3, STM32MP231CAL3, STM32MP231DAJ3, STM32MP231DAK3, STM32MP231DAL3, STM32MP231FAJ3, STM32MP231FAK3, STM32MP231FAL3, STM32MP233AAJ3, STM32MP233AAK3, STM32MP233AAL3, STM32MP233CAJ3, STM32MP233CAK3, STM32MP233CAL3, STM32MP233DAJ3, STM32MP233DAK3, STM32MP233DAL3, STM32MP233FAJ3, STM32MP233FAK3, STM32MP233FAL3, STM32MP235AAJ3, STM32MP235AAK3, STM32MP235AAL3, STM32MP235CAJ3, STM32MP235CAK3, STM32MP235CAL3, STM32MP235DAJ3, STM32MP235DAK3, STM32MP235DAL3, STM32MP235FAJ3, STM32MP235FAK3, STM32MP235FAL3, STM32MP251AAI3, STM32MP251AAJ3, STM32MP251AAK3, STM32MP251AAL3, STM32MP251CAI3, STM32MP251CAJ3, STM32MP251CAK3, STM32MP251CAL3, STM32MP251DAI3, STM32MP251DAJ3, STM32MP251DAK3, STM32MP251DAL3, STM32MP251FAI3, STM32MP251FAJ3, STM32MP251FAK3, STM32MP251FAL3, STM32MP253AAI3, STM32MP253AAJ3, STM32MP253AAK3, STM32MP253AAL3, STM32MP253CAI3, STM32MP253CAJ3, STM32MP253CAK3, STM32MP253CAL3, STM32MP253DAI3, STM32MP253DAJ3, STM32MP253DAK3, STM32MP253DAL3, STM32MP253FAI3, STM32MP253FAJ3, STM32MP253FAK3, STM32MP253FAL3, STM32MP255AAI3, STM32MP255AAJ3, STM32MP255AAK3, STM32MP255AAL3, STM32MP255CAI3, STM32MP255CAJ3, STM32MP255CAK3, STM32MP255CAL3, STM32MP255DAI3, STM32MP255DAJ3, STM32MP255DAK3, STM32MP255DAL3, STM32MP255FAI3, STM32MP255FAJ3, STM32MP255FAK3, STM32MP255FAL3, STM32MP257AAI3, STM32MP257AAJ3, STM32MP257AAK3, STM32MP257AAL3, STM32MP257CAI3, STM32MP257CAJ3, STM32MP257CAK3, STM32MP257CAL3, STM32MP257DAI3, STM32MP257DAJ3, STM32MP257DAK3, STM32MP257DAL3, STM32MP257F-DK, STM32MP257F-EV1, STM32MP257FAI3, STM32MP257FAJ3, STM32MP257FAK3, STM32MP257FAL3, STM32N645A0H3Q, STM32N645B0H3Q, STM32N645I0H3Q, STM32N645L0H3Q, STM32N645X0H3Q, STM32N645Z0H3Q, STM32N647A0H3Q, STM32N647B0H3Q, STM32N647I0H3Q, STM32N647L0H3Q, STM32N647X0H3Q, STM32N647Z0H3Q, STM32N655A0H3Q, STM32N655B0H3Q, STM32N655I0H3Q, STM32N655L0H3Q, STM32N655X0H3Q, STM32N655Z0H3Q, STM32N6570-DK, STM32N657A0H3Q, STM32N657B0H3Q, STM32N657I0H3Q, STM32N657L0H3Q, STM32N657X0H3Q, STM32N657Z0H3Q, STM32U031C6T6, STM32U031C6U6, STM32U031C8T6, STM32U031C8U6, STM32U031F4P6, STM32U031F6P6, STM32U031F8P6, STM32U031G6Y6TR, STM32U031G8Y6TR, STM32U031K4U6, STM32U031K6U6, STM32U031K8U6, STM32U031R6I6, STM32U031R6T6, STM32U031R8I6, STM32U031R8T6, STM32U073C8T6, STM32U073C8U6, STM32U073CBT6, STM32U073CBU6, STM32U073CCT6, STM32U073CCU6, STM32U073H8Y6TR, STM32U073HBY6TR, STM32U073HCY6TR, STM32U073K8U6, STM32U073KBU6, STM32U073KCU6, STM32U073M8I6, STM32U073M8T6, STM32U073MBI6, STM32U073MBT6, STM32U073MCI6, STM32U073MCT6, STM32U073R8I6, STM32U073R8T6, STM32U073RBI6, STM32U073RBT6, STM32U073RCI6, STM32U073RCT6, STM32U083C-DK, STM32U083CCT6, STM32U083CCU6, STM32U083HCY6TR, STM32U083KCU6, STM32U083MCI6, STM32U083MCT6, STM32U083RCI6, STM32U083RCT6, STM32U375CET6, STM32U375CET6Q, STM32U375CEU6, STM32U375CEU6Q, STM32U375CEY6QTR, STM32U375CGT6, STM32U375CGT6Q, STM32U375CGU6, STM32U375CGU6Q, STM32U375CGY6QTR, STM32U375KEU6, STM32U375KGU6, STM32U375REI6, STM32U375REI6Q, STM32U375RET6, STM32U375RET6Q, STM32U375REY6GTR, STM32U375REY6QTR, STM32U375RGI6, STM32U375RGI6Q, STM32U375RGT6, STM32U375RGT6Q, STM32U375RGY6GTR, STM32U375RGY6QTR, STM32U375VEI6, STM32U375VEI6Q, STM32U375VET6, STM32U375VET6Q, STM32U375VGI6, STM32U375VGI6Q, STM32U375VGT6, STM32U375VGT6Q, STM32U385CGT6, STM32U385CGT6Q, STM32U385CGU6, STM32U385CGU6Q, STM32U385CGY6QTR, STM32U385KGU6, STM32U385RGI6, STM32U385RGI6Q, STM32U385RGT6, STM32U385RGT6Q, STM32U385RGY6GTR, STM32U385RGY6QTR, STM32U385VGI6, STM32U385VGI6Q, STM32U385VGT6, STM32U385VGT6Q, STM32U535CBT6, STM32U535CBT6Q, STM32U535CBU6, STM32U535CBU6Q, STM32U535CCT6, STM32U535CCT6Q, STM32U535CCU6, STM32U535CCU6Q, STM32U535CET6, STM32U535CET6Q, STM32U535CEU6, STM32U535CEU6Q, STM32U535JEY6QTR, STM32U535NCY6QTR, STM32U535NEY6QTR, STM32U535RBI6, STM32U535RBI6Q, STM32U535RBT6, STM32U535RBT6Q, STM32U535RCI6, STM32U535RCI6Q, STM32U535RCT6, STM32U535RCT6Q, STM32U535REI6, STM32U535REI6Q, STM32U535RET6, STM32U535RET6Q, STM32U535VCI6, STM32U535VCI6Q, STM32U535VCT6, STM32U535VCT6Q, STM32U535VEI6, STM32U535VEI6Q, STM32U535VET6, STM32U535VET6Q, STM32U545CET6, STM32U545CET6Q, STM32U545CEU6, STM32U545CEU6Q, STM32U545JEY6QTR, STM32U545NEY6QTR, STM32U545REI6, STM32U545REI6Q, STM32U545RET6, STM32U545RET6Q, STM32U545VEI6, STM32U545VEI6Q, STM32U545VET6, STM32U545VET6Q, STM32U595AIH6, STM32U595AIH6Q, STM32U595AJH6, STM32U595AJH6Q, STM32U595QII6, STM32U595QII6Q, STM32U595QJI6, STM32U595QJI6Q, STM32U595RIT6, STM32U595RIT6Q, STM32U595RJT6, STM32U595RJT6Q, STM32U595VIT6, STM32U595VIT6Q, STM32U595VJT6, STM32U595VJT6Q, STM32U595ZIT6, STM32U595ZIT6Q, STM32U595ZIY6QTR, STM32U595ZJT6, STM32U595ZJT6Q, STM32U595ZJY6QTR, STM32U599BJY6QTR, STM32U599NIH6Q, STM32U599NJH6Q, STM32U599VIT6Q, STM32U599VJT6, STM32U599VJT6Q, STM32U599ZIT6Q, STM32U599ZIY6QTR, STM32U599ZJT6Q, STM32U599ZJY6QTR, STM32U5A5AJH6, STM32U5A5AJH6Q, STM32U5A5QII3Q , STM32U5A5QJI6, STM32U5A5QJI6Q, STM32U5A5RJT6, STM32U5A5RJT6Q, STM32U5A5VJT6, STM32U5A5VJT6Q, STM32U5A5ZJT6, STM32U5A5ZJT6Q, STM32U5A5ZJY6QTR, STM32U5A9BJY6QTR, STM32U5A9J-DK, STM32U5A9NJH6Q, STM32U5A9VJT6Q, STM32U5A9ZJT6Q, STM32U5A9ZJY6QTR, STM32U5F7VIT6, STM32U5F7VIT6Q, STM32U5F7VJT6, STM32U5F7VJT6Q, STM32U5F9BJY6QTR, STM32U5F9NJH6Q, STM32U5F9VIT6Q, STM32U5F9VJT6Q, STM32U5F9ZIJ6QTR, STM32U5F9ZIT6Q, STM32U5F9ZJJ6QTR, STM32U5F9ZJT6Q, STM32U5G7VJT6, STM32U5G7VJT6Q, STM32U5G9BJY6QTR, STM32U5G9J-DK1, STM32U5G9J-DK2, STM32U5G9NJH6Q, STM32U5G9VJT6Q, STM32U5G9ZJJ6QTR, STM32U5G9ZJT6Q, STM32WB05KZV6TR, STM32WB05KZV7TR, STM32WB05TZF6TR, STM32WB05TZF7TR, STM32WB06CCF6TR, STM32WB06CCF7TR, STM32WB06CCV6TR, STM32WB06CCV7TR, STM32WB06KCV6TR, STM32WB06KCV7TR, STM32WB07CCF6TR, STM32WB07CCF7TR, STM32WB07CCV6TR, STM32WB07CCV7TR, STM32WB07KCV6TR, STM32WB07KCV7TR, STM32WB09KEV6TR, STM32WB09KEV7TR, STM32WB09TEF6TR, STM32WB09TEF7TR, STM32WB1MMCH6, STM32WBA50KGU6, STM32WBA50KGU6TR, STM32WBA52CEU6, STM32WBA52CEU6TR, STM32WBA52CEU7, STM32WBA52CEU7TR, STM32WBA52CGU6, STM32WBA52CGU6TR, STM32WBA52CGU6U, STM32WBA52CGU7, STM32WBA52CGU7TR, STM32WBA52KEU6, STM32WBA52KEU6TR, STM32WBA52KGU6, STM32WBA52KGU6TR, STM32WBA54CEU6, STM32WBA54CEU6TR, STM32WBA54CEU7, STM32WBA54CEU7TR, STM32WBA54CGU6, STM32WBA54CGU6TR, STM32WBA54CGU7, STM32WBA54CGU7TR, STM32WBA54KEU6, STM32WBA54KEU6TR, STM32WBA54KEU7, STM32WBA54KEU7TR, STM32WBA54KGU6, STM32WBA54KGU6TR, STM32WBA54KGU7, STM32WBA54KGU7TR, STM32WBA55CEU6, STM32WBA55CEU6TR, STM32WBA55CEU7, STM32WBA55CEU7TR, STM32WBA55CGU6, STM32WBA55CGU6TR, STM32WBA55CGU6U, STM32WBA55CGU7, STM32WBA55CGU7TR, STM32WBA55G-DK1, STM32WBA55HEF6, STM32WBA55HEF7, STM32WBA55HGF6, STM32WBA55HGF7, STM32WBA55UEI6, STM32WBA55UEI6TR, STM32WBA55UEI7, STM32WBA55UEI7TR, STM32WBA55UGI6, STM32WBA55UGI6TR, STM32WBA55UGI7, STM32WBA55UGI7TR, STM32WBA5MJGH6TR, STM32WBA62CGU6, STM32WBA62CIU6, STM32WBA62MGF6, STM32WBA62MIF6, STM32WBA62PGI6, STM32WBA62PII6, STM32WBA63CGU6, STM32WBA63CGU7, STM32WBA63CIU6, STM32WBA63CIU7, STM32WBA64CGU6, STM32WBA64CGU7, STM32WBA64CIU6, STM32WBA64CIU7, STM32WBA65CGU6, STM32WBA65CGU7, STM32WBA65CIU6, STM32WBA65CIU7, STM32WBA65I-DK1, STM32WBA65MGF6, STM32WBA65MGF7, STM32WBA65MIF6, STM32WBA65MIF7, STM32WBA65PGI6, STM32WBA65PGI7, STM32WBA65PII6, STM32WBA65PII7, STM32WBA65RGV6, STM32WBA65RGV7, STM32WBA65RIV6, STM32WBA65RIV7, STM32WL30K8V6, STM32WL30KBV6, STM32WL31C8V6, STM32WL31CBV6, STM32WL31K8V6, STM32WL31KBV6, STM32WL33C8V6, STM32WL33C8V6TR, STM32WL33C8V7, STM32WL33C8V7TR, STM32WL33CBV6, STM32WL33CBV6TR, STM32WL33CBV7, STM32WL33CBV7TR, STM32WL33CCV6, STM32WL33CCV6TR, STM32WL33CCV7, STM32WL33CCV7A, STM32WL33CCV7ATR, STM32WL33CCV7TR, STM32WL33K8V6, STM32WL33K8V6TR, STM32WL33K8V7, STM32WL33K8V7TR, STM32WL33KBV6, STM32WL33KBV6TR, STM32WL33KBV7, STM32WL33KBV7TR, STM32WL33KCV6, STM32WL33KCV6TR, STM32WL33KCV7, STM32WL33KCV7TR, STM32WL5MOCH6, STM32WL5MOCH6TR]
2025-06-30 10:11:01,037 [INFO] DbMcus:218 - Found 4686 MCUs, 4686 are supported
2025-06-30 10:11:01,038 [INFO] ApiDb:423 - Load user favorites file C:\Users\nisha/.stm32cubeide/favorites.mcus.txt: 0 item(s)
2025-06-30 10:11:01,038 [INFO] ApiDb:427 - User favorites MCUs=[]
2025-06-30 10:11:01,038 [INFO] DbMcus:224 - Set 0 / 0 favorites MCUs
2025-06-30 10:11:01,415 [INFO] ApiDb:423 - Load user favorites file C:\Users\nisha/.stm32cubeide/favorites.boards.txt: 1 item(s)
2025-06-30 10:11:01,415 [INFO] ApiDb:427 - User favorites Boards=[STM32F407G-DISC1]
2025-06-30 10:11:01,415 [INFO] DbBoards:198 - Set 1 / 1 favorites Boards
2025-06-30 10:11:01,493 [INFO] UtilMem:75 - End LoadConfig() Used Memory: 651656072 Bytes (849346560)
2025-06-30 10:11:01,729 [WARN] ThirdParty:833 - waiting for thirdparty lock release [change project]
2025-06-30 10:11:01,730 [INFO] ThirdParty:835 - entering critical section [change project]
2025-06-30 10:11:01,730 [INFO] ThirdParty:1030 - CMSIS Pack Vendor :STMicroelectronics X-CUBE-PM33A1 1.0.0
2025-06-30 10:11:01,730 [INFO] ThirdParty:1030 - CMSIS Pack Vendor :STMicroelectronics USBPD 4.1
2025-06-30 10:11:01,730 [INFO] ThirdParty:1030 - CMSIS Pack Vendor :STMicroelectronics X-CUBE-GNSS1 6.0.0
2025-06-30 10:11:01,730 [INFO] ThirdParty:1030 - CMSIS Pack Vendor :STMicroelectronics USB_HOST 2.0.0
2025-06-30 10:11:01,730 [INFO] ThirdParty:1030 - CMSIS Pack Vendor :STMicroelectronics FP-SNS-MOTENVWB1 1.4.0
2025-06-30 10:11:01,730 [INFO] ThirdParty:1030 - CMSIS Pack Vendor :STMicroelectronics X-CUBE-AZRTOS-F4 1.1.0
2025-06-30 10:11:01,730 [INFO] ThirdParty:1030 - CMSIS Pack Vendor :STMicroelectronics LIBJPEG 8.0.0
2025-06-30 10:11:01,730 [INFO] ThirdParty:1030 - CMSIS Pack Vendor :Avnet-IotConnect X-CUBE-IoTC-DA16k-PMOD 1.0.0
2025-06-30 10:11:01,730 [INFO] ThirdParty:1030 - CMSIS Pack Vendor :STMicroelectronics X-CUBE-SMBUS 2.1.0
2025-06-30 10:11:01,730 [INFO] ThirdParty:1030 - CMSIS Pack Vendor :STMicroelectronics X-CUBE-WB05N 1.1.0
2025-06-30 10:11:01,730 [INFO] ThirdParty:1030 - CMSIS Pack Vendor :STMicroelectronics X-CUBE-ISPU 2.1.0
2025-06-30 10:11:01,730 [INFO] ThirdParty:1030 - CMSIS Pack Vendor :STMicroelectronics X-CUBE-FREERTOS 1.2.0
2025-06-30 10:11:01,730 [INFO] ThirdParty:1030 - CMSIS Pack Vendor :STMicroelectronics X-CUBE-ST60 1.0.0
2025-06-30 10:11:01,730 [INFO] ThirdParty:1030 - CMSIS Pack Vendor :STMicroelectronics X-CUBE-AZRTOS-F7 1.1.0
2025-06-30 10:11:01,730 [INFO] ThirdParty:1030 - CMSIS Pack Vendor :STMicroelectronics X-CUBE-AZRTOS-L5 2.0.0
2025-06-30 10:11:01,730 [INFO] ThirdParty:1030 - CMSIS Pack Vendor :STMicroelectronics USB_DEVICE 2.0.0
2025-06-30 10:11:01,730 [INFO] ThirdParty:1030 - CMSIS Pack Vendor :STMicroelectronics X-CUBE-NFC6 3.1.0
2025-06-30 10:11:01,730 [INFO] ThirdParty:1030 - CMSIS Pack Vendor :STMicroelectronics X-CUBE-MEMS1 11.0.0
2025-06-30 10:11:01,730 [INFO] ThirdParty:1030 - CMSIS Pack Vendor :STMicroelectronics FreeRTOS 0.0.1
2025-06-30 10:11:01,730 [INFO] ThirdParty:1030 - CMSIS Pack Vendor :STMicroelectronics X-CUBE-DPower 1.2.0
2025-06-30 10:11:01,730 [INFO] ThirdParty:1030 - CMSIS Pack Vendor :STMicroelectronics FP-SNS-FLIGHT1 5.0.2
2025-06-30 10:11:01,730 [INFO] ThirdParty:1030 - CMSIS Pack Vendor :STMicroelectronics X-CUBE-AI 9.0.0
2025-06-30 10:11:01,730 [INFO] ThirdParty:1030 - CMSIS Pack Vendor :STMicroelectronics PDM2PCM 3.3.0
2025-06-30 10:11:01,730 [INFO] ThirdParty:1030 - CMSIS Pack Vendor :STMicroelectronics X-CUBE-DISPLAY 3.0.0
2025-06-30 10:11:01,730 [INFO] ThirdParty:1030 - CMSIS Pack Vendor :STMicroelectronics X-CUBE-BLE1 7.0.0
2025-06-30 10:11:01,730 [INFO] ThirdParty:1030 - CMSIS Pack Vendor :STMicroelectronics X-CUBE-NFC10 1.0.0
2025-06-30 10:11:01,730 [INFO] ThirdParty:1030 - CMSIS Pack Vendor :STMicroelectronics X-CUBE-FREERTOS 1.3.1
2025-06-30 10:11:01,730 [INFO] ThirdParty:1030 - CMSIS Pack Vendor :STMicroelectronics HAL Drivers 0.0.0
2025-06-30 10:11:01,731 [INFO] ThirdParty:1030 - CMSIS Pack Vendor :emotas I-CUBE-CANOPEN 1.3.0
2025-06-30 10:11:01,731 [INFO] ThirdParty:1030 - CMSIS Pack Vendor :STMicroelectronics X-CUBE-NFC7 1.0.1
2025-06-30 10:11:01,731 [INFO] ThirdParty:1030 - CMSIS Pack Vendor :STMicroelectronics MBEDTLS 2.14.1
2025-06-30 10:11:01,731 [INFO] ThirdParty:1030 - CMSIS Pack Vendor :wolfSSL I-CUBE-wolfTPM 3.2.0
2025-06-30 10:11:01,731 [INFO] ThirdParty:1030 - CMSIS Pack Vendor :STMicroelectronics X-CUBE-BLEMGR 3.1.0
2025-06-30 10:11:01,731 [INFO] ThirdParty:1030 - CMSIS Pack Vendor :STMicroelectronics FP-SNS-STAIOTCFT 1.0.0
2025-06-30 10:11:01,731 [INFO] ThirdParty:1030 - CMSIS Pack Vendor :STMicroelectronics FP-SNS-SMARTAG2 1.2.0
2025-06-30 10:11:01,731 [INFO] ThirdParty:1030 - CMSIS Pack Vendor :STMicroelectronics FP-SNS-FLIGHT1 5.1.0
2025-06-30 10:11:01,732 [INFO] ThirdParty:1030 - CMSIS Pack Vendor :STMicroelectronics X-CUBE-AZRTOS-WL 2.0.0
2025-06-30 10:11:01,732 [INFO] ThirdParty:1030 - CMSIS Pack Vendor :STMicroelectronics X-CUBE-DPower 1.3.0
2025-06-30 10:11:01,732 [INFO] ThirdParty:1030 - CMSIS Pack Vendor :STMicroelectronics FP-SNS-MOTENV1 5.0.0
2025-06-30 10:11:01,732 [INFO] ThirdParty:1030 - CMSIS Pack Vendor :STMicroelectronics USB_DEVICE 1.0.0
2025-06-30 10:11:01,732 [INFO] ThirdParty:1030 - CMSIS Pack Vendor :wolfSSL I-CUBE-wolfMQTT 1.19.0
2025-06-30 10:11:01,732 [INFO] ThirdParty:1030 - CMSIS Pack Vendor :STMicroelectronics X-CUBE-AZRTOS-L4 2.0.0
2025-06-30 10:11:01,732 [INFO] ThirdParty:1030 - CMSIS Pack Vendor :STMicroelectronics ThreadX 0.0.2
2025-06-30 10:11:01,732 [INFO] ThirdParty:1030 - CMSIS Pack Vendor :WES I-CUBE-Cesium 1.3.0
2025-06-30 10:11:01,732 [INFO] ThirdParty:1030 - CMSIS Pack Vendor :STMicroelectronics lwIP 2.1.2
2025-06-30 10:11:01,732 [INFO] ThirdParty:1030 - CMSIS Pack Vendor :STMicroelectronics X-CUBE-SFXS2LP1 4.0.0
2025-06-30 10:11:01,732 [INFO] ThirdParty:1030 - CMSIS Pack Vendor :STMicroelectronics X-CUBE-BLE2 3.3.0
2025-06-30 10:11:01,732 [INFO] ThirdParty:1030 - CMSIS Pack Vendor :STMicroelectronics PDM2PCM 3.2.0
2025-06-30 10:11:01,732 [INFO] ThirdParty:1030 - CMSIS Pack Vendor :STMicroelectronics X-CUBE-AZRTOS-H7 3.3.0
2025-06-30 10:11:01,732 [INFO] ThirdParty:1030 - CMSIS Pack Vendor :STMicroelectronics X-CUBE-NFC9 1.0.0
2025-06-30 10:11:01,732 [INFO] ThirdParty:1030 - CMSIS Pack Vendor :STMicroelectronics X-CUBE-BLE1 7.1.0
2025-06-30 10:11:01,732 [INFO] ThirdParty:1030 - CMSIS Pack Vendor :STMicroelectronics USB_DEVICE 3.0.0
2025-06-30 10:11:01,732 [INFO] ThirdParty:1030 - CMSIS Pack Vendor :STMicroelectronics X-CUBE-TCPP 4.1.0
2025-06-30 10:11:01,732 [INFO] ThirdParty:1030 - CMSIS Pack Vendor :STMicroelectronics X-CUBE-IPS 3.0.0
2025-06-30 10:11:01,732 [INFO] ThirdParty:1030 - CMSIS Pack Vendor :STMicroelectronics X-CUBE-AZRTOS-WB 2.0.0
2025-06-30 10:11:01,732 [INFO] ThirdParty:1030 - CMSIS Pack Vendor :STMicroelectronics X-CUBE-GNSS1 7.0.0
2025-06-30 10:11:01,732 [INFO] ThirdParty:1030 - CMSIS Pack Vendor :STMicroelectronics X-CUBE-GNSS1 7.0.1
2025-06-30 10:11:01,732 [INFO] ThirdParty:1030 - CMSIS Pack Vendor :STMicroelectronics X-CUBE-TOUCHGFX 4.25.0
2025-06-30 10:11:01,732 [INFO] ThirdParty:1030 - CMSIS Pack Vendor :STMicroelectronics X-CUBE-AI 10.1.0
2025-06-30 10:11:01,732 [INFO] ThirdParty:1030 - CMSIS Pack Vendor :STMicroelectronics FP-SNS-STBOX1 2.0.0
2025-06-30 10:11:01,732 [INFO] ThirdParty:1030 - CMSIS Pack Vendor :STMicroelectronics X-CUBE-AZRTOS-G0 1.1.0
2025-06-30 10:11:01,732 [INFO] ThirdParty:1030 - CMSIS Pack Vendor :STMicroelectronics X-CUBE-SAFEA1 1.2.2
2025-06-30 10:11:01,732 [INFO] ThirdParty:1030 - CMSIS Pack Vendor :STMicroelectronics X-CUBE-NFC4 3.0.0
2025-06-30 10:11:01,732 [INFO] ThirdParty:1030 - CMSIS Pack Vendor :STMicroelectronics X-CUBE-SUBG2 5.0.0
2025-06-30 10:11:01,733 [INFO] ThirdParty:1030 - CMSIS Pack Vendor :STMicroelectronics X-CUBE-AZRTOS-H7RS 1.1.0
2025-06-30 10:11:01,733 [INFO] ThirdParty:1030 - CMSIS Pack Vendor :STMicroelectronics STM32_WPAN 1.0.0
2025-06-30 10:11:01,733 [INFO] ThirdParty:1030 - CMSIS Pack Vendor :EmbeddedOffice I-CUBE-FS-RTOS 1.0.1
2025-06-30 10:11:01,733 [INFO] ThirdParty:1030 - CMSIS Pack Vendor :STMicroelectronics lwIP 2.0.3
2025-06-30 10:11:01,733 [INFO] ThirdParty:1030 - CMSIS Pack Vendor :Cesanta I-CUBE-Mongoose 7.13.0
2025-06-30 10:11:01,733 [INFO] ThirdParty:1030 - CMSIS Pack Vendor :STMicroelectronics USB_HOST 1.0.0
2025-06-30 10:11:01,733 [INFO] ThirdParty:1030 - CMSIS Pack Vendor :STMicroelectronics X-CUBE-AZRTOS-G4 2.0.0
2025-06-30 10:11:01,733 [INFO] ThirdParty:1030 - CMSIS Pack Vendor :STMicroelectronics X-CUBE-WB05N 2.0.0
2025-06-30 10:11:01,733 [INFO] ThirdParty:1030 - CMSIS Pack Vendor :STMicroelectronics PDM2PCM 3.1.0
2025-06-30 10:11:01,733 [INFO] ThirdParty:1030 - CMSIS Pack Vendor :STMicroelectronics X-CUBE-NFC7 2.0.0
2025-06-30 10:11:01,733 [INFO] ThirdParty:1030 - CMSIS Pack Vendor :STMicroelectronics X-CUBE-TCPP 4.2.0
2025-06-30 10:11:01,733 [INFO] ThirdParty:1030 - CMSIS Pack Vendor :RealThread X-CUBE-RT-Thread_Nano 4.1.1
2025-06-30 10:11:01,733 [INFO] ThirdParty:1030 - CMSIS Pack Vendor :wolfSSL I-CUBE-wolfSSL 5.7.0
2025-06-30 10:11:01,733 [INFO] ThirdParty:1030 - CMSIS Pack Vendor :STMicroelectronics FP-ATR-SIGFOX1 3.2.0
2025-06-30 10:11:01,733 [INFO] ThirdParty:1030 - CMSIS Pack Vendor :quantropi X-CUBE-qispace-sdk-base 1.9.3
2025-06-30 10:11:01,733 [INFO] ThirdParty:1030 - CMSIS Pack Vendor :STMicroelectronics X-CUBE-ISPU 2.0.0
2025-06-30 10:11:01,733 [INFO] ThirdParty:1030 - CMSIS Pack Vendor :STMicroelectronics X-CUBE-EEPRMA1 5.1.0
2025-06-30 10:11:01,733 [INFO] ThirdParty:1030 - CMSIS Pack Vendor :STMicroelectronics MBEDTLS 2.16.2
2025-06-30 10:11:01,733 [INFO] ThirdParty:1030 - CMSIS Pack Vendor :STMicroelectronics X-CUBE-IPS 3.1.0
2025-06-30 10:11:01,733 [INFO] ThirdParty:1030 - CMSIS Pack Vendor :STMicroelectronics X-CUBE-ALS 1.0.2
2025-06-30 10:11:01,733 [INFO] ThirdParty:1030 - CMSIS Pack Vendor :STMicroelectronics X-CUBE-MEMS1 10.0.0
2025-06-30 10:11:01,733 [INFO] ThirdParty:1030 - CMSIS Pack Vendor :STMicroelectronics X-CUBE-TOUCHGFX 4.24.0
2025-06-30 10:11:01,733 [INFO] ThirdParty:1030 - CMSIS Pack Vendor :ITTIA_DB I-CUBE-ITTIADB 8.9.0
2025-06-30 10:11:01,733 [INFO] ThirdParty:1030 - CMSIS Pack Vendor :STMicroelectronics X-CUBE-TOUCHGFX 4.24.1
2025-06-30 10:11:01,733 [INFO] ThirdParty:1030 - CMSIS Pack Vendor :portGmbH I-Cube-SoM-uGOAL 1.1.0
2025-06-30 10:11:01,733 [INFO] ThirdParty:1030 - CMSIS Pack Vendor :STMicroelectronics X-CUBE-ST67W61 1.0.0
2025-06-30 10:11:01,734 [INFO] ThirdParty:1030 - CMSIS Pack Vendor :STMicroelectronics ThreadX 1.0.0
2025-06-30 10:11:01,734 [INFO] ThirdParty:1030 - CMSIS Pack Vendor :SEGGER I-CUBE-embOS 1.3.1
2025-06-30 10:11:01,734 [INFO] ThirdParty:1030 - CMSIS Pack Vendor :STMicroelectronics X-CUBE-ALGOBUILD 1.4.0
2025-06-30 10:11:01,734 [INFO] ThirdParty:1030 - CMSIS Pack Vendor :STMicroelectronics X-CUBE-MEMS1 11.3.0
2025-06-30 10:11:01,734 [INFO] ThirdParty:1030 - CMSIS Pack Vendor :STMicroelectronics X-CUBE-AZRTOS-H7RS 1.0.0
2025-06-30 10:11:01,734 [INFO] ThirdParty:1030 - CMSIS Pack Vendor :STMicroelectronics FP-ATR-ASTRA1 2.0.0
2025-06-30 10:11:01,734 [INFO] ThirdParty:1030 - CMSIS Pack Vendor :STMicroelectronics X-CUBE-TOF1 3.4.2
2025-06-30 10:11:01,734 [INFO] ThirdParty:1030 - CMSIS Pack Vendor :STMicroelectronics X-CUBE-TOF1 3.4.3
2025-06-30 10:11:01,734 [INFO] ThirdParty:1030 - CMSIS Pack Vendor :STMicroelectronics X-CUBE-AI 9.1.0
2025-06-30 10:11:01,734 [INFO] ThirdParty:1030 - CMSIS Pack Vendor :STMicroelectronics X-CUBE-TOF1 3.4.1
2025-06-30 10:11:01,734 [INFO] ThirdParty:1030 - CMSIS Pack Vendor :STMicroelectronics X-CUBE-AZRTOS-H7 3.2.0
2025-06-30 10:11:01,734 [INFO] ThirdParty:1030 - CMSIS Pack Vendor :Infineon AIROC-Wi-Fi-Bluetooth-STM32 1.6.0
2025-06-30 10:11:01,734 [INFO] ThirdParty:1030 - CMSIS Pack Vendor :wolfSSL I-CUBE-wolfSSH 1.4.17
2025-06-30 10:11:01,734 [INFO] ThirdParty:841 - exiting critical section [change project]
2025-06-30 10:11:02,610 [INFO] PinOutPanel:1589 - setPackage(No Configuration,No Configuration)
2025-06-30 10:11:02,613 [INFO] PinOutPanel:1589 - setPackage(STM32F407VGTx,LQFP100)
2025-06-30 10:11:03,508 [INFO] UtilMem:75 - Before build in PCC Used Memory: 397207080 Bytes (849346560)
2025-06-30 10:11:05,571 [INFO] UtilMem:75 - After build in PCC Used Memory: 458550824 Bytes (849346560)
2025-06-30 10:11:05,624 [INFO] IPUIPlugin:80 - create IPUIPlugin
2025-06-30 10:11:05,624 [INFO] IPUIPlugin:80 - create IPUIPlugin
2025-06-30 10:11:05,624 [INFO] IPUIPlugin:80 - create IPUIPlugin
2025-06-30 10:11:05,624 [INFO] IPUIPlugin:80 - create IPUIPlugin
2025-06-30 10:11:05,624 [INFO] IPUIPlugin:80 - create IPUIPlugin
2025-06-30 10:11:05,625 [INFO] IPUIPlugin:80 - create IPUIPlugin
2025-06-30 10:11:05,625 [INFO] IPUIPlugin:80 - create IPUIPlugin
2025-06-30 10:11:05,625 [INFO] IPUIPlugin:80 - create IPUIPlugin
2025-06-30 10:11:05,625 [INFO] IPUIPlugin:80 - create IPUIPlugin
2025-06-30 10:11:05,626 [INFO] IPUIPlugin:80 - create IPUIPlugin
2025-06-30 10:11:05,626 [INFO] IPUIPlugin:80 - create IPUIPlugin
2025-06-30 10:11:05,626 [INFO] IPUIPlugin:80 - create IPUIPlugin
2025-06-30 10:11:05,626 [INFO] IPUIPlugin:80 - create IPUIPlugin
2025-06-30 10:11:05,626 [INFO] IPUIPlugin:80 - create IPUIPlugin
2025-06-30 10:11:05,626 [INFO] IPUIPlugin:80 - create IPUIPlugin
2025-06-30 10:11:05,626 [INFO] IPUIPlugin:80 - create IPUIPlugin
2025-06-30 10:11:05,626 [INFO] IPUIPlugin:80 - create IPUIPlugin
2025-06-30 10:11:05,626 [INFO] IPUIPlugin:80 - create IPUIPlugin
2025-06-30 10:11:05,627 [INFO] IPUIPlugin:80 - create IPUIPlugin
2025-06-30 10:11:05,627 [INFO] IPUIPlugin:80 - create IPUIPlugin
2025-06-30 10:11:05,627 [INFO] IPUIPlugin:80 - create IPUIPlugin
2025-06-30 10:11:05,627 [INFO] IPUIPlugin:80 - create IPUIPlugin
2025-06-30 10:11:05,627 [INFO] IPUIPlugin:80 - create IPUIPlugin
2025-06-30 10:11:05,627 [INFO] IPUIPlugin:80 - create IPUIPlugin
2025-06-30 10:11:05,628 [INFO] IPUIPlugin:80 - create IPUIPlugin
2025-06-30 10:11:05,628 [INFO] IPUIPlugin:80 - create IPUIPlugin
2025-06-30 10:11:05,628 [INFO] IPUIPlugin:80 - create IPUIPlugin
2025-06-30 10:11:05,628 [INFO] IPUIPlugin:80 - create IPUIPlugin
2025-06-30 10:11:05,628 [INFO] IPUIPlugin:80 - create IPUIPlugin
2025-06-30 10:11:05,628 [INFO] IPUIPlugin:80 - create IPUIPlugin
2025-06-30 10:11:05,630 [INFO] IPUIPlugin:80 - create IPUIPlugin
2025-06-30 10:11:05,630 [INFO] IPUIPlugin:80 - create IPUIPlugin
2025-06-30 10:11:05,630 [INFO] IPUIPlugin:80 - create IPUIPlugin
2025-06-30 10:11:05,631 [INFO] IPUIPlugin:80 - create IPUIPlugin
2025-06-30 10:11:05,631 [INFO] IPUIPlugin:80 - create IPUIPlugin
2025-06-30 10:11:05,631 [INFO] IPUIPlugin:80 - create IPUIPlugin
2025-06-30 10:11:05,631 [INFO] IPUIPlugin:80 - create IPUIPlugin
2025-06-30 10:11:05,632 [INFO] IPUIPlugin:80 - create IPUIPlugin
2025-06-30 10:11:05,632 [INFO] IPUIPlugin:80 - create IPUIPlugin
2025-06-30 10:11:05,632 [INFO] IPUIPlugin:80 - create IPUIPlugin
2025-06-30 10:11:05,632 [INFO] IPUIPlugin:80 - create IPUIPlugin
2025-06-30 10:11:05,632 [INFO] IPUIPlugin:80 - create IPUIPlugin
2025-06-30 10:11:05,633 [INFO] IPUIPlugin:80 - create IPUIPlugin
2025-06-30 10:11:05,633 [INFO] IPUIPlugin:80 - create IPUIPlugin
2025-06-30 10:11:05,633 [INFO] IPUIPlugin:80 - create IPUIPlugin
2025-06-30 10:11:05,633 [INFO] IPUIPlugin:80 - create IPUIPlugin
2025-06-30 10:11:05,634 [INFO] IPUIPlugin:80 - create IPUIPlugin
2025-06-30 10:11:05,634 [INFO] IPUIPlugin:80 - create IPUIPlugin
2025-06-30 10:11:05,634 [INFO] IPUIPlugin:80 - create IPUIPlugin
2025-06-30 10:11:05,634 [INFO] IPUIPlugin:80 - create IPUIPlugin
2025-06-30 10:11:05,635 [INFO] IPUIPlugin:80 - create IPUIPlugin
2025-06-30 10:11:05,635 [INFO] IPUIPlugin:80 - create IPUIPlugin
2025-06-30 10:11:05,635 [INFO] IPUIPlugin:80 - create IPUIPlugin
2025-06-30 10:11:05,636 [INFO] IPUIPlugin:80 - create IPUIPlugin
2025-06-30 10:11:05,636 [INFO] IPUIPlugin:80 - create IPUIPlugin
2025-06-30 10:11:05,637 [INFO] IPUIPlugin:80 - create IPUIPlugin
2025-06-30 10:11:05,637 [INFO] IPUIPlugin:80 - create IPUIPlugin
2025-06-30 10:11:05,637 [INFO] IPUIPlugin:80 - create IPUIPlugin
2025-06-30 10:11:05,861 [INFO] ApiDbMcu:508 - Load IP Config File for PDM2PCM
2025-06-30 10:11:06,128 [INFO] CADModel:165 - CPN selected for project levelSTM32F407VGT6
2025-06-30 10:11:06,128 [INFO] CADModel:114 - Register for checkConnection events
2025-06-30 10:11:06,194 [INFO] OpenFileManager:385 - Restore cursor
2025-06-30 10:12:02,884 [INFO] Gpio:277 - dependency for GPIO []
2025-06-30 10:13:23,079 [INFO] MainUpdater:2872 - connection check result : 10
2025-06-30 10:13:23,079 [INFO] MainUpdater:2872 - connection check result : 10
2025-06-30 10:13:23,096 [INFO] MicroXplorer:468 - Change Database Path : 
2025-06-30 10:13:23,096 [INFO] MicroXplorer:498 - Change Database Version : DB.6.0.141
2025-06-30 10:13:23,114 [ERROR] ProjectManagerView:395 - 
java.lang.NullPointerException: Cannot invoke "javax.swing.JTextField.getText()" because the return value of "java.util.List.get(int)" is null
	at com.st.microxplorer.plugins.projectmanager.gui.ProjectChoiceTab$9.caretUpdate(ProjectChoiceTab.java:2678) ~[filemanager.jar:?]
	at javax.swing.text.JTextComponent.fireCaretUpdate(JTextComponent.java:408) ~[?:?]
	at javax.swing.text.JTextComponent$MutableCaretEvent.fire(JTextComponent.java:4484) ~[?:?]
	at javax.swing.text.JTextComponent$MutableCaretEvent.stateChanged(JTextComponent.java:4506) ~[?:?]
	at javax.swing.text.DefaultCaret.fireStateChanged(DefaultCaret.java:857) ~[?:?]
	at javax.swing.text.DefaultCaret.changeCaretPosition(DefaultCaret.java:1343) ~[?:?]
	at javax.swing.text.DefaultCaret.handleSetDot(DefaultCaret.java:1242) ~[?:?]
	at javax.swing.text.DefaultCaret.setDot(DefaultCaret.java:1223) ~[?:?]
	at javax.swing.text.DefaultCaret$Handler.insertUpdate(DefaultCaret.java:1819) ~[?:?]
	at javax.swing.text.AbstractDocument.fireInsertUpdate(AbstractDocument.java:227) ~[?:?]
	at javax.swing.text.AbstractDocument.handleInsertString(AbstractDocument.java:781) ~[?:?]
	at javax.swing.text.AbstractDocument.insertString(AbstractDocument.java:740) ~[?:?]
	at javax.swing.text.PlainDocument.insertString(PlainDocument.java:131) ~[?:?]
	at javax.swing.text.AbstractDocument.replace(AbstractDocument.java:699) ~[?:?]
	at javax.swing.text.JTextComponent.setText(JTextComponent.java:1725) ~[?:?]
	at com.st.microxplorer.plugins.projectmanager.gui.ProjectChoiceTab.createHeapStackFields(ProjectChoiceTab.java:979) ~[filemanager.jar:?]
	at com.st.microxplorer.plugins.projectmanager.gui.ProjectChoiceTab.buildLinkSettingsPanel(ProjectChoiceTab.java:3766) ~[filemanager.jar:?]
	at com.st.microxplorer.plugins.projectmanager.gui.ProjectChoiceTab.defineWindowsFields(ProjectChoiceTab.java:1962) ~[filemanager.jar:?]
	at com.st.microxplorer.plugins.projectmanager.gui.ProjectChoiceTab.updateSettings(ProjectChoiceTab.java:555) ~[filemanager.jar:?]
	at com.st.microxplorer.plugins.projectmanager.gui.ProjectSettingsPanel.UpdateDialog(ProjectSettingsPanel.java:245) ~[filemanager.jar:?]
	at com.st.microxplorer.plugins.projectmanager.ProjectManagerView.propertyChange(ProjectManagerView.java:392) ~[filemanager.jar:?]
	at java.beans.PropertyChangeSupport.fire(PropertyChangeSupport.java:343) ~[?:?]
	at java.beans.PropertyChangeSupport.firePropertyChange(PropertyChangeSupport.java:335) ~[?:?]
	at java.beans.PropertyChangeSupport.firePropertyChange(PropertyChangeSupport.java:268) ~[?:?]
	at com.st.microxplorer.util.MXPropertyChangeSupport.firePropertyChange(MXPropertyChangeSupport.java:54) ~[STM32CubeMX.jar:?]
	at com.st.microxplorer.mxsystem.MxSystem.closeConfig(MxSystem.java:899) ~[STM32CubeMX.jar:?]
	at com.st.microxplorer.maingui.MainPanel.closeConfig(MainPanel.java:789) ~[STM32CubeMX.jar:?]
	at com.st.microxplorer.plugins.filemanager.engine.OpenFileManager.loadConfigurationFile(OpenFileManager.java:287) ~[filemanager.jar:?]
	at com.st.microxplorer.plugins.filemanager.engine.MainFileManager.userLoadConfig(MainFileManager.java:341) ~[filemanager.jar:?]
	at com.st.microxplorer.plugins.filemanager.engine.MainFileManager.userLoadConfig(MainFileManager.java:319) ~[filemanager.jar:?]
	at com.st.microxplorer.plugins.filemanager.FileManagerView.getSpecificTask(FileManagerView.java:246) ~[filemanager.jar:?]
	at com.st.stm32cube.common.mx.editor.CubeMxEditor.getMxTabbedPaneInstance(CubeMxEditor.java:1198) ~[com.st.stm32cube.common.mx_6.14.1.202504091515/:?]
	at com.st.stm32cube.common.mx.editor.CubeMxEditor$12$1.createSwingComponent(CubeMxEditor.java:1068) ~[com.st.stm32cube.common.mx_6.14.1.202504091515/:?]
	at com.st.stm32cube.common.mx.oss.core.awtswtbridge.EmbeddedSwingComposite.doComponentCreation(EmbeddedSwingComposite.java:492) ~[com.st.stm32cube.common.mx.oss_6.14.1.202504091515/:?]
	at com.st.stm32cube.common.mx.oss.core.awtswtbridge.EmbeddedSwingComposite$4.run(EmbeddedSwingComposite.java:291) ~[com.st.stm32cube.common.mx.oss_6.14.1.202504091515/:?]
	at com.st.stm32cube.common.mx.oss.core.awtswtbridge.AwtEnvironment$2.run(AwtEnvironment.java:166) ~[com.st.stm32cube.common.mx.oss_6.14.1.202504091515/:?]
	at java.awt.event.InvocationEvent.dispatch(InvocationEvent.java:318) ~[?:?]
	at java.awt.EventQueue.dispatchEventImpl(EventQueue.java:773) ~[?:?]
	at java.awt.EventQueue$4.run(EventQueue.java:720) ~[?:?]
	at java.awt.EventQueue$4.run(EventQueue.java:714) ~[?:?]
	at java.security.AccessController.doPrivileged(AccessController.java:400) ~[?:?]
	at java.security.ProtectionDomain$JavaSecurityAccessImpl.doIntersectionPrivilege(ProtectionDomain.java:87) ~[?:?]
	at java.awt.EventQueue.dispatchEvent(EventQueue.java:742) ~[?:?]
	at java.awt.EventDispatchThread.pumpOneEventForFilters(EventDispatchThread.java:203) ~[?:?]
	at java.awt.EventDispatchThread.pumpEventsForFilter(EventDispatchThread.java:124) ~[?:?]
	at java.awt.EventDispatchThread.pumpEventsForHierarchy(EventDispatchThread.java:113) ~[?:?]
	at java.awt.EventDispatchThread.pumpEvents(EventDispatchThread.java:109) ~[?:?]
	at java.awt.EventDispatchThread.pumpEvents(EventDispatchThread.java:101) ~[?:?]
	at java.awt.EventDispatchThread.run(EventDispatchThread.java:90) ~[?:?]
2025-06-30 10:13:23,132 [WARN] ThirdParty:871 - waiting for thirdparty lock release [close project]
2025-06-30 10:13:23,132 [INFO] ThirdParty:873 - entering critical section [close project]
2025-06-30 10:13:23,132 [INFO] ThirdParty:883 - exiting critical section [close project]
2025-06-30 10:13:23,134 [INFO] PinOutPanel:1589 - setPackage(No Configuration,No Configuration)
2025-06-30 10:13:23,159 [WARN] IpParametersView:155 - Warning: This peripheral hasn't parameters
2025-06-30 10:13:23,188 [WARN] MainPanel:289 - <html><b><center>Warning: This peripheral has no parameters to be configured<br></b></html>
2025-06-30 10:13:23,196 [INFO] UtilMem:75 - Begin LoadConfig() Used Memory: 433314288 Bytes (849346560)
2025-06-30 10:13:23,197 [INFO] MicroXplorer:468 - Change Database Path : 
2025-06-30 10:13:23,197 [INFO] MicroXplorer:498 - Change Database Version : DB.6.0.141
2025-06-30 10:13:23,197 [INFO] OpenFileManager:354 - Change cursor
2025-06-30 10:13:23,207 [INFO] Mcu:2011 - Initializing MCU STM32F407V(E-G)Tx STM32F407VGTx STM32F407VGT6
2025-06-30 10:13:24,636 [INFO] Context:756 - Trying to add GPIOservice into a context  which must be forbidden
2025-06-30 10:13:24,923 [INFO] ImportTextPane:218 - (OptionalMessage_ERROR) Pin34 (VP_RIF_VS_RIF1) cannot be retrieved for this MCU
2025-06-30 10:13:25,020 [INFO] RtosManager:558 - Registered RTOS mode: class=CMSIS, group=RTOS, mode=CMSIS_V1, owner=FREERTOS
2025-06-30 10:13:25,020 [INFO] RtosManager:558 - Registered RTOS mode: class=CMSIS, group=RTOS2, mode=CMSIS_V2, owner=FREERTOS
2025-06-30 10:13:25,020 [INFO] RtosManager:558 - Registered RTOS mode: class=RTOS, group=Core, mode=CMSIS_V1, owner=FREERTOS
2025-06-30 10:13:25,020 [INFO] RtosManager:558 - Registered RTOS mode: class=RTOS, group=Core, mode=CMSIS_V2, owner=FREERTOS
2025-06-30 10:13:25,020 [WARN] ModelIntegratedComponent:184 - Missing modes for component STMicroelectronics:FreeRTOS:0.0.1:STMicroelectronics:RTOS:FreeRTOS:Core:::10.2.0:
2025-06-30 10:13:25,027 [WARN] ModelIntegratedComponent:63 - No mode defined for component null
2025-06-30 10:13:25,027 [WARN] ModelIntegratedComponent:63 - No mode defined for component null
2025-06-30 10:13:25,027 [WARN] ModelIntegratedComponent:63 - No mode defined for component null
2025-06-30 10:13:25,027 [WARN] ModelIntegratedComponent:63 - No mode defined for component null
2025-06-30 10:13:25,027 [WARN] ModelIntegratedComponent:63 - No mode defined for component null
2025-06-30 10:13:25,027 [WARN] ModelIntegratedComponent:63 - No mode defined for component null
2025-06-30 10:13:25,027 [WARN] ModelIntegratedComponent:63 - No mode defined for component null
2025-06-30 10:13:25,027 [WARN] ModelIntegratedComponent:63 - No mode defined for component null
2025-06-30 10:13:25,027 [WARN] ModelIntegratedComponent:63 - No mode defined for component null
2025-06-30 10:13:25,027 [WARN] ModelIntegratedComponent:63 - No mode defined for component null
2025-06-30 10:13:25,027 [WARN] ModelIntegratedComponent:63 - No mode defined for component null
2025-06-30 10:13:25,027 [WARN] ModelIntegratedComponent:63 - No mode defined for component null
2025-06-30 10:13:25,027 [WARN] ModelIntegratedComponent:63 - No mode defined for component null
2025-06-30 10:13:25,027 [WARN] ModelIntegratedComponent:63 - No mode defined for component null
2025-06-30 10:13:25,027 [WARN] ModelIntegratedComponent:63 - No mode defined for component null
2025-06-30 10:13:25,027 [WARN] ModelIntegratedComponent:63 - No mode defined for component null
2025-06-30 10:13:25,027 [WARN] ModelIntegratedComponent:63 - No mode defined for component null
2025-06-30 10:13:25,028 [WARN] ModelIntegratedComponent:63 - No mode defined for component null
2025-06-30 10:13:25,028 [WARN] ModelIntegratedComponent:63 - No mode defined for component null
2025-06-30 10:13:25,028 [WARN] ModelIntegratedComponent:63 - No mode defined for component null
2025-06-30 10:13:25,028 [WARN] ModelIntegratedComponent:63 - No mode defined for component null
2025-06-30 10:13:25,028 [WARN] ModelIntegratedComponent:63 - No mode defined for component null
2025-06-30 10:13:25,028 [WARN] ModelIntegratedComponent:63 - No mode defined for component null
2025-06-30 10:13:25,028 [WARN] ModelIntegratedComponent:63 - No mode defined for component null
2025-06-30 10:13:25,028 [WARN] ModelIntegratedComponent:63 - No mode defined for component null
2025-06-30 10:13:25,028 [WARN] ModelIntegratedComponent:63 - No mode defined for component null
2025-06-30 10:13:25,028 [WARN] ModelIntegratedComponent:63 - No mode defined for component null
2025-06-30 10:13:25,028 [WARN] ModelIntegratedComponent:63 - No mode defined for component null
2025-06-30 10:13:25,028 [WARN] ModelIntegratedComponent:63 - No mode defined for component null
2025-06-30 10:13:25,028 [WARN] ModelIntegratedComponent:63 - No mode defined for component null
2025-06-30 10:13:25,028 [WARN] ModelIntegratedComponent:63 - No mode defined for component null
2025-06-30 10:13:25,028 [WARN] ModelIntegratedComponent:63 - No mode defined for component null
2025-06-30 10:13:25,028 [WARN] ModelIntegratedComponent:63 - No mode defined for component null
2025-06-30 10:13:25,028 [WARN] ModelIntegratedComponent:63 - No mode defined for component null
2025-06-30 10:13:25,028 [WARN] ModelIntegratedComponent:63 - No mode defined for component null
2025-06-30 10:13:25,028 [WARN] ModelPack:524 - Component already loaded: STMicroelectronics:HAL Drivers:0.0.0:STMicroelectronics:Device:STMicro_Driver:XSPI:HAL::0.0.1:HAL_XSPI
2025-06-30 10:13:25,192 [INFO] ThirdPartyModel:298 - Start build external matchings
2025-06-30 10:13:26,098 [INFO] ThirdPartyModel:316 - End build external matchings
2025-06-30 10:13:26,475 [INFO] UtilMem:75 - End LoadConfig() Used Memory: 382597264 Bytes (849346560)
2025-06-30 10:13:26,527 [WARN] ThirdParty:833 - waiting for thirdparty lock release [change project]
2025-06-30 10:13:26,527 [INFO] ThirdParty:835 - entering critical section [change project]
2025-06-30 10:13:26,527 [INFO] ThirdParty:1030 - CMSIS Pack Vendor :STMicroelectronics X-CUBE-PM33A1 1.0.0
2025-06-30 10:13:26,527 [INFO] ThirdParty:1030 - CMSIS Pack Vendor :STMicroelectronics USBPD 4.1
2025-06-30 10:13:26,527 [INFO] ThirdParty:1030 - CMSIS Pack Vendor :STMicroelectronics X-CUBE-GNSS1 6.0.0
2025-06-30 10:13:26,527 [INFO] ThirdParty:1030 - CMSIS Pack Vendor :STMicroelectronics USB_HOST 2.0.0
2025-06-30 10:13:26,527 [INFO] ThirdParty:1030 - CMSIS Pack Vendor :STMicroelectronics FP-SNS-MOTENVWB1 1.4.0
2025-06-30 10:13:26,527 [INFO] ThirdParty:1030 - CMSIS Pack Vendor :STMicroelectronics X-CUBE-AZRTOS-F4 1.1.0
2025-06-30 10:13:26,527 [INFO] ThirdParty:1030 - CMSIS Pack Vendor :STMicroelectronics LIBJPEG 8.0.0
2025-06-30 10:13:26,527 [INFO] ThirdParty:1030 - CMSIS Pack Vendor :Avnet-IotConnect X-CUBE-IoTC-DA16k-PMOD 1.0.0
2025-06-30 10:13:26,527 [INFO] ThirdParty:1030 - CMSIS Pack Vendor :STMicroelectronics X-CUBE-SMBUS 2.1.0
2025-06-30 10:13:26,527 [INFO] ThirdParty:1030 - CMSIS Pack Vendor :STMicroelectronics X-CUBE-WB05N 1.1.0
2025-06-30 10:13:26,527 [INFO] ThirdParty:1030 - CMSIS Pack Vendor :STMicroelectronics X-CUBE-ISPU 2.1.0
2025-06-30 10:13:26,527 [INFO] ThirdParty:1030 - CMSIS Pack Vendor :STMicroelectronics X-CUBE-FREERTOS 1.2.0
2025-06-30 10:13:26,527 [INFO] ThirdParty:1030 - CMSIS Pack Vendor :STMicroelectronics X-CUBE-ST60 1.0.0
2025-06-30 10:13:26,527 [INFO] ThirdParty:1030 - CMSIS Pack Vendor :STMicroelectronics X-CUBE-AZRTOS-F7 1.1.0
2025-06-30 10:13:26,527 [INFO] ThirdParty:1030 - CMSIS Pack Vendor :STMicroelectronics X-CUBE-AZRTOS-L5 2.0.0
2025-06-30 10:13:26,527 [INFO] ThirdParty:1030 - CMSIS Pack Vendor :STMicroelectronics USB_DEVICE 2.0.0
2025-06-30 10:13:26,527 [INFO] ThirdParty:1030 - CMSIS Pack Vendor :STMicroelectronics X-CUBE-NFC6 3.1.0
2025-06-30 10:13:26,527 [INFO] ThirdParty:1030 - CMSIS Pack Vendor :STMicroelectronics X-CUBE-MEMS1 11.0.0
2025-06-30 10:13:26,527 [INFO] ThirdParty:1030 - CMSIS Pack Vendor :STMicroelectronics FreeRTOS 0.0.1
2025-06-30 10:13:26,527 [INFO] ThirdParty:1030 - CMSIS Pack Vendor :STMicroelectronics X-CUBE-DPower 1.2.0
2025-06-30 10:13:26,527 [INFO] ThirdParty:1030 - CMSIS Pack Vendor :STMicroelectronics FP-SNS-FLIGHT1 5.0.2
2025-06-30 10:13:26,527 [INFO] ThirdParty:1030 - CMSIS Pack Vendor :STMicroelectronics X-CUBE-AI 9.0.0
2025-06-30 10:13:26,527 [INFO] ThirdParty:1030 - CMSIS Pack Vendor :STMicroelectronics PDM2PCM 3.3.0
2025-06-30 10:13:26,528 [INFO] ThirdParty:1030 - CMSIS Pack Vendor :STMicroelectronics X-CUBE-DISPLAY 3.0.0
2025-06-30 10:13:26,528 [INFO] ThirdParty:1030 - CMSIS Pack Vendor :STMicroelectronics X-CUBE-BLE1 7.0.0
2025-06-30 10:13:26,528 [INFO] ThirdParty:1030 - CMSIS Pack Vendor :STMicroelectronics X-CUBE-NFC10 1.0.0
2025-06-30 10:13:26,528 [INFO] ThirdParty:1030 - CMSIS Pack Vendor :STMicroelectronics X-CUBE-FREERTOS 1.3.1
2025-06-30 10:13:26,528 [INFO] ThirdParty:1030 - CMSIS Pack Vendor :STMicroelectronics HAL Drivers 0.0.0
2025-06-30 10:13:26,528 [INFO] ThirdParty:1030 - CMSIS Pack Vendor :emotas I-CUBE-CANOPEN 1.3.0
2025-06-30 10:13:26,528 [INFO] ThirdParty:1030 - CMSIS Pack Vendor :STMicroelectronics X-CUBE-NFC7 1.0.1
2025-06-30 10:13:26,528 [INFO] ThirdParty:1030 - CMSIS Pack Vendor :STMicroelectronics MBEDTLS 2.14.1
2025-06-30 10:13:26,528 [INFO] ThirdParty:1030 - CMSIS Pack Vendor :wolfSSL I-CUBE-wolfTPM 3.2.0
2025-06-30 10:13:26,528 [INFO] ThirdParty:1030 - CMSIS Pack Vendor :STMicroelectronics X-CUBE-BLEMGR 3.1.0
2025-06-30 10:13:26,528 [INFO] ThirdParty:1030 - CMSIS Pack Vendor :STMicroelectronics FP-SNS-STAIOTCFT 1.0.0
2025-06-30 10:13:26,528 [INFO] ThirdParty:1030 - CMSIS Pack Vendor :STMicroelectronics FP-SNS-SMARTAG2 1.2.0
2025-06-30 10:13:26,528 [INFO] ThirdParty:1030 - CMSIS Pack Vendor :STMicroelectronics FP-SNS-FLIGHT1 5.1.0
2025-06-30 10:13:26,528 [INFO] ThirdParty:1030 - CMSIS Pack Vendor :STMicroelectronics X-CUBE-AZRTOS-WL 2.0.0
2025-06-30 10:13:26,528 [INFO] ThirdParty:1030 - CMSIS Pack Vendor :STMicroelectronics X-CUBE-DPower 1.3.0
2025-06-30 10:13:26,528 [INFO] ThirdParty:1030 - CMSIS Pack Vendor :STMicroelectronics FP-SNS-MOTENV1 5.0.0
2025-06-30 10:13:26,528 [INFO] ThirdParty:1030 - CMSIS Pack Vendor :STMicroelectronics USB_DEVICE 1.0.0
2025-06-30 10:13:26,528 [INFO] ThirdParty:1030 - CMSIS Pack Vendor :wolfSSL I-CUBE-wolfMQTT 1.19.0
2025-06-30 10:13:26,528 [INFO] ThirdParty:1030 - CMSIS Pack Vendor :STMicroelectronics X-CUBE-AZRTOS-L4 2.0.0
2025-06-30 10:13:26,528 [INFO] ThirdParty:1030 - CMSIS Pack Vendor :STMicroelectronics ThreadX 0.0.2
2025-06-30 10:13:26,528 [INFO] ThirdParty:1030 - CMSIS Pack Vendor :WES I-CUBE-Cesium 1.3.0
2025-06-30 10:13:26,528 [INFO] ThirdParty:1030 - CMSIS Pack Vendor :STMicroelectronics lwIP 2.1.2
2025-06-30 10:13:26,528 [INFO] ThirdParty:1030 - CMSIS Pack Vendor :STMicroelectronics X-CUBE-SFXS2LP1 4.0.0
2025-06-30 10:13:26,528 [INFO] ThirdParty:1030 - CMSIS Pack Vendor :STMicroelectronics X-CUBE-BLE2 3.3.0
2025-06-30 10:13:26,528 [INFO] ThirdParty:1030 - CMSIS Pack Vendor :STMicroelectronics PDM2PCM 3.2.0
2025-06-30 10:13:26,528 [INFO] ThirdParty:1030 - CMSIS Pack Vendor :STMicroelectronics X-CUBE-AZRTOS-H7 3.3.0
2025-06-30 10:13:26,528 [INFO] ThirdParty:1030 - CMSIS Pack Vendor :STMicroelectronics X-CUBE-NFC9 1.0.0
2025-06-30 10:13:26,528 [INFO] ThirdParty:1030 - CMSIS Pack Vendor :STMicroelectronics X-CUBE-BLE1 7.1.0
2025-06-30 10:13:26,528 [INFO] ThirdParty:1030 - CMSIS Pack Vendor :STMicroelectronics USB_DEVICE 3.0.0
2025-06-30 10:13:26,528 [INFO] ThirdParty:1030 - CMSIS Pack Vendor :STMicroelectronics X-CUBE-TCPP 4.1.0
2025-06-30 10:13:26,528 [INFO] ThirdParty:1030 - CMSIS Pack Vendor :STMicroelectronics X-CUBE-IPS 3.0.0
2025-06-30 10:13:26,528 [INFO] ThirdParty:1030 - CMSIS Pack Vendor :STMicroelectronics X-CUBE-AZRTOS-WB 2.0.0
2025-06-30 10:13:26,528 [INFO] ThirdParty:1030 - CMSIS Pack Vendor :STMicroelectronics X-CUBE-GNSS1 7.0.0
2025-06-30 10:13:26,528 [INFO] ThirdParty:1030 - CMSIS Pack Vendor :STMicroelectronics X-CUBE-GNSS1 7.0.1
2025-06-30 10:13:26,528 [INFO] ThirdParty:1030 - CMSIS Pack Vendor :STMicroelectronics X-CUBE-TOUCHGFX 4.25.0
2025-06-30 10:13:26,528 [INFO] ThirdParty:1030 - CMSIS Pack Vendor :STMicroelectronics X-CUBE-AI 10.1.0
2025-06-30 10:13:26,528 [INFO] ThirdParty:1030 - CMSIS Pack Vendor :STMicroelectronics FP-SNS-STBOX1 2.0.0
2025-06-30 10:13:26,528 [INFO] ThirdParty:1030 - CMSIS Pack Vendor :STMicroelectronics X-CUBE-AZRTOS-G0 1.1.0
2025-06-30 10:13:26,528 [INFO] ThirdParty:1030 - CMSIS Pack Vendor :STMicroelectronics X-CUBE-SAFEA1 1.2.2
2025-06-30 10:13:26,528 [INFO] ThirdParty:1030 - CMSIS Pack Vendor :STMicroelectronics X-CUBE-NFC4 3.0.0
2025-06-30 10:13:26,528 [INFO] ThirdParty:1030 - CMSIS Pack Vendor :STMicroelectronics X-CUBE-SUBG2 5.0.0
2025-06-30 10:13:26,528 [INFO] ThirdParty:1030 - CMSIS Pack Vendor :STMicroelectronics X-CUBE-AZRTOS-H7RS 1.1.0
2025-06-30 10:13:26,528 [INFO] ThirdParty:1030 - CMSIS Pack Vendor :STMicroelectronics STM32_WPAN 1.0.0
2025-06-30 10:13:26,528 [INFO] ThirdParty:1030 - CMSIS Pack Vendor :EmbeddedOffice I-CUBE-FS-RTOS 1.0.1
2025-06-30 10:13:26,528 [INFO] ThirdParty:1030 - CMSIS Pack Vendor :STMicroelectronics lwIP 2.0.3
2025-06-30 10:13:26,528 [INFO] ThirdParty:1030 - CMSIS Pack Vendor :Cesanta I-CUBE-Mongoose 7.13.0
2025-06-30 10:13:26,528 [INFO] ThirdParty:1030 - CMSIS Pack Vendor :STMicroelectronics USB_HOST 1.0.0
2025-06-30 10:13:26,528 [INFO] ThirdParty:1030 - CMSIS Pack Vendor :STMicroelectronics X-CUBE-AZRTOS-G4 2.0.0
2025-06-30 10:13:26,529 [INFO] ThirdParty:1030 - CMSIS Pack Vendor :STMicroelectronics X-CUBE-WB05N 2.0.0
2025-06-30 10:13:26,529 [INFO] ThirdParty:1030 - CMSIS Pack Vendor :STMicroelectronics PDM2PCM 3.1.0
2025-06-30 10:13:26,529 [INFO] ThirdParty:1030 - CMSIS Pack Vendor :STMicroelectronics X-CUBE-NFC7 2.0.0
2025-06-30 10:13:26,529 [INFO] ThirdParty:1030 - CMSIS Pack Vendor :STMicroelectronics X-CUBE-TCPP 4.2.0
2025-06-30 10:13:26,529 [INFO] ThirdParty:1030 - CMSIS Pack Vendor :RealThread X-CUBE-RT-Thread_Nano 4.1.1
2025-06-30 10:13:26,529 [INFO] ThirdParty:1030 - CMSIS Pack Vendor :wolfSSL I-CUBE-wolfSSL 5.7.0
2025-06-30 10:13:26,529 [INFO] ThirdParty:1030 - CMSIS Pack Vendor :STMicroelectronics FP-ATR-SIGFOX1 3.2.0
2025-06-30 10:13:26,529 [INFO] ThirdParty:1030 - CMSIS Pack Vendor :quantropi X-CUBE-qispace-sdk-base 1.9.3
2025-06-30 10:13:26,529 [INFO] ThirdParty:1030 - CMSIS Pack Vendor :STMicroelectronics X-CUBE-ISPU 2.0.0
2025-06-30 10:13:26,529 [INFO] ThirdParty:1030 - CMSIS Pack Vendor :STMicroelectronics X-CUBE-EEPRMA1 5.1.0
2025-06-30 10:13:26,529 [INFO] ThirdParty:1030 - CMSIS Pack Vendor :STMicroelectronics MBEDTLS 2.16.2
2025-06-30 10:13:26,529 [INFO] ThirdParty:1030 - CMSIS Pack Vendor :STMicroelectronics X-CUBE-IPS 3.1.0
2025-06-30 10:13:26,529 [INFO] ThirdParty:1030 - CMSIS Pack Vendor :STMicroelectronics X-CUBE-ALS 1.0.2
2025-06-30 10:13:26,529 [INFO] ThirdParty:1030 - CMSIS Pack Vendor :STMicroelectronics X-CUBE-MEMS1 10.0.0
2025-06-30 10:13:26,529 [INFO] ThirdParty:1030 - CMSIS Pack Vendor :STMicroelectronics X-CUBE-TOUCHGFX 4.24.0
2025-06-30 10:13:26,529 [INFO] ThirdParty:1030 - CMSIS Pack Vendor :ITTIA_DB I-CUBE-ITTIADB 8.9.0
2025-06-30 10:13:26,529 [INFO] ThirdParty:1030 - CMSIS Pack Vendor :STMicroelectronics X-CUBE-TOUCHGFX 4.24.1
2025-06-30 10:13:26,529 [INFO] ThirdParty:1030 - CMSIS Pack Vendor :portGmbH I-Cube-SoM-uGOAL 1.1.0
2025-06-30 10:13:26,529 [INFO] ThirdParty:1030 - CMSIS Pack Vendor :STMicroelectronics X-CUBE-ST67W61 1.0.0
2025-06-30 10:13:26,529 [INFO] ThirdParty:1030 - CMSIS Pack Vendor :STMicroelectronics ThreadX 1.0.0
2025-06-30 10:13:26,529 [INFO] ThirdParty:1030 - CMSIS Pack Vendor :SEGGER I-CUBE-embOS 1.3.1
2025-06-30 10:13:26,529 [INFO] ThirdParty:1030 - CMSIS Pack Vendor :STMicroelectronics X-CUBE-ALGOBUILD 1.4.0
2025-06-30 10:13:26,529 [INFO] ThirdParty:1030 - CMSIS Pack Vendor :STMicroelectronics X-CUBE-MEMS1 11.3.0
2025-06-30 10:13:26,529 [INFO] ThirdParty:1030 - CMSIS Pack Vendor :STMicroelectronics X-CUBE-AZRTOS-H7RS 1.0.0
2025-06-30 10:13:26,529 [INFO] ThirdParty:1030 - CMSIS Pack Vendor :STMicroelectronics FP-ATR-ASTRA1 2.0.0
2025-06-30 10:13:26,529 [INFO] ThirdParty:1030 - CMSIS Pack Vendor :STMicroelectronics X-CUBE-TOF1 3.4.2
2025-06-30 10:13:26,529 [INFO] ThirdParty:1030 - CMSIS Pack Vendor :STMicroelectronics X-CUBE-TOF1 3.4.3
2025-06-30 10:13:26,529 [INFO] ThirdParty:1030 - CMSIS Pack Vendor :STMicroelectronics X-CUBE-AI 9.1.0
2025-06-30 10:13:26,529 [INFO] ThirdParty:1030 - CMSIS Pack Vendor :STMicroelectronics X-CUBE-TOF1 3.4.1
2025-06-30 10:13:26,529 [INFO] ThirdParty:1030 - CMSIS Pack Vendor :STMicroelectronics X-CUBE-AZRTOS-H7 3.2.0
2025-06-30 10:13:26,529 [INFO] ThirdParty:1030 - CMSIS Pack Vendor :Infineon AIROC-Wi-Fi-Bluetooth-STM32 1.6.0
2025-06-30 10:13:26,529 [INFO] ThirdParty:1030 - CMSIS Pack Vendor :wolfSSL I-CUBE-wolfSSH 1.4.17
2025-06-30 10:13:26,529 [INFO] ThirdParty:841 - exiting critical section [change project]
2025-06-30 10:13:26,755 [INFO] PinOutPanel:1589 - setPackage(No Configuration,No Configuration)
2025-06-30 10:13:26,755 [INFO] PinOutPanel:1589 - setPackage(STM32F407VGTx,LQFP100)
2025-06-30 10:13:26,908 [INFO] UtilMem:75 - Before build in PCC Used Memory: 545126544 Bytes (849346560)
2025-06-30 10:13:27,214 [INFO] UtilMem:75 - After build in PCC Used Memory: 590215312 Bytes (849346560)
2025-06-30 10:13:27,247 [INFO] IPUIPlugin:80 - create IPUIPlugin
2025-06-30 10:13:27,247 [INFO] IPUIPlugin:80 - create IPUIPlugin
2025-06-30 10:13:27,247 [INFO] IPUIPlugin:80 - create IPUIPlugin
2025-06-30 10:13:27,247 [INFO] IPUIPlugin:80 - create IPUIPlugin
2025-06-30 10:13:27,247 [INFO] IPUIPlugin:80 - create IPUIPlugin
2025-06-30 10:13:27,247 [INFO] IPUIPlugin:80 - create IPUIPlugin
2025-06-30 10:13:27,247 [INFO] IPUIPlugin:80 - create IPUIPlugin
2025-06-30 10:13:27,247 [INFO] IPUIPlugin:80 - create IPUIPlugin
2025-06-30 10:13:27,247 [INFO] IPUIPlugin:80 - create IPUIPlugin
2025-06-30 10:13:27,248 [INFO] IPUIPlugin:80 - create IPUIPlugin
2025-06-30 10:13:27,248 [INFO] IPUIPlugin:80 - create IPUIPlugin
2025-06-30 10:13:27,248 [INFO] IPUIPlugin:80 - create IPUIPlugin
2025-06-30 10:13:27,248 [INFO] IPUIPlugin:80 - create IPUIPlugin
2025-06-30 10:13:27,248 [INFO] IPUIPlugin:80 - create IPUIPlugin
2025-06-30 10:13:27,248 [INFO] IPUIPlugin:80 - create IPUIPlugin
2025-06-30 10:13:27,248 [INFO] IPUIPlugin:80 - create IPUIPlugin
2025-06-30 10:13:27,248 [INFO] IPUIPlugin:80 - create IPUIPlugin
2025-06-30 10:13:27,248 [INFO] IPUIPlugin:80 - create IPUIPlugin
2025-06-30 10:13:27,248 [INFO] IPUIPlugin:80 - create IPUIPlugin
2025-06-30 10:13:27,248 [INFO] IPUIPlugin:80 - create IPUIPlugin
2025-06-30 10:13:27,248 [INFO] IPUIPlugin:80 - create IPUIPlugin
2025-06-30 10:13:27,249 [INFO] IPUIPlugin:80 - create IPUIPlugin
2025-06-30 10:13:27,249 [INFO] IPUIPlugin:80 - create IPUIPlugin
2025-06-30 10:13:27,249 [INFO] IPUIPlugin:80 - create IPUIPlugin
2025-06-30 10:13:27,249 [INFO] IPUIPlugin:80 - create IPUIPlugin
2025-06-30 10:13:27,249 [INFO] IPUIPlugin:80 - create IPUIPlugin
2025-06-30 10:13:27,249 [INFO] IPUIPlugin:80 - create IPUIPlugin
2025-06-30 10:13:27,249 [INFO] IPUIPlugin:80 - create IPUIPlugin
2025-06-30 10:13:27,249 [INFO] IPUIPlugin:80 - create IPUIPlugin
2025-06-30 10:13:27,250 [INFO] IPUIPlugin:80 - create IPUIPlugin
2025-06-30 10:13:27,252 [INFO] IPUIPlugin:80 - create IPUIPlugin
2025-06-30 10:13:27,252 [INFO] IPUIPlugin:80 - create IPUIPlugin
2025-06-30 10:13:27,253 [INFO] IPUIPlugin:80 - create IPUIPlugin
2025-06-30 10:13:27,253 [INFO] IPUIPlugin:80 - create IPUIPlugin
2025-06-30 10:13:27,253 [INFO] IPUIPlugin:80 - create IPUIPlugin
2025-06-30 10:13:27,253 [INFO] IPUIPlugin:80 - create IPUIPlugin
2025-06-30 10:13:27,253 [INFO] IPUIPlugin:80 - create IPUIPlugin
2025-06-30 10:13:27,254 [INFO] IPUIPlugin:80 - create IPUIPlugin
2025-06-30 10:13:27,254 [INFO] IPUIPlugin:80 - create IPUIPlugin
2025-06-30 10:13:27,254 [INFO] IPUIPlugin:80 - create IPUIPlugin
2025-06-30 10:13:27,254 [INFO] IPUIPlugin:80 - create IPUIPlugin
2025-06-30 10:13:27,254 [INFO] IPUIPlugin:80 - create IPUIPlugin
2025-06-30 10:13:27,255 [INFO] IPUIPlugin:80 - create IPUIPlugin
2025-06-30 10:13:27,255 [INFO] IPUIPlugin:80 - create IPUIPlugin
2025-06-30 10:13:27,255 [INFO] IPUIPlugin:80 - create IPUIPlugin
2025-06-30 10:13:27,255 [INFO] IPUIPlugin:80 - create IPUIPlugin
2025-06-30 10:13:27,255 [INFO] IPUIPlugin:80 - create IPUIPlugin
2025-06-30 10:13:27,256 [INFO] IPUIPlugin:80 - create IPUIPlugin
2025-06-30 10:13:27,256 [INFO] IPUIPlugin:80 - create IPUIPlugin
2025-06-30 10:13:27,256 [INFO] IPUIPlugin:80 - create IPUIPlugin
2025-06-30 10:13:27,257 [INFO] IPUIPlugin:80 - create IPUIPlugin
2025-06-30 10:13:27,257 [INFO] IPUIPlugin:80 - create IPUIPlugin
2025-06-30 10:13:27,257 [INFO] IPUIPlugin:80 - create IPUIPlugin
2025-06-30 10:13:27,258 [INFO] IPUIPlugin:80 - create IPUIPlugin
2025-06-30 10:13:27,258 [INFO] IPUIPlugin:80 - create IPUIPlugin
2025-06-30 10:13:27,258 [INFO] IPUIPlugin:80 - create IPUIPlugin
2025-06-30 10:13:27,259 [INFO] IPUIPlugin:80 - create IPUIPlugin
2025-06-30 10:13:27,259 [INFO] IPUIPlugin:80 - create IPUIPlugin
2025-06-30 10:13:27,275 [INFO] ApiDbMcu:508 - Load IP Config File for PDM2PCM
2025-06-30 10:13:27,320 [INFO] CADModel:165 - CPN selected for project levelSTM32F407VGT6
2025-06-30 10:13:27,320 [INFO] CADModel:114 - Register for checkConnection events
2025-06-30 10:13:27,452 [INFO] OpenFileManager:385 - Restore cursor
2025-06-30 10:13:59,350 [INFO] Gpio:277 - dependency for GPIO []
2025-06-30 10:14:36,921 [INFO] UtilMem:75 - End SaveConfig() Used Memory: 245599696 Bytes (849346560)
2025-06-30 10:14:39,418 [INFO] UtilMem:75 - End SaveConfig() Used Memory: 286712968 Bytes (849346560)
2025-06-30 10:14:41,002 [INFO] UtilMem:75 - End SaveConfig() Used Memory: 452387976 Bytes (849346560)
2025-06-30 10:14:42,133 [INFO] BlockDiagram:2775 - set Specific Code input for plugin: SYS
2025-06-30 10:14:42,134 [INFO] BlockDiagram:2775 - set Specific Code input for plugin: RCC
2025-06-30 10:14:42,134 [INFO] BlockDiagram:2775 - set Specific Code input for plugin: NVIC
2025-06-30 10:14:42,137 [INFO] BlockDiagram:2775 - set Specific Code input for plugin: GPIO
2025-06-30 10:14:42,143 [INFO] CodeGenerator:882 - code generatio: config db path: C:\ST\STM32CubeIDE_1.16.0\STM32CubeIDE\plugins\com.st.stm32cube.common.mx_6.14.1.202504091515\\db\
2025-06-30 10:14:42,570 [INFO] CodeEngine:263 - oldGeneratedFile, C:\Users\nisha\OneDrive\Desktop\stm32f407\freertos\006LED_BLINK_FROMISR\MXTmpFiles\license.tmp_save
2025-06-30 10:14:43,915 [INFO] CodeEngine:287 - Generated code: C:\Users\nisha\OneDrive\Desktop\stm32f407\freertos\006LED_BLINK_FROMISR\MXTmpFiles\license.tmp
2025-06-30 10:14:44,177 [INFO] CodeEngine:263 - oldGeneratedFile, C:\Users\nisha\OneDrive\Desktop\stm32f407\freertos\006LED_BLINK_FROMISR\MXTmpFiles\gpio.tmp_save
2025-06-30 10:14:44,506 [INFO] CodeEngine:287 - Generated code: C:\Users\nisha\OneDrive\Desktop\stm32f407\freertos\006LED_BLINK_FROMISR\MXTmpFiles\gpio.tmp
2025-06-30 10:14:44,679 [INFO] CodeEngine:263 - oldGeneratedFile, C:\Users\nisha\OneDrive\Desktop\stm32f407\freertos\006LED_BLINK_FROMISR\Core\Src\stm32f4xx_it.c_save
2025-06-30 10:14:44,966 [INFO] CodeEngine:287 - Generated code: C:\Users\nisha\OneDrive\Desktop\stm32f407\freertos\006LED_BLINK_FROMISR\Core\Src\stm32f4xx_it.c
2025-06-30 10:14:45,003 [INFO] CodeEngine:263 - oldGeneratedFile, C:\Users\nisha\OneDrive\Desktop\stm32f407\freertos\006LED_BLINK_FROMISR\Core\Inc\stm32f4xx_it.h_save
2025-06-30 10:14:45,145 [INFO] CodeEngine:287 - Generated code: C:\Users\nisha\OneDrive\Desktop\stm32f407\freertos\006LED_BLINK_FROMISR\Core\Inc\stm32f4xx_it.h
2025-06-30 10:14:45,239 [INFO] CodeEngine:263 - oldGeneratedFile, C:\Users\nisha\OneDrive\Desktop\stm32f407\freertos\006LED_BLINK_FROMISR\Core\Src\stm32f4xx_hal_msp.c_save
2025-06-30 10:14:45,500 [INFO] CodeEngine:287 - Generated code: C:\Users\nisha\OneDrive\Desktop\stm32f407\freertos\006LED_BLINK_FROMISR\Core\Src\stm32f4xx_hal_msp.c
2025-06-30 10:14:45,541 [INFO] CodeEngine:263 - oldGeneratedFile, C:\Users\nisha\OneDrive\Desktop\stm32f407\freertos\006LED_BLINK_FROMISR\MXTmpFiles\system.tmp_save
2025-06-30 10:14:45,679 [INFO] CodeEngine:287 - Generated code: C:\Users\nisha\OneDrive\Desktop\stm32f407\freertos\006LED_BLINK_FROMISR\MXTmpFiles\system.tmp
2025-06-30 10:14:45,723 [INFO] CodeEngine:263 - oldGeneratedFile, C:\Users\nisha\OneDrive\Desktop\stm32f407\freertos\006LED_BLINK_FROMISR\Core\Src\stm32f4xx_hal_timebase_tim.c_save
2025-06-30 10:14:45,892 [INFO] CodeEngine:287 - Generated code: C:\Users\nisha\OneDrive\Desktop\stm32f407\freertos\006LED_BLINK_FROMISR\Core\Src\stm32f4xx_hal_timebase_tim.c
2025-06-30 10:14:45,948 [INFO] CodeEngine:319 - oldGeneratedFile, C:\Users\nisha\OneDrive\Desktop\stm32f407\freertos\006LED_BLINK_FROMISR\Core\Inc\stm32f4xx_hal_conf.h_save
2025-06-30 10:14:46,169 [INFO] CodeEngine:343 - Generated code: C:\Users\nisha\OneDrive\Desktop\stm32f407\freertos\006LED_BLINK_FROMISR\Core\Inc\stm32f4xx_hal_conf.h
2025-06-30 10:14:46,287 [INFO] ApiDbMcu:508 - Load IP Config File for RCC
2025-06-30 10:14:46,337 [INFO] CodeEngine:263 - oldGeneratedFile, C:\Users\nisha\OneDrive\Desktop\stm32f407\freertos\006LED_BLINK_FROMISR\Core\Inc\main.h_save
2025-06-30 10:14:46,537 [INFO] CodeEngine:287 - Generated code: C:\Users\nisha\OneDrive\Desktop\stm32f407\freertos\006LED_BLINK_FROMISR\Core\Inc\main.h
2025-06-30 10:14:46,576 [INFO] CodeEngine:263 - oldGeneratedFile, C:\Users\nisha\OneDrive\Desktop\stm32f407\freertos\006LED_BLINK_FROMISR\Core\Src\main.c_save
2025-06-30 10:14:46,869 [INFO] CodeEngine:287 - Generated code: C:\Users\nisha\OneDrive\Desktop\stm32f407\freertos\006LED_BLINK_FROMISR\Core\Src\main.c
2025-06-30 10:14:47,469 [INFO] ProjectBuilder:3324 - Time for Copy HAL[1] : 382mS.
2025-06-30 10:14:47,483 [INFO] ProjectBuilder:4912 - Project Generator version: 4.6.0.1-B1
2025-06-30 10:14:47,575 [INFO] ConfigFileManager:1590 - The Die is : DIE413
2025-06-30 10:14:47,601 [INFO] ApiDbMcu:508 - Load IP Config File for FATFS
2025-06-30 10:14:47,619 [INFO] ApiDbMcu:508 - Load IP Config File for FREERTOS
2025-06-30 10:14:47,632 [INFO] ApiDbMcu:508 - Load IP Config File for LIBJPEG
2025-06-30 10:14:47,649 [INFO] ApiDbMcu:508 - Load IP Config File for LWIP
2025-06-30 10:14:47,666 [INFO] ApiDbMcu:508 - Load IP Config File for MBEDTLS
2025-06-30 10:14:47,686 [INFO] ApiDbMcu:508 - Load IP Config File for USB_DEVICE
2025-06-30 10:14:47,701 [INFO] ApiDbMcu:508 - Load IP Config File for USB_HOST
2025-06-30 10:14:48,745 [INFO] LogOutputStream:77 - [STDOUT_REDIRECT] 
2025-06-30 10:14:52,297 [INFO] ProjectBuilder:5191 - Time for Generating toolchain IDE Files: 4809mS.
2025-06-30 10:14:52,299 [INFO] ProjectBuilder:3181 - Time for Copy CMSIS : 1mS.
2025-06-30 10:14:52,303 [INFO] ProjectBuilder:3181 - Time for Copy CMSIS : 1mS.
2025-06-30 10:17:23,853 [INFO] WebApp:194 - Connection lost
2025-06-30 10:17:24,311 [INFO] WebApp:191 - Connection restablished
2025-06-30 10:21:11,588 [INFO] WebApp:194 - Connection lost
2025-06-30 10:21:13,350 [INFO] WebApp:191 - Connection restablished
2025-06-30 10:21:15,106 [INFO] WebApp:194 - Connection lost
2025-06-30 10:21:15,646 [INFO] WebApp:191 - Connection restablished
2025-06-30 10:21:42,211 [INFO] UtilMem:75 - End SaveConfig() Used Memory: 447383048 Bytes (849346560)
2025-06-30 10:21:44,441 [INFO] UtilMem:75 - End SaveConfig() Used Memory: 469929480 Bytes (849346560)
2025-06-30 10:21:45,995 [INFO] UtilMem:75 - End SaveConfig() Used Memory: 575309320 Bytes (849346560)
2025-06-30 10:21:46,574 [INFO] BlockDiagram:2775 - set Specific Code input for plugin: SYS
2025-06-30 10:21:46,576 [INFO] BlockDiagram:2775 - set Specific Code input for plugin: RCC
2025-06-30 10:21:46,576 [INFO] BlockDiagram:2775 - set Specific Code input for plugin: NVIC
2025-06-30 10:21:46,578 [INFO] BlockDiagram:2775 - set Specific Code input for plugin: GPIO
2025-06-30 10:21:46,581 [INFO] CodeGenerator:882 - code generatio: config db path: C:\ST\STM32CubeIDE_1.16.0\STM32CubeIDE\plugins\com.st.stm32cube.common.mx_6.14.1.202504091515\\db\
2025-06-30 10:21:46,767 [INFO] CodeEngine:263 - oldGeneratedFile, C:\Users\nisha\OneDrive\Desktop\stm32f407\freertos\006LED_BLINK_FROMISR\MXTmpFiles\license.tmp_save
2025-06-30 10:21:47,011 [INFO] CodeEngine:287 - Generated code: C:\Users\nisha\OneDrive\Desktop\stm32f407\freertos\006LED_BLINK_FROMISR\MXTmpFiles\license.tmp
2025-06-30 10:21:47,100 [INFO] CodeEngine:263 - oldGeneratedFile, C:\Users\nisha\OneDrive\Desktop\stm32f407\freertos\006LED_BLINK_FROMISR\MXTmpFiles\gpio.tmp_save
2025-06-30 10:21:47,340 [INFO] CodeEngine:287 - Generated code: C:\Users\nisha\OneDrive\Desktop\stm32f407\freertos\006LED_BLINK_FROMISR\MXTmpFiles\gpio.tmp
2025-06-30 10:21:47,468 [INFO] CodeEngine:263 - oldGeneratedFile, C:\Users\nisha\OneDrive\Desktop\stm32f407\freertos\006LED_BLINK_FROMISR\Core\Src\stm32f4xx_it.c_save
2025-06-30 10:21:47,688 [INFO] CodeEngine:287 - Generated code: C:\Users\nisha\OneDrive\Desktop\stm32f407\freertos\006LED_BLINK_FROMISR\Core\Src\stm32f4xx_it.c
2025-06-30 10:21:47,703 [INFO] CodeEngine:263 - oldGeneratedFile, C:\Users\nisha\OneDrive\Desktop\stm32f407\freertos\006LED_BLINK_FROMISR\Core\Inc\stm32f4xx_it.h_save
2025-06-30 10:21:47,839 [INFO] CodeEngine:287 - Generated code: C:\Users\nisha\OneDrive\Desktop\stm32f407\freertos\006LED_BLINK_FROMISR\Core\Inc\stm32f4xx_it.h
2025-06-30 10:21:47,886 [INFO] CodeEngine:263 - oldGeneratedFile, C:\Users\nisha\OneDrive\Desktop\stm32f407\freertos\006LED_BLINK_FROMISR\Core\Src\stm32f4xx_hal_msp.c_save
2025-06-30 10:21:48,057 [INFO] CodeEngine:287 - Generated code: C:\Users\nisha\OneDrive\Desktop\stm32f407\freertos\006LED_BLINK_FROMISR\Core\Src\stm32f4xx_hal_msp.c
2025-06-30 10:21:48,066 [INFO] CodeEngine:263 - oldGeneratedFile, C:\Users\nisha\OneDrive\Desktop\stm32f407\freertos\006LED_BLINK_FROMISR\MXTmpFiles\system.tmp_save
2025-06-30 10:21:48,206 [INFO] CodeEngine:287 - Generated code: C:\Users\nisha\OneDrive\Desktop\stm32f407\freertos\006LED_BLINK_FROMISR\MXTmpFiles\system.tmp
2025-06-30 10:21:48,244 [INFO] CodeEngine:263 - oldGeneratedFile, C:\Users\nisha\OneDrive\Desktop\stm32f407\freertos\006LED_BLINK_FROMISR\Core\Src\stm32f4xx_hal_timebase_tim.c_save
2025-06-30 10:21:48,377 [INFO] CodeEngine:287 - Generated code: C:\Users\nisha\OneDrive\Desktop\stm32f407\freertos\006LED_BLINK_FROMISR\Core\Src\stm32f4xx_hal_timebase_tim.c
2025-06-30 10:21:48,420 [INFO] CodeEngine:319 - oldGeneratedFile, C:\Users\nisha\OneDrive\Desktop\stm32f407\freertos\006LED_BLINK_FROMISR\Core\Inc\stm32f4xx_hal_conf.h_save
2025-06-30 10:21:48,600 [INFO] CodeEngine:343 - Generated code: C:\Users\nisha\OneDrive\Desktop\stm32f407\freertos\006LED_BLINK_FROMISR\Core\Inc\stm32f4xx_hal_conf.h
2025-06-30 10:21:48,733 [INFO] CodeEngine:263 - oldGeneratedFile, C:\Users\nisha\OneDrive\Desktop\stm32f407\freertos\006LED_BLINK_FROMISR\Core\Inc\main.h_save
2025-06-30 10:21:48,877 [INFO] CodeEngine:287 - Generated code: C:\Users\nisha\OneDrive\Desktop\stm32f407\freertos\006LED_BLINK_FROMISR\Core\Inc\main.h
2025-06-30 10:21:48,905 [INFO] CodeEngine:263 - oldGeneratedFile, C:\Users\nisha\OneDrive\Desktop\stm32f407\freertos\006LED_BLINK_FROMISR\Core\Src\main.c_save
2025-06-30 10:21:49,181 [INFO] CodeEngine:287 - Generated code: C:\Users\nisha\OneDrive\Desktop\stm32f407\freertos\006LED_BLINK_FROMISR\Core\Src\main.c
2025-06-30 10:21:49,855 [INFO] ProjectBuilder:3324 - Time for Copy HAL[1] : 401mS.
2025-06-30 10:21:49,863 [INFO] ProjectBuilder:4912 - Project Generator version: 4.6.0.1-B1
2025-06-30 10:21:49,979 [INFO] ConfigFileManager:1590 - The Die is : DIE413
2025-06-30 10:21:51,923 [INFO] ProjectBuilder:5191 - Time for Generating toolchain IDE Files: 2060mS.
2025-06-30 10:21:51,926 [INFO] ProjectBuilder:3181 - Time for Copy CMSIS : 2mS.
2025-06-30 10:21:51,930 [INFO] ProjectBuilder:3181 - Time for Copy CMSIS : 0mS.
2025-06-30 12:18:44,690 [INFO] WebApp:194 - Connection lost
2025-06-30 16:37:53,541 [INFO] WebApp:191 - Connection restablished
2025-06-30 16:37:54,781 [INFO] WebApp:194 - Connection lost
2025-06-30 16:37:55,318 [INFO] WebApp:191 - Connection restablished
2025-06-30 16:42:15,672 [INFO] WebApp:194 - Connection lost
2025-06-30 16:42:28,242 [INFO] WebApp:191 - Connection restablished
2025-06-30 16:42:38,789 [INFO] WebApp:194 - Connection lost
2025-06-30 16:42:39,310 [INFO] WebApp:191 - Connection restablished
2025-06-30 16:42:53,053 [INFO] WebApp:194 - Connection lost
2025-06-30 16:43:05,066 [INFO] WebApp:191 - Connection restablished
2025-06-30 16:43:06,299 [INFO] WebApp:194 - Connection lost
2025-06-30 16:43:07,113 [INFO] WebApp:191 - Connection restablished
2025-06-30 16:44:49,838 [INFO] WebApp:194 - Connection lost
2025-06-30 16:44:51,726 [INFO] WebApp:191 - Connection restablished
2025-06-30 18:16:24,614 [INFO] WebApp:194 - Connection lost
2025-06-30 22:23:44,942 [INFO] WebApp:191 - Connection restablished
2025-06-30 22:30:31,728 [INFO] WebApp:194 - Connection lost
2025-06-30 22:30:32,217 [INFO] WebApp:191 - Connection restablished
2025-06-30 22:30:34,827 [INFO] WebApp:194 - Connection lost
2025-06-30 22:30:35,084 [INFO] WebApp:191 - Connection restablished
2025-06-30 22:31:50,765 [INFO] MainUpdater:2872 - connection check result : 10
2025-06-30 22:31:50,766 [INFO] MainUpdater:2872 - connection check result : 10
2025-06-30 22:31:50,829 [INFO] MicroXplorer:468 - Change Database Path : 
2025-06-30 22:31:50,829 [INFO] MicroXplorer:498 - Change Database Version : DB.6.0.141
2025-06-30 22:31:51,080 [ERROR] ProjectManagerView:395 - 
java.lang.NullPointerException: Cannot invoke "javax.swing.JTextField.getText()" because the return value of "java.util.List.get(int)" is null
	at com.st.microxplorer.plugins.projectmanager.gui.ProjectChoiceTab$9.caretUpdate(ProjectChoiceTab.java:2678) ~[filemanager.jar:?]
	at javax.swing.text.JTextComponent.fireCaretUpdate(JTextComponent.java:408) ~[?:?]
	at javax.swing.text.JTextComponent$MutableCaretEvent.fire(JTextComponent.java:4484) ~[?:?]
	at javax.swing.text.JTextComponent$MutableCaretEvent.stateChanged(JTextComponent.java:4506) ~[?:?]
	at javax.swing.text.DefaultCaret.fireStateChanged(DefaultCaret.java:857) ~[?:?]
	at javax.swing.text.DefaultCaret.changeCaretPosition(DefaultCaret.java:1343) ~[?:?]
	at javax.swing.text.DefaultCaret.handleSetDot(DefaultCaret.java:1242) ~[?:?]
	at javax.swing.text.DefaultCaret.setDot(DefaultCaret.java:1223) ~[?:?]
	at javax.swing.text.DefaultCaret$Handler.insertUpdate(DefaultCaret.java:1819) ~[?:?]
	at javax.swing.text.AbstractDocument.fireInsertUpdate(AbstractDocument.java:227) ~[?:?]
	at javax.swing.text.AbstractDocument.handleInsertString(AbstractDocument.java:781) ~[?:?]
	at javax.swing.text.AbstractDocument.insertString(AbstractDocument.java:740) ~[?:?]
	at javax.swing.text.PlainDocument.insertString(PlainDocument.java:131) ~[?:?]
	at javax.swing.text.AbstractDocument.replace(AbstractDocument.java:699) ~[?:?]
	at javax.swing.text.JTextComponent.setText(JTextComponent.java:1725) ~[?:?]
	at com.st.microxplorer.plugins.projectmanager.gui.ProjectChoiceTab.createHeapStackFields(ProjectChoiceTab.java:979) ~[filemanager.jar:?]
	at com.st.microxplorer.plugins.projectmanager.gui.ProjectChoiceTab.buildLinkSettingsPanel(ProjectChoiceTab.java:3766) ~[filemanager.jar:?]
	at com.st.microxplorer.plugins.projectmanager.gui.ProjectChoiceTab.defineWindowsFields(ProjectChoiceTab.java:1962) ~[filemanager.jar:?]
	at com.st.microxplorer.plugins.projectmanager.gui.ProjectChoiceTab.updateSettings(ProjectChoiceTab.java:555) ~[filemanager.jar:?]
	at com.st.microxplorer.plugins.projectmanager.gui.ProjectSettingsPanel.UpdateDialog(ProjectSettingsPanel.java:245) ~[filemanager.jar:?]
	at com.st.microxplorer.plugins.projectmanager.ProjectManagerView.propertyChange(ProjectManagerView.java:392) ~[filemanager.jar:?]
	at java.beans.PropertyChangeSupport.fire(PropertyChangeSupport.java:343) ~[?:?]
	at java.beans.PropertyChangeSupport.firePropertyChange(PropertyChangeSupport.java:335) ~[?:?]
	at java.beans.PropertyChangeSupport.firePropertyChange(PropertyChangeSupport.java:268) ~[?:?]
	at com.st.microxplorer.util.MXPropertyChangeSupport.firePropertyChange(MXPropertyChangeSupport.java:54) ~[STM32CubeMX.jar:?]
	at com.st.microxplorer.mxsystem.MxSystem.closeConfig(MxSystem.java:899) ~[STM32CubeMX.jar:?]
	at com.st.microxplorer.maingui.MainPanel.closeConfig(MainPanel.java:789) ~[STM32CubeMX.jar:?]
	at com.st.microxplorer.plugins.filemanager.engine.OpenFileManager.loadConfigurationFile(OpenFileManager.java:287) ~[filemanager.jar:?]
	at com.st.microxplorer.plugins.filemanager.engine.MainFileManager.userLoadConfig(MainFileManager.java:341) ~[filemanager.jar:?]
	at com.st.microxplorer.plugins.filemanager.engine.MainFileManager.userLoadConfig(MainFileManager.java:319) ~[filemanager.jar:?]
	at com.st.microxplorer.plugins.filemanager.FileManagerView.getSpecificTask(FileManagerView.java:246) ~[filemanager.jar:?]
	at com.st.stm32cube.common.mx.editor.CubeMxEditor.getMxTabbedPaneInstance(CubeMxEditor.java:1198) ~[com.st.stm32cube.common.mx_6.14.1.202504091515/:?]
	at com.st.stm32cube.common.mx.editor.CubeMxEditor$12$1.createSwingComponent(CubeMxEditor.java:1068) ~[com.st.stm32cube.common.mx_6.14.1.202504091515/:?]
	at com.st.stm32cube.common.mx.oss.core.awtswtbridge.EmbeddedSwingComposite.doComponentCreation(EmbeddedSwingComposite.java:492) ~[com.st.stm32cube.common.mx.oss_6.14.1.202504091515/:?]
	at com.st.stm32cube.common.mx.oss.core.awtswtbridge.EmbeddedSwingComposite$4.run(EmbeddedSwingComposite.java:291) ~[com.st.stm32cube.common.mx.oss_6.14.1.202504091515/:?]
	at com.st.stm32cube.common.mx.oss.core.awtswtbridge.AwtEnvironment$2.run(AwtEnvironment.java:166) ~[com.st.stm32cube.common.mx.oss_6.14.1.202504091515/:?]
	at java.awt.event.InvocationEvent.dispatch(InvocationEvent.java:318) ~[?:?]
	at java.awt.EventQueue.dispatchEventImpl(EventQueue.java:773) ~[?:?]
	at java.awt.EventQueue$4.run(EventQueue.java:720) ~[?:?]
	at java.awt.EventQueue$4.run(EventQueue.java:714) ~[?:?]
	at java.security.AccessController.doPrivileged(AccessController.java:400) ~[?:?]
	at java.security.ProtectionDomain$JavaSecurityAccessImpl.doIntersectionPrivilege(ProtectionDomain.java:87) ~[?:?]
	at java.awt.EventQueue.dispatchEvent(EventQueue.java:742) ~[?:?]
	at java.awt.EventDispatchThread.pumpOneEventForFilters(EventDispatchThread.java:203) ~[?:?]
	at java.awt.EventDispatchThread.pumpEventsForFilter(EventDispatchThread.java:124) ~[?:?]
	at java.awt.EventDispatchThread.pumpEventsForHierarchy(EventDispatchThread.java:113) ~[?:?]
	at java.awt.EventDispatchThread.pumpEvents(EventDispatchThread.java:109) ~[?:?]
	at java.awt.EventDispatchThread.pumpEvents(EventDispatchThread.java:101) ~[?:?]
	at java.awt.EventDispatchThread.run(EventDispatchThread.java:90) ~[?:?]
2025-06-30 22:31:51,090 [WARN] ThirdParty:871 - waiting for thirdparty lock release [close project]
2025-06-30 22:31:51,090 [INFO] ThirdParty:873 - entering critical section [close project]
2025-06-30 22:31:51,092 [INFO] ThirdParty:883 - exiting critical section [close project]
2025-06-30 22:31:51,103 [INFO] PinOutPanel:1589 - setPackage(No Configuration,No Configuration)
2025-06-30 22:31:51,190 [WARN] IpParametersView:155 - Warning: This peripheral hasn't parameters
2025-06-30 22:31:51,242 [WARN] MainPanel:289 - <html><b><center>Warning: This peripheral has no parameters to be configured<br></b></html>
2025-06-30 22:31:51,276 [INFO] UtilMem:75 - Begin LoadConfig() Used Memory: 652966264 Bytes (849346560)
2025-06-30 22:31:51,362 [INFO] MicroXplorer:468 - Change Database Path : C:/Users/nisha/.stm32cubemx/databases/DB.6.0.120/db/
2025-06-30 22:31:51,362 [INFO] MicroXplorer:498 - Change Database Version : DB.6.0.120
2025-06-30 22:31:55,656 [INFO] OpenFileManager:354 - Change cursor
2025-06-30 22:31:55,808 [INFO] RulesReader:64 - Compatibility file has been processed (297 Rules)
2025-06-30 22:31:55,852 [INFO] Mcu:2011 - Initializing MCU STM32F407V(E-G)Tx STM32F407VGTx STM32F407VGT6
2025-06-30 22:31:59,604 [INFO] Context:756 - Trying to add GPIOservice into a context  which must be forbidden
2025-06-30 22:32:00,416 [INFO] ImportTextPane:218 - (OptionalMessage_ERROR) Pin34 (VP_RIF_VS_RIF1) cannot be retrieved for this MCU
2025-06-30 22:32:00,844 [INFO] RtosManager:558 - Registered RTOS mode: class=CMSIS, group=RTOS, mode=CMSIS_V1, owner=FREERTOS
2025-06-30 22:32:00,844 [INFO] RtosManager:558 - Registered RTOS mode: class=CMSIS, group=RTOS2, mode=CMSIS_V2, owner=FREERTOS
2025-06-30 22:32:00,844 [INFO] RtosManager:558 - Registered RTOS mode: class=RTOS, group=Core, mode=CMSIS_V1, owner=FREERTOS
2025-06-30 22:32:00,844 [INFO] RtosManager:558 - Registered RTOS mode: class=RTOS, group=Core, mode=CMSIS_V2, owner=FREERTOS
2025-06-30 22:32:00,844 [WARN] ModelIntegratedComponent:184 - Missing modes for component STMicroelectronics:FreeRTOS:0.0.1:STMicroelectronics:RTOS:FreeRTOS:Core:::10.2.0:
2025-06-30 22:32:00,850 [WARN] ModelIntegratedComponent:63 - No mode defined for component null
2025-06-30 22:32:00,850 [WARN] ModelIntegratedComponent:63 - No mode defined for component null
2025-06-30 22:32:00,851 [WARN] ModelIntegratedComponent:63 - No mode defined for component null
2025-06-30 22:32:00,851 [WARN] ModelIntegratedComponent:63 - No mode defined for component null
2025-06-30 22:32:00,851 [WARN] ModelIntegratedComponent:63 - No mode defined for component null
2025-06-30 22:32:00,851 [WARN] ModelIntegratedComponent:63 - No mode defined for component null
2025-06-30 22:32:00,851 [WARN] ModelIntegratedComponent:63 - No mode defined for component null
2025-06-30 22:32:00,851 [WARN] ModelIntegratedComponent:63 - No mode defined for component null
2025-06-30 22:32:00,851 [WARN] ModelIntegratedComponent:63 - No mode defined for component null
2025-06-30 22:32:00,851 [WARN] ModelIntegratedComponent:63 - No mode defined for component null
2025-06-30 22:32:00,851 [WARN] ModelIntegratedComponent:63 - No mode defined for component null
2025-06-30 22:32:00,851 [WARN] ModelIntegratedComponent:63 - No mode defined for component null
2025-06-30 22:32:00,851 [WARN] ModelIntegratedComponent:63 - No mode defined for component null
2025-06-30 22:32:00,851 [WARN] ModelIntegratedComponent:63 - No mode defined for component null
2025-06-30 22:32:00,851 [WARN] ModelIntegratedComponent:63 - No mode defined for component null
2025-06-30 22:32:00,851 [WARN] ModelIntegratedComponent:63 - No mode defined for component null
2025-06-30 22:32:00,851 [WARN] ModelIntegratedComponent:63 - No mode defined for component null
2025-06-30 22:32:00,851 [WARN] ModelIntegratedComponent:63 - No mode defined for component null
2025-06-30 22:32:00,852 [WARN] ModelIntegratedComponent:63 - No mode defined for component null
2025-06-30 22:32:00,852 [WARN] ModelIntegratedComponent:63 - No mode defined for component null
2025-06-30 22:32:00,852 [WARN] ModelIntegratedComponent:63 - No mode defined for component null
2025-06-30 22:32:00,852 [WARN] ModelIntegratedComponent:63 - No mode defined for component null
2025-06-30 22:32:00,852 [WARN] ModelIntegratedComponent:63 - No mode defined for component null
2025-06-30 22:32:00,852 [WARN] ModelIntegratedComponent:63 - No mode defined for component null
2025-06-30 22:32:00,852 [WARN] ModelIntegratedComponent:63 - No mode defined for component null
2025-06-30 22:32:00,852 [WARN] ModelIntegratedComponent:63 - No mode defined for component null
2025-06-30 22:32:00,852 [WARN] ModelIntegratedComponent:63 - No mode defined for component null
2025-06-30 22:32:00,852 [WARN] ModelIntegratedComponent:63 - No mode defined for component null
2025-06-30 22:32:00,852 [WARN] ModelIntegratedComponent:63 - No mode defined for component null
2025-06-30 22:32:00,852 [WARN] ModelIntegratedComponent:63 - No mode defined for component null
2025-06-30 22:32:00,852 [WARN] ModelIntegratedComponent:63 - No mode defined for component null
2025-06-30 22:32:00,852 [WARN] ModelIntegratedComponent:63 - No mode defined for component null
2025-06-30 22:32:00,852 [WARN] ModelIntegratedComponent:63 - No mode defined for component null
2025-06-30 22:32:00,852 [WARN] ModelIntegratedComponent:63 - No mode defined for component null
2025-06-30 22:32:00,852 [WARN] ModelIntegratedComponent:63 - No mode defined for component null
2025-06-30 22:32:00,853 [WARN] ModelPack:524 - Component already loaded: STMicroelectronics:HAL Drivers:0.0.0:STMicroelectronics:Device:STMicro_Driver:XSPI:HAL::0.0.1:HAL_XSPI
2025-06-30 22:32:01,010 [INFO] ThirdPartyModel:298 - Start build external matchings
2025-06-30 22:32:02,196 [INFO] ThirdPartyModel:316 - End build external matchings
2025-06-30 22:32:02,897 [INFO] UtilMem:75 - End LoadConfig() Used Memory: 494027976 Bytes (849346560)
2025-06-30 22:32:03,043 [WARN] ThirdParty:833 - waiting for thirdparty lock release [change project]
2025-06-30 22:32:03,043 [INFO] ThirdParty:835 - entering critical section [change project]
2025-06-30 22:32:03,043 [INFO] ThirdParty:1030 - CMSIS Pack Vendor :STMicroelectronics X-CUBE-PM33A1 1.0.0
2025-06-30 22:32:03,043 [INFO] ThirdParty:1030 - CMSIS Pack Vendor :STMicroelectronics USBPD 4.1
2025-06-30 22:32:03,043 [INFO] ThirdParty:1030 - CMSIS Pack Vendor :STMicroelectronics X-CUBE-GNSS1 6.0.0
2025-06-30 22:32:03,043 [INFO] ThirdParty:1030 - CMSIS Pack Vendor :STMicroelectronics USB_HOST 2.0.0
2025-06-30 22:32:03,043 [INFO] ThirdParty:1030 - CMSIS Pack Vendor :STMicroelectronics FP-SNS-MOTENVWB1 1.4.0
2025-06-30 22:32:03,043 [INFO] ThirdParty:1030 - CMSIS Pack Vendor :STMicroelectronics X-CUBE-AZRTOS-F4 1.1.0
2025-06-30 22:32:03,043 [INFO] ThirdParty:1030 - CMSIS Pack Vendor :STMicroelectronics LIBJPEG 8.0.0
2025-06-30 22:32:03,043 [INFO] ThirdParty:1030 - CMSIS Pack Vendor :Avnet-IotConnect X-CUBE-IoTC-DA16k-PMOD 1.0.0
2025-06-30 22:32:03,043 [INFO] ThirdParty:1030 - CMSIS Pack Vendor :STMicroelectronics X-CUBE-SMBUS 2.1.0
2025-06-30 22:32:03,043 [INFO] ThirdParty:1030 - CMSIS Pack Vendor :STMicroelectronics X-CUBE-WB05N 1.1.0
2025-06-30 22:32:03,044 [INFO] ThirdParty:1030 - CMSIS Pack Vendor :STMicroelectronics X-CUBE-ISPU 2.1.0
2025-06-30 22:32:03,044 [INFO] ThirdParty:1030 - CMSIS Pack Vendor :STMicroelectronics X-CUBE-FREERTOS 1.2.0
2025-06-30 22:32:03,044 [INFO] ThirdParty:1030 - CMSIS Pack Vendor :STMicroelectronics X-CUBE-ST60 1.0.0
2025-06-30 22:32:03,044 [INFO] ThirdParty:1030 - CMSIS Pack Vendor :STMicroelectronics X-CUBE-AZRTOS-F7 1.1.0
2025-06-30 22:32:03,044 [INFO] ThirdParty:1030 - CMSIS Pack Vendor :STMicroelectronics X-CUBE-AZRTOS-L5 2.0.0
2025-06-30 22:32:03,044 [INFO] ThirdParty:1030 - CMSIS Pack Vendor :STMicroelectronics USB_DEVICE 2.0.0
2025-06-30 22:32:03,044 [INFO] ThirdParty:1030 - CMSIS Pack Vendor :STMicroelectronics X-CUBE-NFC6 3.1.0
2025-06-30 22:32:03,044 [INFO] ThirdParty:1030 - CMSIS Pack Vendor :STMicroelectronics X-CUBE-MEMS1 11.0.0
2025-06-30 22:32:03,044 [INFO] ThirdParty:1030 - CMSIS Pack Vendor :STMicroelectronics FreeRTOS 0.0.1
2025-06-30 22:32:03,044 [INFO] ThirdParty:1030 - CMSIS Pack Vendor :STMicroelectronics X-CUBE-DPower 1.2.0
2025-06-30 22:32:03,044 [INFO] ThirdParty:1030 - CMSIS Pack Vendor :STMicroelectronics FP-SNS-FLIGHT1 5.0.2
2025-06-30 22:32:03,044 [INFO] ThirdParty:1030 - CMSIS Pack Vendor :STMicroelectronics X-CUBE-AI 9.0.0
2025-06-30 22:32:03,044 [INFO] ThirdParty:1030 - CMSIS Pack Vendor :STMicroelectronics PDM2PCM 3.3.0
2025-06-30 22:32:03,044 [INFO] ThirdParty:1030 - CMSIS Pack Vendor :STMicroelectronics X-CUBE-DISPLAY 3.0.0
2025-06-30 22:32:03,044 [INFO] ThirdParty:1030 - CMSIS Pack Vendor :STMicroelectronics X-CUBE-BLE1 7.0.0
2025-06-30 22:32:03,044 [INFO] ThirdParty:1030 - CMSIS Pack Vendor :STMicroelectronics X-CUBE-NFC10 1.0.0
2025-06-30 22:32:03,044 [INFO] ThirdParty:1030 - CMSIS Pack Vendor :STMicroelectronics X-CUBE-FREERTOS 1.3.1
2025-06-30 22:32:03,045 [INFO] ThirdParty:1030 - CMSIS Pack Vendor :STMicroelectronics HAL Drivers 0.0.0
2025-06-30 22:32:03,045 [INFO] ThirdParty:1030 - CMSIS Pack Vendor :emotas I-CUBE-CANOPEN 1.3.0
2025-06-30 22:32:03,045 [INFO] ThirdParty:1030 - CMSIS Pack Vendor :STMicroelectronics X-CUBE-NFC7 1.0.1
2025-06-30 22:32:03,045 [INFO] ThirdParty:1030 - CMSIS Pack Vendor :STMicroelectronics MBEDTLS 2.14.1
2025-06-30 22:32:03,045 [INFO] ThirdParty:1030 - CMSIS Pack Vendor :wolfSSL I-CUBE-wolfTPM 3.2.0
2025-06-30 22:32:03,045 [INFO] ThirdParty:1030 - CMSIS Pack Vendor :STMicroelectronics X-CUBE-BLEMGR 3.1.0
2025-06-30 22:32:03,045 [INFO] ThirdParty:1030 - CMSIS Pack Vendor :STMicroelectronics FP-SNS-STAIOTCFT 1.0.0
2025-06-30 22:32:03,045 [INFO] ThirdParty:1030 - CMSIS Pack Vendor :STMicroelectronics FP-SNS-SMARTAG2 1.2.0
2025-06-30 22:32:03,045 [INFO] ThirdParty:1030 - CMSIS Pack Vendor :STMicroelectronics FP-SNS-FLIGHT1 5.1.0
2025-06-30 22:32:03,045 [INFO] ThirdParty:1030 - CMSIS Pack Vendor :STMicroelectronics X-CUBE-AZRTOS-WL 2.0.0
2025-06-30 22:32:03,045 [INFO] ThirdParty:1030 - CMSIS Pack Vendor :STMicroelectronics X-CUBE-DPower 1.3.0
2025-06-30 22:32:03,045 [INFO] ThirdParty:1030 - CMSIS Pack Vendor :STMicroelectronics FP-SNS-MOTENV1 5.0.0
2025-06-30 22:32:03,045 [INFO] ThirdParty:1030 - CMSIS Pack Vendor :STMicroelectronics USB_DEVICE 1.0.0
2025-06-30 22:32:03,046 [INFO] ThirdParty:1030 - CMSIS Pack Vendor :wolfSSL I-CUBE-wolfMQTT 1.19.0
2025-06-30 22:32:03,046 [INFO] ThirdParty:1030 - CMSIS Pack Vendor :STMicroelectronics X-CUBE-AZRTOS-L4 2.0.0
2025-06-30 22:32:03,046 [INFO] ThirdParty:1030 - CMSIS Pack Vendor :STMicroelectronics ThreadX 0.0.2
2025-06-30 22:32:03,046 [INFO] ThirdParty:1030 - CMSIS Pack Vendor :WES I-CUBE-Cesium 1.3.0
2025-06-30 22:32:03,047 [INFO] ThirdParty:1030 - CMSIS Pack Vendor :STMicroelectronics lwIP 2.1.2
2025-06-30 22:32:03,047 [INFO] ThirdParty:1030 - CMSIS Pack Vendor :STMicroelectronics X-CUBE-SFXS2LP1 4.0.0
2025-06-30 22:32:03,047 [INFO] ThirdParty:1030 - CMSIS Pack Vendor :STMicroelectronics X-CUBE-BLE2 3.3.0
2025-06-30 22:32:03,049 [INFO] ThirdParty:1030 - CMSIS Pack Vendor :STMicroelectronics PDM2PCM 3.2.0
2025-06-30 22:32:03,049 [INFO] ThirdParty:1030 - CMSIS Pack Vendor :STMicroelectronics X-CUBE-AZRTOS-H7 3.3.0
2025-06-30 22:32:03,049 [INFO] ThirdParty:1030 - CMSIS Pack Vendor :STMicroelectronics X-CUBE-NFC9 1.0.0
2025-06-30 22:32:03,049 [INFO] ThirdParty:1030 - CMSIS Pack Vendor :STMicroelectronics X-CUBE-BLE1 7.1.0
2025-06-30 22:32:03,049 [INFO] ThirdParty:1030 - CMSIS Pack Vendor :STMicroelectronics USB_DEVICE 3.0.0
2025-06-30 22:32:03,050 [INFO] ThirdParty:1030 - CMSIS Pack Vendor :STMicroelectronics X-CUBE-TCPP 4.1.0
2025-06-30 22:32:03,050 [INFO] ThirdParty:1030 - CMSIS Pack Vendor :STMicroelectronics X-CUBE-IPS 3.0.0
2025-06-30 22:32:03,050 [INFO] ThirdParty:1030 - CMSIS Pack Vendor :STMicroelectronics X-CUBE-AZRTOS-WB 2.0.0
2025-06-30 22:32:03,050 [INFO] ThirdParty:1030 - CMSIS Pack Vendor :STMicroelectronics X-CUBE-GNSS1 7.0.0
2025-06-30 22:32:03,050 [INFO] ThirdParty:1030 - CMSIS Pack Vendor :STMicroelectronics X-CUBE-GNSS1 7.0.1
2025-06-30 22:32:03,050 [INFO] ThirdParty:1030 - CMSIS Pack Vendor :STMicroelectronics X-CUBE-TOUCHGFX 4.25.0
2025-06-30 22:32:03,050 [INFO] ThirdParty:1030 - CMSIS Pack Vendor :STMicroelectronics X-CUBE-AI 10.1.0
2025-06-30 22:32:03,050 [INFO] ThirdParty:1030 - CMSIS Pack Vendor :STMicroelectronics FP-SNS-STBOX1 2.0.0
2025-06-30 22:32:03,050 [INFO] ThirdParty:1030 - CMSIS Pack Vendor :STMicroelectronics X-CUBE-AZRTOS-G0 1.1.0
2025-06-30 22:32:03,050 [INFO] ThirdParty:1030 - CMSIS Pack Vendor :STMicroelectronics X-CUBE-SAFEA1 1.2.2
2025-06-30 22:32:03,050 [INFO] ThirdParty:1030 - CMSIS Pack Vendor :STMicroelectronics X-CUBE-NFC4 3.0.0
2025-06-30 22:32:03,050 [INFO] ThirdParty:1030 - CMSIS Pack Vendor :STMicroelectronics X-CUBE-SUBG2 5.0.0
2025-06-30 22:32:03,050 [INFO] ThirdParty:1030 - CMSIS Pack Vendor :STMicroelectronics X-CUBE-AZRTOS-H7RS 1.1.0
2025-06-30 22:32:03,050 [INFO] ThirdParty:1030 - CMSIS Pack Vendor :STMicroelectronics STM32_WPAN 1.0.0
2025-06-30 22:32:03,050 [INFO] ThirdParty:1030 - CMSIS Pack Vendor :EmbeddedOffice I-CUBE-FS-RTOS 1.0.1
2025-06-30 22:32:03,050 [INFO] ThirdParty:1030 - CMSIS Pack Vendor :STMicroelectronics lwIP 2.0.3
2025-06-30 22:32:03,050 [INFO] ThirdParty:1030 - CMSIS Pack Vendor :Cesanta I-CUBE-Mongoose 7.13.0
2025-06-30 22:32:03,050 [INFO] ThirdParty:1030 - CMSIS Pack Vendor :STMicroelectronics USB_HOST 1.0.0
2025-06-30 22:32:03,050 [INFO] ThirdParty:1030 - CMSIS Pack Vendor :STMicroelectronics X-CUBE-AZRTOS-G4 2.0.0
2025-06-30 22:32:03,051 [INFO] ThirdParty:1030 - CMSIS Pack Vendor :STMicroelectronics X-CUBE-WB05N 2.0.0
2025-06-30 22:32:03,051 [INFO] ThirdParty:1030 - CMSIS Pack Vendor :STMicroelectronics PDM2PCM 3.1.0
2025-06-30 22:32:03,051 [INFO] ThirdParty:1030 - CMSIS Pack Vendor :STMicroelectronics X-CUBE-NFC7 2.0.0
2025-06-30 22:32:03,051 [INFO] ThirdParty:1030 - CMSIS Pack Vendor :STMicroelectronics X-CUBE-TCPP 4.2.0
2025-06-30 22:32:03,051 [INFO] ThirdParty:1030 - CMSIS Pack Vendor :RealThread X-CUBE-RT-Thread_Nano 4.1.1
2025-06-30 22:32:03,051 [INFO] ThirdParty:1030 - CMSIS Pack Vendor :wolfSSL I-CUBE-wolfSSL 5.7.0
2025-06-30 22:32:03,051 [INFO] ThirdParty:1030 - CMSIS Pack Vendor :STMicroelectronics FP-ATR-SIGFOX1 3.2.0
2025-06-30 22:32:03,051 [INFO] ThirdParty:1030 - CMSIS Pack Vendor :quantropi X-CUBE-qispace-sdk-base 1.9.3
2025-06-30 22:32:03,051 [INFO] ThirdParty:1030 - CMSIS Pack Vendor :STMicroelectronics X-CUBE-ISPU 2.0.0
2025-06-30 22:32:03,051 [INFO] ThirdParty:1030 - CMSIS Pack Vendor :STMicroelectronics X-CUBE-EEPRMA1 5.1.0
2025-06-30 22:32:03,051 [INFO] ThirdParty:1030 - CMSIS Pack Vendor :STMicroelectronics MBEDTLS 2.16.2
2025-06-30 22:32:03,051 [INFO] ThirdParty:1030 - CMSIS Pack Vendor :STMicroelectronics X-CUBE-IPS 3.1.0
2025-06-30 22:32:03,051 [INFO] ThirdParty:1030 - CMSIS Pack Vendor :STMicroelectronics X-CUBE-ALS 1.0.2
2025-06-30 22:32:03,051 [INFO] ThirdParty:1030 - CMSIS Pack Vendor :STMicroelectronics X-CUBE-MEMS1 10.0.0
2025-06-30 22:32:03,051 [INFO] ThirdParty:1030 - CMSIS Pack Vendor :STMicroelectronics X-CUBE-TOUCHGFX 4.24.0
2025-06-30 22:32:03,051 [INFO] ThirdParty:1030 - CMSIS Pack Vendor :ITTIA_DB I-CUBE-ITTIADB 8.9.0
2025-06-30 22:32:03,051 [INFO] ThirdParty:1030 - CMSIS Pack Vendor :STMicroelectronics X-CUBE-TOUCHGFX 4.24.1
2025-06-30 22:32:03,051 [INFO] ThirdParty:1030 - CMSIS Pack Vendor :portGmbH I-Cube-SoM-uGOAL 1.1.0
2025-06-30 22:32:03,051 [INFO] ThirdParty:1030 - CMSIS Pack Vendor :STMicroelectronics X-CUBE-ST67W61 1.0.0
2025-06-30 22:32:03,051 [INFO] ThirdParty:1030 - CMSIS Pack Vendor :STMicroelectronics ThreadX 1.0.0
2025-06-30 22:32:03,052 [INFO] ThirdParty:1030 - CMSIS Pack Vendor :SEGGER I-CUBE-embOS 1.3.1
2025-06-30 22:32:03,052 [INFO] ThirdParty:1030 - CMSIS Pack Vendor :STMicroelectronics X-CUBE-ALGOBUILD 1.4.0
2025-06-30 22:32:03,052 [INFO] ThirdParty:1030 - CMSIS Pack Vendor :STMicroelectronics X-CUBE-MEMS1 11.3.0
2025-06-30 22:32:03,052 [INFO] ThirdParty:1030 - CMSIS Pack Vendor :STMicroelectronics X-CUBE-AZRTOS-H7RS 1.0.0
2025-06-30 22:32:03,052 [INFO] ThirdParty:1030 - CMSIS Pack Vendor :STMicroelectronics FP-ATR-ASTRA1 2.0.0
2025-06-30 22:32:03,052 [INFO] ThirdParty:1030 - CMSIS Pack Vendor :STMicroelectronics X-CUBE-TOF1 3.4.2
2025-06-30 22:32:03,052 [INFO] ThirdParty:1030 - CMSIS Pack Vendor :STMicroelectronics X-CUBE-TOF1 3.4.3
2025-06-30 22:32:03,052 [INFO] ThirdParty:1030 - CMSIS Pack Vendor :STMicroelectronics X-CUBE-AI 9.1.0
2025-06-30 22:32:03,052 [INFO] ThirdParty:1030 - CMSIS Pack Vendor :STMicroelectronics X-CUBE-TOF1 3.4.1
2025-06-30 22:32:03,052 [INFO] ThirdParty:1030 - CMSIS Pack Vendor :STMicroelectronics X-CUBE-AZRTOS-H7 3.2.0
2025-06-30 22:32:03,052 [INFO] ThirdParty:1030 - CMSIS Pack Vendor :Infineon AIROC-Wi-Fi-Bluetooth-STM32 1.6.0
2025-06-30 22:32:03,052 [INFO] ThirdParty:1030 - CMSIS Pack Vendor :wolfSSL I-CUBE-wolfSSH 1.4.17
2025-06-30 22:32:03,052 [INFO] ThirdParty:841 - exiting critical section [change project]
2025-06-30 22:32:03,460 [INFO] PinOutPanel:1589 - setPackage(No Configuration,No Configuration)
2025-06-30 22:32:03,468 [INFO] PinOutPanel:1589 - setPackage(STM32F407VGTx,LQFP100)
2025-06-30 22:32:03,973 [INFO] UtilMem:75 - Before build in PCC Used Memory: 658679680 Bytes (849346560)
2025-06-30 22:32:04,585 [INFO] UtilMem:75 - After build in PCC Used Memory: 707436416 Bytes (849346560)
2025-06-30 22:32:04,628 [INFO] IPUIPlugin:80 - create IPUIPlugin
2025-06-30 22:32:04,628 [INFO] IPUIPlugin:80 - create IPUIPlugin
2025-06-30 22:32:04,628 [INFO] IPUIPlugin:80 - create IPUIPlugin
2025-06-30 22:32:04,628 [INFO] IPUIPlugin:80 - create IPUIPlugin
2025-06-30 22:32:04,628 [INFO] IPUIPlugin:80 - create IPUIPlugin
2025-06-30 22:32:04,629 [INFO] IPUIPlugin:80 - create IPUIPlugin
2025-06-30 22:32:04,629 [INFO] IPUIPlugin:80 - create IPUIPlugin
2025-06-30 22:32:04,629 [INFO] IPUIPlugin:80 - create IPUIPlugin
2025-06-30 22:32:04,629 [INFO] IPUIPlugin:80 - create IPUIPlugin
2025-06-30 22:32:04,629 [INFO] IPUIPlugin:80 - create IPUIPlugin
2025-06-30 22:32:04,629 [INFO] IPUIPlugin:80 - create IPUIPlugin
2025-06-30 22:32:04,629 [INFO] IPUIPlugin:80 - create IPUIPlugin
2025-06-30 22:32:04,630 [INFO] IPUIPlugin:80 - create IPUIPlugin
2025-06-30 22:32:04,630 [INFO] IPUIPlugin:80 - create IPUIPlugin
2025-06-30 22:32:04,631 [INFO] IPUIPlugin:80 - create IPUIPlugin
2025-06-30 22:32:04,631 [INFO] IPUIPlugin:80 - create IPUIPlugin
2025-06-30 22:32:04,632 [INFO] IPUIPlugin:80 - create IPUIPlugin
2025-06-30 22:32:04,632 [INFO] IPUIPlugin:80 - create IPUIPlugin
2025-06-30 22:32:04,632 [INFO] IPUIPlugin:80 - create IPUIPlugin
2025-06-30 22:32:04,632 [INFO] IPUIPlugin:80 - create IPUIPlugin
2025-06-30 22:32:04,632 [INFO] IPUIPlugin:80 - create IPUIPlugin
2025-06-30 22:32:04,633 [INFO] IPUIPlugin:80 - create IPUIPlugin
2025-06-30 22:32:04,633 [INFO] IPUIPlugin:80 - create IPUIPlugin
2025-06-30 22:32:04,633 [INFO] IPUIPlugin:80 - create IPUIPlugin
2025-06-30 22:32:04,633 [INFO] IPUIPlugin:80 - create IPUIPlugin
2025-06-30 22:32:04,633 [INFO] IPUIPlugin:80 - create IPUIPlugin
2025-06-30 22:32:04,634 [INFO] IPUIPlugin:80 - create IPUIPlugin
2025-06-30 22:32:04,634 [INFO] IPUIPlugin:80 - create IPUIPlugin
2025-06-30 22:32:04,634 [INFO] IPUIPlugin:80 - create IPUIPlugin
2025-06-30 22:32:04,634 [INFO] IPUIPlugin:80 - create IPUIPlugin
2025-06-30 22:32:04,635 [INFO] IPUIPlugin:80 - create IPUIPlugin
2025-06-30 22:32:04,635 [INFO] IPUIPlugin:80 - create IPUIPlugin
2025-06-30 22:32:04,635 [INFO] IPUIPlugin:80 - create IPUIPlugin
2025-06-30 22:32:04,635 [INFO] IPUIPlugin:80 - create IPUIPlugin
2025-06-30 22:32:04,635 [INFO] IPUIPlugin:80 - create IPUIPlugin
2025-06-30 22:32:04,636 [INFO] IPUIPlugin:80 - create IPUIPlugin
2025-06-30 22:32:04,636 [INFO] IPUIPlugin:80 - create IPUIPlugin
2025-06-30 22:32:04,636 [INFO] IPUIPlugin:80 - create IPUIPlugin
2025-06-30 22:32:04,636 [INFO] IPUIPlugin:80 - create IPUIPlugin
2025-06-30 22:32:04,637 [INFO] IPUIPlugin:80 - create IPUIPlugin
2025-06-30 22:32:04,637 [INFO] IPUIPlugin:80 - create IPUIPlugin
2025-06-30 22:32:04,637 [INFO] IPUIPlugin:80 - create IPUIPlugin
2025-06-30 22:32:04,637 [INFO] IPUIPlugin:80 - create IPUIPlugin
2025-06-30 22:32:04,638 [INFO] IPUIPlugin:80 - create IPUIPlugin
2025-06-30 22:32:04,638 [INFO] IPUIPlugin:80 - create IPUIPlugin
2025-06-30 22:32:04,638 [INFO] IPUIPlugin:80 - create IPUIPlugin
2025-06-30 22:32:04,638 [INFO] IPUIPlugin:80 - create IPUIPlugin
2025-06-30 22:32:04,638 [INFO] IPUIPlugin:80 - create IPUIPlugin
2025-06-30 22:32:04,639 [INFO] IPUIPlugin:80 - create IPUIPlugin
2025-06-30 22:32:04,639 [INFO] IPUIPlugin:80 - create IPUIPlugin
2025-06-30 22:32:04,639 [INFO] IPUIPlugin:80 - create IPUIPlugin
2025-06-30 22:32:04,640 [INFO] IPUIPlugin:80 - create IPUIPlugin
2025-06-30 22:32:04,640 [INFO] IPUIPlugin:80 - create IPUIPlugin
2025-06-30 22:32:04,640 [INFO] IPUIPlugin:80 - create IPUIPlugin
2025-06-30 22:32:04,641 [INFO] IPUIPlugin:80 - create IPUIPlugin
2025-06-30 22:32:04,641 [INFO] IPUIPlugin:80 - create IPUIPlugin
2025-06-30 22:32:04,641 [INFO] IPUIPlugin:80 - create IPUIPlugin
2025-06-30 22:32:04,642 [INFO] IPUIPlugin:80 - create IPUIPlugin
2025-06-30 22:32:04,692 [INFO] ApiDbMcu:508 - Load IP Config File for PDM2PCM
2025-06-30 22:32:04,773 [INFO] CADModel:165 - CPN selected for project levelSTM32F407VGT6
2025-06-30 22:32:04,774 [INFO] CADModel:114 - Register for checkConnection events
2025-06-30 22:32:04,934 [INFO] OpenFileManager:385 - Restore cursor
2025-06-30 22:32:14,757 [INFO] Gpio:277 - dependency for GPIO []
2025-06-30 22:32:44,351 [INFO] UtilMem:75 - End SaveConfig() Used Memory: 765819584 Bytes (849346560)
2025-06-30 22:32:46,297 [INFO] UtilMem:75 - End SaveConfig() Used Memory: 389532928 Bytes (849346560)
2025-06-30 22:32:47,107 [INFO] UtilMem:75 - End SaveConfig() Used Memory: 486524160 Bytes (849346560)
2025-06-30 22:32:47,333 [INFO] BlockDiagram:2775 - set Specific Code input for plugin: SYS
2025-06-30 22:32:47,333 [INFO] BlockDiagram:2775 - set Specific Code input for plugin: RCC
2025-06-30 22:32:47,333 [INFO] BlockDiagram:2775 - set Specific Code input for plugin: NVIC
2025-06-30 22:32:47,333 [INFO] BlockDiagram:2775 - set Specific Code input for plugin: GPIO
2025-06-30 22:32:47,335 [INFO] CodeGenerator:882 - code generatio: config db path: C:/Users/nisha/.stm32cubemx/databases/DB.6.0.120/db/
2025-06-30 22:32:47,599 [INFO] CodeEngine:263 - oldGeneratedFile, C:\Users\nisha\OneDrive\Desktop\stm32f407\freertos\007_LED_BLINK\MXTmpFiles\license.tmp_save
2025-06-30 22:32:48,048 [INFO] CodeEngine:287 - Generated code: C:\Users\nisha\OneDrive\Desktop\stm32f407\freertos\007_LED_BLINK\MXTmpFiles\license.tmp
2025-06-30 22:32:48,168 [INFO] CodeEngine:263 - oldGeneratedFile, C:\Users\nisha\OneDrive\Desktop\stm32f407\freertos\007_LED_BLINK\MXTmpFiles\gpio.tmp_save
2025-06-30 22:32:48,501 [INFO] CodeEngine:287 - Generated code: C:\Users\nisha\OneDrive\Desktop\stm32f407\freertos\007_LED_BLINK\MXTmpFiles\gpio.tmp
2025-06-30 22:32:48,625 [INFO] CodeEngine:263 - oldGeneratedFile, C:\Users\nisha\OneDrive\Desktop\stm32f407\freertos\007_LED_BLINK\Core\Src\stm32f4xx_it.c_save
2025-06-30 22:32:49,173 [INFO] CodeEngine:287 - Generated code: C:\Users\nisha\OneDrive\Desktop\stm32f407\freertos\007_LED_BLINK\Core\Src\stm32f4xx_it.c
2025-06-30 22:32:49,244 [INFO] CodeEngine:263 - oldGeneratedFile, C:\Users\nisha\OneDrive\Desktop\stm32f407\freertos\007_LED_BLINK\Core\Inc\stm32f4xx_it.h_save
2025-06-30 22:32:49,518 [INFO] CodeEngine:287 - Generated code: C:\Users\nisha\OneDrive\Desktop\stm32f407\freertos\007_LED_BLINK\Core\Inc\stm32f4xx_it.h
2025-06-30 22:32:49,581 [INFO] CodeEngine:263 - oldGeneratedFile, C:\Users\nisha\OneDrive\Desktop\stm32f407\freertos\007_LED_BLINK\Core\Src\stm32f4xx_hal_msp.c_save
2025-06-30 22:32:49,832 [INFO] CodeEngine:287 - Generated code: C:\Users\nisha\OneDrive\Desktop\stm32f407\freertos\007_LED_BLINK\Core\Src\stm32f4xx_hal_msp.c
2025-06-30 22:32:49,859 [INFO] CodeEngine:263 - oldGeneratedFile, C:\Users\nisha\OneDrive\Desktop\stm32f407\freertos\007_LED_BLINK\MXTmpFiles\system.tmp_save
2025-06-30 22:32:50,000 [INFO] CodeEngine:287 - Generated code: C:\Users\nisha\OneDrive\Desktop\stm32f407\freertos\007_LED_BLINK\MXTmpFiles\system.tmp
2025-06-30 22:32:50,042 [INFO] CodeEngine:263 - oldGeneratedFile, C:\Users\nisha\OneDrive\Desktop\stm32f407\freertos\007_LED_BLINK\Core\Src\stm32f4xx_hal_timebase_tim.c_save
2025-06-30 22:32:50,203 [INFO] CodeEngine:287 - Generated code: C:\Users\nisha\OneDrive\Desktop\stm32f407\freertos\007_LED_BLINK\Core\Src\stm32f4xx_hal_timebase_tim.c
2025-06-30 22:32:50,256 [INFO] CodeEngine:319 - oldGeneratedFile, C:\Users\nisha\OneDrive\Desktop\stm32f407\freertos\007_LED_BLINK\Core\Inc\stm32f4xx_hal_conf.h_save
2025-06-30 22:32:50,409 [INFO] CodeEngine:343 - Generated code: C:\Users\nisha\OneDrive\Desktop\stm32f407\freertos\007_LED_BLINK\Core\Inc\stm32f4xx_hal_conf.h
2025-06-30 22:32:50,492 [INFO] ApiDbMcu:508 - Load IP Config File for RCC
2025-06-30 22:32:50,549 [INFO] CodeEngine:263 - oldGeneratedFile, C:\Users\nisha\OneDrive\Desktop\stm32f407\freertos\007_LED_BLINK\Core\Inc\main.h_save
2025-06-30 22:32:50,738 [INFO] CodeEngine:287 - Generated code: C:\Users\nisha\OneDrive\Desktop\stm32f407\freertos\007_LED_BLINK\Core\Inc\main.h
2025-06-30 22:32:50,803 [INFO] CodeEngine:263 - oldGeneratedFile, C:\Users\nisha\OneDrive\Desktop\stm32f407\freertos\007_LED_BLINK\Core\Src\main.c_save
2025-06-30 22:32:51,039 [INFO] CodeEngine:287 - Generated code: C:\Users\nisha\OneDrive\Desktop\stm32f407\freertos\007_LED_BLINK\Core\Src\main.c
2025-06-30 22:32:51,999 [INFO] ProjectBuilder:3324 - Time for Copy HAL[1] : 582mS.
2025-06-30 22:32:52,004 [INFO] ProjectBuilder:4912 - Project Generator version: 4.6.0.1-B1
2025-06-30 22:32:52,121 [INFO] ConfigFileManager:1590 - The Die is : DIE413
2025-06-30 22:32:52,145 [INFO] ApiDbMcu:508 - Load IP Config File for FATFS
2025-06-30 22:32:52,167 [INFO] ApiDbMcu:508 - Load IP Config File for FREERTOS
2025-06-30 22:32:52,185 [INFO] ApiDbMcu:508 - Load IP Config File for LIBJPEG
2025-06-30 22:32:52,206 [INFO] ApiDbMcu:508 - Load IP Config File for LWIP
2025-06-30 22:32:52,231 [INFO] ApiDbMcu:508 - Load IP Config File for MBEDTLS
2025-06-30 22:32:52,255 [INFO] ApiDbMcu:508 - Load IP Config File for USB_DEVICE
2025-06-30 22:32:52,283 [INFO] ApiDbMcu:508 - Load IP Config File for USB_HOST
2025-06-30 22:32:54,175 [INFO] ProjectBuilder:5191 - Time for Generating toolchain IDE Files: 2171mS.
2025-06-30 22:32:54,178 [INFO] ProjectBuilder:3181 - Time for Copy CMSIS : 3mS.
2025-06-30 22:32:54,186 [INFO] ProjectBuilder:3181 - Time for Copy CMSIS : 0mS.
2025-06-30 23:41:25,280 [INFO] WebApp:403 - JxBrowser engine has been closed 
2025-06-30 23:41:26,067 [ERROR] LogOutputStream:75 - [STDERR_REDIRECT] 
2025-06-30 23:41:26,073 [ERROR] LogOutputStream:75 - [STDERR_REDIRECT] 
